{
  "11JUL25": 2.7557319223985893e-06,
  "14JUL25": 0.0033013668430335098,
  "16JUL25": 0.011237874779541445,
  "18JUL25": 0.019174382716049383,
  "21JUL25": 0.02314263668430335
}