{
  "11JUL25": 2.7557319223985893e-06,
  "14JUL25": 0.0033041225749559085,
  "16JUL25": 0.011240630511463845,
  "18JUL25": 0.01917713844797178,
  "21JUL25": 0.02314539241622575
}