{
  "11JUL25": 2.7557319223985893e-06,
  "14JUL25": 0.003265542328042328,
  "16JUL25": 0.011202050264550263,
  "18JUL25": 0.0191385582010582,
  "21JUL25": 0.02310681216931217
}