{
  "11JUL25": 2.7557319223985893e-06,
  "14JUL25": 0.003306878306878307,
  "16JUL25": 0.011243386243386244,
  "18JUL25": 0.01917989417989418,
  "21JUL25": 0.023148148148148147
}