{
  "11JUL25": 2.7557319223985893e-06,
  "14JUL25": 0.0033702601410934745,
  "16JUL25": 0.011306768077601411,
  "18JUL25": 0.019243276014109346,
  "21JUL25": 0.023211529982363317
}