{
  "11JUL25": 2.7557319223985893e-06,
  "14JUL25": 0.0032682980599647265,
  "16JUL25": 0.011204805996472663,
  "18JUL25": 0.0191413139329806,
  "21JUL25": 0.023109567901234567
}