Key,BID,ASK,STRIKE,ITYPE,ADJTHEOR,IVBID,IVASK,IVAVERAGE
XCME.ZN.SEP25,112.2031250,112.2187500,INVALID,F,,,,
XCME.VY1.04AUG25.112.C,.2656250,.2968750,112,C,.2710297,562.4423018,704.1152896,634.3159477
XCME.VY1.04AUG25.112:75.C,.0156250,.0312500,112.7500000,C,.0206147,631.4035864,766.1025685,703.7074123
XCME.VY1.04AUG25.110:25.C,1.9531250,1.9843750,110.2500000,C,1.9565822,516.8744775,1976.4120568,1796.8203048
XCME.WY1.06AUG25.110.C,2.2031250,2.2343750,110,C,2.2056124,282.2968662,1255.3391322,1144.5450858
XCME.WY1.06AUG25.113.P,.8281250,.8437500,113,P,.8606551,484.0924983,649.3450969,576.4108791
XCME.WY1.06AUG25.112:75.C,.0781250,.0937500,112.7500000,C,.0942753,612.9682402,661.8903700,637.7235329
XCME.WY1.06AUG25.112.C,.3593750,.3750000,112,C,.3591976,561.5656376,599.3503739,580.4896431
