Key,BID,ASK,STRIKE,ITYPE,ADJTHEOR,IVBID,IVASK,IVAVERAGE
XCME.ZN.SEP25,112.2343750,112.2500000,INVALID,F,,,,
XCME.ZN1.01AUG25.112:75.P,.5000000,.5312500,112.7500000,P,.5078124,,1652.0674054,1441.0935617
XCME.ZN1.01AUG25.111:5.P,INVALID,.0069999,111.5000000,P,0,,,1956.1424381
XCME.ZN1.01AUG25.111:25.P,INVALID,.0069999,111.2500000,P,0,,,
XCME.ZN1.01AUG25.112:5.P,.2500000,.2812500,112.5000000,P,.2576278,,1374.3167664,1104.1969288
XCME.ZN1.01AUG25.110.C,2.2187500,2.2500000,110,C,2.2421875,,,
XCME.ZN1.01AUG25.112.P,INVALID,.0069999,112,P,.0000465,,918.7720064,784.5331391
XCME.ZN1.01AUG25.112:25.C,.0156250,.0312500,112.2500000,C,.0282395,241.1555658,451.7933440,348.4368534
