Key,BID,ASK,STRIKE,ITYPE,ADJTHEOR,IVBID,IVASK,IVAVERAGE
XCME.ZN.SEP25,112.2187500,112.2343750,INVALID,F,,,,
XCME.GY1.05AUG25.111:25.P,.0156250,.0312500,111.2500000,P,.0232420,707.3184786,833.8650526,775.9418481
XCME.GY1.05AUG25.110:25.P,INVALID,.0156250,110.2500000,P,.0053435,,1249.1647272,1112.4380418
XCME.GY1.05AUG25.111:5.C,.7500000,.7812500,111.5000000,C,.7681716,624.1122840,800.4466647,719.6479461
XCME.GY1.05AUG25.110.C,2.2031250,2.2500000,110,C,2.2310950,,1484.7247795,1312.0393656
XCME.GY1.05AUG25.111:5.P,.0312500,.0468750,111.5000000,P,.0416069,674.4572728,761.3173007,719.6427619
XCME.GY1.05AUG25.110:25.C,1.9687500,2,110.2500000,C,1.9819060,,1349.2496195,1188.0985514
