Key,BID,ASK,STRIKE,ITYPE,ADJTHEOR,IVBID,IVASK,IVAVERAGE
XCME.ZN.SEP25,112.2343750,112.2500000,INVALID,F,,,,
XCME.WY1.06AUG25.110:5.P,INVALID,.0156250,110.5000000,P,.0083126,,922.6273678,818.8350230
XCME.WY1.06AUG25.110:25.C,1.9843750,2.0312500,110.2500000,C,2.0073218,,1178.9760104,978.7446720
XCME.WY1.06AUG25.112:5.P,.4218750,.4531250,112.5000000,P,.4341651,611.2547421,727.2116015,669.5374587
XCME.WY1.06AUG25.111:5.C,.7812500,.8125000,111.5000000,C,.7968407,562.9243388,697.6376091,634.6988775
XCME.WY1.06AUG25.110:25.P,INVALID,.0156250,110.2500000,P,.0073218,,1028.9599039,916.4826271
XCME.WY1.06AUG25.111:75.P,.0625000,.0937500,111.7500000,P,.0908446,538.9829167,638.4845691,590.0468896
