Key,BID,ASK,STRIKE,ITYPE,ADJTHEOR,IVBID,IVASK,IVAVERAGE
XCME.ZN.SEP25,112.2500000,112.2656250,INVALID,F,,,,
XCME.GY1.05AUG25.111:25.C,1,1.0312500,111.2500000,C,1.0242718,,794.9266391,687.3175125
XCME.GY1.05AUG25.111:75.C,.5468750,.5781250,111.7500000,C,.5694396,560.9481687,695.3074235,631.1236147
XCME.GY1.05AUG25.112:5.P,.3750000,.4062500,112.5000000,P,.3872226,661.0782897,756.3782954,708.9686885
XCME.GY1.05AUG25.113.P,.7812500,.8125000,113,P,.8015740,717.5674859,872.1966060,799.0352239
XCME.GY1.05AUG25.112:75.P,.5625000,.6093750,112.7500000,P,.5823694,676.8780666,850.3395778,766.2430570
XCME.GY1.05AUG25.110:75.C,1.5000000,1.5312500,110.7500000,C,1.5144541,,1086.1425752,952.7754336
