Key,BID,ASK,STRIKE,ITYPE,ADJTHEOR,IVBID,IVASK,IVAVERAGE
XCME.ZN.SEP25,112.2500000,112.2656250,INVALID,F,,,,
XCME.GY1.05AUG25.112:75.P,.5625000,.6093750,112.7500000,P,.5885440,676.2118110,853.2477567,767.5510683
XCME.GY1.05AUG25.110:75.C,1.4843750,1.5468750,110.7500000,C,1.5125169,,1250.4916284,1085.3289745
XCME.GY1.05AUG25.112:25.P,.2187500,.2500000,112.2500000,P,.2400059,632.2791322,721.7287163,677.0040287
XCME.GY1.05AUG25.113.C,.0468750,.0781250,113,C,.0609393,774.7545081,923.0151066,852.1333189
XCME.GY1.05AUG25.111.P,INVALID,.0156250,111,P,.0119651,,866.9823628,762.0552689
XCME.GY1.05AUG25.112.C,.3593750,.3906250,112,C,.3866262,595.6863675,694.6775673,645.5677840
