Key,BID,ASK,STRIKE,ITYPE,ADJTHEOR,IVBID,IVASK,IVAVERAGE
XCME.ZN.SEP25,112.2656250,112.2812500,INVALID,F,,,,
XCME.VY1.04AUG25.113.P,.7500000,.7812500,113,P,.7578130,895.2490282,1247.9863623,1089.0776265
XCME.VY1.04AUG25.113.C,.0156250,.0468750,113,C,.0320630,803.1821056,1083.1149198,959.1784673
XCME.VY1.04AUG25.112:25.P,.1562500,.1875000,112.2500000,P,.1599300,684.2599155,811.6451851,747.9601422
XCME.VY1.04AUG25.112.C,.3125000,.3437500,112,C,.3421436,540.1250312,705.0403469,625.4183709
XCME.VY1.04AUG25.112:75.C,.0312500,.0625000,112.7500000,C,.0512171,713.8237032,914.3485975,819.6582605
XCME.VY1.04AUG25.110:25.C,2,2.0312500,110.2500000,C,2.0278184,,1592.3017440,1421.7747766
