Key,BID,ASK,STRIKE,ITYPE,ADJTHEOR,IVBID,IVASK,IVAVERAGE
XCME.ZN.SEP25,112.2343750,112.2500000,INVALID,F,,,,
XCME.VY1.04AUG25.111:5.C,.7343750,.7656250,111.5000000,C,.7563523,,861.0636728,709.3177061
XCME.VY1.04AUG25.112:25.C,.1562500,.1718750,112.2500000,C,.1620297,637.1749535,700.0341917,668.6047198
XCME.VY1.04AUG25.110:5.P,INVALID,.0069999,110.5000000,P,.0034030,,1387.5120900,1254.6957897
XCME.VY1.04AUG25.112:5.P,.3281250,.3437500,112.5000000,P,.3322787,691.4200435,764.9707594,728.4876437
XCME.VY1.04AUG25.111.C,1.2343750,1.2656250,111,C,1.2498249,,1274.8182237,1074.0123007
XCME.VY1.04AUG25.110:5.C,1.7343750,1.7656250,110.5000000,C,1.7490905,,1667.0210811,1423.4472658
