Key,BID,ASK,STRIKE,ITYPE,ADJTHEOR,IVBID,IVASK,IVAVERAGE
XCME.ZN.SEP25,112.2500000,112.2656250,INVALID,F,,,,
XCME.GY1.05AUG25.111:25.P,.0069999,.0312500,111.2500000,P,.0186639,619.7202974,851.8517212,756.9727823
XCME.GY1.05AUG25.110:25.P,INVALID,.0156250,110.2500000,P,.0050226,,1259.8975354,1122.2602715
XCME.GY1.05AUG25.111:5.C,.7812500,.8125000,111.5000000,C,.7954560,616.5652590,803.2691462,718.9420090
XCME.GY1.05AUG25.110.C,2.2500000,2.2812500,110,C,2.2657723,,1449.8063975,1249.0533257
XCME.GY1.05AUG25.111:5.P,.0156250,.0468750,111.5000000,P,.0341441,582.0435824,781.1554377,693.1325858
XCME.GY1.05AUG25.110:25.C,2,2.0312500,110.2500000,C,2.0163351,,1318.1488891,1131.1300033
