Key,BID,ASK,STRIKE,ITYPE,ADJTHEOR,IVBID,IVASK,IVAVERAGE
XCME.ZN.SEP25,112.2343750,112.2500000,INVALID,F,,,,
XCME.WY1.06AUG25.110:5.P,.0069999,.0156250,110.5000000,P,.0109197,801.6066848,919.0356760,867.3375086
XCME.WY1.06AUG25.110:25.C,1.9843750,2.0156250,110.2500000,C,2.0082218,,1024.9843345,826.2363514
XCME.WY1.06AUG25.112:5.P,.4218750,.4687500,112.5000000,P,.4380827,647.6502331,762.4108158,705.2828871
XCME.WY1.06AUG25.111:5.C,.7812500,.8125000,111.5000000,C,.8076614,560.7304787,752.3535609,664.3801427
XCME.WY1.06AUG25.110:25.P,INVALID,.0156250,110.2500000,P,.0082218,,1024.9843345,912.8682317
XCME.WY1.06AUG25.111:75.P,.0937500,.1093750,111.7500000,P,.0986339,635.9944787,682.3675188,659.3852613
