Key,BID,ASK,STRIKE,ITYPE,ADJTHEOR,IVBID,IVASK,IVAVERAGE
XCME.ZN.SEP25,112.2343750,112.2500000,INVALID,F,,,,
XCME.VY1.04AUG25.112:75.P,.4687500,.6093750,112.7500000,P,.5519801,750.6944212,1049.7276264,910.7338096
XCME.VY1.04AUG25.111:25.P,INVALID,.0156250,111.2500000,P,.0094850,,1048.0078026,913.8367961
XCME.VY1.04AUG25.111:5.P,INVALID,.0156250,111.5000000,P,.0152479,,1002.5609294,841.3922762
XCME.VY1.04AUG25.112:5.C,.0781250,.1093750,112.5000000,C,.0891929,727.9275540,876.0642037,802.9060100
XCME.VY1.04AUG25.110:25.P,INVALID,.0069999,110.2500000,P,.0038513,,1605.4682678,1455.7332656
XCME.VY1.04AUG25.111.P,INVALID,.0156250,111,P,.0066514,,1252.4362701,1100.7516715
XCME.VY1.04AUG25.110:75.P,INVALID,.0156250,110.7500000,P,.0051711,,1450.0195608,1281.3569667
