Key,BID,ASK,STRIKE,ITYPE,ADJTHEOR,IVBID,IVASK,IVAVERAGE
XCME.ZN.SEP25,112.2500000,112.2656250,INVALID,F,,,,
XCME.WY1.06AUG25.110:75.C,1.5000000,1.5468750,110.7500000,C,1.5231063,,970.2156419,813.8543647
XCME.WY1.06AUG25.111:5.P,.0312500,.0625000,111.5000000,P,.0473375,568.1076721,703.4351923,640.2382766
XCME.WY1.06AUG25.111.C,1.2500000,1.2968750,111,C,1.2783319,,845.9888674,703.6354625
XCME.ZN1.01AUG25.112:75.C,INVALID,.0069999,112.7500000,C,0,,,
XCME.ZN1.01AUG25.110:25.C,1.9843750,2.0468750,110.2500000,C,2.0078124,,,
XCME.ZN1.01AUG25.110:25.P,INVALID,.0069999,110.2500000,P,0,,,
XCME.ZN1.01AUG25.110:75.P,INVALID,.0069999,110.7500000,P,0,,,
