Key,BID,ASK,STRIKE,ITYPE,ADJTHEOR,IVBID,IVASK,IVAVERAGE
XCME.ZN.SEP25,112.2343750,112.2500000,INVALID,F,,,,
XCME.WY1.06AUG25.110:5.P,.0069999,.0156250,110.5000000,P,.0085471,795.2655801,911.8279982,860.5086112
XCME.WY1.06AUG25.110:25.C,1.9843750,2.0156250,110.2500000,C,2.0023605,830.7805859,1064.3155325,972.9973021
XCME.WY1.06AUG25.112:5.P,.4218750,.4531250,112.5000000,P,.4272547,637.0550677,713.5733921,675.4445147
XCME.WY1.06AUG25.111:5.C,.7812500,.8125000,111.5000000,C,.7973528,575.9332559,704.4190448,643.8858381
XCME.WY1.06AUG25.110:25.P,INVALID,.0156250,110.2500000,P,.0066730,,1017.1777924,905.8744419
XCME.WY1.06AUG25.111:75.P,.0781250,.0937500,111.7500000,P,.0936014,581.3838736,629.2514940,605.5869602
XCME.WY1.06AUG25.112:75.P,.6093750,.6406250,112.7500000,P,.6138944,668.3375592,757.4781829,713.4987672
