Key,BID,ASK,STRIKE,ITYPE,ADJTHEOR,IVBID,IVASK,IVAVERAGE
XCME.ZN.SEP25,112.3281250,112.3437500,INVALID,F,,,,
XCME.GY1.05AUG25.110:75.P,INVALID,.0156250,110.7500000,P,.0082220,,1030.5560245,912.3667025
XCME.GY1.05AUG25.111:75.P,.0468750,.0625000,111.7500000,P,.0611575,642.5549029,712.4237037,678.3096879
XCME.GY1.05AUG25.112.P,.0937500,.1250000,112,P,.1164046,616.0082350,718.9586571,668.0752567
XCME.VY1.04AUG25.111:75.P,.0156250,.0312500,111.7500000,P,.0235391,665.0782067,804.2245163,739.7961530
XCME.VY1.04AUG25.111:75.C,.5781250,.6250000,111.7500000,C,.5938518,568.6705736,967.5022240,833.9572417
XCME.VY1.04AUG25.112:75.P,.4687500,.5000000,112.7500000,P,.4865828,715.2019520,898.8777160,810.9224891
XCME.VY1.04AUG25.111:25.P,INVALID,.0156250,111.2500000,P,.0059893,,1082.4556109,948.0119066
