Key,BID,ASK,STRIKE,ITYPE,ADJTHEOR,IVBID,IVASK,IVAVERAGE
XCME.ZN.SEP25,112.2656250,112.2812500,INVALID,F,,,,
XCME.GY1.05AUG25.110.P,INVALID,.0069999,110,P,.0044498,,1223.4620893,1112.3099219
XCME.GY1.05AUG25.110:5.C,1.7500000,1.7812500,110.5000000,C,1.7825738,,922.9545167,704.1082050
XCME.GY1.05AUG25.111.C,1.2500000,1.2812500,111,C,1.2869822,,695.6026138,522.5585565
XCME.GY1.05AUG25.112:25.C,.2343750,.2656250,112.2500000,C,.2556649,624.1923113,712.6889220,668.4436558
XCME.GY1.05AUG25.111:25.C,1.0156250,1.0468750,111.2500000,C,1.0434485,,771.5041577,644.8840161
XCME.GY1.05AUG25.111:75.C,.5625000,.5937500,111.7500000,C,.5890128,554.3515203,694.0859486,627.7799287
XCME.GY1.05AUG25.112:5.P,.3750000,.4062500,112.5000000,P,.3811124,700.5933991,794.1771596,747.5520017
