Key,BID,ASK,STRIKE,ITYPE,ADJTHEOR,IVBID,IVASK,IVAVERAGE
XCME.ZN.SEP25,112.2031250,112.2187500,INVALID,F,,,,
XCME.VY1.04AUG25.111:5.C,.7031250,.7343750,111.5000000,C,.7136824,268.4662266,922.9605904,814.6945421
XCME.VY1.04AUG25.112:25.C,.1250000,.1562500,112.2500000,C,.1331546,589.0142660,651.9712094,620.5042477
XCME.VY1.04AUG25.110:5.P,INVALID,.0069999,110.5000000,P,.0033754,,1351.2947115,1221.6351238
XCME.VY1.04AUG25.112:5.P,.3437500,.3750000,112.5000000,P,.3576758,686.3901358,838.3017155,763.8151692
XCME.VY1.04AUG25.111.C,1.1875000,1.2187500,111,C,1.2071794,,1171.9850275,1107.3835361
XCME.VY1.04AUG25.110:5.C,1.6875000,1.7187500,110.5000000,C,1.7065004,,1550.5287946,1471.8434641
