Key,BID,ASK,STRIKE,ITYPE,ADJTHEOR,IVBID,IVASK,IVAVERAGE
XCME.ZN.SEP25,112.2031250,112.2187500,INVALID,F,,,,
XCME.WY1.06AUG25.111:75.C,.5312500,.5468750,111.7500000,C,.5467691,522.5090969,571.1125133,547.1368314
XCME.WY1.06AUG25.113.C,.0468750,.0625000,113,C,.0540942,642.9200780,706.3427499,675.4766887
XCME.WY1.06AUG25.110.P,INVALID,.0156250,110,P,.0049981,,1103.7442231,985.9425435
XCME.WY1.06AUG25.110:75.P,.0069999,.0156250,110.7500000,P,.0092280,683.4801825,787.8565927,741.6943540
XCME.WY1.06AUG25.112:25.P,.2656250,.2812500,112.2500000,P,.2690190,568.3214428,640.2021892,604.2649309
XCME.WY1.06AUG25.111:25.C,.9687500,1,111.2500000,C,.9878600,,594.8263791,494.7445291
