Key,BID,ASK,STRIKE,ITYPE,ADJTHEOR,IVBID,IVASK,IVAVERAGE
XCME.ZN.SEP25,112.2343750,112.2500000,INVALID,F,,,,
XCME.GY1.05AUG25.111:5.C,.7656250,.7968750,111.5000000,C,.7819638,649.5999501,819.0427161,740.6436194
XCME.GY1.05AUG25.110.C,2.2343750,2.2812500,110,C,2.2441008,,1673.9253351,1473.1327335
XCME.GY1.05AUG25.111:5.P,.0156250,.0468750,111.5000000,P,.0432779,567.3718575,763.2281323,676.5456057
XCME.GY1.05AUG25.110:25.C,1.9843750,2.0156250,110.2500000,C,1.9951966,1176.5836096,1527.6908957,1382.3477402
XCME.GY1.05AUG25.112:75.C,.0781250,.1093750,112.7500000,C,.0831015,725.5434796,841.6790760,784.7815157
XCME.GY1.05AUG25.112:5.C,.1250000,.1562500,112.5000000,C,.1399003,706.8059995,754.7596189,730.8466615
