Key,BID,ASK,STRIKE,ITYPE,ADJTHEOR,IVBID,IVASK,IVAVERAGE
XCME.ZN.SEP25,112.3125000,112.3281250,INVALID,F,,,,
XCME.WY1.06AUG25.111:75.C,.6406250,.6718750,111.7500000,C,.6487460,627.4858409,724.4750729,677.0064630
XCME.WY1.06AUG25.113.C,.0781250,.1093750,113,C,.1021804,709.8164267,812.0483558,762.1286803
XCME.WY1.06AUG25.110.P,INVALID,.0156250,110,P,.0054760,,1151.1605292,1029.0703945
XCME.WY1.06AUG25.110:75.P,.0069999,.0156250,110.7500000,P,.0116390,726.9044964,835.7075785,787.6268778
XCME.WY1.06AUG25.112:25.P,.2500000,.2656250,112.2500000,P,.2567567,647.1905942,683.4237534,665.3090197
XCME.WY1.06AUG25.111:25.C,1.0781250,1.1093750,111.2500000,C,1.0905016,275.8653071,802.8830814,696.9097943
