Key,BID,ASK,STRIKE,ITYPE,ADJTHEOR,IVBID,IVASK,IVAVERAGE
XCME.ZN.SEP25,112.1875000,112.2031250,INVALID,F,,,,
XCME.WY1.06AUG25.112:75.C,.0781250,.0937500,112.7500000,C,.0787631,616.0256677,665.0333810,640.8155103
XCME.WY1.06AUG25.112.C,.3437500,.3750000,112,C,.3616995,530.0938737,605.6919712,568.0234380
XCME.WY1.06AUG25.111.P,.0069999,.0156250,111,P,.0145053,578.3772971,671.1716708,630.0226787
XCME.WY1.06AUG25.112:25.C,.2187500,.2343750,112.2500000,C,.2273583,559.2499976,595.2568769,577.2552905
XCME.WY1.06AUG25.112:5.C,.1250000,.1562500,112.5000000,C,.1354181,567.1075952,646.7433090,607.1968400
XCME.WY1.06AUG25.111:25.P,.0156250,.0312500,111.2500000,P,.0252123,555.4909189,656.0597696,610.0086897
