Key,BID,ASK,STRIKE,ITYPE,ADJTHEOR,IVBID,IVASK,IVAVERAGE
XCME.ZN.SEP25,112.2500000,112.2656250,INVALID,F,,,,
XCME.GY1.05AUG25.111.C,1.2500000,1.2812500,111,C,1.2651944,,979.0187671,868.5266545
XCME.GY1.05AUG25.112:25.C,.2343750,.2500000,112.2500000,C,.2421397,663.9232773,708.5196067,686.2214602
XCME.GY1.05AUG25.111:25.C,1,1.0468750,111.2500000,C,1.0226603,,930.7016816,796.6084138
XCME.GY1.05AUG25.111:75.C,.5468750,.5781250,111.7500000,C,.5710950,579.8742404,712.5107273,648.8813742
XCME.GY1.05AUG25.112:5.P,.3750000,.4062500,112.5000000,P,.3941098,659.7260713,756.2331006,708.2386128
XCME.GY1.05AUG25.113.P,.7812500,.8281250,113,P,.8068501,706.1727308,936.1921157,829.7703483
