Key,BID,ASK,STRIKE,ITYPE,ADJTHEOR,IVBID,IVASK,IVAVERAGE
XCME.ZN.SEP25,112.2968750,112.3125000,INVALID,F,,,,
XCME.VY1.04AUG25.110:75.P,INVALID,.0069999,110.7500000,P,.0035920,,1272.1894360,1148.2372364
XCME.VY1.04AUG25.112.P,.0468750,.0625000,112,P,.0618295,617.5191497,701.3098255,660.1400250
XCME.VY1.04AUG25.111:5.C,.7968750,.8281250,111.5000000,C,.8113358,,994.2692397,868.2904795
XCME.VY1.04AUG25.112:25.C,.1875000,.2187500,112.2500000,C,.1986530,655.6116484,783.6527877,719.6695957
XCME.VY1.04AUG25.110:5.P,INVALID,.0069999,110.5000000,P,.0034216,,1442.7674061,1306.3294280
XCME.VY1.04AUG25.112:5.P,.2812500,.3125000,112.5000000,P,.3001180,660.4322106,800.9724239,731.3758615
