Key,BID,ASK,STRIKE,ITYPE,ADJTHEOR,IVBID,IVASK,IVAVERAGE
XCME.ZN.SEP25,112.2812500,112.2968750,INVALID,F,,,,
XCME.GY1.05AUG25.112:25.P,.2031250,.2343750,112.2500000,P,.2147034,635.9948749,680.4533475,658.2262115
XCME.GY1.05AUG25.113.C,.0468750,.0781250,113,C,.0628181,742.3501677,886.4067166,817.4671231
XCME.GY1.05AUG25.111.P,.0069999,.0156250,111,P,.0107513,761.7396183,881.4235366,828.4382383
XCME.GY1.05AUG25.112.C,.3906250,.4218750,112,C,.4086383,602.3197836,703.3693508,653.3540007
XCME.GY1.05AUG25.111:25.P,.0069999,.0312500,111.2500000,P,.0170655,637.6348052,872.5800197,776.5338599
XCME.GY1.05AUG25.110:25.P,INVALID,.0156250,110.2500000,P,.0050461,,1276.7679946,1137.8761919
