Key,BID,ASK,STRIKE,ITYPE,ADJTHEOR,IVBID,IVASK,IVAVERAGE
XCME.ZN.SEP25,112.2187500,112.2343750,INVALID,F,,,,
XCME.GY1.05AUG25.111.C,1.2187500,1.2656250,111,C,1.2514266,,1084.0771685,899.9779512
XCME.GY1.05AUG25.112:25.C,.2187500,.2500000,112.2500000,C,.2441616,686.0949878,775.3017837,730.6988749
XCME.GY1.05AUG25.111:25.C,.9843750,1.0156250,111.2500000,C,1.0105068,,815.9339628,676.9085871
XCME.GY1.05AUG25.111:75.C,.5312500,.5625000,111.7500000,C,.5648743,568.1579157,699.5198807,636.4653739
XCME.GY1.05AUG25.112:5.P,.4062500,.4375000,112.5000000,P,.4139466,724.8147574,820.9374979,773.0998820
XCME.GY1.05AUG25.113.P,.8125000,.8593750,113,P,.8268636,800.9288150,1013.2592574,912.7605522
