Key,BID,ASK,STRIKE,ITYPE,ADJTHEOR,IVBID,IVASK,IVAVERAGE
XCME.ZN.SEP25,112.2500000,112.2656250,INVALID,F,,,,
XCME.WY1.06AUG25.110.P,INVALID,.0156250,110,P,.0056040,,1134.2567409,1013.6685172
XCME.WY1.06AUG25.110:75.P,.0069999,.0156250,110.7500000,P,.0100748,708.8820227,816.3643519,768.8608848
XCME.WY1.06AUG25.112:25.P,.2500000,.2812500,112.2500000,P,.2682357,593.7555798,666.2425703,629.9994186
XCME.WY1.06AUG25.111:25.C,1.0156250,1.0468750,111.2500000,C,1.0367931,452.5444910,716.2417291,619.1354499
XCME.WY1.06AUG25.110:5.P,INVALID,.0156250,110.5000000,P,.0076895,,924.2819283,820.4818997
XCME.WY1.06AUG25.110:25.C,1.9843750,2.0312500,110.2500000,C,2.0185059,,1069.3116784,910.2576010
