Key,BID,ASK,STRIKE,ITYPE,ADJTHEOR,IVBID,IVASK,IVAVERAGE
XCME.ZN.SEP25,112.2500000,112.2656250,INVALID,F,,,,
XCME.ZN1.01AUG25.112:25.P,.0156250,.0312500,112.2500000,P,.0160692,113.6725036,568.5181135,366.0578647
XCME.ZN1.01AUG25.111.C,1.2343750,1.2812500,111,C,1.2578125,,,
XCME.ZN1.01AUG25.112.C,.2343750,.2812500,112,C,.2578120,,1730.8104115,1389.0476086
XCME.VY1.04AUG25.111:75.P,.0156250,.0312500,111.7500000,P,.0250134,605.9425436,738.4207298,676.9288756
XCME.VY1.04AUG25.111:75.C,.5156250,.5625000,111.7500000,C,.5250133,605.9681698,942.3198808,794.2176095
XCME.VY1.04AUG25.112:75.P,.5156250,.5625000,112.7500000,P,.5507038,604.8970128,941.4792115,793.2720381
XCME.VY1.04AUG25.111:25.P,INVALID,.0156250,111.2500000,P,.0023550,,1029.7664533,898.3491632
