Key,BID,ASK,STRIKE,ITYPE,ADJTHEOR,IVBID,IVASK,IVAVERAGE
XCME.ZN.SEP25,112.2656250,112.2812500,INVALID,F,,,,
XCME.WY1.06AUG25.110:75.C,1.5156250,1.5468750,110.7500000,C,1.5385554,,860.3650733,731.1052362
XCME.WY1.06AUG25.111:5.P,.0312500,.0625000,111.5000000,P,.0493218,571.9727070,707.5980899,644.2837517
XCME.WY1.06AUG25.111.C,1.2812500,1.3125000,111,C,1.2943437,568.1120654,853.4722297,746.8520424
XCME.ZN1.01AUG25.112:75.C,INVALID,.0069999,112.7500000,C,0,,1771.4649039,1549.3998194
XCME.ZN1.01AUG25.110:25.C,2.0156250,2.0468750,110.2500000,C,2.0234374,,,
XCME.ZN1.01AUG25.110:25.P,INVALID,.0069999,110.2500000,P,0,,,
XCME.ZN1.01AUG25.110:75.P,INVALID,.0069999,110.7500000,P,0,,,
