Key,BID,ASK,STRIKE,ITYPE,ADJTHEOR,IVBID,IVASK,IVAVERAGE
XCME.ZN.SEP25,112.2500000,112.2656250,INVALID,F,,,,
XCME.VY1.04AUG25.110.C,2.2343750,2.2812500,110,C,2.2577064,,,
XCME.VY1.04AUG25.110:75.C,1.4843750,1.5312500,110.7500000,C,1.5086470,,1616.4227839,1436.9787116
XCME.VY1.04AUG25.110.P,INVALID,.0069999,110,P,.0033939,,1766.5915976,1605.5169465
XCME.VY1.04AUG25.111:25.C,1,1.0312500,111.2500000,C,1.0124121,,1185.3608077,1039.9852949
XCME.VY1.04AUG25.113.P,.7500000,.7968750,113,P,.7781045,642.4028045,1147.2071286,956.4643016
XCME.VY1.04AUG25.113.C,.0156250,.0468750,113,C,.0324170,828.3080596,1115.2841668,988.2944720
XCME.VY1.04AUG25.112:25.P,.1562500,.1875000,112.2500000,P,.1696861,652.6449947,781.4140348,717.0299746
