Key,BID,ASK,STRIKE,ITYPE,ADJTHEOR,IVBID,IVASK,IVAVERAGE
XCME.ZN.SEP25,112.2500000,112.2656250,INVALID,F,,,,
XCME.WY1.06AUG25.113.C,.0625000,.0937500,113,C,.0784367,687.5708467,798.7838023,744.9405072
XCME.WY1.06AUG25.110.P,INVALID,.0156250,110,P,.0057083,,1136.2596677,1015.2144900
XCME.WY1.06AUG25.110:75.P,.0069999,.0156250,110.7500000,P,.0106971,709.9723296,817.6420426,770.0632358
XCME.WY1.06AUG25.112:25.P,.2500000,.2812500,112.2500000,P,.2683371,594.0193061,666.6506173,630.3352643
XCME.WY1.06AUG25.111:25.C,1.0156250,1.0468750,111.2500000,C,1.0373827,468.0920858,721.6730130,625.8650137
XCME.WY1.06AUG25.110:5.P,INVALID,.0156250,110.5000000,P,.0080659,,925.8204120,821.9019183
XCME.WY1.06AUG25.110:25.C,1.9843750,2.0312500,110.2500000,C,2.0179172,,1079.5613712,926.4212018
