Key,BID,ASK,STRIKE,ITYPE,ADJTHEOR,IVBID,IVASK,IVAVERAGE
XCME.ZN.SEP25,112.2968750,112.3125000,INVALID,F,,,,
XCME.GY1.05AUG25.112:75.P,.5312500,.5781250,112.7500000,P,.5565658,679.9975043,847.0311858,765.5894193
XCME.GY1.05AUG25.110:75.C,1.5468750,1.5937500,110.7500000,C,1.5500249,342.8830118,1176.5395472,1063.5873270
XCME.GY1.05AUG25.112:25.P,.2031250,.2343750,112.2500000,P,.2181220,640.6570996,729.5946725,685.1346059
XCME.GY1.05AUG25.113.C,.0625000,.0781250,113,C,.0660861,815.2205474,884.0348471,850.2418209
XCME.GY1.05AUG25.111.P,.0069999,.0156250,111,P,.0047004,763.9540846,883.6137514,830.5315415
XCME.GY1.05AUG25.112.C,.4062500,.4375000,112,C,.4092818,645.1363158,744.9491626,695.4655113
