Key,BID,ASK,STRIKE,ITYPE,ADJTHEOR,IVBID,IVASK,IVAVERAGE
XCME.ZN.SEP25,112.2500000,112.2656250,INVALID,F,,,,
XCME.VY1.04AUG25.110.C,2.2500000,2.2812500,110,C,2.2575650,,,1964.6270125
XCME.VY1.04AUG25.110:75.C,1.5156250,1.5468750,110.7500000,C,1.5084631,1336.0413437,1768.1699309,1587.6902110
XCME.VY1.04AUG25.110.P,INVALID,.0069999,110,P,.0032525,,1735.2096955,1577.1400449
XCME.VY1.04AUG25.111:25.C,1.0156250,1.0468750,111.2500000,C,1.0125545,961.3464424,1313.4937336,1164.3608160
XCME.VY1.04AUG25.113.P,.7343750,.7656250,113,P,.7722623,,862.3844082,709.4914527
XCME.VY1.04AUG25.113.C,.0156250,.0468750,113,C,.0265748,813.5646460,1095.4721245,970.7727275
