Key,BID,ASK,STRIKE,ITYPE,ADJTHEOR,IVBID,IVASK,IVAVERAGE
XCME.ZN.SEP25,112.2656250,112.2812500,INVALID,F,,,,
XCME.WY1.06AUG25.112:5.P,.4062500,.4375000,112.5000000,P,.4113385,641.9533072,717.4822982,679.8167383
XCME.WY1.06AUG25.111:5.C,.7968750,.8281250,111.5000000,C,.8173151,527.1250796,673.3870555,606.4783362
XCME.WY1.06AUG25.110:25.P,INVALID,.0156250,110.2500000,P,.0057238,,1029.0481182,916.7707254
XCME.WY1.06AUG25.111:75.P,.0781250,.0937500,111.7500000,P,.0837047,600.1561617,648.6726104,624.6987069
XCME.WY1.06AUG25.112:75.P,.5937500,.6250000,112.7500000,P,.5946288,683.6302747,770.1059172,727.3381393
XCME.WY1.06AUG25.110:5.C,1.7656250,1.7968750,110.5000000,C,1.7803965,,820.3712544,740.6925902
