Key,BID,ASK,STRIKE,ITYPE,ADJTHEOR,IVBID,IVASK,IVAVERAGE
XCME.ZN.SEP25,112.2500000,112.2656250,INVALID,F,,,,
XCME.WY1.06AUG25.111:25.P,.0156250,.0312500,111.2500000,P,.0279447,588.0402994,691.7719542,644.2867462
XCME.WY1.06AUG25.111:75.C,.5781250,.6093750,111.7500000,C,.5994757,565.7178207,662.3979163,615.1671460
XCME.WY1.06AUG25.113.C,.0625000,.0937500,113,C,.0774784,685.6579831,796.3819197,742.7798512
XCME.WY1.06AUG25.110.P,INVALID,.0156250,110,P,.0053720,,1128.1575583,1007.9176725
XCME.WY1.06AUG25.110:75.P,.0069999,.0156250,110.7500000,P,.0110524,704.4103301,811.3133812,764.1106118
XCME.WY1.06AUG25.112:25.P,.2656250,.2812500,112.2500000,P,.2738253,622.6378553,658.7376185,640.6877716
XCME.WY1.06AUG25.111:25.C,1.0156250,1.0468750,111.2500000,C,1.0357572,513.1410914,733.9945451,644.2867462
