Key,BID,ASK,STRIKE,ITYPE,ADJTHEOR,IVBID,IVASK,IVAVERAGE
XCME.ZN.SEP25,112.2656250,112.2812500,INVALID,F,,,,
XCME.VY1.04AUG25.113.P,.7343750,.7812500,113,P,.7591275,702.2904051,1153.7226002,971.6574924
XCME.VY1.04AUG25.113.C,.0156250,.0468750,113,C,.0325650,813.7210007,1097.1688356,971.6574924
XCME.VY1.04AUG25.112:25.P,.1406250,.1718750,112.2500000,P,.1540276,626.5238547,755.4869011,691.0148156
XCME.VY1.04AUG25.112.C,.3125000,.3437500,112,C,.3368999,550.4424060,716.6519722,636.3286652
XCME.VY1.04AUG25.112:75.C,.0312500,.0625000,112.7500000,C,.0496866,723.3792873,926.4682005,830.5698319
XCME.VY1.04AUG25.110:25.C,2,2.0468750,110.2500000,C,2.0268837,,,1748.9373445
