Key,BID,ASK,STRIKE,ITYPE,ADJTHEOR,IVBID,IVASK,IVAVERAGE
XCME.ZN.SEP25,112.2500000,112.2656250,INVALID,F,,,,
XCME.GY1.05AUG25.110.P,INVALID,.0069999,110,P,.0044869,,1221.5904008,1110.3821129
XCME.GY1.05AUG25.110:5.C,1.7500000,1.7968750,110.5000000,C,1.7640549,,1225.0220819,1074.7610408
XCME.GY1.05AUG25.111.C,1.2500000,1.2968750,111,C,1.2698229,,1064.2046604,904.7595585
XCME.GY1.05AUG25.112:25.C,.2343750,.2656250,112.2500000,C,.2464006,655.7325143,744.6611929,700.1971028
XCME.GY1.05AUG25.111:25.C,1,1.0468750,111.2500000,C,1.0275154,,904.0206709,760.7244739
XCME.GY1.05AUG25.111:75.C,.5468750,.5937500,111.7500000,C,.5763778,560.9207523,757.6938004,664.9618146
XCME.GY1.05AUG25.112:5.P,.3750000,.4218750,112.5000000,P,.3928809,666.6037294,809.6445685,738.6077741
