Key,BID,ASK,STRIKE,ITYPE,ADJTHEOR,IVBID,IVASK,IVAVERAGE
XCME.ZN.SEP25,112.2187500,112.2343750,INVALID,F,,,,
XCME.VY1.04AUG25.112.C,.2812500,.3281250,112,C,.3081888,585.2969088,806.2286232,698.2195496
XCME.VY1.04AUG25.112:75.C,.0468750,.0625000,112.7500000,C,.0500408,879.4455248,977.9424515,929.8177405
XCME.VY1.04AUG25.110:25.C,1.9531250,2,110.2500000,C,1.9769386,,,1781.2611024
XCME.ZN1.01AUG25.112:75.C,INVALID,.0069999,112.7500000,C,0,,,
XCME.ZN1.01AUG25.110:25.C,1.9531250,2,110.2500000,C,1.9765625,,,
XCME.ZN1.01AUG25.110:25.P,INVALID,.0069999,110.2500000,P,0,,,
XCME.ZN1.01AUG25.110:75.P,INVALID,.0069999,110.7500000,P,0,,,
