Key,BID,ASK,STRIKE,ITYPE,ADJTHEOR,IVBID,IVASK,IVAVERAGE
XCME.ZN.SEP25,112.2968750,112.3125000,INVALID,F,,,,
XCME.VY1.04AUG25.111.C,1.2968750,1.3281250,111,C,1.2982045,461.2764621,1466.2662368,1319.3173379
XCME.VY1.04AUG25.110:5.C,1.7968750,1.8281250,110.5000000,C,1.7989142,,1884.2657194,1710.4515773
XCME.VY1.04AUG25.110.C,2.2968750,2.3281250,110,C,2.3001642,,,
XCME.VY1.04AUG25.110:75.C,1.5468750,1.5781250,110.7500000,C,1.5484006,488.5726979,1678.1603223,1517.0515317
XCME.VY1.04AUG25.110.P,INVALID,.0069999,110,P,.0032892,,1763.4980382,1604.2683303
XCME.VY1.04AUG25.111:25.C,1.0468750,1.0781250,111.2500000,C,1.0486286,413.2603635,1247.9799384,1116.1166307
