Key,BID,ASK,STRIKE,ITYPE,ADJTHEOR,IVBID,IVASK,IVAVERAGE
XCME.ZN.SEP25,112.2656250,112.2812500,INVALID,F,,,,
XCME.ZN1.01AUG25.112:5.C,INVALID,.0069999,112.5000000,C,.0000219,,1158.3662514,994.0783078
XCME.ZN1.01AUG25.111:5.C,.7343750,.7812500,111.5000000,C,.7578124,,,
XCME.ZN1.01AUG25.113.P,.7187500,.7656250,113,P,.7421874,,,
XCME.ZN1.01AUG25.112:25.P,.0156250,.0312500,112.2500000,P,.0323111,305.2421991,568.5181135,438.9281505
XCME.ZN1.01AUG25.111.C,1.2343750,1.2812500,111,C,1.2578124,,,
XCME.ZN1.01AUG25.112.C,.2343750,.2812500,112,C,.2579491,,1730.8104115,1389.0476086
