Key,BID,ASK,STRIKE,ITYPE,ADJTHEOR,IVBID,IVASK,IVAVERAGE
XCME.ZN.SEP25,112.2500000,112.2656250,INVALID,F,,,,
XCME.VY1.04AUG25.110.C,2.2343750,2.2812500,110,C,2.2570437,,,
XCME.VY1.04AUG25.110:75.C,1.4843750,1.5312500,110.7500000,C,1.5087886,,1636.7804880,1460.1213935
XCME.VY1.04AUG25.110.P,INVALID,.0069999,110,P,.0035437,,1777.3259043,1615.3926789
XCME.VY1.04AUG25.111:25.C,.9843750,1.0312500,111.2500000,C,1.0129596,,1201.0256550,1057.6849406
XCME.VY1.04AUG25.113.P,.7500000,.7968750,113,P,.7786464,625.1700134,1149.4188112,955.6294948
XCME.VY1.04AUG25.113.C,.0156250,.0468750,113,C,.0321464,834.2829762,1123.2582332,995.3987148
