Key,BID,ASK,STRIKE,ITYPE,ADJTHEOR,IVBID,IVASK,IVAVERAGE
XCME.ZN.SEP25,112.2500000,112.2656250,INVALID,F,,,,
XCME.ZN1.01AUG25.112:75.P,.4687500,.5000000,112.7500000,P,.4921874,,1725.7531582,1504.6057946
XCME.ZN1.01AUG25.111:5.P,INVALID,.0069999,111.5000000,P,0,,,
XCME.ZN1.01AUG25.111:25.P,INVALID,.0069999,111.2500000,P,0,,,
XCME.ZN1.01AUG25.112:5.P,.2187500,.2656250,112.5000000,P,.2420898,,1411.5687646,1129.2502779
XCME.ZN1.01AUG25.110.C,2.2500000,2.2812500,110,C,2.2578125,,,
XCME.ZN1.01AUG25.112.P,INVALID,.0069999,112,P,.0000012,,1030.1106576,881.5330811
XCME.ZN1.01AUG25.112:25.C,.0156250,.0468750,112.2500000,C,.0321722,121.7812932,592.4152853,373.1383384
