Key,BID,ASK,STRIKE,ITYPE,ADJTHEOR,IVBID,IVASK,IVAVERAGE
XCME.ZN.SEP25,112.2343750,112.2500000,INVALID,F,,,,
XCME.WY1.06AUG25.110.P,INVALID,.0156250,110,P,.0054580,,1120.8324454,1001.3933517
XCME.WY1.06AUG25.110:75.P,.0069999,.0156250,110.7500000,P,.0115956,698.1873795,804.3748522,757.4323905
XCME.WY1.06AUG25.112:25.P,.2656250,.2968750,112.2500000,P,.2778324,607.4531086,679.5062592,643.4797339
XCME.WY1.06AUG25.111:25.C,1,1.0312500,111.2500000,C,1.0250738,613.0247633,784.1764463,707.5079863
XCME.WY1.06AUG25.110:5.P,.0069999,.0156250,110.5000000,P,.0083748,795.2655801,911.8279982,860.5086112
XCME.WY1.06AUG25.110:25.C,1.9843750,2.0156250,110.2500000,C,2.0022374,,1064.3155325,913.0262922
