Key,BID,ASK,STRIKE,ITYPE,ADJTHEOR,IVBID,IVASK,IVAVERAGE
XCME.ZN.SEP25,112.2500000,112.2656250,INVALID,F,,,,
XCME.VY1.04AUG25.112.C,.3125000,.3437500,112,C,.3301523,626.1609735,777.4443161,703.2197327
XCME.VY1.04AUG25.112:75.C,.0468750,.0625000,112.7500000,C,.0522322,841.4434176,937.4515495,890.5109247
XCME.VY1.04AUG25.110:25.C,1.9843750,2.0312500,110.2500000,C,2.0071295,,,1809.7577683
XCME.ZN1.01AUG25.112:75.C,INVALID,.0069999,112.7500000,C,0,,,1735.2049830
XCME.ZN1.01AUG25.110:25.C,1.9843750,2.0312500,110.2500000,C,2.0078125,,,
XCME.ZN1.01AUG25.110:25.P,INVALID,.0069999,110.2500000,P,0,,,
XCME.ZN1.01AUG25.110:75.P,INVALID,.0069999,110.7500000,P,0,,,
