Key,BID,ASK,STRIKE,ITYPE,ADJTHEOR,IVBID,IVASK,IVAVERAGE
XCME.ZN.SEP25,112.2187500,112.2343750,INVALID,F,,,,
XCME.VY1.04AUG25.110.C,2.2031250,2.2500000,110,C,2.2229366,,,
XCME.VY1.04AUG25.110:75.C,1.4531250,1.5000000,110.7500000,C,1.4724532,,1631.1264489,1472.3543923
XCME.VY1.04AUG25.110.P,INVALID,.0069999,110,P,.0041866,,1732.3709205,1573.8632914
XCME.VY1.04AUG25.111:25.C,.9687500,1,111.2500000,C,.9745042,.9900000,1189.5827746,1060.2432338
XCME.VY1.04AUG25.113.P,.7812500,.8281250,113,P,.8154089,274.0576645,1142.7460697,938.9143637
XCME.VY1.04AUG25.113.C,.0156250,.0468750,113,C,.0341589,850.9183946,1142.7460697,1013.8853932
