Key,BID,ASK,STRIKE,ITYPE,ADJTHEOR,IVBID,IVASK,IVAVERAGE
XCME.ZN.SEP25,112.2343750,112.2500000,INVALID,F,,,,
XCME.ZN1.01AUG25.113.P,.7343750,.7656250,113,P,.7578124,,,
XCME.ZN1.01AUG25.112:25.P,.0156250,.0468750,112.2500000,P,.0358652,117.0658385,636.5763589,400.3830669
XCME.ZN1.01AUG25.111.C,1.2343750,1.2656250,111,C,1.2421874,,,
XCME.ZN1.01AUG25.112.C,.2343750,.2656250,112,C,.2422298,,1518.3217920,1213.2127276
XCME.VY1.04AUG25.111:75.P,.0156250,.0312500,111.7500000,P,.0260592,595.4924532,726.3058703,665.5556394
XCME.VY1.04AUG25.111:75.C,.5000000,.5312500,111.7500000,C,.5182463,505.7313941,781.4537595,665.5586672
