Key,BID,ASK,STRIKE,ITYPE,ADJTHEOR,IVBID,IVASK,IVAVERAGE
XCME.ZN.SEP25,112.2343750,112.2500000,INVALID,F,,,,
XCME.ZN1.01AUG25.112:25.P,.0312500,.0468750,112.2500000,P,.0398155,372.4902763,592.2360108,482.9872475
XCME.ZN1.01AUG25.111.C,1.2343750,1.2656250,111,C,1.2421874,,,
XCME.ZN1.01AUG25.112.C,.2343750,.2656250,112,C,.2423634,,1412.5414142,1128.6807338
XCME.GY1.05AUG25.110.P,INVALID,.0069999,110,P,.0044573,,1207.2574728,1097.0285833
XCME.GY1.05AUG25.110:5.C,1.7343750,1.7656250,110.5000000,C,1.7483748,,1209.2236187,1060.5489152
XCME.GY1.05AUG25.111.C,1.2343750,1.2656250,111,C,1.2540926,,926.8906201,803.6099467
XCME.GY1.05AUG25.112:25.C,.2187500,.2500000,112.2500000,C,.2343543,629.8201134,718.2328759,674.0267756
