Key,BID,ASK,STRIKE,ITYPE,ADJTHEOR,IVBID,IVASK,IVAVERAGE
XCME.ZN.SEP25,112.3125000,112.3281250,INVALID,F,,,,
XCME.GY1.05AUG25.111.C,1.2968750,1.3593750,111,C,1.3085427,317.1242361,1237.8776999,1060.8153354
XCME.GY1.05AUG25.112:25.C,.2500000,.2812500,112.2500000,C,.2668856,642.4745696,731.6644452,687.0782562
XCME.GY1.05AUG25.111:25.C,1.0468750,1.1093750,111.2500000,C,1.0655131,.9900000,1065.8438265,904.4732855
XCME.GY1.05AUG25.111:75.C,.5937500,.6406250,111.7500000,C,.6096109,627.0051758,820.6144546,728.6004350
XCME.GY1.05AUG25.112:5.P,.3437500,.3906250,112.5000000,P,.3676447,648.5376295,789.0456682,719.1496136
XCME.GY1.05AUG25.113.P,.7343750,.7812500,113,P,.7700991,656.8888942,886.5415315,780.8942145
