Key,BID,ASK,STRIKE,ITYPE,ADJTHEOR,IVBID,IVASK,IVAVERAGE
XCME.ZN.SEP25,112.2656250,112.2812500,INVALID,F,,,,
XCME.GY1.05AUG25.110:75.P,INVALID,.0156250,110.7500000,P,.0069431,,1013.8513296,896.5672552
XCME.GY1.05AUG25.111:75.P,.0468750,.0625000,111.7500000,P,.0628766,612.9123718,681.4802182,647.9710712
XCME.GY1.05AUG25.112.P,.1093750,.1250000,112,P,.1251692,628.4590422,678.5927967,653.6359438
XCME.WY1.06AUG25.110.C,2.2500000,2.2968750,110,C,2.2756439,,1262.0397882,1134.7121747
XCME.WY1.06AUG25.113.P,.7968750,.8281250,113,P,.8093529,699.3156265,808.1646644,755.3259960
XCME.WY1.06AUG25.112:75.C,.1093750,.1406250,112.7500000,C,.1193277,669.1468720,757.4387145,713.8253075
XCME.WY1.06AUG25.112.C,.4062500,.4375000,112,C,.4248871,577.0454344,655.9235543,616.6929589
