Key,BID,ASK,STRIKE,ITYPE,ADJTHEOR,IVBID,IVASK,IVAVERAGE
XCME.ZN.SEP25,112.2656250,112.2812500,INVALID,F,,,,
XCME.GY1.05AUG25.110:5.P,INVALID,.0156250,110.5000000,P,.0057829,,1150.9963815,1022.1656747
XCME.GY1.05AUG25.110:75.P,INVALID,.0156250,110.7500000,P,.0073295,,1018.0377401,900.3374644
XCME.GY1.05AUG25.111:75.P,.0468750,.0625000,111.7500000,P,.0600654,618.8302903,687.7225989,654.0575440
XCME.GY1.05AUG25.112.P,.1093750,.1250000,112,P,.1206263,636.2717302,686.5938354,661.5459730
XCME.ZN1.01AUG25.112:75.C,INVALID,.0069999,112.7500000,C,0,,,
XCME.ZN1.01AUG25.110:25.C,1.9843750,2.0468750,110.2500000,C,2.0234375,,,
