Key,BID,ASK,STRIKE,ITYPE,ADJTHEOR,IVBID,IVASK,IVAVERAGE
XCME.ZN.SEP25,112.3125000,112.3281250,INVALID,F,,,,
XCME.VY1.04AUG25.110.C,2.2968750,2.3437500,110,C,2.3079759,,,
XCME.VY1.04AUG25.110:75.C,1.5468750,1.5937500,110.7500000,C,1.5587271,1297.9794099,1785.6441925,1644.6296937
XCME.VY1.04AUG25.110.P,INVALID,.0069999,110,P,.0032884,,1778.5940295,1618.2001880
XCME.VY1.04AUG25.111:25.C,1.0625000,1.0937500,111.2500000,C,1.0618633,941.9589043,1337.9988589,1221.1884306
XCME.VY1.04AUG25.113.P,.6875000,.7343750,113,P,.7244792,,995.5775152,779.4914755
XCME.VY1.04AUG25.113.C,.0312500,.0468750,113,C,.0291667,932.2853482,1054.0172891,995.5775152
XCME.VY1.04AUG25.112:25.P,.1250000,.1406250,112.2500000,P,.1392078,613.6400016,677.8698140,645.7707159
