Key,BID,ASK,STRIKE,ITYPE,ADJTHEOR,IVBID,IVASK,IVAVERAGE
XCME.ZN.SEP25,112.2968750,112.3125000,INVALID,F,,,,
XCME.WY1.06AUG25.112:75.C,.1250000,.1562500,112.7500000,C,.1346529,688.2966625,773.3188875,731.2082096
XCME.WY1.06AUG25.112.C,.4375000,.4687500,112,C,.4607936,601.5979365,681.1069420,641.5850378
XCME.WY1.06AUG25.111.P,.0069999,.0312500,111,P,.0187834,624.5678779,840.2566555,752.7879294
XCME.WY1.06AUG25.112:25.C,.2968750,.3281250,112.2500000,C,.3140387,627.1151479,699.6242870,663.3746177
XCME.WY1.06AUG25.112:5.C,.2031250,.2187500,112.5000000,C,.2068535,638.5670173,713.6490944,676.1861824
XCME.WY1.06AUG25.111:25.P,.0156250,.0312500,111.2500000,P,.0306548,609.8317157,715.4972370,667.1335419
