Key,BID,ASK,STRIKE,ITYPE,ADJTHEOR,IVBID,IVASK,IVAVERAGE
XCME.ZN.SEP25,112.2656250,112.2812500,INVALID,F,,,,
XCME.VY1.04AUG25.112.P,.0468750,.0625000,112,P,.0618118,583.7185773,664.9972881,625.0305218
XCME.VY1.04AUG25.111:5.C,.7656250,.7968750,111.5000000,C,.7840232,,925.2622359,787.6440225
XCME.VY1.04AUG25.112:25.C,.1718750,.2031250,112.2500000,C,.1759504,647.0734009,773.7288129,710.4092076
XCME.VY1.04AUG25.110:5.P,INVALID,.0069999,110.5000000,P,.0034158,,1415.4027515,1280.5812696
XCME.VY1.04AUG25.112:5.P,.2968750,.3125000,112.5000000,P,.3114199,641.4901802,714.6539610,678.3598547
XCME.VY1.04AUG25.111.C,1.2656250,1.2968750,111,C,1.2777065,,1352.4209156,1173.8928258
XCME.VY1.04AUG25.110:5.C,1.7656250,1.7968750,110.5000000,C,1.7768533,,1754.9188237,1540.1868508
