Key,BID,ASK,STRIKE,ITYPE,ADJTHEOR,IVBID,IVASK,IVAVERAGE
XCME.ZN.SEP25,112.2343750,112.2500000,INVALID,F,,,,
XCME.WY1.06AUG25.112:5.P,.4218750,.4531250,112.5000000,P,.4275977,637.0550677,713.5733921,675.4445147
XCME.WY1.06AUG25.111:5.C,.7812500,.8125000,111.5000000,C,.7972455,575.9332559,704.4190448,643.8858381
XCME.WY1.06AUG25.110:25.P,INVALID,.0156250,110.2500000,P,.0066196,,1017.1777924,905.8744419
XCME.WY1.06AUG25.111:75.P,.0781250,.1093750,111.7500000,P,.0934327,581.3838736,675.2635166,629.2514940
XCME.WY1.06AUG25.112:75.P,.6093750,.6406250,112.7500000,P,.6145628,668.3375592,757.4781829,713.4987672
XCME.WY1.06AUG25.110:5.C,1.7343750,1.7656250,110.5000000,C,1.7541856,,955.4737388,815.8640204
