Key,BID,ASK,STRIKE,ITYPE,ADJTHEOR,IVBID,IVASK,IVAVERAGE
XCME.ZN.SEP25,112.2656250,112.2812500,INVALID,F,,,,
XCME.GY1.05AUG25.110:5.P,INVALID,.0156250,110.5000000,P,.0060858,,1138.7637052,1011.2733079
XCME.GY1.05AUG25.110:75.P,INVALID,.0156250,110.7500000,P,.0078901,,1006.8856920,890.4236890
XCME.GY1.05AUG25.111:75.P,.0468750,.0625000,111.7500000,P,.0644009,610.2165695,678.3345472,645.0452051
XCME.GY1.05AUG25.112.P,.1093750,.1250000,112,P,.1246631,626.4727474,676.2548594,651.4745408
XCME.WY1.06AUG25.110.C,2.2656250,2.2968750,110,C,2.2866692,,1137.8723948,922.9642358
XCME.WY1.06AUG25.113.P,.7968750,.8281250,113,P,.7986028,728.7186191,832.3381408,781.7684574
