Key,BID,ASK,STRIKE,ITYPE,ADJTHEOR,IVBID,IVASK,IVAVERAGE
XCME.ZN.SEP25,112.2812500,112.2968750,INVALID,F,,,,
XCME.ZN1.01AUG25.111:5.C,.7656250,.7968750,111.5000000,C,.7890624,,,
XCME.ZN1.01AUG25.113.P,.7031250,.7343750,113,P,.7109374,,,
XCME.ZN1.01AUG25.112:25.P,.0069999,.0312500,112.2500000,P,.0115729,292.9062875,668.4071949,488.3179162
XCME.ZN1.01AUG25.111.C,1.2656250,1.2968750,111,C,1.2890625,,,
XCME.ZN1.01AUG25.112.C,.2656250,.2968750,112,C,.2890622,,1142.7939652,976.4522351
XCME.VY1.04AUG25.111:75.P,.0156250,.0312500,111.7500000,P,.0275356,627.0959179,761.1376359,698.9754137
XCME.VY1.04AUG25.111:75.C,.5468750,.5781250,111.7500000,C,.5587854,200.3786214,761.1353108,664.6375474
