Key,BID,ASK,STRIKE,ITYPE,ADJTHEOR,IVBID,IVASK,IVAVERAGE
XCME.ZN.SEP25,112.1875000,112.2031250,INVALID,F,,,,
XCME.VY1.04AUG25.113.P,.7968750,.8281250,113,P,.8154881,,936.3440856,796.6853755
XCME.VY1.04AUG25.113.C,.0069999,.0156250,113,C,.0108006,718.7756638,848.9110814,790.7581360
XCME.VY1.04AUG25.112:25.P,.1718750,.1875000,112.2500000,P,.1798744,571.4746945,634.6362611,603.0730089
XCME.VY1.04AUG25.112.C,.2500000,.2812500,112,C,.2676351,517.9731144,662.0467345,591.2589198
XCME.VY1.04AUG25.112:75.C,.0156250,.0312500,112.7500000,C,.0214986,642.4940664,778.7464242,715.6447648
XCME.VY1.04AUG25.110:25.C,1.9375000,1.9687500,110.2500000,C,1.9487448,,1866.4894529,1643.3997337
