Key,BID,ASK,STRIKE,ITYPE,ADJTHEOR,IVBID,IVASK,IVAVERAGE
XCME.ZN.SEP25,112.2500000,112.2656250,INVALID,F,,,,
XCME.VY1.04AUG25.110:75.P,INVALID,.0069999,110.7500000,P,.0029916,,1231.9101522,1110.8847139
XCME.VY1.04AUG25.112.P,.0468750,.0625000,112,P,.0605605,571.5098057,651.6866440,612.2437042
XCME.VY1.04AUG25.111:5.C,.7656250,.7968750,111.5000000,C,.7732448,252.8505836,986.6612504,828.7867937
XCME.VY1.04AUG25.112:25.C,.1562500,.1875000,112.2500000,C,.1725143,596.5899971,722.3907573,659.4947629
XCME.VY1.04AUG25.110:5.P,INVALID,.0069999,110.5000000,P,.0033243,,1400.9994209,1267.2829016
XCME.VY1.04AUG25.112:5.P,.2968750,.3281250,112.5000000,P,.3197036,610.6150939,757.0263658,685.0133413
