Key,BID,ASK,STRIKE,ITYPE,ADJTHEOR,IVBID,IVASK,IVAVERAGE
XCME.ZN.SEP25,112.2031250,112.2187500,INVALID,F,,,,
XCME.WY1.06AUG25.110:75.C,1.4531250,1.4843750,110.7500000,C,1.4692796,,880.8029735,782.3627839
XCME.WY1.06AUG25.111:5.P,.0468750,.0625000,111.5000000,P,.0546241,602.6411506,663.5853904,633.8820416
XCME.WY1.06AUG25.111.C,1.2187500,1.2343750,111,C,1.2257102,,761.7251358,672.5808099
XCME.GY1.05AUG25.110.P,INVALID,.0069999,110,P,.0036374,,1189.4821026,1080.5221615
XCME.GY1.05AUG25.110:5.C,1.7031250,1.7343750,110.5000000,C,1.7159939,,973.4936142,878.0812881
XCME.GY1.05AUG25.111.C,1.2031250,1.2343750,111,C,1.2213815,,906.3026627,785.1677661
XCME.GY1.05AUG25.112:25.C,.2031250,.2187500,112.2500000,C,.2134687,582.3851870,670.7608725,626.5807311
