Key,BID,ASK,STRIKE,ITYPE,ADJTHEOR,IVBID,IVASK,IVAVERAGE
XCME.ZN.SEP25,112.1875000,112.2031250,INVALID,F,,,,
XCME.GY1.05AUG25.110:75.P,.0069999,.0156250,110.7500000,P,.0060474,829.7279052,956.6407669,900.5177774
XCME.GY1.05AUG25.111:75.P,.0468750,.0625000,111.7500000,P,.0628612,545.9946101,610.2564112,578.8034166
XCME.GY1.05AUG25.112.P,.1093750,.1406250,112,P,.1289259,541.7663447,636.2684792,589.2921091
XCME.ZN1.01AUG25.112:75.C,INVALID,.0069999,112.7500000,C,.0000126,,1621.6830322,1422.5881043
XCME.ZN1.01AUG25.110:25.C,1.9375000,1.9687500,110.2500000,C,1.9531250,,,
XCME.ZN1.01AUG25.110:25.P,INVALID,.0069999,110.2500000,P,0,,,
XCME.ZN1.01AUG25.110:75.P,INVALID,.0069999,110.7500000,P,0,,,
