Key,BID,ASK,STRIKE,ITYPE,ADJTHEOR,IVBID,IVASK,IVAVERAGE
XCME.ZN.SEP25,112.2343750,112.2500000,INVALID,F,,,,
XCME.VY1.04AUG25.111:5.C,.7343750,.7812500,111.5000000,C,.7622098,,1017.1365028,823.1729951
XCME.VY1.04AUG25.112:25.C,.1718750,.1875000,112.2500000,C,.1779797,711.1434375,775.1466114,743.1451073
XCME.VY1.04AUG25.110:5.P,INVALID,.0069999,110.5000000,P,.0038584,,1413.2745188,1278.0711854
XCME.VY1.04AUG25.112:5.P,.3281250,.3593750,112.5000000,P,.3460481,706.8819279,854.3724385,781.6074675
XCME.VY1.04AUG25.111.C,1.2343750,1.2656250,111,C,1.2524260,,1287.1639526,1074.9263826
XCME.VY1.04AUG25.110:5.C,1.7343750,1.7656250,110.5000000,C,1.7503584,,1684.2541791,1425.9058926
