Key,BID,ASK,STRIKE,ITYPE,ADJTHEOR,IVBID,IVASK,IVAVERAGE
XCME.ZN.SEP25,112.2187500,112.2343750,INVALID,F,,,,
XCME.GY1.05AUG25.112:25.P,.2500000,.2812500,112.2500000,P,.2650876,679.5552510,768.8070435,724.1830308
XCME.GY1.05AUG25.113.C,.0468750,.0781250,113,C,.0606693,790.7462835,940.7055828,869.0683008
XCME.GY1.05AUG25.111.P,.0069999,.0312500,111,P,.0137544,732.0551622,990.5075359,885.5853129
XCME.GY1.05AUG25.112.C,.3593750,.3906250,112,C,.3785739,652.0508719,747.5358840,700.0153126
XCME.GY1.05AUG25.111:25.P,.0156250,.0312500,111.2500000,P,.0234389,707.3184786,833.8650526,775.9418481
XCME.GY1.05AUG25.110:25.P,INVALID,.0156250,110.2500000,P,.0052995,,1249.1647272,1112.4380418
