Key,BID,ASK,STRIKE,ITYPE,ADJTHEOR,IVBID,IVASK,IVAVERAGE
XCME.ZN.SEP25,112.2968750,112.3125000,INVALID,F,,,,
XCME.GY1.05AUG25.112:75.P,.5468750,.5781250,112.7500000,P,.5450593,769.9033812,876.5252589,823.8509983
XCME.GY1.05AUG25.110:75.C,1.5468750,1.5781250,110.7500000,C,1.5662427,,1065.7089120,899.0020043
XCME.GY1.05AUG25.112:25.P,.2031250,.2343750,112.2500000,P,.2137167,656.6618471,745.7366631,701.2121438
XCME.GY1.05AUG25.113.C,.0625000,.0781250,113,C,.0667686,806.1117419,874.5434970,840.9361829
XCME.GY1.05AUG25.111.P,.0069999,.0156250,111,P,.0102143,769.8086164,890.1813618,836.8964762
XCME.GY1.05AUG25.112.C,.3906250,.4375000,112,C,.4246560,564.0242051,718.8099377,642.8267421
