Key,BID,ASK,STRIKE,ITYPE,ADJTHEOR,IVBID,IVASK,IVAVERAGE
XCME.ZN.SEP25,112.2812500,112.2968750,INVALID,F,,,,
XCME.WY1.06AUG25.110:5.P,.0069999,.0156250,110.5000000,P,.0081908,815.9164713,934.3599487,882.1879710
XCME.WY1.06AUG25.110:25.C,2.0312500,2.0625000,110.2500000,C,2.0498488,,1078.7991605,918.9055833
XCME.WY1.06AUG25.112:5.P,.3906250,.4218750,112.5000000,P,.4040059,635.4212673,710.5776416,673.0840195
XCME.WY1.06AUG25.111:5.C,.8281250,.8593750,111.5000000,C,.8428232,597.2533071,730.1105190,667.6925629
XCME.WY1.06AUG25.110:25.P,INVALID,.0156250,110.2500000,P,.0064738,,1039.5359020,926.4552586
XCME.WY1.06AUG25.111:75.P,.0781250,.0937500,111.7500000,P,.0889639,614.7627724,663.8368582,639.5862465
XCME.WY1.06AUG25.112:75.P,.5781250,.6093750,112.7500000,P,.5820964,682.5851355,768.0454599,725.7384506
