Key,BID,ASK,STRIKE,ITYPE,ADJTHEOR,IVBID,IVASK,IVAVERAGE
XCME.ZN.SEP25,112.2343750,112.2500000,INVALID,F,,,,
XCME.VY1.04AUG25.112:75.P,.5312500,.5781250,112.7500000,P,.5551752,718.1197731,1021.3989486,881.6175192
XCME.VY1.04AUG25.111:25.P,INVALID,.0156250,111.2500000,P,.0091765,,1032.3684258,900.0886493
XCME.VY1.04AUG25.111:5.P,.0069999,.0312500,111.5000000,P,.0159693,701.0224061,986.9981341,868.6310730
XCME.VY1.04AUG25.112:5.C,.0781250,.1093750,112.5000000,C,.0927413,723.8301256,870.4593866,798.0564892
XCME.VY1.04AUG25.110:25.P,INVALID,.0069999,110.2500000,P,.0035711,,1583.5059702,1435.7417083
XCME.VY1.04AUG25.111.P,.0069999,.0156250,111,P,.0060616,1064.7383662,1234.3668217,1159.1651823
XCME.VY1.04AUG25.110:75.P,INVALID,.0069999,110.7500000,P,.0046129,,1240.9007918,1118.5731745
