Key,BID,ASK,STRIKE,ITYPE,ADJTHEOR,IVBID,IVASK,IVAVERAGE
XCME.ZN.SEP25,112.2656250,112.2812500,INVALID,F,,,,
XCME.ZN1.01AUG25.112:5.C,INVALID,.0069999,112.5000000,C,0,,1396.8815067,1188.9725204
XCME.ZN1.01AUG25.111:5.C,INVALID,INVALID,111.5000000,C,.7578125,,,
XCME.ZN1.01AUG25.113.P,INVALID,INVALID,113,P,.7421874,,,
XCME.ZN1.01AUG25.112:25.P,INVALID,.0069999,112.2500000,P,.0129305,,331.3461390,237.1241952
XCME.ZN1.01AUG25.111.C,.0156250,INVALID,111,C,1.2578125,,,
XCME.ZN1.01AUG25.112.C,INVALID,INVALID,112,C,.2578124,,,1840.0832581
