Key,BID,ASK,STRIKE,ITYPE,ADJTHEOR,IVBID,IVASK,IVAVERAGE
XCME.ZN.SEP25,112.2187500,112.2343750,INVALID,F,,,,
XCME.WY1.06AUG25.110:5.P,.0069999,.0156250,110.5000000,P,.0098377,796.8405476,913.8395974,862.3520762
XCME.WY1.06AUG25.110:25.C,1.9687500,2,110.2500000,C,1.9954718,,975.6493572,639.2685478
XCME.WY1.06AUG25.112:5.P,.4375000,.4687500,112.5000000,P,.4487892,667.0830263,743.9822085,705.6568569
XCME.WY1.06AUG25.111:5.C,.7656250,.8125000,111.5000000,C,.7971595,536.3462029,732.1957384,643.0506880
XCME.WY1.06AUG25.110:25.P,INVALID,.0156250,110.2500000,P,.0075968,,1019.8114188,908.3640804
XCME.WY1.06AUG25.111:75.P,.0937500,.1250000,111.7500000,P,.1051770,627.4362111,718.2821333,673.5538112
