Key,BID,ASK,STRIKE,ITYPE,ADJTHEOR,IVBID,IVASK,IVAVERAGE
XCME.ZN.SEP25,112.2031250,112.2187500,INVALID,F,,,,
XCME.ZN1.01AUG25.111:5.C,.7031250,.7343750,111.5000000,C,.7152495,,,
XCME.ZN1.01AUG25.113.P,.7656250,.7968750,113,P,.7847495,,,
XCME.ZN1.01AUG25.112:25.P,.0468750,.0781250,112.2500000,P,.0603539,317.8788713,724.2883470,525.6541522
XCME.ZN1.01AUG25.111.C,1.2031250,1.2343750,111,C,1.2152499,,,
XCME.ZN1.01AUG25.112.C,.2031250,.2343750,112,C,.2162782,,1074.8959607,804.0771994
XCME.GY1.05AUG25.110.P,INVALID,.0069999,110,P,.0037505,,1186.3636078,1077.7107836
XCME.GY1.05AUG25.110:5.C,1.7031250,1.7343750,110.5000000,C,1.7164698,,1177.0154410,1026.3798973
