Key,BID,ASK,STRIKE,ITYPE,ADJTHEOR,IVBID,IVASK,IVAVERAGE
XCME.ZN.SEP25,112.1875000,112.2031250,INVALID,F,,,,
XCME.VY1.04AUG25.112.C,.2656250,.2812500,112,C,.2658370,615.9082533,753.6145958,685.4292239
XCME.VY1.04AUG25.112:75.C,.0156250,.0468750,112.7500000,C,.0287657,649.2951332,896.9519451,786.3661536
XCME.VY1.04AUG25.110:25.C,1.9375000,1.9687500,110.2500000,C,1.9378156,599.5485346,1975.7374151,1795.8840313
XCME.GY1.05AUG25.110.P,INVALID,.0069999,110,P,.0001009,,1178.8958348,1070.7975729
XCME.GY1.05AUG25.110:5.C,1.6875000,1.7187500,110.5000000,C,1.6888797,403.2999455,1250.8488816,1133.1983132
XCME.GY1.05AUG25.111.C,1.1875000,1.2187500,111,C,1.1985140,321.5161631,955.5348092,857.4135248
XCME.GY1.05AUG25.112:25.C,.1875000,.2187500,112.2500000,C,.1932751,613.0706580,657.4209423,635.2505498
