Key,BID,ASK,STRIKE,ITYPE,ADJTHEOR,IVBID,IVASK,IVAVERAGE
XCME.ZN.SEP25,112.2656250,112.2812500,INVALID,F,,,,
XCME.VY1.04AUG25.112:25.P,.1406250,.1718750,112.2500000,P,.1510935,641.7487698,770.8534428,706.3168690
XCME.VY1.04AUG25.112.C,.3125000,.3437500,112,C,.3431047,513.0198833,687.1529410,603.8875582
XCME.VY1.04AUG25.112:75.C,.0312500,.0625000,112.7500000,C,.0523549,715.3021453,917.2967517,821.8805625
XCME.VY1.04AUG25.110:25.C,2,2.0468750,110.2500000,C,2.0346253,,1843.5966590,1488.0507625
XCME.WY1.06AUG25.110.C,2.2500000,2.2968750,110,C,2.2902048,,1097.9521708,727.3945632
XCME.WY1.06AUG25.113.P,.7968750,.8281250,113,P,.8021485,742.9792787,845.9756882,795.6424859
