Key,BID,ASK,STRIKE,ITYPE,ADJTHEOR,IVBID,IVASK,IVAVERAGE
XCME.ZN.SEP25,112.2500000,112.2656250,INVALID,F,,,,
XCME.WY1.06AUG25.112:5.P,.4062500,.4531250,112.5000000,P,.4267044,615.7410410,731.1700445,673.7418619
XCME.WY1.06AUG25.111:5.C,.7812500,.8125000,111.5000000,C,.8001652,545.4579332,684.6632692,620.1400838
XCME.WY1.06AUG25.110:25.P,INVALID,.0156250,110.2500000,P,.0064923,,1028.6029029,916.1031822
XCME.WY1.06AUG25.111:75.P,.0625000,.0937500,111.7500000,P,.0881758,540.2484798,639.7513822,591.3189953
XCME.WY1.06AUG25.112:75.P,.5937500,.6406250,112.7500000,P,.6140232,644.9172348,779.4090151,713.4940852
XCME.WY1.06AUG25.110:5.C,1.7500000,1.7812500,110.5000000,C,1.7613664,,1034.5052627,926.9048199
