Key,BID,ASK,STRIKE,ITYPE,ADJTHEOR,IVBID,IVASK,IVAVERAGE
XCME.ZN.SEP25,112.2656250,112.2812500,INVALID,F,,,,
XCME.GY1.05AUG25.112:75.C,.0937500,.1093750,112.7500000,C,.0937064,773.0172495,829.7412035,801.6288344
XCME.GY1.05AUG25.112:5.C,.1406250,.1718750,112.5000000,C,.1526815,690.7325890,786.0556221,738.6076460
XCME.GY1.05AUG25.110:5.P,INVALID,.0156250,110.5000000,P,.0065465,,1131.7711564,1004.6647908
XCME.GY1.05AUG25.110:75.P,INVALID,.0156250,110.7500000,P,.0086319,,999.2792747,883.2503292
XCME.GY1.05AUG25.111:75.P,.0468750,.0781250,111.7500000,P,.0715967,597.4198753,727.6400774,664.9655900
XCME.GY1.05AUG25.112.P,.1093750,.1406250,112,P,.1355522,609.4884342,707.6446267,658.9284405
