Key,BID,ASK,STRIKE,ITYPE,ADJTHEOR,IVBID,IVASK,IVAVERAGE
XCME.ZN.SEP25,112.2031250,112.2187500,INVALID,F,,,,
XCME.VY1.04AUG25.111:5.C,.6875000,.7187500,111.5000000,C,.7056953,,845.8632892,716.9367962
XCME.VY1.04AUG25.112:25.C,.1250000,.1406250,112.2500000,C,.1289334,603.0730355,666.1699309,634.6362192
XCME.VY1.04AUG25.110:5.P,INVALID,.0069999,110.5000000,P,.0031053,,1346.3401489,1217.4731145
XCME.VY1.04AUG25.112:5.P,.3281250,.3593750,112.5000000,P,.3572994,472.8054879,655.5151950,569.7159577
XCME.VY1.04AUG25.111.C,1.1875000,1.2187500,111,C,1.1986514,,1272.4017849,1101.9631841
XCME.VY1.04AUG25.110:5.C,1.6875000,1.7187500,110.5000000,C,1.6984178,,1673.3246997,1466.4404331
