Key,BID,ASK,STRIKE,ITYPE,ADJTHEOR,IVBID,IVASK,IVAVERAGE
XCME.ZN.SEP25,112.2500000,112.2656250,INVALID,F,,,,
XCME.WY1.06AUG25.110.C,2.2343750,2.2812500,110,C,2.2591980,,1259.6037288,1135.9037714
XCME.WY1.06AUG25.113.P,.8125000,.8437500,113,P,.8245400,704.1934102,813.9989882,760.7379265
XCME.WY1.06AUG25.112:75.C,.1093750,.1406250,112.7500000,C,.1161995,679.4270332,768.1551493,724.3401356
XCME.WY1.06AUG25.112.C,.3906250,.4218750,112,C,.4130236,564.2297069,642.3867666,603.4995885
XCME.WY1.06AUG25.111.P,.0069999,.0312500,111,P,.0157291,605.7500692,818.3478679,732.1551843
XCME.WY1.06AUG25.112:25.C,.2656250,.2968750,112.2500000,C,.2751153,611.9719323,684.4482584,648.2101298
XCME.WY1.06AUG25.112:5.C,.1718750,.2031250,112.5000000,C,.1784186,644.5322930,721.1740199,682.9733164
