Key,BID,ASK,STRIKE,ITYPE,ADJTHEOR,IVBID,IVASK,IVAVERAGE
XCME.ZN.SEP25,112.2031250,112.2187500,INVALID,F,,,,
XCME.GY1.05AUG25.112:5.C,.0937500,.1093750,112.5000000,C,.1037856,593.5327151,644.5626405,619.2054983
XCME.GY1.05AUG25.110:5.P,INVALID,.0069999,110.5000000,P,.0057677,,948.2223329,857.0872974
XCME.GY1.05AUG25.110:75.P,INVALID,.0156250,110.7500000,P,.0062899,,956.4894686,844.4571386
XCME.GY1.05AUG25.111:75.P,.0468750,.0625000,111.7500000,P,.0597162,545.9386631,610.2151634,578.7556101
XCME.GY1.05AUG25.112.P,.1093750,.1250000,112,P,.1269499,541.9251133,589.4377451,565.7597979
XCME.ZN1.01AUG25.112:75.C,INVALID,.0069999,112.7500000,C,.0000103,,1620.0324093,1420.9184584
XCME.ZN1.01AUG25.110:25.C,1.9531250,1.9843750,110.2500000,C,1.9531250,1580.5523199,,
