Key,BID,ASK,STRIKE,ITYPE,ADJTHEOR,IVBID,IVASK,IVAVERAGE
XCME.ZN.SEP25,112.2187500,112.2343750,INVALID,F,,,,
XCME.VY1.04AUG25.113.P,.7812500,.8125000,113,P,.7977812,712.2938277,1164.5665181,982.8715973
XCME.VY1.04AUG25.113.C,.0156250,.0312500,113,C,.0243437,824.5158838,982.8715973,909.9913488
XCME.VY1.04AUG25.112:25.P,.1875000,.2031250,112.2500000,P,.1593047,702.1334831,764.7160188,733.4265085
XCME.VY1.04AUG25.112.C,.2656250,.2812500,112,C,.2855381,479.2244594,558.9565030,519.8401941
XCME.VY1.04AUG25.112:75.C,.0312500,.0468750,112.7500000,C,.0352677,747.3302864,855.1274834,803.1894270
XCME.VY1.04AUG25.110:25.C,1.9375000,1.9687500,110.2500000,C,1.9799231,,,
