Key,BID,ASK,STRIKE,ITYPE,ADJTHEOR,IVBID,IVASK,IVAVERAGE
XCME.ZN.SEP25,112.2343750,112.2500000,INVALID,F,,,,
XCME.GY1.05AUG25.112:75.C,.0781250,.1093750,112.7500000,C,.0871068,722.6353986,838.5817181,781.7739625
XCME.GY1.05AUG25.112:5.C,.1250000,.1562500,112.5000000,C,.1416723,654.6929060,751.0363344,703.1480057
XCME.GY1.05AUG25.110:5.P,INVALID,.0156250,110.5000000,P,.0061873,,1116.9666480,991.2734863
XCME.GY1.05AUG25.110:75.P,INVALID,.0156250,110.7500000,P,.0081391,,985.0545744,870.3654417
XCME.GY1.05AUG25.111:75.P,.0468750,.0781250,111.7500000,P,.0686999,582.1402164,710.4229331,648.6394729
XCME.GY1.05AUG25.112.P,.1093750,.1406250,112,P,.1329397,590.0780984,686.9807439,638.8675581
