Key,BID,ASK,STRIKE,ITYPE,ADJTHEOR,IVBID,IVASK,IVAVERAGE
XCME.ZN.SEP25,112.2656250,112.2812500,INVALID,F,,,,
XCME.VY1.04AUG25.110:75.P,INVALID,.0069999,110.7500000,P,.0043051,,1255.4523546,1132.5437244
XCME.VY1.04AUG25.112.P,.0468750,.0781250,112,P,.0729040,592.3453691,752.0997972,674.3859532
XCME.VY1.04AUG25.111:5.C,.7656250,.8125000,111.5000000,C,.7917621,,1039.0805139,842.4891022
XCME.VY1.04AUG25.112:25.C,.1718750,.2031250,112.2500000,C,.1941295,641.5777845,769.0474682,705.3245243
XCME.VY1.04AUG25.110:5.P,INVALID,.0069999,110.5000000,P,.0038411,,1426.3992810,1290.6196754
XCME.VY1.04AUG25.112:5.P,.3125000,.3437500,112.5000000,P,.3232693,732.5817229,873.4083855,803.6200742
