Key,BID,ASK,STRIKE,ITYPE,ADJTHEOR,IVBID,IVASK,IVAVERAGE
XCME.ZN.SEP25,112.2500000,112.2656250,INVALID,F,,,,
XCME.WY1.06AUG25.110:75.C,1.5000000,1.5312500,110.7500000,C,1.5143674,,917.2776769,818.2839219
XCME.WY1.06AUG25.111:5.P,.0312500,.0468750,111.5000000,P,.0474079,563.4826136,698.2179312,635.2652786
XCME.WY1.06AUG25.111.C,1.2500000,1.2968750,111,C,1.2695588,,890.9515562,769.8559233
XCME.GY1.05AUG25.110.P,INVALID,.0069999,110,P,.0044050,,1228.8073257,1116.9572604
XCME.GY1.05AUG25.110:5.C,1.7343750,1.7812500,110.5000000,C,1.7632676,,1232.2777375,1081.1052056
XCME.GY1.05AUG25.111.C,1.2500000,1.2968750,111,C,1.2674877,,1070.4896757,910.1264640
XCME.GY1.05AUG25.112:25.C,.2343750,.2500000,112.2500000,C,.2424461,659.6087994,704.3362350,681.9725864
