Key,BID,ASK,STRIKE,ITYPE,ADJTHEOR,IVBID,IVASK,IVAVERAGE
XCME.ZN.SEP25,112.2968750,112.3125000,INVALID,F,,,,
XCME.GY1.05AUG25.112:5.C,.1562500,.1875000,112.5000000,C,.1673316,733.6712335,780.0871267,756.9099677
XCME.GY1.05AUG25.110:5.P,INVALID,.0156250,110.5000000,P,.0061815,,1156.9030426,1027.9394034
XCME.GY1.05AUG25.110:75.P,INVALID,.0156250,110.7500000,P,.0079884,,1025.0435340,907.2579120
XCME.GY1.05AUG25.111:75.P,.0468750,.0625000,111.7500000,P,.0605947,632.8433345,702.2567409,668.3552562
XCME.GY1.05AUG25.112.P,.0937500,.1250000,112,P,.1172197,602.8428346,705.2893205,654.6320737
XCME.ZN1.01AUG25.112:75.C,INVALID,.0069999,112.7500000,C,.0000007,,1841.4043064,1607.6884327
XCME.ZN1.01AUG25.110:25.C,2.0312500,2.0781250,110.2500000,C,2.0546875,,,
