Key,BID,ASK,STRIKE,ITYPE,ADJTHEOR,IVBID,IVASK,IVAVERAGE
XCME.ZN.SEP25,112.2656250,112.2812500,INVALID,F,,,,
XCME.WY1.06AUG25.112:75.C,.1250000,.1562500,112.7500000,C,.1292898,705.7177553,791.5158280,749.0350585
XCME.WY1.06AUG25.112.C,.4218750,.4687500,112,C,.4462463,602.5532442,719.5363684,661.4345329
XCME.WY1.06AUG25.111.P,.0069999,.0312500,111,P,.0205770,614.3979670,828.4229601,741.6647853
XCME.WY1.06AUG25.112:25.C,.2968750,.3125000,112.2500000,C,.3031398,655.4921528,691.6820267,673.5874215
XCME.WY1.06AUG25.112:5.C,.1875000,.2187500,112.5000000,C,.1990313,660.2623318,735.8195532,698.1302364
XCME.WY1.06AUG25.111:25.P,.0156250,.0468750,111.2500000,P,.0332463,598.4273850,784.7620503,703.1704039
