Key,BID,ASK,STRIKE,ITYPE,ADJTHEOR,IVBID,IVASK,IVAVERAGE
XCME.ZN.SEP25,112.2656250,112.2812500,INVALID,F,,,,
XCME.VY1.04AUG25.111:75.P,.0156250,.0312500,111.7500000,P,.0226041,629.8362459,764.4140301,702.0282205
XCME.VY1.04AUG25.111:75.C,.5312500,.5625000,111.7500000,C,.5573543,,737.3552153,592.0856775
XCME.VY1.04AUG25.112:75.P,.5000000,.5312500,112.7500000,P,.5106642,719.5545060,911.4961193,820.2774560
XCME.VY1.04AUG25.111:25.P,INVALID,.0156250,111.2500000,P,.0054689,,1046.3181239,914.3389842
XCME.VY1.04AUG25.111:5.P,INVALID,.0156250,111.5000000,P,.0097729,,843.3956409,730.0253236
XCME.VY1.04AUG25.112:5.C,.0781250,.1093750,112.5000000,C,.0893736,658.6641652,799.4383696,729.8209530
XCME.VY1.04AUG25.110:25.P,INVALID,.0069999,110.2500000,P,.0034919,,1580.6879795,1434.2409651
