Key,BID,ASK,STRIKE,ITYPE,ADJTHEOR,IVBID,IVASK,IVAVERAGE
XCME.ZN.SEP25,112.2500000,112.2656250,INVALID,F,,,,
XCME.GY1.05AUG25.112:75.P,.5781250,.6093750,112.7500000,P,.5778313,783.5641559,894.9250118,840.0431769
XCME.GY1.05AUG25.110:75.C,1.4843750,1.5312500,110.7500000,C,1.5267518,,967.4450284,619.4518959
XCME.GY1.05AUG25.112:25.P,.2187500,.2500000,112.2500000,P,.2261614,655.1373038,744.9027068,700.0214181
XCME.GY1.05AUG25.113.C,.0468750,.0781250,113,C,.0657231,766.5096297,914.2105728,843.5777311
XCME.GY1.05AUG25.111.P,INVALID,.0156250,111,P,.0092070,,877.8970477,771.9629862
XCME.GY1.05AUG25.112.C,.3593750,.3906250,112,C,.3864632,563.6315691,665.4155205,615.0560530
