Key,BID,ASK,STRIKE,ITYPE,ADJTHEOR,IVBID,IVASK,IVAVERAGE
XCME.ZN.SEP25,112.2343750,112.2500000,INVALID,F,,,,
XCME.WY1.06AUG25.112:5.P,.4218750,.4687500,112.5000000,P,.4351600,642.0965541,757.1325726,699.8815612
XCME.WY1.06AUG25.111:5.C,.7812500,.8281250,111.5000000,C,.8058574,575.9103035,762.4646428,676.1443823
XCME.WY1.06AUG25.110:25.P,.0069999,.0156250,110.2500000,P,.0083171,896.6048134,1023.4414357,967.7548732
XCME.WY1.06AUG25.111:75.P,.0937500,.1093750,111.7500000,P,.1017492,633.5261810,679.8260692,656.8748698
XCME.WY1.06AUG25.112:75.P,.6093750,.6562500,112.7500000,P,.6223797,674.0755725,806.8243236,741.6369464
XCME.WY1.06AUG25.110:5.C,1.7343750,1.7812500,110.5000000,C,1.7574472,,1081.5755275,913.0554576
