Key,BID,ASK,STRIKE,ITYPE,ADJTHEOR,IVBID,IVASK,IVAVERAGE
XCME.ZN.SEP25,112.2656250,112.2812500,INVALID,F,,,,
XCME.GY1.05AUG25.112:5.C,.1406250,.1718750,112.5000000,C,.1557183,668.3408511,762.7301777,715.7301242
XCME.GY1.05AUG25.110:5.P,INVALID,.0156250,110.5000000,P,.0060858,,1138.7637052,1011.2733079
XCME.GY1.05AUG25.110:75.P,INVALID,.0156250,110.7500000,P,.0078901,,1006.8856920,890.4236890
XCME.GY1.05AUG25.111:75.P,.0468750,.0625000,111.7500000,P,.0644009,610.2165695,678.3345472,645.0452051
XCME.GY1.05AUG25.112.P,.1093750,.1250000,112,P,.1246631,626.4727474,676.2548594,651.4745408
XCME.ZN1.01AUG25.112:75.C,INVALID,.0069999,112.7500000,C,.0000044,,1771.4649039,1549.3998194
XCME.ZN1.01AUG25.110:25.C,2,2.0468750,110.2500000,C,2.0234374,,,
