Key,BID,ASK,STRIKE,ITYPE,ADJTHEOR,IVBID,IVASK,IVAVERAGE
XCME.ZN.SEP25,112.2500000,112.2656250,INVALID,F,,,,
XCME.GY1.05AUG25.111:5.C,.7812500,.8125000,111.5000000,C,.7954665,616.5652590,803.2691462,718.9420090
XCME.GY1.05AUG25.110.C,2.2500000,2.2812500,110,C,2.2657717,,1449.8063975,1249.0533257
XCME.GY1.05AUG25.111:5.P,.0156250,.0468750,111.5000000,P,.0341547,582.0435824,781.1554377,693.1325858
XCME.GY1.05AUG25.110:25.C,2,2.0312500,110.2500000,C,2.0163268,,1318.1488891,1131.1300033
XCME.GY1.05AUG25.112:75.C,.0781250,.1093750,112.7500000,C,.0925510,709.0615976,824.2712350,767.7957495
XCME.GY1.05AUG25.112:5.C,.1406250,.1718750,112.5000000,C,.1512299,685.0620893,779.9924756,732.7368548
XCME.GY1.05AUG25.110:5.P,INVALID,.0156250,110.5000000,P,.0059721,,1130.3961344,1003.4900992
