Key,BID,ASK,STRIKE,ITYPE,ADJTHEOR,IVBID,IVASK,IVAVERAGE
XCME.ZN.SEP25,112.2656250,112.2812500,INVALID,F,,,,
XCME.VY1.04AUG25.112:25.P,.1406250,.1718750,112.2500000,P,.1525157,608.6274113,735.2483411,671.9448022
XCME.VY1.04AUG25.112.C,.3125000,.3437500,112,C,.3477162,556.0527071,716.4674574,638.6618449
XCME.VY1.04AUG25.112:75.C,.0312500,.0625000,112.7500000,C,.0515968,714.0832888,914.0415895,819.6387094
XCME.VY1.04AUG25.110:25.C,2,2.0312500,110.2500000,C,2.0390045,,1705.4777346,1593.7365503
XCME.WY1.06AUG25.110.C,2.2500000,2.2812500,110,C,2.2833590,,1131.5171492,1077.7746249
XCME.WY1.06AUG25.113.P,.7968750,.8281250,113,P,.8060846,681.7356454,792.0039633,738.6126884
