Key,BID,ASK,STRIKE,ITYPE,ADJTHEOR,IVBID,IVASK,IVAVERAGE
XCME.ZN.SEP25,112.2656250,112.2812500,INVALID,F,,,,
XCME.WY1.06AUG25.111.P,.0069999,.0312500,111,P,.0081027,602.0423452,813.4415056,727.7206219
XCME.WY1.06AUG25.112:25.C,.2812500,.3125000,112.2500000,C,.2820077,649.7526529,721.9475622,685.8501138
XCME.WY1.06AUG25.112:5.C,.1875000,.2031250,112.5000000,C,.1829206,683.4833422,721.5754003,702.5569883
XCME.WY1.06AUG25.111:25.P,.0156250,.0312500,111.2500000,P,.0211288,584.4432318,687.7768778,640.4676848
XCME.WY1.06AUG25.111:75.C,.5937500,.6250000,111.7500000,C,.5935848,633.5351194,724.5118804,679.7283089
XCME.WY1.06AUG25.113.C,.0781250,.0937500,113,C,.0764616,747.7053511,801.4773939,774.9632190
