Key,BID,ASK,STRIKE,ITYPE,ADJTHEOR,IVBID,IVASK,IVAVERAGE
XCME.ZN.SEP25,112.2343750,112.2500000,INVALID,F,,,,
XCME.WY1.06AUG25.110:5.P,.0069999,.0156250,110.5000000,P,.0087641,793.9421434,910.3442289,859.0863372
XCME.WY1.06AUG25.110:25.C,1.9843750,2.0156250,110.2500000,C,1.9989669,,1222.4987729,1058.6233984
XCME.WY1.06AUG25.112:5.P,.4218750,.4531250,112.5000000,P,.4291940,631.4806959,708.2043577,669.9806309
XCME.WY1.06AUG25.111:5.C,.7812500,.8125000,111.5000000,C,.7951203,590.1020008,770.1221573,686.1525409
XCME.WY1.06AUG25.110:25.P,INVALID,.0156250,110.2500000,P,.0067794,,1015.7679316,904.4963212
XCME.WY1.06AUG25.111:75.P,.0781250,.1093750,111.7500000,P,.0951165,579.0092708,672.7310199,626.7915012
