Key,BID,ASK,STRIKE,ITYPE,ADJTHEOR,IVBID,IVASK,IVAVERAGE
XCME.ZN.SEP25,112.2812500,112.2968750,INVALID,F,,,,
XCME.VY1.04AUG25.111.P,INVALID,.0069999,111,P,.0040521,,1076.9338811,968.2681267
XCME.VY1.04AUG25.110:75.P,INVALID,.0069999,110.7500000,P,.0035290,,1249.0379183,1127.0466261
XCME.VY1.04AUG25.112.P,.0468750,.0625000,112,P,.0590482,597.5087873,679.4811349,639.1915338
XCME.VY1.04AUG25.111:5.C,.7812500,.8125000,111.5000000,C,.7991725,,931.7783343,793.5233323
XCME.VY1.04AUG25.112:25.C,.1718750,.2031250,112.2500000,C,.1846005,609.6098339,735.8707864,672.7662711
XCME.VY1.04AUG25.110:5.P,INVALID,.0069999,110.5000000,P,.0034169,,1417.8297962,1283.3058505
XCME.VY1.04AUG25.112:5.P,.2812500,.3125000,112.5000000,P,.2995279,616.2989406,758.4409813,688.2753135
