Key,BID,ASK,STRIKE,ITYPE,ADJTHEOR,IVBID,IVASK,IVAVERAGE
XCME.ZN.SEP25,112.2500000,112.2656250,INVALID,F,,,,
XCME.VY1.04AUG25.110.C,2.2343750,2.2656250,110,C,2.2579060,,1856.5683634,1739.0298417
XCME.VY1.04AUG25.110:75.C,1.4843750,1.5156250,110.7500000,C,1.5077480,,1327.9416310,1235.3831971
XCME.VY1.04AUG25.110.P,INVALID,.0069999,110,P,.0035935,,1724.7079584,1567.6024335
XCME.VY1.04AUG25.111:25.C,.9843750,1.0156250,111.2500000,C,1.0098043,,955.4864148,882.4347041
XCME.VY1.04AUG25.113.P,.7500000,.7812500,113,P,.7706774,857.1914736,1120.0166329,1001.2351680
XCME.VY1.04AUG25.113.C,.0156250,.0312500,113,C,.0249899,808.6806540,964.8738173,892.9276134
XCME.VY1.04AUG25.112:25.P,.1562500,.1718750,112.2500000,P,.1619847,637.1761647,700.0351079,668.6057656
