Key,BID,ASK,STRIKE,ITYPE,ADJTHEOR,IVBID,IVASK,IVAVERAGE
XCME.ZN.SEP25,112.2656250,112.2812500,INVALID,F,,,,
XCME.GY1.05AUG25.110:5.P,INVALID,.0156250,110.5000000,P,.0061651,,1128.5829976,1001.8541402
XCME.GY1.05AUG25.110:75.P,INVALID,.0156250,110.7500000,P,.0080168,,996.4521779,880.7608750
XCME.GY1.05AUG25.111:75.P,.0468750,.0625000,111.7500000,P,.0661733,595.7300472,663.0843261,630.1605838
XCME.GY1.05AUG25.112.P,.1093750,.1406250,112,P,.1286007,607.7643135,705.6427898,657.0645049
XCME.WY1.06AUG25.110.C,2.2656250,2.2968750,110,C,2.2500794,1124.9294057,1402.8284650,1283.9127232
XCME.WY1.06AUG25.113.P,.7968750,.8281250,113,P,.8264616,627.8000026,747.7053511,690.3879236
