Key,BID,ASK,STRIKE,ITYPE,ADJTHEOR,IVBID,IVASK,IVAVERAGE
XCME.ZN.SEP25,112.2500000,112.2656250,INVALID,F,,,,
XCME.VY1.04AUG25.110:75.P,INVALID,.0069999,110.7500000,P,.0042806,,1251.9189922,1128.8876520
XCME.VY1.04AUG25.112.P,.0468750,.0781250,112,P,.0685883,577.6096045,736.2928671,659.0177941
XCME.VY1.04AUG25.111:5.C,.7500000,.7812500,111.5000000,C,.7750873,,881.8325038,719.9559507
XCME.VY1.04AUG25.112:25.C,.1718750,.1875000,112.2500000,C,.1768160,678.8771463,742.9033916,710.8908877
XCME.VY1.04AUG25.110:5.P,INVALID,.0069999,110.5000000,P,.0037377,,1424.1960119,1288.1908964
XCME.VY1.04AUG25.112:5.P,.3125000,.3437500,112.5000000,P,.3291940,685.5854271,831.6655448,759.5527323
