Key,BID,ASK,STRIKE,ITYPE,ADJTHEOR,IVBID,IVASK,IVAVERAGE
XCME.ZN.SEP25,112.2656250,112.2812500,INVALID,F,,,,
XCME.VY1.04AUG25.110:75.P,INVALID,.0069999,110.7500000,P,.0044530,,1267.7700235,1143.5649756
XCME.VY1.04AUG25.112.P,.0468750,.0781250,112,P,.0632370,594.2729910,755.4415613,677.0192600
XCME.VY1.04AUG25.111:5.C,.7656250,.7968750,111.5000000,C,.7864844,,942.0050819,801.8653136
XCME.VY1.04AUG25.112:25.C,.1562500,.1875000,112.2500000,C,.1770541,594.2693378,723.2529269,658.7720529
XCME.VY1.04AUG25.110:5.P,INVALID,.0069999,110.5000000,P,.0037741,,1440.9014126,1303.6640855
XCME.VY1.04AUG25.112:5.P,.3125000,.3437500,112.5000000,P,.3150623,727.5753502,871.2077416,800.0932796
