Key,BID,ASK,STRIKE,ITYPE,ADJTHEOR,IVBID,IVASK,IVAVERAGE
XCME.ZN.SEP25,112.1875000,112.2031250,INVALID,F,,,,
XCME.WY1.06AUG25.110:5.P,.0069999,.0156250,110.5000000,P,.0089780,775.9333362,890.3318875,839.9288821
XCME.WY1.06AUG25.110:25.C,1.9375000,1.9687500,110.2500000,C,1.9556752,,1042.2407769,893.5400172
XCME.WY1.06AUG25.112:5.P,.4531250,.4687500,112.5000000,P,.4524670,637.1301031,676.4280177,656.8315011
XCME.WY1.06AUG25.111:5.C,.7343750,.7656250,111.5000000,C,.7554524,548.5790852,673.8360397,614.7478238
XCME.WY1.06AUG25.110:25.P,INVALID,.0156250,110.2500000,P,.0068627,,995.7597274,886.6051471
XCME.WY1.06AUG25.111:75.P,.0937500,.1093750,111.7500000,P,.1016248,594.9640530,639.8992141,617.6111608
