Key,BID,ASK,STRIKE,ITYPE,ADJTHEOR,IVBID,IVASK,IVAVERAGE
XCME.ZN.SEP25,112.2500000,112.2656250,INVALID,F,,,,
XCME.GY1.05AUG25.111:25.P,.0069999,.0312500,111.2500000,P,.0190344,623.6772066,856.9866184,761.6457762
XCME.GY1.05AUG25.110:25.P,INVALID,.0156250,110.2500000,P,.0050627,,1265.7351489,1127.4714725
XCME.GY1.05AUG25.111:5.C,.7656250,.8125000,111.5000000,C,.8001349,172.1349232,786.4048178,646.5349675
XCME.GY1.05AUG25.110.C,INVALID,INVALID,110,C,2.2700744,,1393.4156692,1129.7569219
XCME.GY1.05AUG25.111:5.P,.0156250,.0468750,111.5000000,P,.0345093,586.2325859,786.3988698,697.9334942
XCME.GY1.05AUG25.110:25.C,INVALID,INVALID,110.2500000,C,2.0206877,,1265.7351489,1020.5469344
XCME.GY1.05AUG25.112:75.C,.0937500,.1093750,112.7500000,C,.1112649,766.2224415,822.7469538,794.7236520
