Key,BID,ASK,STRIKE,ITYPE,ADJTHEOR,IVBID,IVASK,IVAVERAGE
XCME.ZN.SEP25,112.1875000,112.2031250,INVALID,F,,,,
XCME.GY1.05AUG25.112:75.P,.5937500,.6250000,112.7500000,P,.6091112,603.9338336,739.4512764,674.6146884
XCME.GY1.05AUG25.110:75.C,1.4375000,1.4687500,110.7500000,C,1.4549496,,1007.4964140,854.4002410
XCME.GY1.05AUG25.112:25.P,.2343750,.2500000,112.2500000,P,.2424976,586.1502313,630.4275882,608.2925267
XCME.GY1.05AUG25.113.C,.0156250,.0468750,113,C,.0336749,596.6507222,800.3308420,710.5161659
XCME.GY1.05AUG25.111.P,.0069999,.0156250,111,P,.0090192,710.4039514,824.3687166,773.8293950
XCME.GY1.05AUG25.112.C,.3125000,.3437500,112,C,.3274312,556.5913634,651.0778291,604.0907222
