Key,BID,ASK,STRIKE,ITYPE,ADJTHEOR,IVBID,IVASK,IVAVERAGE
XCME.ZN.SEP25,112.2343750,112.2500000,INVALID,F,,,,
XCME.GY1.05AUG25.112:75.P,.5625000,.5937500,112.7500000,P,.6014186,568.0383572,704.6034841,639.4820592
XCME.GY1.05AUG25.110:75.C,1.4687500,1.5000000,110.7500000,C,1.4848944,,1301.0111098,1097.3919749
XCME.GY1.05AUG25.112:25.P,.2187500,.2500000,112.2500000,P,.2466755,585.0822471,673.5657523,629.3267833
XCME.GY1.05AUG25.113.C,.0468750,.0625000,113,C,.0486377,783.7868550,861.4049317,823.6177593
XCME.GY1.05AUG25.111.P,.0069999,.0156250,111,P,.0120739,725.5669976,841.6223072,790.1905459
XCME.GY1.05AUG25.112.C,.3593750,.3906250,112,C,.3626817,646.3038148,740.9471326,693.8456067
