Key,BID,ASK,STRIKE,ITYPE,ADJTHEOR,IVBID,IVASK,IVAVERAGE
XCME.ZN.SEP25,112.2968750,112.3125000,INVALID,F,,,,
XCME.WY1.06AUG25.112:75.C,.1250000,.1406250,112.7500000,C,.1372636,673.5551780,716.0577690,694.9138826
XCME.WY1.06AUG25.112.C,.4375000,.4687500,112,C,.4648641,571.4720856,652.2322711,612.1554716
XCME.WY1.06AUG25.111.P,.0069999,.0312500,111,P,.0133554,628.2885299,844.6662368,757.0092743
XCME.WY1.06AUG25.112:25.C,.2968750,.3125000,112.2500000,C,.3188908,605.3620007,641.5591156,623.4630622
XCME.WY1.06AUG25.112:5.C,.1875000,.2031250,112.5000000,C,.2111504,621.5086591,658.8197655,640.1833584
XCME.WY1.06AUG25.111:25.P,.0156250,.0312500,111.2500000,P,.0226564,614.5709207,720.6483316,672.1228211
XCME.WY1.06AUG25.111:75.C,.5937500,.6406250,111.7500000,C,.6469923,440.0064809,617.1407280,535.7870842
