Key,BID,ASK,STRIKE,ITYPE,ADJTHEOR,IVBID,IVASK,IVAVERAGE
XCME.ZN.SEP25,112.3125000,112.3281250,INVALID,F,,,,
XCME.VY1.04AUG25.110:75.P,INVALID,.0069999,110.7500000,P,.0042587,,1270.9927195,1147.5328986
XCME.VY1.04AUG25.112.P,.0468750,.0625000,112,P,.0609432,624.0497730,707.9757960,666.7532826
XCME.VY1.04AUG25.111:5.C,.8125000,.8593750,111.5000000,C,.8206804,650.1738506,1183.3863359,1024.1767921
XCME.VY1.04AUG25.112:25.C,.1875000,.2187500,112.2500000,C,.2037238,632.2193640,759.9230441,696.1291185
XCME.VY1.04AUG25.110:5.P,INVALID,.0069999,110.5000000,P,.0040910,,1440.3608245,1304.4983306
XCME.VY1.04AUG25.112:5.P,.2656250,.3125000,112.5000000,P,.2936429,612.3498576,820.9263906,718.0779390
