Key,BID,ASK,STRIKE,ITYPE,ADJTHEOR,IVBID,IVASK,IVAVERAGE
XCME.ZN.SEP25,112.2031250,112.2187500,INVALID,F,,,,
XCME.VY1.04AUG25.111.P,INVALID,.0069999,111,P,.0031245,,1009.3545701,905.7357586
XCME.VY1.04AUG25.110:75.P,INVALID,.0069999,110.7500000,P,.0029009,,1180.8891059,1064.0675225
XCME.VY1.04AUG25.112.P,.0625000,.0781250,112,P,.0689894,572.7842719,645.0868316,609.2641458
XCME.VY1.04AUG25.111:5.C,.7031250,.7343750,111.5000000,C,.7198852,,855.2880861,725.7016644
XCME.VY1.04AUG25.112:25.C,.1250000,.1406250,112.2500000,C,.1336425,571.3569676,633.8178441,602.5960184
XCME.VY1.04AUG25.110:5.P,INVALID,.0069999,110.5000000,P,.0031027,,1348.5274289,1219.2023300
XCME.VY1.04AUG25.112:5.P,.3281250,.3593750,112.5000000,P,.3445078,548.7781869,711.3520369,632.8704149
