Key,BID,ASK,STRIKE,ITYPE,ADJTHEOR,IVBID,IVASK,IVAVERAGE
XCME.ZN.SEP25,112.2500000,112.2656250,INVALID,F,,,,
XCME.VY1.04AUG25.111:5.C,.7500000,.7812500,111.5000000,C,.7686865,,,
XCME.VY1.04AUG25.112:25.C,.1562500,.1875000,112.2500000,C,.1720603,616.4271066,742.9255788,679.6775798
XCME.VY1.04AUG25.110:5.P,INVALID,.0069999,110.5000000,P,.0034115,,1404.3725663,1270.1671775
XCME.VY1.04AUG25.112:5.P,.3125000,.3437500,112.5000000,P,.3274052,662.5926673,808.4072063,736.5268368
XCME.VY1.04AUG25.111.C,1.2500000,1.2812500,111,C,1.2619993,,,
XCME.VY1.04AUG25.110:5.C,1.7343750,1.7656250,110.5000000,C,1.7612240,,,
