Key,BID,ASK,STRIKE,ITYPE,ADJTHEOR,IVBID,IVASK,IVAVERAGE
XCME.ZN.SEP25,112.2343750,112.2500000,INVALID,F,,,,
XCME.GY1.05AUG25.110:75.C,1.4687500,1.5156250,110.7500000,C,1.5092302,,998.0665666,793.1993720
XCME.GY1.05AUG25.112:25.P,.2500000,.2656250,112.2500000,P,.2504012,713.5263191,758.1217189,735.8240191
XCME.GY1.05AUG25.113.C,.0468750,.0781250,113,C,.0790411,774.7534800,923.0073186,852.1377674
XCME.GY1.05AUG25.111.P,.0069999,.0312500,111,P,.0136137,743.5785968,1004.8664550,898.8595756
XCME.GY1.05AUG25.112.C,.3593750,.4062500,112,C,.3880225,603.2800530,701.3980437,652.6916424
XCME.GY1.05AUG25.111:25.P,.0156250,.0312500,111.2500000,P,.0219886,721.3303243,849.2322787,790.7092243
XCME.GY1.05AUG25.110:25.P,INVALID,.0156250,110.2500000,P,.0054204,,1261.3250283,1123.4801964
