Key,BID,ASK,STRIKE,ITYPE,ADJTHEOR,IVBID,IVASK,IVAVERAGE
XCME.ZN.SEP25,112.2500000,112.2656250,INVALID,F,,,,
XCME.WY1.06AUG25.110:75.C,1.5000000,1.5468750,110.7500000,C,1.5267409,,966.3253046,810.6198931
XCME.WY1.06AUG25.111:5.P,.0468750,.0625000,111.5000000,P,.0578235,637.6754273,700.6209319,669.9727381
XCME.WY1.06AUG25.111.C,1.2656250,1.2968750,111,C,1.2839521,545.9491787,842.5873344,734.6136908
XCME.VY1.04AUG25.111:75.P,.0156250,.0312500,111.7500000,P,.0304860,613.7102626,747.1355642,685.2254863
XCME.VY1.04AUG25.111:75.C,.5156250,.5625000,111.7500000,C,.5391109,509.9641830,899.9152932,741.0087621
XCME.VY1.04AUG25.112:75.P,.5156250,.5625000,112.7500000,P,.5432325,674.2814228,981.3030294,841.0459768
XCME.VY1.04AUG25.111:25.P,INVALID,.0156250,111.2500000,P,.0080517,,1036.7907244,904.7608060
