Key,BID,ASK,STRIKE,ITYPE,ADJTHEOR,IVBID,IVASK,IVAVERAGE
XCME.ZN.SEP25,112.2968750,112.3125000,INVALID,F,,,,
XCME.WY1.06AUG25.110:75.C,1.5468750,1.5781250,110.7500000,C,1.5574943,277.4522807,956.0387654,864.2579909
XCME.WY1.06AUG25.111:5.P,.0312500,.0625000,111.5000000,P,.0474899,579.7164969,716.6674679,652.7681609
XCME.WY1.06AUG25.111.C,1.2968750,1.3437500,111,C,1.3127896,261.8245806,835.3235242,751.6074121
XCME.VY1.04AUG25.111:75.P,.0156250,.0312500,111.7500000,P,.0220847,640.8750417,776.5704111,713.6833034
XCME.VY1.04AUG25.111:75.C,.5468750,.5937500,111.7500000,C,.5689597,251.5274222,886.4040141,746.0481281
XCME.VY1.04AUG25.112:75.P,.4843750,.5312500,112.7500000,P,.4986535,683.2317865,964.0474855,833.0662926
XCME.VY1.04AUG25.111:25.P,INVALID,.0156250,111.2500000,P,.0055995,,1057.0456752,924.8229949
