Key,BID,ASK,STRIKE,ITYPE,ADJTHEOR,IVBID,IVASK,IVAVERAGE
XCME.ZN.SEP25,112.2968750,112.3125000,INVALID,F,,,,
XCME.WY1.06AUG25.112:75.C,.1250000,.1562500,112.7500000,C,.1346553,688.2966625,773.3188875,731.2082096
XCME.WY1.06AUG25.112.C,.4375000,.4843750,112,C,.4546071,601.5979365,720.2477349,661.3981497
XCME.WY1.06AUG25.111.P,.0069999,.0312500,111,P,.0168726,624.5678779,840.2566555,752.7879294
XCME.WY1.06AUG25.112:25.C,.2968750,.3281250,112.2500000,C,.3090304,627.1151479,699.6242870,663.3746177
XCME.WY1.06AUG25.112:5.C,.2031250,.2187500,112.5000000,C,.2042798,676.1861824,750.9810093,713.6490944
XCME.WY1.06AUG25.111:25.P,.0156250,.0312500,111.2500000,P,.0275496,609.8317157,715.4972370,667.1335419
