Key,BID,ASK,STRIKE,ITYPE,ADJTHEOR,IVBID,IVASK,IVAVERAGE
XCME.ZN.SEP25,112.2031250,112.2187500,INVALID,F,,,,
XCME.GY1.05AUG25.110:75.P,INVALID,.0156250,110.7500000,P,.0056342,,956.4894686,844.4571386
XCME.GY1.05AUG25.111:75.P,.0468750,.0625000,111.7500000,P,.0581273,545.9386631,610.2151634,578.7556101
XCME.GY1.05AUG25.112.P,.1093750,.1250000,112,P,.1253967,541.9251133,589.4377451,565.7597979
XCME.ZN1.01AUG25.112:75.C,INVALID,.0069999,112.7500000,C,.0000100,,1620.0324093,1420.9184584
XCME.ZN1.01AUG25.110:25.C,1.9531250,1.9687500,110.2500000,C,1.9531250,,,
XCME.ZN1.01AUG25.110:25.P,INVALID,.0069999,110.2500000,P,0,,,
XCME.ZN1.01AUG25.110:75.P,INVALID,.0069999,110.7500000,P,0,,,
