Key,BID,ASK,STRIKE,ITYPE,ADJTHEOR,IVBID,IVASK,IVAVERAGE
XCME.ZN.SEP25,112.2500000,112.2656250,INVALID,F,,,,
XCME.WY1.06AUG25.112:75.C,.1250000,.1406250,112.7500000,C,.1232808,683.1460419,771.9422147,728.0987621
XCME.WY1.06AUG25.112.C,.4062500,.4531250,112,C,.4240973,613.5733263,728.4997319,671.3202214
XCME.WY1.06AUG25.111.P,.0156250,.0312500,111,P,.0213766,697.5667749,813.2520890,760.5133650
XCME.WY1.06AUG25.112:25.C,.2812500,.3125000,112.2500000,C,.2869564,655.0134303,727.3452301,691.1793841
XCME.WY1.06AUG25.112:5.C,.1875000,.2031250,112.5000000,C,.1885670,687.9189761,726.1217066,707.0485742
XCME.WY1.06AUG25.111:25.P,.0156250,.0468750,111.2500000,P,.0340133,583.9065450,767.8711992,687.2971496
XCME.WY1.06AUG25.111:75.C,.5937500,.6250000,111.7500000,C,.5993651,642.7512412,733.1469125,688.6108807
