Key,BID,ASK,STRIKE,ITYPE,ADJTHEOR,IVBID,IVASK,IVAVERAGE
XCME.ZN.SEP25,112.2031250,112.2187500,INVALID,F,,,,
XCME.ZN1.01AUG25.112:25.P,.0625000,.0781250,112.2500000,P,.0783801,345.7628145,590.9229650,474.2634789
XCME.ZN1.01AUG25.111.C,1.1875000,1.2187500,111,C,1.1953120,,,
XCME.ZN1.01AUG25.112.C,.1875000,.2187500,112,C,.1982281,,1150.2284837,902.8870275
XCME.VY1.04AUG25.111:75.P,.0156250,.0312500,111.7500000,P,.0252437,547.3435684,671.0804861,613.4421843
XCME.VY1.04AUG25.111:75.C,.4531250,.5000000,111.7500000,C,.4705582,463.3017566,819.2012182,671.0876399
XCME.VY1.04AUG25.112:75.P,.5781250,.5937500,112.7500000,P,.5881621,715.6456752,835.7940575,778.7376418
XCME.VY1.04AUG25.111:25.P,INVALID,.0156250,111.2500000,P,.0062073,,964.5670579,838.6759049
