Key,BID,ASK,STRIKE,ITYPE,ADJTHEOR,IVBID,IVASK,IVAVERAGE
XCME.ZN.SEP25,112.2812500,112.2968750,INVALID,F,,,,
XCME.WY1.06AUG25.111.P,.0069999,.0312500,111,P,.0151168,621.7796113,836.9068256,749.7566228
XCME.WY1.06AUG25.112:25.C,.2812500,.3125000,112.2500000,C,.3064459,624.6986464,660.8182404,642.7597575
XCME.WY1.06AUG25.112:5.C,.1875000,.2031250,112.5000000,C,.2001828,636.1109020,673.5841233,654.8687892
XCME.WY1.06AUG25.111:25.P,.0156250,.0312500,111.2500000,P,.0251836,607.1950013,712.6053980,664.3842303
XCME.WY1.06AUG25.111:75.C,.6093750,.6406250,111.7500000,C,.6346529,554.1333255,656.5369966,606.8536492
XCME.WY1.06AUG25.113.C,.0781250,.0937500,113,C,.0836434,715.8342737,768.3243428,742.4307015
