Key,BID,ASK,STRIKE,ITYPE,ADJTHEOR,IVBID,IVASK,IVAVERAGE
XCME.ZN.SEP25,112.2187500,112.2343750,INVALID,F,,,,
XCME.GY1.05AUG25.111:5.C,.7187500,.7500000,111.5000000,C,.7694372,,594.2901682,489.0532475
XCME.GY1.05AUG25.110.C,2.2187500,2.2500000,110,C,2.2346382,,1425.1937298,1227.3944310
XCME.GY1.05AUG25.111:5.P,.0312500,.0468750,111.5000000,P,.0393747,668.9432358,754.9604837,713.6926415
XCME.GY1.05AUG25.110:25.C,1.9687500,2,110.2500000,C,1.9854859,,1294.0004050,1109.8169453
XCME.GY1.05AUG25.112:75.C,.0781250,.0937500,112.7500000,C,.0878728,730.6296619,789.9558162,760.6300600
XCME.GY1.05AUG25.112:5.C,.1250000,.1406250,112.5000000,C,.1408123,665.1873928,713.7652253,689.5590743
