Key,BID,ASK,STRIKE,ITYPE,ADJTHEOR,IVBID,IVASK,IVAVERAGE
XCME.ZN.SEP25,112.2500000,112.2656250,INVALID,F,,,,
XCME.VY1.04AUG25.113.P,.7656250,.7968750,113,P,.7937858,,1039.9687027,841.1166878
XCME.VY1.04AUG25.113.C,.0156250,.0468750,113,C,.0316608,846.2328965,1138.1365864,1009.0667956
XCME.VY1.04AUG25.112:25.P,.1406250,.1875000,112.2500000,P,.1708542,557.6156962,752.0902013,654.8607340
XCME.VY1.04AUG25.112.C,.2968750,.3437500,112,C,.3094127,616.9489436,842.3805497,732.2438229
XCME.VY1.04AUG25.112:75.C,.0312500,.0625000,112.7500000,C,.0461103,763.1844075,972.8400810,874.0294784
XCME.VY1.04AUG25.110:25.C,1.9843750,2.0312500,110.2500000,C,1.9917403,,,1975.8898026
