Key,BID,ASK,STRIKE,ITYPE,ADJTHEOR,IVBID,IVASK,IVAVERAGE
XCME.ZN.SEP25,112.2656250,112.2812500,INVALID,F,,,,
XCME.VY1.04AUG25.111:75.P,.0156250,.0312500,111.7500000,P,.0272262,631.7207324,767.9425173,704.7656754
XCME.VY1.04AUG25.111:75.C,.5156250,.5468750,111.7500000,C,.5471635,,733.9766960,627.5359857
XCME.VY1.04AUG25.112:75.P,.5156250,.5625000,112.7500000,P,.5275619,758.2438402,1043.7377821,909.7349856
XCME.VY1.04AUG25.111:25.P,INVALID,.0156250,111.2500000,P,.0081134,,1059.5693091,925.4561689
XCME.VY1.04AUG25.111:5.P,.0069999,.0312500,111.5000000,P,.0134004,721.1792979,1013.4917683,892.6174968
XCME.VY1.04AUG25.112:5.C,.0781250,.1093750,112.5000000,C,.0871155,695.5356527,841.0204320,769.1142441
XCME.VY1.04AUG25.110:25.P,INVALID,.0069999,110.2500000,P,.0034008,,1608.8484174,1459.7667513
