Key,BID,ASK,STRIKE,ITYPE,ADJTHEOR,IVBID,IVASK,IVAVERAGE
XCME.ZN.SEP25,112.2343750,112.2500000,INVALID,F,,,,
XCME.GY1.05AUG25.112:75.P,.5625000,.6250000,112.7500000,P,.5838822,690.2307719,920.4426483,809.4149799
XCME.GY1.05AUG25.110:75.C,1.4843750,1.5312500,110.7500000,C,1.5153918,,1094.6669427,801.4568601
XCME.GY1.05AUG25.112:25.P,.2187500,.2500000,112.2500000,P,.2352347,639.2013242,728.9303136,684.0660727
XCME.GY1.05AUG25.113.C,.0468750,.0781250,113,C,.0592918,773.7670803,922.3642103,851.3184204
XCME.GY1.05AUG25.111.P,INVALID,.0156250,111,P,.0090416,,871.4361213,766.0354459
XCME.GY1.05AUG25.112.C,.3437500,.4062500,112,C,.3822829,538.0867219,738.2423365,639.8773085
