Key,BID,ASK,STRIKE,ITYPE,ADJTHEOR,IVBID,IVASK,IVAVERAGE
XCME.ZN.SEP25,112.2656250,112.2812500,INVALID,F,,,,
XCME.WY1.06AUG25.111:75.C,.5937500,.6250000,111.7500000,C,.5935848,633.5351194,724.5118804,679.7283089
XCME.WY1.06AUG25.113.C,.0781250,.0937500,113,C,.0764616,747.7053511,801.4773939,774.9632190
XCME.WY1.06AUG25.110.P,INVALID,.0156250,110,P,.0000794,,1124.9294057,1004.9780526
XCME.WY1.06AUG25.110:75.P,.0069999,.0156250,110.7500000,P,.0026027,701.3402580,807.9162680,760.8467355
XCME.WY1.06AUG25.112:25.P,.2656250,.2812500,112.2500000,P,.2820077,613.6551754,649.7526529,631.7039166
XCME.WY1.06AUG25.111:25.C,1.0312500,1.0625000,111.2500000,C,1.0211288,687.7768778,838.1400953,768.3464182
