Key,BID,ASK,STRIKE,ITYPE,ADJTHEOR,IVBID,IVASK,IVAVERAGE
XCME.ZN.SEP25,112.2656250,112.2812500,INVALID,F,,,,
XCME.GY1.05AUG25.111.C,1.2656250,1.3125000,111,C,1.2941120,,1021.0543086,829.3988393
XCME.GY1.05AUG25.112:25.C,.2500000,.2656250,112.2500000,C,.2588712,665.9641058,710.4838526,688.2249361
XCME.GY1.05AUG25.111:25.C,1.0156250,1.0625000,111.2500000,C,1.0514755,,867.1839528,696.0034146
XCME.GY1.05AUG25.111:75.C,.5625000,.6093750,111.7500000,C,.5956091,538.2671590,747.1436721,650.2160431
XCME.GY1.05AUG25.112:5.P,.3593750,.3906250,112.5000000,P,.3832153,665.5803316,760.0866712,713.0242172
XCME.GY1.05AUG25.113.P,.7656250,.8125000,113,P,.7954778,752.1482203,962.8886637,863.3960874
XCME.GY1.05AUG25.112:75.P,.5468750,.5937500,112.7500000,P,.5779741,694.7965688,863.6034510,781.3514385
