Key,BID,ASK,STRIKE,ITYPE,ADJTHEOR,IVBID,IVASK,IVAVERAGE
XCME.ZN.SEP25,112.2500000,112.2656250,INVALID,F,,,,
XCME.ZN1.01AUG25.111:25.P,INVALID,.0069999,111.2500000,P,0,,,
XCME.ZN1.01AUG25.112:5.P,.2187500,.2656250,112.5000000,P,.2421874,,,
XCME.ZN1.01AUG25.110.C,2.2343750,2.2812500,110,C,2.2578125,,,
XCME.ZN1.01AUG25.112.P,INVALID,.0069999,112,P,0,,1872.2138263,1602.7365877
XCME.ZN1.01AUG25.112:25.C,INVALID,.0156250,112.2500000,C,.0166037,,221.4115686,
XCME.ZN1.01AUG25.111:25.C,.9843750,1.0312500,111.2500000,C,1.0078125,,,
XCME.ZN1.01AUG25.111:75.C,.4843750,.5312500,111.7500000,C,.5078124,,,
