Key,BID,ASK,STRIKE,ITYPE,ADJTHEOR,IVBID,IVASK,IVAVERAGE
XCME.ZN.SEP25,112.2968750,112.3125000,INVALID,F,,,,
XCME.GY1.05AUG25.112:75.C,.0937500,.1250000,112.7500000,C,.1025495,735.9019189,845.4168945,791.4492756
XCME.GY1.05AUG25.112:5.C,.1562500,.1875000,112.5000000,C,.1652839,690.8965300,784.1067066,737.6406287
XCME.GY1.05AUG25.110:5.P,INVALID,.0156250,110.5000000,P,.0062990,,1155.0776868,1026.2335375
XCME.GY1.05AUG25.110:75.P,INVALID,.0156250,110.7500000,P,.0082390,,1023.2043170,905.5450389
XCME.GY1.05AUG25.111:75.P,.0468750,.0625000,111.7500000,P,.0624112,630.2298478,699.5031383,665.6612766
XCME.GY1.05AUG25.112.P,.1093750,.1250000,112,P,.1194239,651.2024326,701.7767047,676.6110309
