Key,BID,ASK,STRIKE,ITYPE,ADJTHEOR,IVBID,IVASK,IVAVERAGE
XCME.ZN.SEP25,112.2500000,112.2656250,INVALID,F,,,,
XCME.GY1.05AUG25.112:75.C,.0781250,.1093750,112.7500000,C,.0969563,711.5065964,827.5483239,770.6503111
XCME.GY1.05AUG25.112:5.C,.1250000,.1718750,112.5000000,C,.1523198,636.1553933,780.5386950,708.8637526
XCME.GY1.05AUG25.110:5.P,INVALID,.0156250,110.5000000,P,.0072652,,1147.9333141,1019.1736160
XCME.GY1.05AUG25.110:75.P,INVALID,.0156250,110.7500000,P,.0076268,,1014.3972914,896.7778667
XCME.GY1.05AUG25.111:75.P,.0468750,.0625000,111.7500000,P,.0554448,611.4393557,680.0558965,646.5239345
XCME.GY1.05AUG25.112.P,.1093750,.1250000,112,P,.1173380,626.4181111,725.9736046,676.5772068
