Key,BID,ASK,STRIKE,ITYPE,ADJTHEOR,IVBID,IVASK,IVAVERAGE
XCME.ZN.SEP25,112.2343750,112.2500000,INVALID,F,,,,
XCME.VY1.04AUG25.112.C,.2968750,.3281250,112,C,.3209825,606.3816602,757.3545345,683.2553955
XCME.VY1.04AUG25.112:75.C,.0468750,.0625000,112.7500000,C,.0513102,862.4724771,960.0155852,912.3405436
XCME.VY1.04AUG25.110:25.C,1.9687500,2.0156250,110.2500000,C,1.9922233,,,1792.7603132
XCME.WY1.06AUG25.110.C,2.2343750,2.2656250,110,C,2.2441286,,1252.5666365,1129.3245605
XCME.WY1.06AUG25.113.P,.8281250,.8593750,113,P,.8428248,713.1509819,823.7425875,770.1166982
XCME.WY1.06AUG25.112:75.C,.1093750,.1406250,112.7500000,C,.1208301,690.6069594,779.9053608,735.8217048
XCME.WY1.06AUG25.112.C,.4062500,.4375000,112,C,.4193981,628.3810201,704.9099331,666.7652301
