Key,BID,ASK,STRIKE,ITYPE,ADJTHEOR,IVBID,IVASK,IVAVERAGE
XCME.ZN.SEP25,112.2500000,112.2656250,INVALID,F,,,,
XCME.ZN1.01AUG25.112:75.P,.4687500,.5156250,112.7500000,P,.4921874,,,
XCME.ZN1.01AUG25.111:5.P,INVALID,.0069999,111.5000000,P,0,,,
XCME.ZN1.01AUG25.111:25.P,INVALID,.0069999,111.2500000,P,0,,,
XCME.ZN1.01AUG25.112:5.P,.2187500,.2656250,112.5000000,P,.2421064,,1853.6612163,1482.9964358
XCME.ZN1.01AUG25.110.C,2.2343750,2.2812500,110,C,,,,
XCME.ZN1.01AUG25.112.P,INVALID,.0069999,112,P,0,,1352.7647752,1157.7575710
XCME.ZN1.01AUG25.112:25.C,.0156250,.0312500,112.2500000,C,.0283346,159.9317751,490.0280305,340.7749920
