Key,BID,ASK,STRIKE,ITYPE,ADJTHEOR,IVBID,IVASK,IVAVERAGE
XCME.ZN.SEP25,112.2500000,112.2656250,INVALID,F,,,,
XCME.GY1.05AUG25.113.P,.7812500,.8281250,113,P,.8057929,712.4207504,941.7440081,835.4679304
XCME.GY1.05AUG25.112:75.P,.5625000,.6093750,112.7500000,P,.5870296,676.2118110,853.2477567,767.5510683
XCME.GY1.05AUG25.110:75.C,1.5000000,1.5312500,110.7500000,C,1.5126140,,1122.8888220,998.2344765
XCME.GY1.05AUG25.112:25.P,.2187500,.2500000,112.2500000,P,.2378955,632.2791322,721.7287163,677.0040287
XCME.GY1.05AUG25.113.C,.0468750,.0781250,113,C,.0601054,774.7545081,923.0151066,852.1333189
XCME.GY1.05AUG25.111.P,.0069999,.0312500,111,P,.0120866,748.1012279,1010.4561986,904.0542910
XCME.GY1.05AUG25.112.C,.3593750,.3906250,112,C,.3850964,595.6863675,694.6775673,645.5677840
