Key,BID,ASK,STRIKE,ITYPE,ADJTHEOR,IVBID,IVASK,IVAVERAGE
XCME.ZN.SEP25,112.2187500,112.2343750,INVALID,F,,,,
XCME.GY1.05AUG25.112:75.P,.5937500,.6406250,112.7500000,P,.6158385,710.8696026,888.0962268,802.2257485
XCME.GY1.05AUG25.110:75.C,1.4687500,1.5156250,110.7500000,C,1.4857267,,1203.6310917,1030.2522393
XCME.GY1.05AUG25.112:25.P,.2500000,.2812500,112.2500000,P,.2616069,679.5552510,768.8070435,724.1830308
XCME.GY1.05AUG25.113.C,.0468750,.0781250,113,C,.0615030,869.0683008,940.7055828,905.5498450
XCME.GY1.05AUG25.111.P,.0069999,.0312500,111,P,.0138296,732.0551622,990.5075359,885.5853129
XCME.GY1.05AUG25.112.C,.3593750,.3906250,112,C,.3751866,652.0508719,747.5358840,700.0153126
