Key,BID,ASK,STRIKE,ITYPE,ADJTHEOR,IVBID,IVASK,IVAVERAGE
XCME.ZN.SEP25,112.2500000,112.2656250,INVALID,F,,,,
XCME.WY1.06AUG25.112:75.C,.1093750,.1406250,112.7500000,C,.1152286,680.1967237,769.0789572,725.1876147
XCME.WY1.06AUG25.112.C,.3906250,.4375000,112,C,.4139615,564.0021304,681.0594550,622.9274035
XCME.WY1.06AUG25.111.P,.0069999,.0312500,111,P,.0155870,607.2941405,820.3971534,734.0055545
XCME.WY1.06AUG25.112:25.C,.2656250,.2968750,112.2500000,C,.2756899,612.2542044,684.8767757,648.5655380
XCME.WY1.06AUG25.112:5.C,.1718750,.2031250,112.5000000,C,.1781992,645.1013048,721.8781147,683.6096126
XCME.WY1.06AUG25.111:25.P,.0156250,.0312500,111.2500000,P,.0259252,589.8641309,694.0593534,646.3668521
XCME.WY1.06AUG25.111:75.C,.5781250,.6093750,111.7500000,C,.5922044,578.0759710,674.1904015,627.1659232
