Key,BID,ASK,STRIKE,ITYPE,ADJTHEOR,IVBID,IVASK,IVAVERAGE
XCME.ZN.SEP25,112.2500000,112.2656250,INVALID,F,,,,
XCME.GY1.05AUG25.110:75.P,INVALID,.0156250,110.7500000,P,.0067989,,1005.1898961,888.5071279
XCME.GY1.05AUG25.111:75.P,.0468750,.0625000,111.7500000,P,.0629363,600.9513091,668.8967005,635.6822414
XCME.GY1.05AUG25.112.P,.1093750,.1406250,112,P,.1264134,613.0913056,711.8277982,662.8235099
XCME.VY1.04AUG25.111:75.P,.0156250,.0312500,111.7500000,P,.0290160,617.3025682,751.8549618,689.4030897
XCME.VY1.04AUG25.111:75.C,.5156250,.5468750,111.7500000,C,.5333284,570.1292009,832.5429777,718.2755228
XCME.VY1.04AUG25.112:75.P,.5156250,.5625000,112.7500000,P,.5451869,649.4213865,973.4259507,827.7151434
XCME.VY1.04AUG25.111:25.P,INVALID,.0156250,111.2500000,P,.0081022,,1045.8447131,912.4983276
