Key,BID,ASK,STRIKE,ITYPE,ADJTHEOR,IVBID,IVASK,IVAVERAGE
XCME.ZN.SEP25,112.2656250,112.2812500,INVALID,F,,,,
XCME.VY1.04AUG25.111:5.P,INVALID,.0156250,111.5000000,P,.0097729,,843.3956409,730.0253236
XCME.VY1.04AUG25.112:5.C,.0781250,.1093750,112.5000000,C,.0893736,658.6641652,799.4383696,729.8209530
XCME.VY1.04AUG25.110:25.P,INVALID,.0069999,110.2500000,P,.0034919,,1580.6879795,1434.2409651
XCME.VY1.04AUG25.111.P,INVALID,.0069999,111,P,.0039631,,1073.2788129,964.2172678
XCME.VY1.04AUG25.110:75.P,INVALID,.0069999,110.7500000,P,.0034816,,1245.4486975,1123.6161224
XCME.VY1.04AUG25.112.P,.0468750,.0625000,112,P,.0596480,593.7558061,675.2822068,635.1978990
