Key,BID,ASK,STRIKE,ITYPE,ADJTHEOR,IVBID,IVASK,IVAVERAGE
XCME.ZN.SEP25,112.2656250,112.2812500,INVALID,F,,,,
XCME.VY1.04AUG25.111:5.P,.0069999,.0156250,111.5000000,P,.0103334,710.9808753,839.0568399,781.8015991
XCME.VY1.04AUG25.112:5.C,.0781250,.0937500,112.5000000,C,.0945894,678.3609281,750.4707766,714.6552489
XCME.VY1.04AUG25.110:25.P,INVALID,.0069999,110.2500000,P,.0034753,,1582.5455870,1435.9662211
XCME.VY1.04AUG25.111.P,INVALID,.0069999,111,P,.0039913,,1071.7276102,962.9161778
XCME.VY1.04AUG25.110:75.P,INVALID,.0069999,110.7500000,P,.0034707,,1245.2488518,1123.2720720
XCME.VY1.04AUG25.112.P,.0625000,.0781250,112,P,.0652469,664.9972881,742.0258946,703.9262307
