Key,BID,ASK,STRIKE,ITYPE,ADJTHEOR,IVBID,IVASK,IVAVERAGE
XCME.ZN.SEP25,112.2343750,112.2500000,INVALID,F,,,,
XCME.VY1.04AUG25.111.P,INVALID,.0069999,111,P,.0038061,,1031.7443516,925.8880468
XCME.VY1.04AUG25.110:75.P,INVALID,.0069999,110.7500000,P,.0033664,,1205.0969770,1086.0285947
XCME.VY1.04AUG25.112.P,.0625000,.0781250,112,P,.0696454,600.3464064,674.3416378,637.6950054
XCME.VY1.04AUG25.111:5.C,.7187500,.7656250,111.5000000,C,.7366218,,879.6287220,747.1305721
XCME.VY1.04AUG25.112:25.C,.1406250,.1562500,112.2500000,C,.1489754,611.6714459,674.6345583,643.1556711
XCME.VY1.04AUG25.110:5.P,INVALID,.0069999,110.5000000,P,.0033752,,1374.5625166,1242.8674691
XCME.VY1.04AUG25.112:5.P,.3281250,.3593750,112.5000000,P,.3428688,621.0987292,774.5937433,699.5291010
