Key,BID,ASK,STRIKE,ITYPE,ADJTHEOR,IVBID,IVASK,IVAVERAGE
XCME.ZN.SEP25,112.2500000,112.2656250,INVALID,F,,,,
XCME.VY1.04AUG25.112.P,.0468750,.0781250,112,P,.0614041,552.5210084,706.8677990,631.6386800
XCME.VY1.04AUG25.111:5.C,.7500000,.7812500,111.5000000,C,.7540805,250.9109611,972.1265717,859.9831664
XCME.VY1.04AUG25.112:25.C,.1562500,.1718750,112.2500000,C,.1637114,628.5399292,691.3954856,659.9677611
XCME.VY1.04AUG25.110:5.P,INVALID,.0069999,110.5000000,P,.0000875,,1390.6920416,1257.6805935
XCME.VY1.04AUG25.112:5.P,.3125000,.3437500,112.5000000,P,.3299198,630.9222641,778.9188981,706.1851174
XCME.VY1.04AUG25.111.C,1.2500000,1.2812500,111,C,1.2503049,379.7404910,1416.4213776,1272.8159294
XCME.VY1.04AUG25.110:5.C,1.7500000,1.7656250,110.5000000,C,1.7500875,464.2598124,1594.2227100,1513.8114598
