Key,BID,ASK,STRIKE,ITYPE,ADJTHEOR,IVBID,IVASK,IVAVERAGE
XCME.ZN.SEP25,112.2500000,112.2656250,INVALID,F,,,,
XCME.ZN1.01AUG25.111:5.C,.7500000,.7812500,111.5000000,C,.7578124,,,
XCME.ZN1.01AUG25.113.P,.7187500,.7500000,113,P,.7421874,,,
XCME.ZN1.01AUG25.112:25.P,.0156250,.0312500,112.2500000,P,.0282576,278.9183597,519.4876742,401.0763916
XCME.ZN1.01AUG25.111.C,1.2500000,1.2812500,111,C,1.2578124,,,
XCME.ZN1.01AUG25.112.C,.2500000,.2812500,112,C,.2578460,,1581.5486171,1269.2626759
XCME.GY1.05AUG25.110.P,INVALID,.0069999,110,P,.0044592,,1219.7601353,1108.7061942
XCME.GY1.05AUG25.110:5.C,1.7500000,1.7812500,110.5000000,C,1.7672846,,1184.3627746,1011.6808622
