Key,BID,ASK,STRIKE,ITYPE,ADJTHEOR,IVBID,IVASK,IVAVERAGE
XCME.ZN.SEP25,112.2343750,112.2500000,INVALID,F,,,,
XCME.GY1.05AUG25.110:75.C,1.4843750,1.5156250,110.7500000,C,1.5015971,,1079.2680141,941.7602680
XCME.GY1.05AUG25.112:25.P,.2343750,.2656250,112.2500000,P,.2499705,657.7205736,746.9189822,702.3200328
XCME.GY1.05AUG25.113.C,.0468750,.0781250,113,C,.0609743,780.3029061,929.0871851,857.9781316
XCME.GY1.05AUG25.111.P,.0069999,.0312500,111,P,.0140760,739.7557295,1000.0733808,894.4864930
XCME.GY1.05AUG25.112.C,.3593750,.3906250,112,C,.3832589,620.0333362,717.1526234,668.8938136
XCME.GY1.05AUG25.111:25.P,.0156250,.0312500,111.2500000,P,.0230999,716.9190513,844.2631088,785.9588458
XCME.GY1.05AUG25.110:25.P,INVALID,.0156250,110.2500000,P,.0054228,,1257.2851380,1119.7531812
