Key,BID,ASK,STRIKE,ITYPE,ADJTHEOR,IVBID,IVASK,IVAVERAGE
XCME.ZN.SEP25,112.2656250,112.2812500,INVALID,F,,,,
XCME.WY1.06AUG25.110.C,2.2500000,2.2968750,110,C,2.2756439,,1262.0397882,1134.7121747
XCME.WY1.06AUG25.113.P,.7968750,.8281250,113,P,.8093527,699.3156265,808.1646644,755.3259960
XCME.WY1.06AUG25.112:75.C,.1093750,.1406250,112.7500000,C,.1193274,669.1468720,757.4387145,713.8253075
XCME.WY1.06AUG25.112.C,.4062500,.4375000,112,C,.4248865,577.0454344,655.9235543,616.6929589
XCME.WY1.06AUG25.111.P,.0069999,.0312500,111,P,.0154993,613.9812423,828.3119935,741.4023374
XCME.WY1.06AUG25.112:25.C,.2656250,.2968750,112.2500000,C,.2839795,593.8248678,666.4772621,630.1519703
XCME.WY1.06AUG25.112:5.C,.1718750,.2031250,112.5000000,C,.1842334,631.0290639,707.4449298,669.3479240
