Key,BID,ASK,STRIKE,ITYPE,ADJTHEOR,IVBID,IVASK,IVAVERAGE
XCME.ZN.SEP25,112.2500000,112.2656250,INVALID,F,,,,
XCME.VY1.04AUG25.112:25.P,.1562500,.1875000,112.2500000,P,.1606048,644.1313639,769.8621012,706.9977896
XCME.VY1.04AUG25.112.C,.2968750,.3281250,112,C,.3223616,519.9341703,679.9132525,602.4967249
XCME.VY1.04AUG25.112:75.C,.0312500,.0468750,112.7500000,C,.0430306,720.9205682,826.8749245,775.7810921
XCME.VY1.04AUG25.110:25.C,1.9843750,2.0156250,110.2500000,C,2.0112865,,1588.6941024,1437.9329839
XCME.WY1.06AUG25.110.C,2.2500000,2.2812500,110,C,2.2631729,,1213.0130588,1072.4399283
XCME.WY1.06AUG25.113.P,.8125000,.8437500,113,P,.8180833,713.3209769,820.5511609,768.4185826
