Key,BID,ASK,STRIKE,ITYPE,ADJTHEOR,IVBID,IVASK,IVAVERAGE
XCME.ZN.SEP25,112.2031250,112.2187500,INVALID,F,,,,
XCME.GY1.05AUG25.111.C,1.1875000,1.2187500,111,C,1.2098442,,824.2553126,648.0256804
XCME.GY1.05AUG25.112:25.C,.1718750,.2031250,112.2500000,C,.1958881,546.8288414,635.0768100,590.9659507
XCME.GY1.05AUG25.111:25.C,.9531250,.9843750,111.2500000,C,.9660396,223.5762722,806.1005423,682.7293589
XCME.GY1.05AUG25.111:75.C,.5000000,.5156250,111.7500000,C,.5156863,549.2959816,673.7948412,613.7433157
XCME.GY1.05AUG25.112:5.P,.3906250,.4218750,112.5000000,P,.3999811,589.4462149,690.1981201,640.3633766
XCME.GY1.05AUG25.113.P,.8125000,.8437500,113,P,.8202835,592.3932609,794.9750307,705.5991287
