Key,BID,ASK,STRIKE,ITYPE,ADJTHEOR,IVBID,IVASK,IVAVERAGE
XCME.ZN.SEP25,112.1875000,112.2031250,INVALID,F,,,,
XCME.ZN1.01AUG25.111:5.C,.6875000,.7187500,111.5000000,C,.6988120,,,
XCME.ZN1.01AUG25.113.P,.7812500,.8125000,113,P,.8011865,,,
XCME.ZN1.01AUG25.112:25.P,.0625000,.0781250,112.2500000,P,.0743005,370.1685014,590.9308305,484.1061705
XCME.ZN1.01AUG25.111.C,1.1875000,1.2187500,111,C,1.1988122,,,
XCME.ZN1.01AUG25.112.C,.1875000,.2187500,112,C,.2010331,,1035.0633049,778.2837693
XCME.VY1.04AUG25.111:75.P,.0156250,.0312500,111.7500000,P,.0252203,544.1117337,667.1144326,609.8121405
XCME.VY1.04AUG25.111:75.C,.4531250,.4843750,111.7500000,C,.4705341,460.5635728,719.3224536,609.8121271
