Key,BID,ASK,STRIKE,ITYPE,ADJTHEOR,IVBID,IVASK,IVAVERAGE
XCME.ZN.SEP25,112.2500000,112.2656250,INVALID,F,,,,
XCME.GY1.05AUG25.110:75.P,INVALID,.0156250,110.7500000,P,.0080561,,999.9919898,883.8350439
XCME.GY1.05AUG25.111:75.P,.0468750,.0625000,111.7500000,P,.0676445,595.9487098,663.5190795,630.4872916
XCME.GY1.05AUG25.112.P,.1093750,.1406250,112,P,.1309442,606.9758681,705.2341725,656.4618164
XCME.ZN1.01AUG25.112:75.C,INVALID,.0069999,112.7500000,C,0,,,
XCME.ZN1.01AUG25.110:25.C,1.9843750,2.0312500,110.2500000,C,2.0078124,,,
XCME.ZN1.01AUG25.110:25.P,INVALID,.0069999,110.2500000,P,0,,,
XCME.ZN1.01AUG25.110:75.P,INVALID,.0069999,110.7500000,P,0,,,
