Key,BID,ASK,STRIKE,ITYPE,ADJTHEOR,IVBID,IVASK,IVAVERAGE
XCME.ZN.SEP25,112.2656250,112.2812500,INVALID,F,,,,
XCME.ZN1.01AUG25.111:5.C,.7500000,.7968750,111.5000000,C,.7734375,,,
XCME.ZN1.01AUG25.113.P,.7031250,.7500000,113,P,.7265625,,,
XCME.ZN1.01AUG25.112:25.P,.0069999,.0312500,112.2500000,P,.0220005,417.3407923,682.6235707,551.3510308
XCME.ZN1.01AUG25.111.C,1.2500000,1.2968750,111,C,1.2734374,,,
XCME.ZN1.01AUG25.112.C,.2500000,.2968750,112,C,.2734703,,1794.5189015,1444.7653748
XCME.GY1.05AUG25.110.P,INVALID,.0069999,110,P,.0045040,,1232.6118152,1120.5844147
XCME.GY1.05AUG25.110:5.C,1.7656250,1.7968750,110.5000000,C,1.7878887,,1144.2537231,917.5255587
