Key,BID,ASK,STRIKE,ITYPE,ADJTHEOR,IVBID,IVASK,IVAVERAGE
XCME.ZN.SEP25,112.2500000,112.2656250,INVALID,F,,,,
XCME.GY1.05AUG25.112:75.P,.5625000,.6093750,112.7500000,P,.5827819,700.9323377,873.7579116,789.7310004
XCME.GY1.05AUG25.110:75.C,1.5000000,1.5312500,110.7500000,C,1.5191423,,1195.0000090,1002.4380285
XCME.GY1.05AUG25.112:25.P,.2187500,.2500000,112.2500000,P,.2365239,643.3301166,732.7955268,688.0634388
XCME.GY1.05AUG25.113.C,.0468750,.0781250,113,C,.0617411,769.1869936,916.9006791,846.2633875
XCME.GY1.05AUG25.111.P,INVALID,.0156250,111,P,.0100760,,871.3379776,766.0321599
XCME.GY1.05AUG25.112.C,.3593750,.3906250,112,C,.3907670,578.1252539,678.3436607,628.6899094
