Key,BID,ASK,STRIKE,ITYPE,ADJTHEOR,IVBID,IVASK,IVAVERAGE
XCME.ZN.SEP25,112.2500000,112.2656250,INVALID,F,,,,
XCME.WY1.06AUG25.112:75.P,.6093750,.6406250,112.7500000,P,.6185459,718.0680748,804.7769192,761.8559284
XCME.WY1.06AUG25.110:5.C,1.7343750,1.7812500,110.5000000,C,1.7738694,,929.4103964,744.7078438
XCME.WY1.06AUG25.112.P,.1406250,.1718750,112,P,.1580990,585.7310611,664.3789142,625.2478586
XCME.WY1.06AUG25.110:75.C,1.4843750,1.5312500,110.7500000,C,1.5257851,,821.0761036,652.9607578
XCME.WY1.06AUG25.111:5.P,.0312500,.0468750,111.5000000,P,.0433109,571.0749695,643.4604975,608.7524508
XCME.WY1.06AUG25.111.C,1.2500000,1.2812500,111,C,1.2798930,,710.3133857,559.4158495
