Key,BID,ASK,STRIKE,ITYPE,ADJTHEOR,IVBID,IVASK,IVAVERAGE
XCME.ZN.SEP25,112.2500000,112.2656250,INVALID,F,,,,
XCME.VY1.04AUG25.111.C,1.2500000,1.2812500,111,C,1.2508671,379.5568629,1433.3168447,1287.9485219
XCME.VY1.04AUG25.110:5.C,1.7500000,1.7812500,110.5000000,C,1.7503222,474.4196583,1856.1734218,1683.5096268
XCME.VY1.04AUG25.110.C,2.2343750,2.2812500,110,C,2.2505168,,,
XCME.VY1.04AUG25.110:75.C,1.5000000,1.5312500,110.7500000,C,1.5004325,449.7027496,1647.6650215,1488.0591820
XCME.VY1.04AUG25.110.P,INVALID,.0069999,110,P,.0005168,,1742.4310659,1583.5435227
XCME.VY1.04AUG25.111:25.C,1,1.0468750,111.2500000,C,1.0023464,.9900000,1353.8249343,1171.6165124
