Key,BID,ASK,STRIKE,ITYPE,ADJTHEOR,IVBID,IVASK,IVAVERAGE
XCME.ZN.SEP25,112.2500000,112.2656250,INVALID,F,,,,
XCME.GY1.05AUG25.111:25.C,1,1.0468750,111.2500000,C,1.0112388,719.8224964,946.3564879,847.1543147
XCME.GY1.05AUG25.111:75.C,.5625000,.5937500,111.7500000,C,.5643965,658.7060977,780.3161977,721.1153975
XCME.GY1.05AUG25.112:5.P,.3750000,.4062500,112.5000000,P,.3997019,650.4472156,747.0403720,699.0195659
XCME.GY1.05AUG25.113.P,.7812500,.8281250,113,P,.8131941,685.3740313,920.9378228,812.8012286
XCME.GY1.05AUG25.112:75.P,.5781250,.6093750,112.7500000,P,.5948016,658.1127483,836.7237609,750.5131476
XCME.GY1.05AUG25.110:75.C,1.5000000,1.5468750,110.7500000,C,1.5008592,291.1982046,1271.2724976,1117.4915240
