Key,BID,ASK,STRIKE,ITYPE,ADJTHEOR,IVBID,IVASK,IVAVERAGE
XCME.ZN.SEP25,112.2656250,112.2812500,INVALID,F,,,,
XCME.ZN1.01AUG25.112:25.P,.0156250,.0312500,112.2500000,P,.0220006,354.7904493,580.3107180,468.7096566
XCME.ZN1.01AUG25.111.C,1.2500000,1.2812500,111,C,1.2734374,,,
XCME.ZN1.01AUG25.112.C,.2500000,.2812500,112,C,.2734699,,1102.8121004,941.1420589
XCME.WY1.06AUG25.110.C,2.2500000,2.2812500,110,C,2.2784456,,1012.0104491,918.3879777
XCME.WY1.06AUG25.113.P,.7968750,.8281250,113,P,.8035292,759.1326329,810.9087033,785.3288216
XCME.WY1.06AUG25.112:75.C,.1093750,.1406250,112.7500000,C,.1180650,661.3510989,705.6130278,683.6333685
XCME.WY1.06AUG25.112.C,.4062500,.4375000,112,C,.4272672,566.5711590,645.1284217,606.0700740
