Key,BID,ASK,STRIKE,ITYPE,ADJTHEOR,IVBID,IVASK,IVAVERAGE
XCME.ZN.SEP25,112.2500000,112.2656250,INVALID,F,,,,
XCME.VY1.04AUG25.111:5.C,.7500000,.7812500,111.5000000,C,.7674108,,907.0857217,771.7085926
XCME.VY1.04AUG25.112:25.C,.1562500,.1718750,112.2500000,C,.1683571,612.6971348,675.5648821,644.1313638
XCME.VY1.04AUG25.110:5.P,INVALID,.0069999,110.5000000,P,.0034090,,1395.8317086,1262.4663312
XCME.VY1.04AUG25.112:5.P,.3281250,.3593750,112.5000000,P,.3263603,732.0687702,873.4991503,803.5142788
XCME.VY1.04AUG25.111.C,1.2343750,1.2656250,111,C,1.2617213,,1073.4725270,961.4251699
XCME.VY1.04AUG25.110:5.C,1.7343750,1.7656250,110.5000000,C,1.7612215,,1420.3056596,1281.7704264
