Key,BID,ASK,STRIKE,ITYPE,ADJTHEOR,IVBID,IVASK,IVAVERAGE
XCME.ZN.SEP25,112.2031250,112.2187500,INVALID,F,,,,
XCME.WY1.06AUG25.110:75.C,1.4375000,1.4687500,110.7500000,C,1.4692602,,694.3915809,624.2815565
XCME.WY1.06AUG25.111:5.P,.0312500,.0468750,111.5000000,P,.0408130,534.1681439,603.4695798,570.2077591
XCME.WY1.06AUG25.111.C,1.2031250,1.2187500,111,C,1.2232180,,594.0490873,531.6202924
XCME.VY1.04AUG25.111:75.P,.0156250,.0312500,111.7500000,P,.0218785,557.8523222,682.7081700,624.6182324
XCME.VY1.04AUG25.111:75.C,.4531250,.4843750,111.7500000,C,.4828164,,624.6071056,518.8376973
XCME.VY1.04AUG25.112:75.P,.5625000,.5781250,112.7500000,P,.5632647,696.4464275,814.6069695,758.4722374
XCME.VY1.04AUG25.111:25.P,INVALID,.0069999,111.2500000,P,.0044354,,829.0931655,738.2325968
