Key,BID,ASK,STRIKE,ITYPE,ADJTHEOR,IVBID,IVASK,IVAVERAGE
XCME.ZN.SEP25,112.1875000,112.2031250,INVALID,F,,,,
XCME.GY1.05AUG25.110:5.P,INVALID,.0069999,110.5000000,P,.0040471,,950.3760599,859.4040815
XCME.GY1.05AUG25.110:75.P,.0069999,.0156250,110.7500000,P,.0049422,831.7688258,958.9143665,902.7107455
XCME.GY1.05AUG25.111:75.P,.0468750,.0625000,111.7500000,P,.0636138,549.2979935,613.7412708,582.2024202
XCME.GY1.05AUG25.112.P,.1093750,.1406250,112,P,.1314243,546.2526954,640.9433908,593.8790404
XCME.ZN1.01AUG25.112:75.C,INVALID,.0069999,112.7500000,C,.0000126,,1621.6830322,1422.5881043
XCME.ZN1.01AUG25.110:25.C,1.9375000,1.9531250,110.2500000,C,1.9531250,,,
