Key,BID,ASK,STRIKE,ITYPE,ADJTHEOR,IVBID,IVASK,IVAVERAGE
XCME.ZN.SEP25,112.2812500,112.2968750,INVALID,F,,,,
XCME.GY1.05AUG25.110:5.P,INVALID,.0156250,110.5000000,P,.0043658,,1145.9531945,1018.0803175
XCME.GY1.05AUG25.110:75.P,INVALID,.0156250,110.7500000,P,.0051699,,1014.7561146,897.9181628
XCME.GY1.05AUG25.111:75.P,.0468750,.0625000,111.7500000,P,.0509435,623.3584034,692.0521905,658.4940521
XCME.GY1.05AUG25.112.P,.1093750,.1250000,112,P,.1093133,643.5264988,693.6796542,668.7222029
XCME.VY1.04AUG25.111:75.P,.0156250,.0312500,111.7500000,P,.0237726,643.8778470,779.9849128,716.9218557
XCME.VY1.04AUG25.111:75.C,.5312500,.5625000,111.7500000,C,.5741478,,605.6418462,352.1691519
