Key,BID,ASK,STRIKE,ITYPE,ADJTHEOR,IVBID,IVASK,IVAVERAGE
XCME.ZN.SEP25,112.2656250,112.2812500,INVALID,F,,,,
XCME.WY1.06AUG25.112:5.P,.4062500,.4375000,112.5000000,P,.4222666,649.7747041,725.4335931,687.6977438
XCME.WY1.06AUG25.111:5.C,.8125000,.8437500,111.5000000,C,.8330657,594.3008545,725.3958685,663.7002227
XCME.WY1.06AUG25.110:25.P,INVALID,.0156250,110.2500000,P,.0076083,,1034.4268460,921.6422011
XCME.WY1.06AUG25.111:75.P,.0781250,.1093750,111.7500000,P,.0983645,604.8373972,700.4562581,653.6241726
XCME.WY1.06AUG25.112:75.P,.5937500,.6250000,112.7500000,P,.6025894,648.8818539,779.8672723,715.5024521
XCME.WY1.06AUG25.110:5.C,1.7656250,1.8125000,110.5000000,C,1.7867098,,1099.8556714,933.3671555
XCME.WY1.06AUG25.112.P,.1562500,.1718750,112,P,.1689825,591.6135391,670.1551519,631.0858685
