Key,BID,ASK,STRIKE,ITYPE,ADJTHEOR,IVBID,IVASK,IVAVERAGE
XCME.ZN.SEP25,112.2500000,112.2656250,INVALID,F,,,,
XCME.VY1.04AUG25.112.P,.0625000,.0781250,112,P,.0818848,626.8794630,702.8101265,665.2160369
XCME.VY1.04AUG25.111:5.C,.7500000,.7968750,111.5000000,C,.7537705,775.7041034,1190.6175462,1015.5624853
XCME.VY1.04AUG25.112:25.C,.1718750,.1875000,112.2500000,C,.1724229,728.5612438,792.5842262,760.5732282
XCME.VY1.04AUG25.110:5.P,INVALID,.0069999,110.5000000,P,.0039021,,1407.4715408,1272.6226244
XCME.VY1.04AUG25.112:5.P,.3125000,.3593750,112.5000000,P,.3515307,595.5617330,826.6577644,714.5676137
XCME.VY1.04AUG25.111.C,1.2343750,1.2812500,111,C,1.2438967,,1555.8403190,1343.6188608
XCME.VY1.04AUG25.110:5.C,1.7343750,1.7812500,110.5000000,C,1.7417771,,,1753.5861441
