Key,BID,ASK,STRIKE,ITYPE,ADJTHEOR,IVBID,IVASK,IVAVERAGE
XCME.ZN.SEP25,112.2343750,112.2500000,INVALID,F,,,,
XCME.VY1.04AUG25.112:25.P,.1718750,.1875000,112.2500000,P,.1797552,696.8066246,760.8099565,728.8083820
XCME.VY1.04AUG25.112.C,.2968750,.3281250,112,C,.3258955,576.3787187,731.4389994,655.6778367
XCME.VY1.04AUG25.112:75.C,.0468750,.0625000,112.7500000,C,.0511422,853.9289560,951.0072040,903.5534715
XCME.VY1.04AUG25.110:25.C,1.9687500,2.0156250,110.2500000,C,2.0000377,,1876.2196364,1596.9978438
XCME.WY1.06AUG25.110.C,2.2343750,2.2656250,110,C,2.2564279,,1129.2089877,915.2285361
XCME.WY1.06AUG25.113.P,.8281250,.8593750,113,P,.8447189,750.0193952,855.4748705,804.0379932
