Key,BID,ASK,STRIKE,ITYPE,ADJTHEOR,IVBID,IVASK,IVAVERAGE
XCME.ZN.SEP25,112.2812500,112.2968750,INVALID,F,,,,
XCME.GY1.05AUG25.111.C,1.2812500,1.3125000,111,C,1.2967563,,995.1131221,883.7899177
XCME.GY1.05AUG25.112:25.C,.2500000,.2812500,112.2500000,C,.2609483,660.7517805,749.8127581,705.2866828
XCME.GY1.05AUG25.111:25.C,1.0312500,1.0781250,111.2500000,C,1.0541315,,949.1516574,813.8946140
XCME.GY1.05AUG25.111:75.C,.5781250,.6093750,111.7500000,C,.6001664,601.5673070,736.1818574,671.6695401
XCME.GY1.05AUG25.112:5.P,.3593750,.3906250,112.5000000,P,.3751640,672.4098620,766.6396287,719.7039652
XCME.GY1.05AUG25.113.P,.7656250,.7968750,113,P,.7791951,768.2683634,910.5903252,842.2609266
XCME.GY1.05AUG25.112:75.P,.5468750,.5937500,112.7500000,P,.5639215,705.5377113,872.7314755,791.1314767
