Key,BID,ASK,STRIKE,ITYPE,ADJTHEOR,IVBID,IVASK,IVAVERAGE
XCME.ZN.SEP25,112.2500000,112.2656250,INVALID,F,,,,
XCME.GY1.05AUG25.110:5.P,INVALID,.0156250,110.5000000,P,.0055648,,1138.4792442,1010.6352401
XCME.GY1.05AUG25.110:75.P,INVALID,.0156250,110.7500000,P,.0069913,,1005.1898961,888.5071279
XCME.GY1.05AUG25.111:75.P,.0468750,.0625000,111.7500000,P,.0631532,600.9513091,668.8967005,635.6822414
XCME.GY1.05AUG25.112.P,.1093750,.1406250,112,P,.1263659,613.0913056,711.8277982,662.8235099
XCME.VY1.04AUG25.111:75.P,.0156250,.0312500,111.7500000,P,.0281073,620.4626749,755.4286530,692.8029868
XCME.VY1.04AUG25.111:75.C,.5000000,.5468750,111.7500000,C,.5359201,,812.2300075,658.2287816
