Key,BID,ASK,STRIKE,ITYPE,ADJTHEOR,IVBID,IVASK,IVAVERAGE
XCME.ZN.SEP25,112.2031250,112.2187500,INVALID,F,,,,
XCME.ZN1.01AUG25.112:25.P,.0468750,.0781250,112.2500000,P,.0645363,287.8507259,731.0979236,517.8155803
XCME.ZN1.01AUG25.111.C,1.1875000,1.2187500,111,C,1.2109374,,,
XCME.ZN1.01AUG25.112.C,.1875000,.2187500,112,C,.2123474,,849.6148858,715.9270144
XCME.VY1.04AUG25.111:75.P,.0156250,.0312500,111.7500000,P,.0260310,554.1632193,678.8822029,620.8390830
XCME.VY1.04AUG25.111:75.C,.4687500,.5000000,111.7500000,C,.4791564,554.1764574,781.0930377,678.8852821
XCME.VY1.04AUG25.112:75.P,.5625000,.5937500,112.7500000,P,.5777502,635.1426196,880.1490699,770.6487141
XCME.VY1.04AUG25.111:25.P,INVALID,.0156250,111.2500000,P,.0059553,,971.6133243,845.2259717
