Key,BID,ASK,STRIKE,ITYPE,ADJTHEOR,IVBID,IVASK,IVAVERAGE
XCME.ZN.SEP25,112.3125000,112.3281250,INVALID,F,,,,
XCME.VY1.04AUG25.111.C,1.3125000,1.3437500,111,C,1.3097724,1121.9667786,1565.2146673,1435.9727794
XCME.VY1.04AUG25.110:5.C,1.7968750,1.8437500,110.5000000,C,1.8082108,,,1847.8815952
XCME.VY1.04AUG25.110.C,2.2968750,2.3437500,110,C,2.3079759,,,
XCME.VY1.04AUG25.110:75.C,1.5625000,1.5937500,110.7500000,C,1.5587271,1297.9794099,1785.6441925,1644.6296937
XCME.VY1.04AUG25.110.P,INVALID,.0069999,110,P,.0032884,,1778.5940295,1618.2001880
XCME.VY1.04AUG25.111:25.C,1.0625000,1.0937500,111.2500000,C,1.0618633,941.9589043,1337.9988589,1221.1884306
