Key,BID,ASK,STRIKE,ITYPE,ADJTHEOR,IVBID,IVASK,IVAVERAGE
XCME.ZN.SEP25,112.1875000,112.2031250,INVALID,F,,,,
XCME.WY1.06AUG25.110.C,2.1875000,2.2187500,110,C,2.2038723,,1149.4436609,989.6405867
XCME.WY1.06AUG25.113.P,.8437500,.8750000,113,P,.8542800,633.8298432,699.9250963,667.8688620
XCME.WY1.06AUG25.112:75.C,.0781250,.0937500,112.7500000,C,.0868167,617.2410710,666.3459693,642.0795972
XCME.WY1.06AUG25.112.C,.3593750,.3750000,112,C,.3698312,569.1438542,606.8867010,588.0446444
XCME.WY1.06AUG25.111.P,.0069999,.0312500,111,P,.0152430,579.5099677,785.1123416,701.5264153
XCME.WY1.06AUG25.112:25.C,.2187500,.2500000,112.2500000,C,.2370467,560.3531189,632.4952970,596.4310236
XCME.WY1.06AUG25.112:5.C,.1406250,.1562500,112.5000000,C,.1449334,608.3945469,648.0190402,628.2672933
