Key,BID,ASK,STRIKE,ITYPE,ADJTHEOR,IVBID,IVASK,IVAVERAGE
XCME.ZN.SEP25,112.2968750,112.3125000,INVALID,F,,,,
XCME.ZN1.01AUG25.111:5.C,.7812500,.8125000,111.5000000,C,.8046874,,,
XCME.ZN1.01AUG25.113.P,.6875000,.7187500,113,P,.6953124,,,
XCME.ZN1.01AUG25.112:25.P,.0069999,.0312500,112.2500000,P,.0112263,378.0621455,806.8842988,605.5042609
XCME.ZN1.01AUG25.111.C,1.2812500,1.3125000,111,C,1.3046875,,,
XCME.ZN1.01AUG25.112.C,.2812500,.3125000,112,C,.3046891,,1273.4707300,1088.9423322
XCME.WY1.06AUG25.110.C,2.2968750,2.3281250,110,C,2.3143543,,919.9680877,
XCME.WY1.06AUG25.113.P,.7812500,.8125000,113,P,.7736297,752.9413561,851.9450646,803.4089518
