Key,BID,ASK,STRIKE,ITYPE,ADJTHEOR,IVBID,IVASK,IVAVERAGE
XCME.ZN.SEP25,112.2187500,112.2343750,INVALID,F,,,,
XCME.VY1.04AUG25.113.C,.0156250,.0468750,113,C,.0289719,834.6168975,1123.3200976,995.7440672
XCME.VY1.04AUG25.112:25.P,.1718750,.2031250,112.2500000,P,.1851090,678.8813632,806.9278803,742.9066098
XCME.VY1.04AUG25.112.C,.2968750,.3281250,112,C,.3247364,608.9147205,759.5735507,685.5894859
XCME.VY1.04AUG25.112:75.C,.0468750,.0625000,112.7500000,C,.0463492,864.8506186,962.2802983,914.6587286
XCME.VY1.04AUG25.110:25.C,1.9687500,2.0156250,110.2500000,C,1.9914886,,,1616.8536361
XCME.GY1.05AUG25.110.P,INVALID,.0069999,110,P,.0047059,,1215.8933654,1104.7374186
XCME.GY1.05AUG25.110:5.C,1.7343750,1.7656250,110.5000000,C,1.7452901,,1261.5928870,1074.1755003
