Key,BID,ASK,STRIKE,ITYPE,ADJTHEOR,IVBID,IVASK,IVAVERAGE
XCME.ZN.SEP25,112.2656250,112.2812500,INVALID,F,,,,
XCME.WY1.06AUG25.110.P,INVALID,.0156250,110,P,.0057064,,1139.9722434,1018.6125221
XCME.WY1.06AUG25.110:75.P,.0069999,.0156250,110.7500000,P,.0105682,713.6630861,821.6127899,773.9540751
XCME.WY1.06AUG25.112:25.P,.2500000,.2812500,112.2500000,P,.2640426,603.8513485,676.5027629,640.1779182
XCME.WY1.06AUG25.111:25.C,1.0312500,1.0625000,111.2500000,C,1.0454310,559.4661312,762.9240007,676.7486191
XCME.WY1.06AUG25.110:5.P,INVALID,.0156250,110.5000000,P,.0080135,,929.6758832,825.4785434
XCME.WY1.06AUG25.110:25.C,2.0156250,2.0468750,110.2500000,C,2.0265300,,1149.8400946,1030.7825264
