Key,BID,ASK,STRIKE,ITYPE,ADJTHEOR,IVBID,IVASK,IVAVERAGE
XCME.ZN.SEP25,112.2812500,112.2968750,INVALID,F,,,,
XCME.WY1.06AUG25.111.P,.0069999,.0312500,111,P,.0153660,618.6570879,833.0883318,746.1980358
XCME.WY1.06AUG25.112:25.C,.2812500,.3125000,112.2500000,C,.3003465,598.1161405,670.3055783,634.2147831
XCME.WY1.06AUG25.112:5.C,.1875000,.2031250,112.5000000,C,.1943914,643.3474816,680.9035299,662.1478194
XCME.WY1.06AUG25.111:25.P,.0156250,.0312500,111.2500000,P,.0256381,603.6374716,708.6529728,660.6082234
XCME.WY1.06AUG25.111:75.C,.6093750,.6406250,111.7500000,C,.6279217,575.8969381,675.0921554,626.7477764
XCME.WY1.06AUG25.113.C,.0781250,.0937500,113,C,.0789841,720.7973780,773.4593153,747.4815330
