Key,BID,ASK,STRIKE,ITYPE,ADJTHEOR,IVBID,IVASK,IVAVERAGE
XCME.ZN.SEP25,112.2812500,112.2968750,INVALID,F,,,,
XCME.VY1.04AUG25.113.P,.7187500,.7500000,113,P,.7503727,789.3856073,1064.6870620,942.7329634
XCME.VY1.04AUG25.113.C,.0156250,.0312500,113,C,.0316227,789.3856073,942.7329634,872.0907588
XCME.VY1.04AUG25.112:25.P,.1406250,.1562500,112.2500000,P,.1495928,626.5372015,689.5751465,658.0605583
XCME.VY1.04AUG25.112.C,.3281250,.3593750,112,C,.3430063,499.2762342,669.6151363,588.1710957
XCME.VY1.04AUG25.112:75.C,.0312500,.0625000,112.7500000,C,.0499349,699.1773908,896.2411232,803.1507196
XCME.VY1.04AUG25.110:25.C,2.0156250,2.0468750,110.2500000,C,2.0313387,407.1685441,,1876.2994663
