Key,BID,ASK,STRIKE,ITYPE,ADJTHEOR,IVBID,IVASK,IVAVERAGE
XCME.ZN.SEP25,112.2031250,112.2187500,INVALID,F,,,,
XCME.WY1.06AUG25.112:75.C,.0781250,.0937500,112.7500000,C,.0777202,618.3394990,667.4293273,643.1837245
XCME.WY1.06AUG25.112.C,.3593750,.3750000,112,C,.3597769,573.2995183,648.2491149,610.8738659
XCME.WY1.06AUG25.111.P,.0069999,.0312500,111,P,.0174132,576.9822498,781.8386436,698.5183145
XCME.WY1.06AUG25.112:25.C,.2187500,.2500000,112.2500000,C,.2243104,563.0066175,635.0352761,599.0285581
XCME.WY1.06AUG25.112:5.C,.1406250,.1562500,112.5000000,C,.1329471,610.0887288,649.6882094,629.9497520
XCME.WY1.06AUG25.111:25.P,.0156250,.0312500,111.2500000,P,.0290147,553.8617292,654.2506898,608.2702155
XCME.WY1.06AUG25.111:75.C,.5312500,.5625000,111.7500000,C,.5370474,568.3079295,657.9558712,613.8594024
