Key,BID,ASK,STRIKE,ITYPE,ADJTHEOR,IVBID,IVASK,IVAVERAGE
XCME.ZN.SEP25,112.2812500,112.2968750,INVALID,F,,,,
XCME.ZN1.01AUG25.113.P,.6875000,.7187500,113,P,.7109374,,,
XCME.ZN1.01AUG25.112:25.P,.0069999,.0312500,112.2500000,P,.0218014,314.8378667,718.4303465,524.8774062
XCME.ZN1.01AUG25.111.C,1.2812500,1.3125000,111,C,1.2890624,,,
XCME.ZN1.01AUG25.112.C,.2812500,.3125000,112,C,.2891888,,1694.2525573,1366.9060849
XCME.VY1.04AUG25.111:75.P,.0156250,.0312500,111.7500000,P,.0226454,637.8301674,773.5342957,710.6178386
XCME.VY1.04AUG25.111:75.C,.5468750,.5781250,111.7500000,C,.5617076,544.1720794,830.5070986,710.6148920
