Key,BID,ASK,STRIKE,ITYPE,ADJTHEOR,IVBID,IVASK,IVAVERAGE
XCME.ZN.SEP25,112.1875000,112.2031250,INVALID,F,,,,
XCME.VY1.04AUG25.111.C,1.1875000,1.2187500,111,C,1.1985758,,1272.4017849,1101.9631841
XCME.VY1.04AUG25.110:5.C,1.6875000,1.7031250,110.5000000,C,1.6984459,,1369.9131711,1235.6521900
XCME.VY1.04AUG25.110.C,2.1875000,2.2031250,110,C,2.1990027,,1704.6066647,1545.1898817
XCME.VY1.04AUG25.110:75.C,1.4375000,1.4531250,110.7500000,C,1.4482972,,1198.9220827,1077.6519409
XCME.VY1.04AUG25.110.P,INVALID,.0069999,110,P,.0036902,,1676.5604498,1522.9026465
XCME.VY1.04AUG25.111:25.C,.9375000,.9687500,111.2500000,C,.9502408,,1059.3468182,907.6016871
XCME.VY1.04AUG25.113.P,.8125000,.8437500,113,P,.8247752,733.9151453,1077.1364983,936.3440856
