Key,BID,ASK,STRIKE,ITYPE,ADJTHEOR,IVBID,IVASK,IVAVERAGE
XCME.ZN.SEP25,112.2500000,112.2656250,INVALID,F,,,,
XCME.ZN1.01AUG25.112:25.P,INVALID,.0156250,112.2500000,P,.0585599,,388.8278383,182.4841784
XCME.ZN1.01AUG25.111.C,1.2343750,1.2968750,111,C,,,,
XCME.ZN1.01AUG25.112.C,.2343750,.2968750,112,C,.2613132,,,
XCME.GY1.05AUG25.110.P,INVALID,.0069999,110,P,.0044491,,1230.8391216,1118.7060193
XCME.GY1.05AUG25.110:5.C,1.7500000,1.7968750,110.5000000,C,1.7677649,,1344.1517031,1135.1709209
XCME.GY1.05AUG25.111.C,1.2500000,1.2968750,111,C,1.2723416,,1041.9867925,866.7473462
XCME.GY1.05AUG25.112:25.C,.2343750,.2656250,112.2500000,C,.2488490,653.3505024,742.8153682,698.0835250
