Key,BID,ASK,STRIKE,ITYPE,ADJTHEOR,IVBID,IVASK,IVAVERAGE
XCME.ZN.SEP25,112.1875000,112.2031250,INVALID,F,,,,
XCME.VY1.04AUG25.110:75.P,INVALID,.0069999,110.7500000,P,.0029630,,1180.5359522,1063.7083734
XCME.VY1.04AUG25.112.P,.0625000,.0781250,112,P,.0729812,560.7937610,632.9359474,597.1731621
XCME.VY1.04AUG25.111:5.C,.6875000,.7187500,111.5000000,C,.7093275,,806.8919753,655.9112973
XCME.VY1.04AUG25.112:25.C,.1093750,.1406250,112.2500000,C,.1293208,532.1886140,658.3508635,595.3317323
XCME.VY1.04AUG25.110:5.P,INVALID,.0069999,110.5000000,P,.0031130,,1349.2227974,1220.1155901
XCME.VY1.04AUG25.112:5.P,.3437500,.3750000,112.5000000,P,.3540078,589.1995098,751.2232496,672.7414051
