Key,BID,ASK,STRIKE,ITYPE,ADJTHEOR,IVBID,IVASK,IVAVERAGE
XCME.ZN.SEP25,112.2500000,112.2656250,INVALID,F,,,,
XCME.WY1.06AUG25.112:75.C,.1093750,.1406250,112.7500000,C,.1175480,675.0870415,763.7213968,719.9481598
XCME.WY1.06AUG25.112.C,.3906250,.4375000,112,C,.4191042,552.1341344,670.0086351,611.5203588
XCME.WY1.06AUG25.111.P,.0069999,.0312500,111,P,.0157671,610.1928219,823.8614379,737.1913895
XCME.WY1.06AUG25.112:25.C,.2656250,.2968750,112.2500000,C,.2796489,604.0425778,676.6735616,640.3583574
XCME.WY1.06AUG25.112:5.C,.1718750,.2031250,112.5000000,C,.1812195,638.8191198,715.4327925,677.2416518
XCME.WY1.06AUG25.111:25.P,.0156250,.0312500,111.2500000,P,.0260702,593.1153761,697.6525473,649.8021612
