Key,BID,ASK,STRIKE,ITYPE,ADJTHEOR,IVBID,IVASK,IVAVERAGE
XCME.ZN.SEP25,112.2812500,112.2968750,INVALID,F,,,,
XCME.GY1.05AUG25.111.C,1.2812500,1.3125000,111,C,1.3043090,,915.9960271,766.6449710
XCME.GY1.05AUG25.112:25.C,.2500000,.2812500,112.2500000,C,.2578087,644.0249640,732.6544327,688.3469365
XCME.GY1.05AUG25.111:25.C,1.0468750,1.0781250,111.2500000,C,1.0607026,568.9102448,894.0868414,774.2107085
XCME.GY1.05AUG25.111:75.C,.5781250,.6093750,111.7500000,C,.6022838,561.9935269,703.8961618,636.6789867
XCME.GY1.05AUG25.112:5.P,.3593750,.3906250,112.5000000,P,.3633105,685.0548830,778.0923705,731.7249104
XCME.GY1.05AUG25.113.P,.7500000,.7812500,113,P,.7689093,722.1680064,868.7776871,798.8810333
