Key,BID,ASK,STRIKE,ITYPE,ADJTHEOR,IVBID,IVASK,IVAVERAGE
XCME.ZN.SEP25,112.2343750,112.2500000,INVALID,F,,,,
XCME.WY1.06AUG25.112:5.P,.4218750,.4531250,112.5000000,P,.4353400,642.0965541,719.0179214,680.6866927
XCME.WY1.06AUG25.111:5.C,.7656250,.8125000,111.5000000,C,.8017375,491.8272003,706.0253273,611.6182828
XCME.WY1.06AUG25.110:25.P,INVALID,.0156250,110.2500000,P,.0072830,,1023.4414357,911.6239807
XCME.WY1.06AUG25.111:75.P,.0937500,.1093750,111.7500000,P,.0985648,633.5261810,679.8260692,656.8748698
XCME.WY1.06AUG25.112:75.P,.6093750,.6562500,112.7500000,P,.6217746,674.0755725,806.8243236,741.6369464
XCME.WY1.06AUG25.110:5.C,1.7343750,1.7812500,110.5000000,C,1.7558734,,1081.5755275,913.0554576
XCME.WY1.06AUG25.112.P,.1718750,.1875000,112,P,.1715339,644.7246019,683.1568970,663.9732107
