Key,BID,ASK,STRIKE,ITYPE,ADJTHEOR,IVBID,IVASK,IVAVERAGE
XCME.ZN.SEP25,112.2500000,112.2656250,INVALID,F,,,,
XCME.WY1.06AUG25.110:5.P,INVALID,.0156250,110.5000000,P,.0082355,,926.1641034,822.2191501
XCME.WY1.06AUG25.110:25.C,2,2.0312500,110.2500000,C,2.0188190,,1071.4284743,911.9584669
XCME.WY1.06AUG25.112:5.P,.4062500,.4531250,112.5000000,P,.4190486,629.4474467,744.1768065,687.0603013
XCME.WY1.06AUG25.111:5.C,.7812500,.8125000,111.5000000,C,.8094689,500.3065488,654.9985360,585.3569561
XCME.WY1.06AUG25.110:25.P,INVALID,.0156250,110.2500000,P,.0066940,,1032.2414437,919.4439153
XCME.WY1.06AUG25.111:75.P,.0625000,.0937500,111.7500000,P,.0876295,545.8855931,645.8266113,597.1911987
