Key,BID,ASK,STRIKE,ITYPE,ADJTHEOR,IVBID,IVASK,IVAVERAGE
XCME.ZN.SEP25,112.1875000,112.2031250,INVALID,F,,,,
XCME.GY1.05AUG25.110:5.P,INVALID,.0069999,110.5000000,P,.0052686,,949.5055242,858.5987056
XCME.GY1.05AUG25.110:75.P,.0069999,.0156250,110.7500000,P,.0071105,830.5042066,957.6099374,901.3864262
XCME.GY1.05AUG25.111:75.P,.0625000,.0781250,111.7500000,P,.0710922,609.2229656,669.1834431,639.6331050
XCME.GY1.05AUG25.112.P,.1250000,.1562500,112,P,.1391783,587.2921190,680.9610553,634.3364659
XCME.WY1.06AUG25.110.C,2.1875000,2.2187500,110,C,2.2134359,,1339.6287420,1178.2282088
XCME.WY1.06AUG25.113.P,.8437500,.8750000,113,P,.8521439,604.9104723,737.7647991,675.3179874
