Key,BID,ASK,STRIKE,ITYPE,ADJTHEOR,IVBID,IVASK,IVAVERAGE
XCME.ZN.SEP25,112.2031250,112.2187500,INVALID,F,,,,
XCME.GY1.05AUG25.111:25.P,.0069999,.0312500,111.2500000,P,.0144070,586.4591213,811.4775061,719.4183692
XCME.GY1.05AUG25.110:25.P,INVALID,.0069999,110.2500000,P,.0040049,,1071.0290113,970.7914384
XCME.GY1.05AUG25.111:5.C,.7187500,.7500000,111.5000000,C,.7385684,472.3984872,698.2746301,604.9837975
XCME.GY1.05AUG25.110.C,2.2031250,2.2187500,110,C,2.2146696,,1205.7726080,1093.1861491
XCME.GY1.05AUG25.111:5.P,.0156250,.0312500,111.5000000,P,.0276314,547.5101956,654.1382848,604.9935595
XCME.GY1.05AUG25.110:25.C,1.9531250,1.9843750,110.2500000,C,1.9649424,,1321.2656052,1163.2174694
