Key,BID,ASK,STRIKE,ITYPE,ADJTHEOR,IVBID,IVASK,IVAVERAGE
XCME.ZN.SEP25,112.2031250,112.2187500,INVALID,F,,,,
XCME.ZN1.01AUG25.112:25.P,.0468750,.0781250,112.2500000,P,.0576400,317.8788713,724.2883470,525.6541522
XCME.ZN1.01AUG25.111.C,1.2031250,1.2343750,111,C,1.2152499,,,
XCME.ZN1.01AUG25.112.C,.1875000,.2187500,112,C,.2158932,,671.5537684,
XCME.WY1.06AUG25.110.C,2.2031250,2.2343750,110,C,2.2110938,,1188.1081409,1049.6582495
XCME.WY1.06AUG25.113.P,.8125000,.8437500,113,P,.8372110,530.0203869,677.5167787,610.1067204
XCME.WY1.06AUG25.112:75.C,.0781250,.0937500,112.7500000,C,.0794239,607.7724689,656.5112124,632.4310266
XCME.WY1.06AUG25.112.C,.3593750,.3750000,112,C,.3716776,549.5121656,587.5392136,568.5623972
