Key,BID,ASK,STRIKE,ITYPE,ADJTHEOR,IVBID,IVASK,IVAVERAGE
XCME.ZN.SEP25,112.1875000,112.2031250,INVALID,F,,,,
XCME.GY1.05AUG25.110:75.C,1.4375000,1.4687500,110.7500000,C,1.4515979,,1037.4370886,904.4418704
XCME.GY1.05AUG25.112:25.P,.2343750,.2500000,112.2500000,P,.2427351,579.0685014,623.2471632,601.1620654
XCME.GY1.05AUG25.113.C,.0156250,.0468750,113,C,.0310606,596.9295169,800.3932051,710.6854825
XCME.GY1.05AUG25.111.P,INVALID,.0156250,111,P,.0092911,,820.0075173,719.9877103
XCME.GY1.05AUG25.112.C,.3125000,.3437500,112,C,.3245763,561.9118941,655.7524231,609.0687458
XCME.GY1.05AUG25.111:25.P,.0069999,.0312500,111.2500000,P,.0162010,578.0006736,801.2110294,709.8306068
XCME.GY1.05AUG25.110:25.P,INVALID,.0069999,110.2500000,P,.0041206,,1063.9194034,964.1858186
