Key,BID,ASK,STRIKE,ITYPE,ADJTHEOR,IVBID,IVASK,IVAVERAGE
XCME.ZN.SEP25,112.2187500,112.2343750,INVALID,F,,,,
XCME.VY1.04AUG25.111.C,1.2187500,1.2500000,111,C,1.2447225,,1167.8965734,735.2399233
XCME.VY1.04AUG25.110:5.C,1.7031250,1.7500000,110.5000000,C,1.7422446,,1541.5854470,998.2844211
XCME.VY1.04AUG25.110.C,2.2031250,2.2500000,110,C,2.2415002,,1898.8694686,1256.7830637
XCME.VY1.04AUG25.110:75.C,1.4531250,1.5000000,110.7500000,C,1.4931104,,1356.7396636,867.6047332
XCME.VY1.04AUG25.110.P,INVALID,.0069999,110,P,.0036252,,1744.9268697,1585.3879305
XCME.VY1.04AUG25.111:25.C,.9687500,1.0156250,111.2500000,C,.9980581,,1170.9786460,900.9417978
XCME.VY1.04AUG25.113.P,.7812500,.8281250,113,P,.7970499,875.7244837,1258.7186506,1090.0966971
