Key,BID,ASK,STRIKE,ITYPE,ADJTHEOR,IVBID,IVASK,IVAVERAGE
XCME.ZN.SEP25,112.2500000,112.2656250,INVALID,F,,,,
XCME.WY1.06AUG25.110:75.C,1.5000000,1.5312500,110.7500000,C,1.5143450,,917.2776769,818.2839219
XCME.WY1.06AUG25.111:5.P,.0312500,.0625000,111.5000000,P,.0478541,563.4826136,698.2179312,635.2652786
XCME.WY1.06AUG25.111.C,1.2500000,1.2968750,111,C,1.2695698,,890.9515562,769.8559233
XCME.VY1.04AUG25.111:75.P,.0156250,.0312500,111.7500000,P,.0297744,616.5194411,751.0210271,688.6054170
XCME.VY1.04AUG25.111:75.C,.5000000,.5468750,111.7500000,C,.5332746,,837.1369883,692.0479755
XCME.VY1.04AUG25.112:75.P,.5156250,.5625000,112.7500000,P,.5464474,642.7728952,969.6207122,823.1416499
XCME.VY1.04AUG25.111:25.P,INVALID,.0156250,111.2500000,P,.0081090,,1045.1873304,911.9020686
