Key,BID,ASK,STRIKE,ITYPE,ADJTHEOR,IVBID,IVASK,IVAVERAGE
XCME.ZN.SEP25,112.1875000,112.2031250,INVALID,F,,,,
XCME.GY1.05AUG25.110:75.C,1.4375000,1.4687500,110.7500000,C,1.4418475,367.4785251,1105.1327817,997.0192497
XCME.GY1.05AUG25.112:25.P,.2500000,.2656250,112.2500000,P,.2557732,568.6778112,657.4209564,613.0706484
XCME.GY1.05AUG25.113.C,.0312500,.0468750,113,C,.0427970,717.8593099,808.1905245,764.9264654
XCME.GY1.05AUG25.111.P,.0069999,.0156250,111,P,.0110019,704.8148445,818.1631922,767.8925906
XCME.GY1.05AUG25.112.C,.3125000,.3437500,112,C,.3300303,625.7765711,718.4298545,672.2619960
XCME.GY1.05AUG25.111:25.P,.0069999,.0312500,111.2500000,P,.0230501,575.6872625,798.6095388,707.3420009
XCME.GY1.05AUG25.110:25.P,INVALID,.0069999,110.2500000,P,.0003689,,1063.4246453,963.6281167
