Key,BID,ASK,STRIKE,ITYPE,ADJTHEOR,IVBID,IVASK,IVAVERAGE
XCME.ZN.SEP25,112.2812500,112.2968750,INVALID,F,,,,
XCME.VY1.04AUG25.110.C,2.2812500,2.2968750,110,C,2.2813480,1,1980.0899643,1887.5889382
XCME.VY1.04AUG25.110:75.C,1.5312500,1.5625000,110.7500000,C,1.5322825,,1431.1781904,1356.9335474
XCME.VY1.04AUG25.110.P,INVALID,.0069999,110,P,.0000980,,1742.5762233,1584.8418776
XCME.VY1.04AUG25.111:25.C,1.0312500,1.0625000,111.2500000,C,1.0377216,,1044.1542693,984.7098145
XCME.VY1.04AUG25.113.P,.7187500,.7500000,113,P,.7483621,789.3856073,1064.6870620,942.7329634
XCME.VY1.04AUG25.113.C,.0156250,.0312500,113,C,.0296121,789.3856073,942.7329634,872.0907588
XCME.VY1.04AUG25.112:25.P,.1250000,.1562500,112.2500000,P,.1499106,626.5372015,689.5751465,658.0605583
