Key,BID,ASK,STRIKE,ITYPE,ADJTHEOR,IVBID,IVASK,IVAVERAGE
XCME.ZN.SEP25,112.2187500,112.2343750,INVALID,F,,,,
XCME.WY1.06AUG25.112:75.C,.1093750,.1406250,112.7500000,C,.1225923,691.1861983,780.4213997,736.3643156
XCME.WY1.06AUG25.112.C,.3906250,.4218750,112,C,.4193719,589.5224416,666.6005965,628.2071354
XCME.WY1.06AUG25.111.P,.0156250,.0312500,111,P,.0212048,695.0296367,810.5153855,757.8489100
XCME.WY1.06AUG25.112:25.C,.2656250,.2968750,112.2500000,C,.2832713,629.9999630,702.4855365,666.2430309
XCME.WY1.06AUG25.112:5.C,.1718750,.2031250,112.5000000,C,.1863922,658.4035915,735.4166145,697.0395054
XCME.WY1.06AUG25.111:25.P,.0156250,.0468750,111.2500000,P,.0349194,580.0037614,763.9821118,683.4304348
XCME.WY1.06AUG25.111:75.C,.5625000,.5937500,111.7500000,C,.5935567,616.8777158,708.3692532,663.3595509
