Key,BID,ASK,STRIKE,ITYPE,ADJTHEOR,IVBID,IVASK,IVAVERAGE
XCME.ZN.SEP25,112.3125000,112.3281250,INVALID,F,,,,
XCME.WY1.06AUG25.112:5.P,.3750000,.4062500,112.5000000,P,.3893230,644.7618815,719.1703794,682.0237736
XCME.WY1.06AUG25.111:5.C,.8437500,.8906250,111.5000000,C,.8719124,525.8354233,749.2844720,651.2167579
XCME.WY1.06AUG25.110:25.P,INVALID,.0156250,110.2500000,P,.0065652,,1054.7041216,940.4690268
XCME.WY1.06AUG25.111:75.P,.0625000,.0937500,111.7500000,P,.0835598,583.9236063,686.6105333,636.7175587
XCME.WY1.06AUG25.112:75.P,.5625000,.5937500,112.7500000,P,.5665628,702.7140476,785.8759092,744.6200026
XCME.WY1.06AUG25.110:5.C,1.8125000,1.8437500,110.5000000,C,1.8329343,,986.3579555,837.0235976
