Key,BID,ASK,STRIKE,ITYPE,ADJTHEOR,IVBID,IVASK,IVAVERAGE
XCME.ZN.SEP25,112.2656250,112.2812500,INVALID,F,,,,
XCME.WY1.06AUG25.111:25.P,.0156250,.0312500,111.2500000,P,.0261278,586.8755512,690.3968689,643.0047415
XCME.WY1.06AUG25.111:75.C,.5937500,.6250000,111.7500000,C,.5963985,613.9466830,706.5877155,661.0836748
XCME.WY1.06AUG25.113.C,.0625000,.0937500,113,C,.0756929,684.2966486,794.8025357,741.3054004
XCME.WY1.06AUG25.110.P,INVALID,.0156250,110,P,.0052307,,1125.8626087,1006.0557472
XCME.WY1.06AUG25.110:75.P,.0069999,.0156250,110.7500000,P,.0102907,703.0155859,809.7070286,762.5914658
XCME.WY1.06AUG25.112:25.P,.2500000,.2812500,112.2500000,P,.2707896,585.3742254,657.4308270,621.4026777
XCME.WY1.06AUG25.111:25.C,1.0312500,1.0625000,111.2500000,C,1.0339403,643.0047415,807.0168549,732.5365369
