Key,BID,ASK,STRIKE,ITYPE,ADJTHEOR,IVBID,IVASK,IVAVERAGE
XCME.ZN.SEP25,112.2343750,112.2500000,INVALID,F,,,,
XCME.ZN1.01AUG25.111:5.C,.7343750,.7656250,111.5000000,C,.7265621,,,
XCME.ZN1.01AUG25.113.P,.7343750,.7656250,113,P,.7734372,,,
XCME.ZN1.01AUG25.112:25.P,.0156250,.0468750,112.2500000,P,.0524196,,467.9334568,293.1883903
XCME.ZN1.01AUG25.111.C,1.2343750,1.2656250,111,C,1.2265624,,,
XCME.ZN1.01AUG25.112.C,.2343750,.2656250,112,C,.2272076,959.5146794,1658.3235183,1352.0220962
XCME.WY1.06AUG25.110.C,2.2500000,2.2812500,110,C,2.2273279,1199.4300077,1440.1795050,1332.8453815
XCME.WY1.06AUG25.113.P,.7968750,.8281250,113,P,.8399389,524.5400530,671.2639861,604.1626050
