Key,BID,ASK,STRIKE,ITYPE,ADJTHEOR,IVBID,IVASK,IVAVERAGE
XCME.ZN.SEP25,112.2812500,112.2968750,INVALID,F,,,,
XCME.VY1.04AUG25.112:25.P,.1406250,.1562500,112.2500000,P,.1501217,608.6187076,671.9382486,640.2805350
XCME.VY1.04AUG25.112.C,.3281250,.3750000,112,C,.3309330,637.3344644,862.8774864,753.0186347
XCME.VY1.04AUG25.112:75.C,.0468750,.0625000,112.7500000,C,.0444255,820.3828128,914.7249606,868.5782686
XCME.VY1.04AUG25.110:25.C,2.0312500,2.0625000,110.2500000,C,2.0232306,1705.6019992,,
XCME.ZN1.01AUG25.112:75.C,INVALID,.0069999,112.7500000,C,0,,1729.1650347,1511.3236399
XCME.ZN1.01AUG25.110:25.C,2.0312500,2.0625000,110.2500000,C,2.0390625,,,
