Key,BID,ASK,STRIKE,ITYPE,ADJTHEOR,IVBID,IVASK,IVAVERAGE
XCME.ZN.SEP25,112.2500000,112.2656250,INVALID,F,,,,
XCME.WY1.06AUG25.110:5.P,INVALID,.0156250,110.5000000,P,.0047942,,905.4336070,803.3694564
XCME.WY1.06AUG25.110:25.C,2,2.0312500,110.2500000,C,1.9862563,1010.6672150,1269.2372387,1188.2493666
XCME.WY1.06AUG25.112:5.P,.4062500,.4375000,112.5000000,P,.4297292,578.6364813,656.4087769,617.7142141
XCME.WY1.06AUG25.111:5.C,.7968750,.8125000,111.5000000,C,.8037536,679.9274598,736.5450725,708.7506660
XCME.WY1.06AUG25.110:25.P,INVALID,.0156250,110.2500000,P,.0018813,,1010.6672150,899.9006847
XCME.WY1.06AUG25.111:75.P,.0781250,.0937500,111.7500000,P,.1114234,572.6233785,620.1295734,596.6400081
