Key,BID,ASK,STRIKE,ITYPE,ADJTHEOR,IVBID,IVASK,IVAVERAGE
XCME.ZN.SEP25,112.2187500,112.2343750,INVALID,F,,,,
XCME.VY1.04AUG25.110.C,2.1875000,2.2187500,110,C,2.2300389,,,
XCME.VY1.04AUG25.110:75.C,1.4687500,1.5000000,110.7500000,C,1.4801943,,1219.9109671,1096.8437598
XCME.VY1.04AUG25.110.P,INVALID,.0069999,110,P,.0034764,,1696.8065531,1541.5919508
XCME.VY1.04AUG25.111:25.C,.9687500,1,111.2500000,C,.9823696,,863.3662459,767.2101771
XCME.VY1.04AUG25.113.P,.7812500,.8125000,113,P,.7972302,909.9913488,1164.5665181,1048.1318584
XCME.VY1.04AUG25.113.C,.0156250,.0312500,113,C,.0237927,824.5158838,982.8715973,909.9913488
