Key,BID,ASK,STRIKE,ITYPE,ADJTHEOR,IVBID,IVASK,IVAVERAGE
XCME.ZN.SEP25,112.2812500,112.2968750,INVALID,F,,,,
XCME.VY1.04AUG25.111.P,INVALID,.0069999,111,P,.0027423,,1082.4475608,973.1737404
XCME.VY1.04AUG25.110:75.P,INVALID,.0069999,110.7500000,P,.0028048,,1254.3201496,1132.0580982
XCME.VY1.04AUG25.112.P,.0468750,.0625000,112,P,.0519866,606.8118313,689.2912088,648.7595048
XCME.VY1.04AUG25.111:5.C,.7656250,.8125000,111.5000000,C,.8033705,,,
XCME.VY1.04AUG25.112:25.C,.1718750,.1875000,112.2500000,C,.1880965,592.3464669,655.6605762,624.0151516
XCME.VY1.04AUG25.110:5.P,INVALID,.0069999,110.5000000,P,.0031548,,1422.9902639,1288.0586048
XCME.VY1.04AUG25.112:5.P,.2812500,.3281250,112.5000000,P,.2996129,641.6607712,849.5594159,747.0254089
