Key,BID,ASK,STRIKE,ITYPE,ADJTHEOR,IVBID,IVASK,IVAVERAGE
XCME.ZN.SEP25,112.2968750,112.3125000,INVALID,F,,,,
XCME.WY1.06AUG25.111:25.P,.0156250,.0312500,111.2500000,P,.0241136,605.4606343,710.6065495,662.4959551
XCME.WY1.06AUG25.111:75.C,.5937500,.6250000,111.7500000,C,.6301869,519.9446965,625.9640140,574.8336479
XCME.WY1.06AUG25.113.C,.0781250,.0937500,113,C,.0861883,722.0064910,774.7406131,748.7281944
XCME.WY1.06AUG25.110.P,INVALID,.0156250,110,P,.0052083,,1143.2565965,1021.7772016
XCME.WY1.06AUG25.110:75.P,.0069999,.0156250,110.7500000,P,.0094343,719.2995255,827.3649941,779.6132657
XCME.WY1.06AUG25.112:25.P,.2500000,.2656250,112.2500000,P,.2662663,662.5500121,698.7102220,680.6309639
XCME.WY1.06AUG25.111:25.C,1.0625000,1.0937500,111.2500000,C,1.0674886,,632.5001651,602.1247637
