Key,BID,ASK,STRIKE,ITYPE,ADJTHEOR,IVBID,IVASK,IVAVERAGE
XCME.ZN.SEP25,112.1875000,112.2031250,INVALID,F,,,,
XCME.WY1.06AUG25.113.C,.0468750,.0625000,113,C,.0540657,659.3110626,723.6844442,692.3642202
XCME.WY1.06AUG25.110.P,INVALID,.0156250,110,P,.0004203,,1094.8807601,977.7748481
XCME.WY1.06AUG25.110:75.P,.0069999,.0156250,110.7500000,P,.0090947,674.4393092,777.7981940,732.0617840
XCME.WY1.06AUG25.112:25.P,.2656250,.2968750,112.2500000,P,.2908525,536.3141704,608.5955961,572.4663870
XCME.WY1.06AUG25.111:25.C,.9531250,.9843750,111.2500000,C,.9744204,651.5054301,797.7156454,729.7687467
XCME.WY1.06AUG25.110:5.P,INVALID,.0156250,110.5000000,P,.0036244,,885.5048838,785.1958327
XCME.WY1.06AUG25.110:25.C,1.9375000,1.9687500,110.2500000,C,1.9387694,991.0443810,1246.3452062,1136.6816561
