Key,BID,ASK,STRIKE,ITYPE,ADJTHEOR,IVBID,IVASK,IVAVERAGE
XCME.ZN.SEP25,112.2968750,112.3125000,INVALID,F,,,,
XCME.VY1.04AUG25.110:75.P,INVALID,.0069999,110.7500000,P,.0035576,,1254.8066249,1132.5186268
XCME.VY1.04AUG25.112.P,.0468750,.0625000,112,P,.0574304,606.0794090,688.6677612,648.0955635
XCME.VY1.04AUG25.111:5.C,.7968750,.8281250,111.5000000,C,.8069883,,1011.4548300,895.8664480
XCME.VY1.04AUG25.112:25.C,.1718750,.1875000,112.2500000,C,.1887924,592.3390403,655.6550799,624.0088023
XCME.VY1.04AUG25.110:5.P,INVALID,.0069999,110.5000000,P,.0034240,,1423.4147316,1288.8028093
XCME.VY1.04AUG25.112:5.P,.2812500,.3281250,112.5000000,P,.2943869,641.6186639,849.5417271,746.9957308
