Key,BID,ASK,STRIKE,ITYPE,ADJTHEOR,IVBID,IVASK,IVAVERAGE
XCME.ZN.SEP25,112.2500000,112.2656250,INVALID,F,,,,
XCME.ZN1.01AUG25.111:5.C,.7500000,.7812500,111.5000000,C,.7578124,,,
XCME.ZN1.01AUG25.113.P,.7187500,.7500000,113,P,.7421874,,,
XCME.ZN1.01AUG25.112:25.P,.0156250,.0312500,112.2500000,P,.0281014,259.4888088,483.3037032,373.1359660
XCME.ZN1.01AUG25.111.C,1.2500000,1.2812500,111,C,1.2578124,,,
XCME.ZN1.01AUG25.112.C,.2500000,.2812500,112,C,.2578435,,1788.9716699,1382.3038353
XCME.VY1.04AUG25.111:75.P,.0156250,.0312500,111.7500000,P,.0239064,605.7405686,737.5230256,676.3814146
XCME.VY1.04AUG25.111:75.C,.5156250,.5468750,111.7500000,C,.5317185,515.1051459,792.9800931,676.3882220
