Key,BID,ASK,STRIKE,ITYPE,ADJTHEOR,IVBID,IVASK,IVAVERAGE
XCME.ZN.SEP25,112.2656250,112.2812500,INVALID,F,,,,
XCME.VY1.04AUG25.112:25.P,.1406250,.1718750,112.2500000,P,.1531670,611.6741321,737.5805264,674.6365648
XCME.VY1.04AUG25.112.C,.3125000,.3437500,112,C,.3341993,443.3423453,621.2383516,537.4029389
XCME.VY1.04AUG25.112:75.C,.0312500,.0468750,112.7500000,C,.0457134,706.2335190,810.8834546,760.3922476
XCME.VY1.04AUG25.110:25.C,2,2.0312500,110.2500000,C,2.0269687,,1599.4666891,1447.8459397
XCME.WY1.06AUG25.110.C,2.2656250,2.2812500,110,C,2.2784456,,1012.0104491,918.3879777
XCME.WY1.06AUG25.113.P,.7968750,.8281250,113,P,.8035292,759.1326329,810.9087033,785.3288216
