Key,BID,ASK,STRIKE,ITYPE,ADJTHEOR,IVBID,IVASK,IVAVERAGE
XCME.ZN.SEP25,112.2187500,112.2343750,INVALID,F,,,,
XCME.GY1.05AUG25.112:25.P,.2500000,.2812500,112.2500000,P,.2513767,676.7651048,764.9656299,720.8666895
XCME.GY1.05AUG25.113.C,.0468750,.0625000,113,C,.0582561,779.1395850,856.4217010,818.7989908
XCME.GY1.05AUG25.111.P,.0069999,.0156250,111,P,.0137808,725.2996463,841.1654299,789.7624313
XCME.GY1.05AUG25.112.C,.3281250,.3593750,112,C,.3703779,540.3248615,637.4809001,589.2922131
XCME.GY1.05AUG25.111:25.P,.0156250,.0312500,111.2500000,P,.0225660,701.0789861,826.4039122,769.0446848
XCME.GY1.05AUG25.110:25.P,INVALID,.0156250,110.2500000,P,.0054234,,1236.4868290,1101.2068467
