Key,BID,ASK,STRIKE,ITYPE,ADJTHEOR,IVBID,IVASK,IVAVERAGE
XCME.ZN.SEP25,112.2500000,112.2656250,INVALID,F,,,,
XCME.VY1.04AUG25.111.C,1.2343750,1.2812500,111,C,1.2588657,,1413.3453458,1253.8569352
XCME.VY1.04AUG25.110:5.C,1.7343750,1.7812500,110.5000000,C,1.7570814,,1834.2041887,1643.4506426
XCME.VY1.04AUG25.110.C,2.2343750,2.2812500,110,C,2.2567377,,,
XCME.VY1.04AUG25.110:75.C,1.4843750,1.5312500,110.7500000,C,1.5076707,,1626.4119321,1450.8398253
XCME.VY1.04AUG25.110.P,INVALID,.0069999,110,P,.0032377,,1766.0456493,1605.0128122
XCME.VY1.04AUG25.111:25.C,1,1.0312500,111.2500000,C,1.0113779,,1193.4034833,1050.9762921
