Key,BID,ASK,STRIKE,ITYPE,ADJTHEOR,IVBID,IVASK,IVAVERAGE
XCME.ZN.SEP25,112.2500000,112.2656250,INVALID,F,,,,
XCME.GY1.05AUG25.111.C,1.2500000,1.2968750,111,C,1.2674463,,1070.4896757,910.1264640
XCME.GY1.05AUG25.112:25.C,.2343750,.2500000,112.2500000,C,.2424442,659.6087994,704.3362350,681.9725864
XCME.GY1.05AUG25.111:25.C,1,1.0468750,111.2500000,C,1.0239048,,909.3716941,765.2128529
XCME.GY1.05AUG25.111:75.C,.5468750,.5781250,111.7500000,C,.5706599,564.2357495,700.9078563,635.6814507
XCME.GY1.05AUG25.112:5.P,.3750000,.4062500,112.5000000,P,.3899587,670.5443144,766.8863573,718.9546811
XCME.GY1.05AUG25.113.P,.7812500,.8281250,113,P,.8013666,730.0352649,953.9396098,849.5032225
XCME.GY1.05AUG25.112:75.P,.5625000,.6093750,112.7500000,P,.5833528,687.4389189,862.5025680,777.5916971
