Key,BID,ASK,STRIKE,ITYPE,ADJTHEOR,IVBID,IVASK,IVAVERAGE
XCME.ZN.SEP25,112.1875000,112.2031250,INVALID,F,,,,
XCME.WY1.06AUG25.112:75.P,.6406250,.6562500,112.7500000,P,.6499724,635.7207988,684.3613141,660.3178792
XCME.WY1.06AUG25.110:5.C,1.6875000,1.7187500,110.5000000,C,1.7003251,,989.7707222,883.0045242
XCME.WY1.06AUG25.112.P,.1562500,.1875000,112,P,.1809167,552.3440330,627.5661132,590.0627200
XCME.WY1.06AUG25.110:75.C,1.4375000,1.4687500,110.7500000,C,1.4537551,,873.5181076,775.6925235
XCME.WY1.06AUG25.111:5.P,.0468750,.0625000,111.5000000,P,.0561796,593.3007005,653.7770175,624.3051359
XCME.WY1.06AUG25.111.C,1.2031250,1.2187500,111,C,1.2102835,628.2506475,754.2556939,698.3156943
