Key,BID,ASK,STRIKE,ITYPE,ADJTHEOR,IVBID,IVASK,IVAVERAGE
XCME.ZN.SEP25,112.1875000,112.2031250,INVALID,F,,,,
XCME.VY1.04AUG25.113.C,.0069999,.0156250,113,C,.0111394,714.5282154,843.8913858,786.0819672
XCME.VY1.04AUG25.112:25.P,.1718750,.1875000,112.2500000,P,.1799465,568.0961276,630.8842005,599.5076300
XCME.VY1.04AUG25.112.C,.2500000,.2812500,112,C,.2674697,514.9098954,658.1332805,587.7628344
XCME.VY1.04AUG25.112:75.C,.0156250,.0312500,112.7500000,C,.0219157,638.6944669,774.1410800,711.4127126
XCME.VY1.04AUG25.110:25.C,1.9375000,1.9687500,110.2500000,C,1.9487471,,1855.4868304,1633.6826606
XCME.WY1.06AUG25.110.C,2.1875000,2.2187500,110,C,2.2038494,,1147.1214512,987.7194674
XCME.WY1.06AUG25.113.P,.8437500,.8593750,113,P,.8515383,632.5820114,698.5475596,666.5538348
