Key,BID,ASK,STRIKE,ITYPE,ADJTHEOR,IVBID,IVASK,IVAVERAGE
XCME.ZN.SEP25,112.2500000,112.2656250,INVALID,F,,,,
XCME.ZN1.01AUG25.112:25.P,INVALID,.0156250,112.2500000,P,.0174685,,388.8278383,182.4841784
XCME.ZN1.01AUG25.111.C,1.2343750,1.2968750,111,C,1.2578125,,,
XCME.ZN1.01AUG25.112.C,.2343750,.2968750,112,C,.2578114,,,1769.4679402
XCME.VY1.04AUG25.111:75.P,.0156250,.0312500,111.7500000,P,.0279848,617.3025682,751.8549618,689.4030898
XCME.VY1.04AUG25.111:75.C,.5156250,.5468750,111.7500000,C,.5322970,570.1292051,832.5429778,718.2755226
XCME.VY1.04AUG25.112:75.P,.5156250,.5625000,112.7500000,P,.5434747,649.4213860,973.4259505,827.7151437
XCME.VY1.04AUG25.111:25.P,INVALID,.0156250,111.2500000,P,.0083309,,1045.8447121,912.4983272
