Key,BID,ASK,STRIKE,ITYPE,ADJTHEOR,IVBID,IVASK,IVAVERAGE
XCME.ZN.SEP25,112.1875000,112.2031250,INVALID,F,,,,
XCME.ZN1.01AUG25.111:5.C,.6875000,.7187500,111.5000000,C,.7031246,,,1797.9763634
XCME.ZN1.01AUG25.113.P,.7812500,.8125000,113,P,.7968739,,,
XCME.ZN1.01AUG25.112:25.P,.0625000,.0781250,112.2500000,P,.0719920,416.9175614,628.4621705,524.8315154
XCME.ZN1.01AUG25.111.C,1.1875000,1.2187500,111,C,1.2031247,,,
XCME.ZN1.01AUG25.112.C,.1875000,.2187500,112,C,.2053162,,963.3295656,654.8704156
XCME.WY1.06AUG25.110.C,2.1875000,2.2187500,110,C,2.2038753,,1147.1214512,987.7194674
XCME.WY1.06AUG25.113.P,.8437500,.8593750,113,P,.8490408,632.5820114,698.5475596,666.5538348
