Key,BID,ASK,STRIKE,ITYPE,ADJTHEOR,IVBID,IVASK,IVAVERAGE
XCME.ZN.SEP25,112.2812500,112.2968750,INVALID,F,,,,
XCME.VY1.04AUG25.112.P,.0468750,.0625000,112,P,.0624876,614.6874737,697.8963900,657.0118861
XCME.VY1.04AUG25.111:5.C,.7812500,.8125000,111.5000000,C,.8105141,,813.2288771,490.2774920
XCME.VY1.04AUG25.112:25.C,.1718750,.1875000,112.2500000,C,.2005399,588.0534257,651.8386055,619.9602617
XCME.VY1.04AUG25.110:5.P,INVALID,.0069999,110.5000000,P,.0033965,,1433.9129579,1297.9956156
XCME.VY1.04AUG25.112:5.P,.2968750,.3281250,112.5000000,P,.3012283,727.1917970,864.5851304,796.3782334
XCME.VY1.04AUG25.111.C,1.2812500,1.3125000,111,C,1.3041775,,,
XCME.VY1.04AUG25.110:5.C,1.7812500,1.8125000,110.5000000,C,1.8037715,,,
