Key,BID,ASK,STRIKE,ITYPE,ADJTHEOR,IVBID,IVASK,IVAVERAGE
XCME.ZN.SEP25,112.1875000,112.2031250,INVALID,F,,,,
XCME.VY1.04AUG25.111.P,INVALID,.0069999,111,P,.0032566,,1009.3545701,905.7357586
XCME.VY1.04AUG25.110:75.P,INVALID,.0069999,110.7500000,P,.0029976,,1180.8891059,1064.0675225
XCME.VY1.04AUG25.112.P,.0625000,.0781250,112,P,.0676624,572.7842719,645.0868316,609.2641458
XCME.VY1.04AUG25.111:5.C,.6875000,.7187500,111.5000000,C,.7199069,,667.8607253,589.7252750
XCME.VY1.04AUG25.112:25.C,.1093750,.1406250,112.2500000,C,.1319976,508.8149238,633.8178441,571.3569676
XCME.VY1.04AUG25.110:5.P,INVALID,.0069999,110.5000000,P,.0031541,,1348.5274289,1219.2023300
XCME.VY1.04AUG25.112:5.P,.3437500,.3750000,112.5000000,P,.3437322,632.8704149,786.3402026,711.3520369
