Key,BID,ASK,STRIKE,ITYPE,ADJTHEOR,IVBID,IVASK,IVAVERAGE
XCME.ZN.SEP25,112.2500000,112.2656250,INVALID,F,,,,
XCME.VY1.04AUG25.110.C,2.2343750,2.2812500,110,C,2.2413298,,,
XCME.VY1.04AUG25.110:75.C,1.4843750,1.5312500,110.7500000,C,1.4924752,,1783.1995809,1551.1160693
XCME.VY1.04AUG25.110.P,INVALID,.0069999,110,P,.0034548,,1745.0974663,1585.6627231
XCME.VY1.04AUG25.111:25.C,.9843750,1.0312500,111.2500000,C,.9969871,,1320.1416326,1128.8931509
XCME.VY1.04AUG25.113.P,.7500000,.7968750,113,P,.7942051,,1027.2688643,830.8526135
XCME.VY1.04AUG25.113.C,.0156250,.0468750,113,C,.0320801,835.9008084,1124.2212010,996.7489530
XCME.VY1.04AUG25.112:25.P,.1562500,.1875000,112.2500000,P,.1845479,614.8440922,742.9027468,678.8762974
