Key,BID,ASK,STRIKE,ITYPE,ADJTHEOR,IVBID,IVASK,IVAVERAGE
XCME.ZN.SEP25,112.2500000,112.2656250,INVALID,F,,,,
XCME.ZN1.01AUG25.110:5.C,1.7343750,1.7812500,110.5000000,C,1.7421875,,,
XCME.ZN1.01AUG25.110:75.C,1.4843750,1.5312500,110.7500000,C,1.4921875,,,
XCME.ZN1.01AUG25.111.P,INVALID,.0069999,111,P,0,,,
XCME.ZN1.01AUG25.113.C,INVALID,.0069999,113,C,0,,,
XCME.ZN1.01AUG25.112:5.C,INVALID,.0069999,112.5000000,C,0,,1109.4915291,955.7883951
XCME.ZN1.01AUG25.111:5.C,.7343750,.7812500,111.5000000,C,.7421874,,,
XCME.ZN1.01AUG25.113.P,.7187500,.7656250,113,P,.7578124,,,
