Key,BID,ASK,STRIKE,ITYPE,ADJTHEOR,IVBID,IVASK,IVAVERAGE
XCME.ZN.SEP25,112.2656250,112.2812500,INVALID,F,,,,
XCME.ZN1.01AUG25.111:25.P,INVALID,.0069999,111.2500000,P,0,,,
XCME.ZN1.01AUG25.112:5.P,.2031250,.2500000,112.5000000,P,.2266792,,1589.9792507,1263.9541283
XCME.ZN1.01AUG25.110.C,INVALID,INVALID,110,C,2.2734375,,,
XCME.ZN1.01AUG25.112.P,INVALID,.0069999,112,P,.0000324,,1262.4919848,1082.3695673
XCME.ZN1.01AUG25.112:25.C,.0312500,.0468750,112.2500000,C,.0454380,275.8622057,551.3503583,417.3399820
XCME.ZN1.01AUG25.111:25.C,.6250000,INVALID,111.2500000,C,1.0234375,,,
XCME.ZN1.01AUG25.111:75.C,INVALID,INVALID,111.7500000,C,.5234375,,,
