Key,BID,ASK,STRIKE,ITYPE,ADJTHEOR,IVBID,IVASK,IVAVERAGE
XCME.ZN.SEP25,112.2656250,112.2812500,INVALID,F,,,,
XCME.ZN1.01AUG25.112:75.C,INVALID,.0069999,112.7500000,C,0,,1771.4649039,1549.3998194
XCME.ZN1.01AUG25.110:25.C,2,2.0312500,110.2500000,C,2.0390625,,,
XCME.ZN1.01AUG25.110:25.P,INVALID,.0069999,110.2500000,P,0,,,
XCME.ZN1.01AUG25.110:75.P,INVALID,.0069999,110.7500000,P,0,,,
XCME.ZN1.01AUG25.111:75.P,INVALID,.0069999,111.7500000,P,0,,1907.5137320,1674.2517800
XCME.ZN1.01AUG25.110.P,INVALID,.0069999,110,P,0,,,
XCME.ZN1.01AUG25.110:5.P,INVALID,.0069999,110.5000000,P,0,,,
