Key,BID,ASK,STRIKE,ITYPE,ADJTHEOR,IVBID,IVASK,IVAVERAGE
XCME.ZN.SEP25,112.2656250,112.2812500,INVALID,F,,,,
XCME.GY1.05AUG25.113.P,.7812500,.8281250,113,P,.8035460,746.2603283,962.9585707,861.2007459
XCME.GY1.05AUG25.112:75.P,.5625000,.6093750,112.7500000,P,.5858099,696.8121573,868.6222571,785.0900931
XCME.GY1.05AUG25.110:75.C,1.5000000,1.5468750,110.7500000,C,1.5200358,,1187.9839352,996.5364246
XCME.GY1.05AUG25.112:25.P,.2187500,.2500000,112.2500000,P,.2371831,639.5494954,728.4891492,684.0199364
XCME.GY1.05AUG25.113.C,.0468750,.0781250,113,C,.0656710,764.6671208,911.5122887,841.2900892
XCME.GY1.05AUG25.111.P,.0069999,.0156250,111,P,.0114835,747.5692044,866.1765907,813.5801874
XCME.GY1.05AUG25.112.C,.3593750,.4062500,112,C,.3918504,574.7278821,723.0230809,649.7746002
