Key,BID,ASK,STRIKE,ITYPE,ADJTHEOR,IVBID,IVASK,IVAVERAGE
XCME.ZN.SEP25,112.3125000,112.3281250,INVALID,F,,,,
XCME.VY1.04AUG25.111:75.P,.0156250,.0312500,111.7500000,P,.0236208,655.3517343,793.2055996,729.3412172
XCME.VY1.04AUG25.111:75.C,.5781250,.6093750,111.7500000,C,.5826213,481.8818840,927.6375195,790.0523299
XCME.VY1.04AUG25.112:75.P,.4687500,.5156250,112.7500000,P,.4960654,649.2528585,936.0444423,803.2199741
XCME.VY1.04AUG25.111:25.P,INVALID,.0156250,111.2500000,P,.0059854,,1073.3872928,939.6647865
XCME.VY1.04AUG25.111:5.P,.0069999,.0156250,111.5000000,P,.0109929,732.6619619,864.2216049,805.4285531
XCME.VY1.04AUG25.112:5.C,.0937500,.1250000,112.5000000,C,.1037209,698.8821333,836.1101087,767.9961239
XCME.VY1.04AUG25.110:25.P,INVALID,.0069999,110.2500000,P,.0034332,,1606.9204916,1458.4650969
