Key,BID,ASK,STRIKE,ITYPE,ADJTHEOR,IVBID,IVASK,IVAVERAGE
XCME.ZN.SEP25,112.2343750,112.2500000,INVALID,F,,,,
XCME.VY1.04AUG25.113.C,.0156250,.0468750,113,C,.0301982,847.2404318,1138.3784650,1009.8067027
XCME.VY1.04AUG25.112:25.P,.1718750,.2031250,112.2500000,P,.1924126,647.3354375,775.5845363,711.4712787
XCME.VY1.04AUG25.112.C,.2812500,.3281250,112,C,.3104646,585.2969088,806.2286232,698.2195496
XCME.VY1.04AUG25.112:75.C,.0468750,.0625000,112.7500000,C,.0473101,879.4455248,977.9424515,929.8177405
XCME.VY1.04AUG25.110:25.C,1.9687500,2,110.2500000,C,1.9769771,,,1781.2611024
XCME.WY1.06AUG25.110.C,2.2187500,2.2656250,110,C,2.2372723,,1309.1043902,1116.1226963
XCME.WY1.06AUG25.113.P,.8281250,.8750000,113,P,.8490296,689.9135846,856.5592538,777.0295860
