Key,BID,ASK,STRIKE,ITYPE,ADJTHEOR,IVBID,IVASK,IVAVERAGE
XCME.ZN.SEP25,112.2500000,112.2656250,INVALID,F,,,,
XCME.GY1.05AUG25.110:5.P,INVALID,.0156250,110.5000000,P,.0003285,,1121.1431198,995.1162744
XCME.GY1.05AUG25.110:75.P,INVALID,.0156250,110.7500000,P,.0014514,,989.3195509,874.3497036
XCME.GY1.05AUG25.111:75.P,.0468750,.0781250,111.7500000,P,.0662138,588.0525999,716.9270456,654.8795239
XCME.GY1.05AUG25.112.P,.1093750,.1406250,112,P,.1286115,598.1085474,695.3436189,647.0747094
XCME.WY1.06AUG25.110.C,2.2500000,2.2812500,110,C,2.2351423,1114.2027048,1389.9680440,1303.9015391
XCME.WY1.06AUG25.113.P,.7968750,.8281250,113,P,.8317111,562.6568617,697.1362765,634.3314069
