Key,BID,ASK,STRIKE,ITYPE,ADJTHEOR,IVBID,IVASK,IVAVERAGE
XCME.ZN.SEP25,112.1875000,112.2031250,INVALID,F,,,,
XCME.WY1.06AUG25.112.P,.1718750,.1875000,112,P,.1764869,596.4929224,634.0773840,615.3104456
XCME.WY1.06AUG25.110:75.C,1.4375000,1.4687500,110.7500000,C,1.4618285,,821.9050946,696.9925336
XCME.WY1.06AUG25.111:5.P,.0468750,.0625000,111.5000000,P,.0572070,597.3618149,658.0421317,628.4729464
XCME.WY1.06AUG25.111.C,1.2031250,1.2343750,111,C,1.2187954,536.4142071,810.7909468,707.8370928
XCME.GY1.05AUG25.110.P,INVALID,.0069999,110,P,.0055541,,1184.0273301,1075.5434688
XCME.GY1.05AUG25.110:5.C,1.6875000,1.7187500,110.5000000,C,1.7055394,,1143.9546636,975.8688432
