Key,BID,ASK,STRIKE,ITYPE,ADJTHEOR,IVBID,IVASK,IVAVERAGE
XCME.ZN.SEP25,112.2343750,112.2500000,INVALID,F,,,,
XCME.WY1.06AUG25.111:75.C,.5625000,.6093750,111.7500000,C,.6008979,546.2398399,689.9911048,620.4425797
XCME.WY1.06AUG25.113.C,.0625000,.0937500,113,C,.0810389,694.5635774,806.3298956,752.2357524
XCME.WY1.06AUG25.110.P,INVALID,.0156250,110,P,.0062520,,1127.7316135,1007.7106658
XCME.WY1.06AUG25.110:75.P,.0069999,.0312500,110.7500000,P,.0140067,702.6461737,936.9771449,842.5442900
XCME.WY1.06AUG25.112:25.P,.2812500,.3125000,112.2500000,P,.2902238,648.2099991,720.6862351,684.4481473
XCME.WY1.06AUG25.111:25.C,1,1.0468750,111.2500000,C,1.0312566,,,
