Key,BID,ASK,STRIKE,ITYPE,ADJTHEOR,IVBID,IVASK,IVAVERAGE
XCME.ZN.SEP25,112.2031250,112.2187500,INVALID,F,,,,
XCME.GY1.05AUG25.112:75.P,.6093750,.6406250,112.7500000,P,.6203837,677.2208267,802.6737185,741.8171446
XCME.GY1.05AUG25.110:75.C,1.4531250,1.4687500,110.7500000,C,1.4570294,749.9109197,999.2816930,954.8369159
XCME.GY1.05AUG25.112:25.P,.2500000,.2656250,112.2500000,P,.2584339,631.6372005,675.8867569,653.7649458
XCME.GY1.05AUG25.113.C,.0312500,.0625000,113,C,.0431565,710.2442295,878.4113229,799.9771743
XCME.GY1.05AUG25.111.P,.0069999,.0156250,111,P,.0112711,710.5324950,824.6172606,773.9659255
XCME.GY1.05AUG25.112.C,.3281250,.3593750,112,C,.3428818,602.6497970,696.2757501,649.6659986
