Key,BID,ASK,STRIKE,ITYPE,ADJTHEOR,IVBID,IVASK,IVAVERAGE
XCME.ZN.SEP25,112.2031250,112.2187500,INVALID,F,,,,
XCME.VY1.04AUG25.110.C,2.1875000,2.2187500,110,C,2.2111210,,1803.4020846,1688.6558986
XCME.VY1.04AUG25.110:75.C,1.4531250,1.4687500,110.7500000,C,1.4604402,,1279.0009436,1189.3365764
XCME.VY1.04AUG25.110.P,INVALID,.0069999,110,P,.0036835,,1674.4119826,1520.9977575
XCME.VY1.04AUG25.111:25.C,.9531250,.9843750,111.2500000,C,.9624223,,1101.2567112,963.7700583
XCME.VY1.04AUG25.113.P,.7812500,.8125000,113,P,.8037515,,884.1130264,728.4249864
XCME.VY1.04AUG25.113.C,.0069999,.0156250,113,C,.0111890,706.3935149,834.5071861,777.2369817
XCME.VY1.04AUG25.112:25.P,.1562500,.1875000,112.2500000,P,.1753039,532.4150144,657.4877984,594.9940979
