Key,BID,ASK,STRIKE,ITYPE,ADJTHEOR,IVBID,IVASK,IVAVERAGE
XCME.ZN.SEP25,112.2343750,112.2500000,INVALID,F,,,,
XCME.VY1.04AUG25.111:75.P,.0156250,.0468750,111.7500000,P,.0346977,599.4914664,839.0258705,731.4929518
XCME.VY1.04AUG25.111:75.C,.5000000,.5468750,111.7500000,C,.5233853,553.3663204,909.4014200,756.9975367
XCME.VY1.04AUG25.112:75.P,.5312500,.5781250,112.7500000,P,.5626216,659.7146046,985.5687084,839.2512430
XCME.VY1.04AUG25.111:25.P,INVALID,.0156250,111.2500000,P,.0090573,,1025.9511881,894.2477950
XCME.VY1.04AUG25.111:5.P,.0069999,.0312500,111.5000000,P,.0158897,695.0868316,979.5674192,861.7671184
XCME.VY1.04AUG25.112:5.C,.0781250,.1093750,112.5000000,C,.0906653,734.4879595,881.7913309,809.0780872
XCME.VY1.04AUG25.110:25.P,INVALID,.0069999,110.2500000,P,.0035358,,1578.1893116,1430.9383189
