Key,BID,ASK,STRIKE,ITYPE,ADJTHEOR,IVBID,IVASK,IVAVERAGE
XCME.ZN.SEP25,112.2187500,112.2343750,INVALID,F,,,,
XCME.GY1.05AUG25.111:5.C,.7500000,.7812500,111.5000000,C,.7782390,540.4738671,750.9504291,660.0452805
XCME.GY1.05AUG25.110.C,2.2187500,2.2500000,110,C,2.2424028,,1325.0619574,875.8156996
XCME.GY1.05AUG25.111:5.P,.0312500,.0468750,111.5000000,P,.0403625,681.9648801,769.3655996,727.4400038
XCME.GY1.05AUG25.110:25.C,1.9687500,2,110.2500000,C,1.9931992,,1200.6782458,786.6125390
XCME.GY1.05AUG25.112:75.C,.0937500,.1093750,112.7500000,C,.0961596,793.2297435,850.6001034,822.1730926
XCME.GY1.05AUG25.112:5.C,.1406250,.1718750,112.5000000,C,.1518216,713.9277576,810.2563305,762.3261348
XCME.GY1.05AUG25.110:5.P,INVALID,.0156250,110.5000000,P,.0066568,,1124.6198094,997.7900707
