Key,BID,ASK,STRIKE,ITYPE,ADJTHEOR,IVBID,IVASK,IVAVERAGE
XCME.ZN.SEP25,112.2500000,112.2656250,INVALID,F,,,,
XCME.GY1.05AUG25.110:75.C,1.5000000,1.5468750,110.7500000,C,1.5160273,,1219.1632414,1044.5456380
XCME.GY1.05AUG25.112:25.P,.2187500,.2500000,112.2500000,P,.2385881,633.4999976,722.4292037,677.9648774
XCME.GY1.05AUG25.113.C,.0468750,.0781250,113,C,.0613154,767.7118056,914.8697947,844.5140074
XCME.GY1.05AUG25.111.P,.0069999,.0156250,111,P,.0120104,745.3361564,863.7797095,811.3308827
XCME.GY1.05AUG25.112.C,.3750000,.4062500,112,C,.3894633,634.3112664,731.7817615,683.3662049
XCME.GY1.05AUG25.111:25.P,.0156250,.0312500,111.2500000,P,.0197029,724.2554996,852.0442848,793.5489492
XCME.GY1.05AUG25.110:25.P,INVALID,.0156250,110.2500000,P,.0051347,,1261.6947567,1123.7753819
