Key,BID,ASK,STRIKE,ITYPE,ADJTHEOR,IVBID,IVASK,IVAVERAGE
XCME.ZN.SEP25,112.2031250,112.2187500,INVALID,F,,,,
XCME.VY1.04AUG25.111:5.C,.7031250,.7343750,111.5000000,C,.7118078,,767.5332730,719.4896027
XCME.VY1.04AUG25.112:25.C,.1250000,.1406250,112.2500000,C,.1262210,522.8380675,648.1167206,585.5319568
XCME.VY1.04AUG25.110:5.P,INVALID,.0069999,110.5000000,P,.0031195,,1343.2787407,1214.4554328
XCME.VY1.04AUG25.112:5.P,.3281250,.3593750,112.5000000,P,.3479062,511.8288793,682.3314789,600.9033701
XCME.VY1.04AUG25.111.C,1.2031250,1.2343750,111,C,1.2062625,,1165.0715658,1100.9249742
XCME.VY1.04AUG25.110:5.C,1.7031250,1.7187500,110.5000000,C,1.7062445,,1541.3653344,1463.1498309
