Key,BID,ASK,STRIKE,ITYPE,ADJTHEOR,IVBID,IVASK,IVAVERAGE
XCME.ZN.SEP25,112.3125000,112.3281250,INVALID,F,,,,
XCME.VY1.04AUG25.111.C,1.2968750,1.3437500,111,C,1.3132763,,1323.3609377,1263.2888938
XCME.VY1.04AUG25.110:5.C,1.7968750,1.8437500,110.5000000,C,1.8124289,,1712.8162964,1640.8357250
XCME.VY1.04AUG25.110.C,2.2968750,2.3281250,110,C,2.3124726,,,
XCME.VY1.04AUG25.110:75.C,1.5468750,1.5781250,110.7500000,C,1.5626325,,1520.2494337,1454.0687598
XCME.VY1.04AUG25.110.P,INVALID,.0069999,110,P,.0034726,,1771.1540831,1611.4409008
XCME.VY1.04AUG25.111:25.C,1.0468750,1.0781250,111.2500000,C,1.0649854,,1121.0937023,1067.5017188
XCME.VY1.04AUG25.113.P,.7031250,.7343750,113,P,.7235608,728.2766697,1018.0795652,892.5978936
