Key,BID,ASK,STRIKE,ITYPE,ADJTHEOR,IVBID,IVASK,IVAVERAGE
XCME.ZN.SEP25,112.2343750,112.2500000,INVALID,F,,,,
XCME.VY1.04AUG25.112:75.P,.5312500,.5625000,112.7500000,P,.5445938,699.7221647,909.3984251,811.4488967
XCME.VY1.04AUG25.111:25.P,INVALID,.0156250,111.2500000,P,.0059678,,1013.2136995,883.3713407
XCME.VY1.04AUG25.111:5.P,INVALID,.0156250,111.5000000,P,.0106645,,812.6412931,702.3720805
XCME.VY1.04AUG25.112:5.C,.0625000,.0937500,112.5000000,C,.0779663,636.4592181,784.8931963,711.9594042
XCME.VY1.04AUG25.110:25.P,INVALID,.0069999,110.2500000,P,.0034454,,1554.6046072,1409.5698533
XCME.VY1.04AUG25.111.P,INVALID,.0069999,111,P,.0041374,,1045.1162264,937.9412696
XCME.VY1.04AUG25.110:75.P,INVALID,.0069999,110.7500000,P,.0035338,,1218.1458195,1098.0222958
