Key,BID,ASK,STRIKE,ITYPE,ADJTHEOR,IVBID,IVASK,IVAVERAGE
XCME.ZN.SEP25,112.1875000,112.2031250,INVALID,F,,,,
XCME.GY1.05AUG25.110:5.P,INVALID,.0069999,110.5000000,P,.0038752,,948.3782245,857.6497543
XCME.GY1.05AUG25.110:75.P,.0069999,.0156250,110.7500000,P,.0046387,829.7279052,956.6407669,900.5177774
XCME.GY1.05AUG25.111:75.P,.0468750,.0625000,111.7500000,P,.0579353,545.9946101,610.2564112,578.8034166
XCME.GY1.05AUG25.112.P,.1093750,.1406250,112,P,.1267321,541.7663447,636.2684792,589.2921091
XCME.WY1.06AUG25.110.C,2.1875000,2.2187500,110,C,2.2038244,,1147.1214512,987.7194674
XCME.WY1.06AUG25.113.P,.8281250,.8593750,113,P,.8533249,555.6594062,698.5475596,632.5820114
