Key,BID,ASK,STRIKE,ITYPE,ADJTHEOR,IVBID,IVASK,IVAVERAGE
XCME.ZN.SEP25,112.2812500,112.2968750,INVALID,F,,,,
XCME.GY1.05AUG25.112:75.P,.5468750,.5937500,112.7500000,P,.5531779,748.9589915,909.6750760,830.7893311
XCME.GY1.05AUG25.110:75.C,1.5312500,1.5625000,110.7500000,C,1.5577755,,,
XCME.GY1.05AUG25.112:25.P,.2031250,.2343750,112.2500000,P,.2111433,646.3775499,735.3608878,690.8793153
XCME.GY1.05AUG25.113.C,.0468750,.0781250,113,C,.0705015,736.7919431,880.3008746,811.6076700
XCME.GY1.05AUG25.111.P,.0069999,.0156250,111,P,.0090418,765.5839791,885.6627025,832.4692218
XCME.GY1.05AUG25.112.C,.3750000,.4218750,112,C,.4115407,530.1725019,686.2647731,609.8136460
