Key,BID,ASK,STRIKE,ITYPE,ADJTHEOR,IVBID,IVASK,IVAVERAGE
XCME.ZN.SEP25,112.2812500,112.2968750,INVALID,F,,,,
XCME.VY1.04AUG25.111:75.P,.0156250,.0312500,111.7500000,P,.0276304,644.6373955,781.5096507,718.0577772
XCME.VY1.04AUG25.111:75.C,.5468750,.5937500,111.7500000,C,.5701926,490.4226629,920.4978743,753.9897233
XCME.VY1.04AUG25.112:75.P,.5000000,.5312500,112.7500000,P,.5107868,772.8268343,957.3322703,868.7235418
XCME.VY1.04AUG25.111:25.P,INVALID,.0156250,111.2500000,P,.0081563,,1065.7195911,931.9490437
XCME.VY1.04AUG25.111:5.P,.0069999,.0156250,111.5000000,P,.0137766,727.6162965,858.1839074,799.8193892
XCME.VY1.04AUG25.112:5.C,.0937500,.1093750,112.5000000,C,.0987611,727.0770481,797.2373162,762.3147457
XCME.VY1.04AUG25.110:25.P,INVALID,.0069999,110.2500000,P,.0035845,,1604.8964157,1456.6769446
