Key,BID,ASK,STRIKE,ITYPE,ADJTHEOR,IVBID,IVASK,IVAVERAGE
XCME.ZN.SEP25,112.2656250,112.2812500,INVALID,F,,,,
XCME.GY1.05AUG25.110:75.P,INVALID,.0156250,110.7500000,P,.0074911,,1006.1731235,889.8961070
XCME.GY1.05AUG25.111:75.P,.0468750,.0625000,111.7500000,P,.0584015,611.6190166,679.7119081,646.4373584
XCME.GY1.05AUG25.112.P,.1093750,.1250000,112,P,.1161290,628.8584631,678.5945301,653.8383112
XCME.VY1.04AUG25.111:75.P,.0156250,.0312500,111.7500000,P,.0192271,626.7405586,760.9475304,698.7275888
XCME.VY1.04AUG25.111:75.C,INVALID,INVALID,111.7500000,C,.5504767,133.6948736,760.9475671,626.7274661
XCME.VY1.04AUG25.112:75.P,.5156250,.5468750,112.7500000,P,.5149483,802.4019807,982.2485816,895.5531827
XCME.VY1.04AUG25.111:25.P,INVALID,.0156250,111.2500000,P,.0038573,,1043.4924587,911.7553953
