Key,BID,ASK,STRIKE,ITYPE,ADJTHEOR,IVBID,IVASK,IVAVERAGE
XCME.ZN.SEP25,112.2656250,112.2812500,INVALID,F,,,,
XCME.GY1.05AUG25.112:25.P,.2031250,.2343750,112.2500000,P,.2248324,625.5105826,714.3411548,669.9311994
XCME.GY1.05AUG25.113.C,.0468750,.0781250,113,C,.0604699,746.9441768,891.6491157,822.4170104
XCME.GY1.05AUG25.111.P,.0069999,.0156250,111,P,.0105800,757.4205253,876.8124522,823.8823915
XCME.GY1.05AUG25.112.C,.3906250,.4062500,112,C,.4082985,621.0330530,671.2823119,646.2801229
XCME.GY1.05AUG25.111:25.P,.0069999,.0312500,111.2500000,P,.0172506,632.9604795,867.4165813,771.6339219
XCME.GY1.05AUG25.110:25.P,INVALID,.0156250,110.2500000,P,.0050992,,1272.5393444,1133.9070541
