Key,BID,ASK,STRIKE,ITYPE,ADJTHEOR,IVBID,IVASK,IVAVERAGE
XCME.ZN.SEP25,112.2500000,112.2656250,INVALID,F,,,,
XCME.GY1.05AUG25.111:5.C,.7656250,.8125000,111.5000000,C,.7923505,501.5445085,818.2065730,690.8257292
XCME.GY1.05AUG25.110.C,2.2500000,2.2812500,110,C,2.2622698,,1492.7823642,1319.7830636
XCME.GY1.05AUG25.111:5.P,.0156250,.0468750,111.5000000,P,.0345406,579.9830882,778.6904856,690.8404451
XCME.GY1.05AUG25.110:25.C,2,2.0312500,110.2500000,C,2.0128598,,1358.4060584,1196.5317900
XCME.GY1.05AUG25.112:75.C,.0781250,.1093750,112.7500000,C,.0933512,711.9935347,827.3938202,770.8302474
XCME.GY1.05AUG25.112:5.C,.1406250,.1718750,112.5000000,C,.1507074,688.7785892,783.8320189,736.5182261
