Key,BID,ASK,STRIKE,ITYPE,ADJTHEOR,IVBID,IVASK,IVAVERAGE
XCME.ZN.SEP25,112.3281250,112.3437500,INVALID,F,,,,
XCME.GY1.05AUG25.111:5.C,.8437500,.8750000,111.5000000,C,.8552978,676.2680535,861.9075260,777.1601897
XCME.GY1.05AUG25.110.C,2.3125000,2.3593750,110,C,2.3249564,,1699.0680851,1577.5902739
XCME.GY1.05AUG25.111:5.P,.0156250,.0312500,111.5000000,P,.0349822,613.6157781,729.5214184,676.2494868
XCME.GY1.05AUG25.110:25.C,2.0625000,2.1093750,110.2500000,C,2.0757327,,1554.7221060,1440.4663015
XCME.GY1.05AUG25.112:75.C,.1093750,.1250000,112.7500000,C,.1088811,773.6928098,827.2346951,800.6322649
XCME.GY1.05AUG25.112:5.C,.1718750,.1875000,112.5000000,C,.1754861,715.8470078,762.0360409,738.9690870
