Key,BID,ASK,STRIKE,ITYPE,ADJTHEOR,IVBID,IVASK,IVAVERAGE
XCME.ZN.SEP25,112.2187500,112.2343750,INVALID,F,,,,
XCME.VY1.04AUG25.112:75.P,.5468750,.5781250,112.7500000,P,.5587061,685.6632587,904.2070345,803.1953339
XCME.VY1.04AUG25.111:25.P,INVALID,.0156250,111.2500000,P,.0062303,,991.3252762,863.3662459
XCME.VY1.04AUG25.111:5.P,.0069999,.0156250,111.5000000,P,.0096694,669.7365090,792.0876357,737.3545602
XCME.VY1.04AUG25.112:5.C,.0625000,.0781250,112.5000000,C,.0630836,657.1075809,733.2508724,695.5877764
XCME.VY1.04AUG25.110:25.P,INVALID,.0069999,110.2500000,P,.0033606,,1533.2989234,1389.9633506
XCME.VY1.04AUG25.111.P,INVALID,.0069999,111,P,.0045915,,1025.9527978,920.6358106
