Key,BID,ASK,STRIKE,ITYPE,ADJTHEOR,IVBID,IVASK,IVAVERAGE
XCME.ZN.SEP25,112.2656250,112.2812500,INVALID,F,,,,
XCME.GY1.05AUG25.110:75.C,1.5156250,1.5468750,110.7500000,C,1.5461917,,1090.9228860,952.7581003
XCME.GY1.05AUG25.112:25.P,.2187500,.2343750,112.2500000,P,.2195274,653.3997760,697.7688432,675.5848735
XCME.GY1.05AUG25.113.C,.0468750,.0781250,113,C,.0652277,755.5580927,901.0945159,831.4823417
XCME.GY1.05AUG25.111.P,.0069999,.0156250,111,P,.0100421,751.4652915,870.1988313,817.5471347
XCME.GY1.05AUG25.112.C,.3750000,.4062500,112,C,.4067243,597.7903358,697.2458482,647.9562816
XCME.GY1.05AUG25.111:25.P,.0069999,.0312500,111.2500000,P,.0162074,626.8314570,859.8425544,764.6084560
XCME.GY1.05AUG25.110:25.P,INVALID,.0156250,110.2500000,P,.0048855,,1266.3780766,1128.2145757
