Key,BID,ASK,STRIKE,ITYPE,ADJTHEOR,IVBID,IVASK,IVAVERAGE
XCME.ZN.SEP25,112.2812500,112.2968750,INVALID,F,,,,
XCME.VY1.04AUG25.113.C,.0156250,.0468750,113,C,.0295304,780.9512820,1055.3073429,933.7100724
XCME.VY1.04AUG25.112:25.P,.1406250,.1562500,112.2500000,P,.1499935,659.6520272,723.2700154,691.4698886
XCME.VY1.04AUG25.112.C,.3437500,.3750000,112,C,.3588307,519.7053568,771.9073391,652.7152651
XCME.VY1.04AUG25.112:75.C,.0468750,.0625000,112.7500000,C,.0524719,790.9000594,883.6140276,838.2418700
XCME.VY1.04AUG25.110:25.C,2.0312500,2.0625000,110.2500000,C,2.0503498,,1823.2322960,1471.7152671
XCME.ZN1.01AUG25.112:75.C,INVALID,.0069999,112.7500000,C,0,,1729.1650347,1511.3236399
XCME.ZN1.01AUG25.110:25.C,2.0312500,2.0625000,110.2500000,C,2.0390625,,,
