Key,BID,ASK,STRIKE,ITYPE,ADJTHEOR,IVBID,IVASK,IVAVERAGE
XCME.ZN.SEP25,112.2812500,112.2968750,INVALID,F,,,,
XCME.WY1.06AUG25.110.C,2.2656250,2.2968750,110,C,2.3053690,,,
XCME.WY1.06AUG25.113.P,.7968750,.8281250,113,P,.7861484,779.7271239,877.2184222,829.3416611
XCME.WY1.06AUG25.112:75.C,.1093750,.1406250,112.7500000,C,.1311300,641.6422087,728.1646756,685.4028023
XCME.WY1.06AUG25.112.C,.4218750,.4531250,112,C,.4497568,559.1101214,639.3202780,599.5025791
XCME.WY1.06AUG25.111.P,.0069999,.0312500,111,P,.0133963,621.7796317,836.9068219,749.7566227
XCME.WY1.06AUG25.112:25.C,.2812500,.3125000,112.2500000,C,.3057752,588.5675026,660.8182411,624.6986457
XCME.WY1.06AUG25.112:5.C,.1875000,.2031250,112.5000000,C,.2013135,636.1109020,673.5841233,654.8687892
