Key,BID,ASK,STRIKE,ITYPE,ADJTHEOR,IVBID,IVASK,IVAVERAGE
XCME.ZN.SEP25,112.2656250,112.2812500,INVALID,F,,,,
XCME.GY1.05AUG25.112:5.C,.1562500,.1718750,112.5000000,C,.1644695,713.0239886,806.8392627,760.0866354
XCME.GY1.05AUG25.110:5.P,INVALID,.0156250,110.5000000,P,.0066387,,1144.2537231,1016.2165033
XCME.GY1.05AUG25.110:75.P,INVALID,.0156250,110.7500000,P,.0088781,,1012.0456028,895.0677712
XCME.GY1.05AUG25.111:75.P,.0468750,.0781250,111.7500000,P,.0643611,615.1927374,747.1402552,683.6825002
XCME.GY1.05AUG25.112.P,.1093750,.1406250,112,P,.1232814,632.5324337,731.7922352,682.5588455
XCME.VY1.04AUG25.111:75.P,.0156250,.0312500,111.7500000,P,.0304175,631.1094113,766.5192768,703.7242705
XCME.VY1.04AUG25.111:75.C,.5312500,.5625000,111.7500000,C,.5581679,461.1573770,792.5965168,665.2624555
