Key,BID,ASK,STRIKE,ITYPE,ADJTHEOR,IVBID,IVASK,IVAVERAGE
XCME.ZN.SEP25,112.2343750,112.2500000,INVALID,F,,,,
XCME.WY1.06AUG25.110:75.C,1.5000000,1.5312500,110.7500000,C,1.5032292,710.7871826,982.0147762,873.6198939
XCME.WY1.06AUG25.111:5.P,.0468750,.0625000,111.5000000,P,.0520440,625.2942621,687.5058627,657.2059236
XCME.WY1.06AUG25.111.C,1.2500000,1.2812500,111,C,1.2590866,610.0010066,855.9632133,756.9317327
XCME.ZN1.01AUG25.112:75.C,INVALID,.0069999,112.7500000,C,0,,1854.2020133,1623.6381346
XCME.ZN1.01AUG25.110:25.C,1.9843750,2.0156250,110.2500000,C,1.9921875,,,
XCME.ZN1.01AUG25.110:25.P,INVALID,.0069999,110.2500000,P,0,,,
XCME.ZN1.01AUG25.110:75.P,INVALID,.0069999,110.7500000,P,0,,,
