Key,BID,ASK,STRIKE,ITYPE,ADJTHEOR,IVBID,IVASK,IVAVERAGE
XCME.ZN.SEP25,112.2500000,112.2656250,INVALID,F,,,,
XCME.WY1.06AUG25.112:5.P,.4062500,.4531250,112.5000000,P,.4196698,629.3612082,744.3714175,687.1182802
XCME.WY1.06AUG25.111:5.C,.7812500,.8281250,111.5000000,C,.8062874,505.9430937,720.7252123,625.7760032
XCME.WY1.06AUG25.110:25.P,INVALID,.0156250,110.2500000,P,.0075578,,1033.8591457,920.8712603
XCME.WY1.06AUG25.111:75.P,.0625000,.0937500,111.7500000,P,.0855636,546.3905847,646.4832356,597.7749757
XCME.WY1.06AUG25.112:75.P,.5937500,.6406250,112.7500000,P,.6052387,663.7314752,796.3735883,731.2256590
XCME.WY1.06AUG25.110:5.C,1.7500000,1.7812500,110.5000000,C,1.7699767,,971.8235179,830.1268682
