Key,BID,ASK,STRIKE,ITYPE,ADJTHEOR,IVBID,IVASK,IVAVERAGE
XCME.ZN.SEP25,112.1875000,112.2031250,INVALID,F,,,,
XCME.VY1.04AUG25.112.C,.2500000,.2812500,112,C,.2674692,517.9731144,662.0467345,591.2589198
XCME.VY1.04AUG25.112:75.C,.0156250,.0312500,112.7500000,C,.0219189,642.4940664,778.7464242,715.6447648
XCME.VY1.04AUG25.110:25.C,1.9375000,1.9687500,110.2500000,C,1.9487477,,1866.4894529,1643.3997337
XCME.WY1.06AUG25.110.C,2.1875000,2.2187500,110,C,2.2005142,,1183.7593052,1045.5393285
XCME.WY1.06AUG25.113.P,.8437500,.8593750,113,P,.8558562,619.7191504,687.8166607,654.8848859
XCME.WY1.06AUG25.112:75.C,.0781250,.0937500,112.7500000,C,.0821093,619.5602241,668.7466203,644.4523547
XCME.WY1.06AUG25.112.C,.3437500,.3750000,112,C,.3591250,536.5377804,612.0788248,574.4304475
