Key,BID,ASK,STRIKE,ITYPE,ADJTHEOR,IVBID,IVASK,IVAVERAGE
XCME.ZN.SEP25,112.2343750,112.2500000,INVALID,F,,,,
XCME.VY1.04AUG25.112.C,.2812500,.3437500,112,C,.3130847,500.9883303,817.4557345,666.7479954
XCME.VY1.04AUG25.112:75.C,.0312500,.0625000,112.7500000,C,.0488479,755.1446037,963.7169621,865.3890771
XCME.VY1.04AUG25.110:25.C,1.9687500,2.0156250,110.2500000,C,1.9996328,,1914.5243511,1642.1034363
XCME.ZN1.01AUG25.112:75.C,INVALID,.0069999,112.7500000,C,0,,,
XCME.ZN1.01AUG25.110:25.C,1.9687500,2.0156250,110.2500000,C,1.9921875,,,
XCME.ZN1.01AUG25.110:25.P,INVALID,.0069999,110.2500000,P,0,,,
XCME.ZN1.01AUG25.110:75.P,INVALID,.0069999,110.7500000,P,0,,,
