Key,BID,ASK,STRIKE,ITYPE,ADJTHEOR,IVBID,IVASK,IVAVERAGE
XCME.ZN.SEP25,112.2500000,112.2656250,INVALID,F,,,,
XCME.ZN1.01AUG25.112:5.C,INVALID,.0069999,112.5000000,C,0,,1475.4767579,1266.2141193
XCME.ZN1.01AUG25.111:5.C,.7343750,.7812500,111.5000000,C,.7578125,,,
XCME.ZN1.01AUG25.113.P,.7187500,.7656250,113,P,.7421874,,,
XCME.ZN1.01AUG25.112:25.P,INVALID,.0156250,112.2500000,P,.0087910,,388.8278383,182.4841784
XCME.ZN1.01AUG25.111.C,1.2343750,1.2812500,111,C,1.2578125,,,
XCME.ZN1.01AUG25.112.C,.2343750,.2812500,112,C,.2578124,,,1769.4679402
