Key,BID,ASK,STRIKE,ITYPE,ADJTHEOR,IVBID,IVASK,IVAVERAGE
XCME.ZN.SEP25,112.2500000,112.2656250,INVALID,F,,,,
XCME.WY1.06AUG25.110.P,INVALID,.0156250,110,P,.0007673,,1114.2027445,995.1785313
XCME.WY1.06AUG25.110:75.P,.0069999,.0156250,110.7500000,P,.0112653,692.5850295,798.0867930,751.4795251
XCME.WY1.06AUG25.112:25.P,.2656250,.2968750,112.2500000,P,.2812190,593.1440799,665.0810428,629.1131344
XCME.WY1.06AUG25.111:25.C,1,1.0156250,111.2500000,C,1.0265696,574.9813343,677.1765908,654.5667854
XCME.WY1.06AUG25.110:5.P,.0069999,.0156250,110.5000000,P,.0047942,789.6666981,905.4336077,854.3840541
XCME.WY1.06AUG25.110:25.C,1.9687500,2,110.2500000,C,1.9862563,,1010.6672384,1053.3691296
