Key,BID,ASK,STRIKE,ITYPE,ADJTHEOR,IVBID,IVASK,IVAVERAGE
XCME.ZN.SEP25,112.1875000,112.2031250,INVALID,F,,,,
XCME.VY1.04AUG25.111.C,1.1875000,1.2187500,111,C,1.1986081,,1272.4017849,1101.9631841
XCME.VY1.04AUG25.110:5.C,1.6875000,1.7187500,110.5000000,C,1.6984424,,1673.3246997,1466.4404331
XCME.VY1.04AUG25.110.C,2.1875000,2.2187500,110,C,2.1989955,,,1816.2529180
XCME.VY1.04AUG25.110:75.C,1.4375000,1.4687500,110.7500000,C,1.4483046,,1475.4132769,1286.2902161
XCME.VY1.04AUG25.110.P,INVALID,.0069999,110,P,.0036830,,1676.5604498,1522.9026465
XCME.VY1.04AUG25.111:25.C,.9375000,.9687500,111.2500000,C,.9503378,,1059.3468182,907.6016871
