Key,BID,ASK,STRIKE,ITYPE,ADJTHEOR,IVBID,IVASK,IVAVERAGE
XCME.ZN.SEP25,112.2343750,112.2500000,INVALID,F,,,,
XCME.GY1.05AUG25.112:5.C,.1406250,.1562500,112.5000000,C,.1620674,701.1318415,749.2995334,725.2773584
XCME.GY1.05AUG25.110:5.P,INVALID,.0156250,110.5000000,P,.0068244,,1130.9902792,1003.7511330
XCME.GY1.05AUG25.110:75.P,.0069999,.0156250,110.7500000,P,.0092302,866.4006130,998.0665666,939.8513178
XCME.GY1.05AUG25.111:75.P,.0625000,.0781250,111.7500000,P,.0723558,660.7023526,723.3048608,692.4809363
XCME.GY1.05AUG25.112.P,.1250000,.1562500,112,P,.1380225,652.6918826,749.5524186,701.3981385
XCME.ZN1.01AUG25.112:75.C,INVALID,.0069999,112.7500000,C,.0000976,,,
XCME.ZN1.01AUG25.110:25.C,1.9687500,2.0156250,110.2500000,C,,,,
