Key,BID,ASK,STRIKE,ITYPE,ADJTHEOR,IVBID,IVASK,IVAVERAGE
XCME.ZN.SEP25,112.1875000,112.2031250,INVALID,F,,,,
XCME.GY1.05AUG25.112:75.P,.5781250,.6093750,112.7500000,P,.5957092,662.2754279,787.1605061,726.5806633
XCME.GY1.05AUG25.110:75.C,1.4531250,1.4843750,110.7500000,C,1.4704659,,779.3825386,589.9135478
XCME.GY1.05AUG25.112:25.P,.2343750,.2500000,112.2500000,P,.2338395,609.7065900,653.8739171,631.7918080
XCME.GY1.05AUG25.113.C,.0156250,.0468750,113,C,.0347486,587.9378025,789.6524438,700.6168548
XCME.GY1.05AUG25.111.P,.0069999,.0156250,111,P,.0087819,717.8070987,832.7514547,781.7806473
XCME.GY1.05AUG25.112.C,.3125000,.3437500,112,C,.3375937,524.5087897,620.9157884,573.0751264
