Key,BID,ASK,STRIKE,ITYPE,ADJTHEOR,IVBID,IVASK,IVAVERAGE
XCME.ZN.SEP25,112.2500000,112.2656250,INVALID,F,,,,
XCME.GY1.05AUG25.112:25.P,.2187500,.2500000,112.2500000,P,.2383082,631.7079148,720.3855526,676.0470096
XCME.GY1.05AUG25.113.C,.0468750,.0781250,113,C,.0609752,765.5391025,912.2814600,842.1245660
XCME.GY1.05AUG25.111.P,.0069999,.0156250,111,P,.0113407,743.3324081,861.4031374,809.0481360
XCME.GY1.05AUG25.112.C,.3750000,.4062500,112,C,.3885326,632.5169046,729.7116749,681.4330511
XCME.GY1.05AUG25.111:25.P,.0069999,.0312500,111.2500000,P,.0187157,617.9997251,849.6307722,754.9736838
XCME.GY1.05AUG25.110:25.P,INVALID,.0156250,110.2500000,P,.0050264,,1258.1679480,1120.5945366
