Key,BID,ASK,STRIKE,ITYPE,ADJTHEOR,IVBID,IVASK,IVAVERAGE
XCME.ZN.SEP25,112.2343750,112.2500000,INVALID,F,,,,
XCME.WY1.06AUG25.113.C,.0625000,.0781250,113,C,.0681959,695.2144480,752.7457616,724.5150851
XCME.WY1.06AUG25.110.P,INVALID,.0156250,110,P,.0053241,,1117.9456099,998.7883121
XCME.WY1.06AUG25.110:75.P,.0069999,.0156250,110.7500000,P,.0109603,695.4499161,801.3392569,754.5204238
XCME.WY1.06AUG25.112:25.P,.2656250,.2812500,112.2500000,P,.2734863,599.3058960,635.3369296,617.3214910
XCME.WY1.06AUG25.111:25.C,1,1.0312500,111.2500000,C,1.0162413,540.1887049,739.5565692,655.1086595
XCME.WY1.06AUG25.110:5.P,.0069999,.0156250,110.5000000,P,.0079986,792.5387447,908.8459138,857.6606969
XCME.WY1.06AUG25.110:25.C,1.9843750,2.0156250,110.2500000,C,1.9950097,,1126.6467488,1009.4091813
