Key,BID,ASK,STRIKE,ITYPE,ADJTHEOR,IVBID,IVASK,IVAVERAGE
XCME.ZN.SEP25,112.3125000,112.3281250,INVALID,F,,,,
XCME.WY1.06AUG25.111:75.C,.6406250,.6718750,111.7500000,C,.6593544,596.0568447,697.4836151,648.1129221
XCME.WY1.06AUG25.113.C,.0937500,.1093750,113,C,.0929247,755.5150489,805.2917826,780.6594274
XCME.WY1.06AUG25.110.P,INVALID,.0156250,110,P,.0055022,,1158.2655466,1035.5782074
XCME.WY1.06AUG25.110:75.P,.0069999,.0156250,110.7500000,P,.0121370,732.9744082,842.5043374,794.1471534
XCME.WY1.06AUG25.112:25.P,.2343750,.2500000,112.2500000,P,.2463543,625.0448578,661.4184543,643.2346007
XCME.WY1.06AUG25.111:25.C,1.0781250,1.1250000,111.2500000,C,1.1033851,478.3038039,827.8143798,701.7054036
