Key,BID,ASK,STRIKE,ITYPE,ADJTHEOR,IVBID,IVASK,IVAVERAGE
XCME.ZN.SEP25,112.2500000,112.2656250,INVALID,F,,,,
XCME.WY1.06AUG25.113.C,.0625000,.0937500,113,C,.0782150,689.7064538,801.0840937,747.1653663
XCME.WY1.06AUG25.110.P,INVALID,.0156250,110,P,.0056977,,1134.7677511,1013.9843168
XCME.WY1.06AUG25.110:75.P,.0069999,.0156250,110.7500000,P,.0105899,708.5660545,816.0995394,768.6066684
XCME.WY1.06AUG25.112:25.P,.2500000,.2812500,112.2500000,P,.2697389,590.0006698,662.6267633,626.3138694
XCME.WY1.06AUG25.111:25.C,1.0156250,1.0468750,111.2500000,C,1.0336898,516.1712709,738.3272118,648.0892016
XCME.WY1.06AUG25.110:5.P,INVALID,.0156250,110.5000000,P,.0080001,,924.3019154,820.4838114
XCME.WY1.06AUG25.110:25.C,2,2.0312500,110.2500000,C,2.0143774,,1112.5525630,980.0867617
