Key,BID,ASK,STRIKE,ITYPE,ADJTHEOR,IVBID,IVASK,IVAVERAGE
XCME.ZN.SEP25,112.2500000,112.2656250,INVALID,F,,,,
XCME.GY1.05AUG25.112:25.P,.2187500,.2500000,112.2500000,P,.2378846,632.2791322,721.7287163,677.0040287
XCME.GY1.05AUG25.113.C,.0468750,.0781250,113,C,.0601984,774.7545081,923.0151066,852.1333189
XCME.GY1.05AUG25.111.P,.0069999,.0312500,111,P,.0116361,748.1012279,1010.4561986,904.0542910
XCME.GY1.05AUG25.112.C,.3593750,.3906250,112,C,.3846635,595.6863675,694.6775673,645.5677840
XCME.GY1.05AUG25.111:25.P,.0069999,.0312500,111.2500000,P,.0190522,621.5988353,854.8898075,759.5296826
XCME.GY1.05AUG25.110:25.P,INVALID,.0156250,110.2500000,P,.0051296,,1267.3159585,1128.7631471
