Key,BID,ASK,STRIKE,ITYPE,ADJTHEOR,IVBID,IVASK,IVAVERAGE
XCME.ZN.SEP25,112.2812500,112.2968750,INVALID,F,,,,
XCME.WY1.06AUG25.110:5.C,1.7812500,1.8125000,110.5000000,C,1.8072122,,893.8982124,581.8155417
XCME.WY1.06AUG25.112.P,.1406250,.1718750,112,P,.1493818,608.4672086,687.4377638,648.1727112
XCME.WY1.06AUG25.110:75.C,1.5312500,1.5625000,110.7500000,C,1.5593887,,790.5209719,508.5539316
XCME.WY1.06AUG25.111:5.P,.0312500,.0625000,111.5000000,P,.0425110,582.3391451,719.4005925,655.4478412
XCME.WY1.06AUG25.111.C,1.2812500,1.3125000,111,C,1.3137713,,684.9190340,434.4359821
XCME.ZN1.01AUG25.112:75.C,INVALID,.0069999,112.7500000,C,0,,1608.7344772,1406.0696260
XCME.ZN1.01AUG25.110:25.C,2.0156250,2.0468750,110.2500000,C,2.0390625,,,
