Key,BID,ASK,STRIKE,ITYPE,ADJTHEOR,IVBID,IVASK,IVAVERAGE
XCME.ZN.SEP25,112.2968750,112.3125000,INVALID,F,,,,
XCME.VY1.04AUG25.112:75.P,.4843750,.5156250,112.7500000,P,.5047881,712.3251572,904.4281538,813.0565744
XCME.VY1.04AUG25.111:25.P,INVALID,.0156250,111.2500000,P,.0080590,,1072.5036339,938.4584315
XCME.VY1.04AUG25.111:5.P,.0069999,.0156250,111.5000000,P,.0137811,731.8484990,863.2223907,804.4964469
XCME.VY1.04AUG25.112:5.C,.0937500,.1093750,112.5000000,C,.1019894,715.6178195,785.4789395,750.7023479
XCME.VY1.04AUG25.110:25.P,INVALID,.0069999,110.2500000,P,.0036053,,1610.2787245,1461.5306744
XCME.VY1.04AUG25.111.P,.0069999,.0156250,111,P,.0056729,1098.3351156,1270.3460899,1194.1885353
XCME.VY1.04AUG25.110:75.P,INVALID,.0069999,110.7500000,P,.0044932,,1272.1894460,1148.2372310
