Key,BID,ASK,STRIKE,ITYPE,ADJTHEOR,IVBID,IVASK,IVAVERAGE
XCME.ZN.SEP25,112.2656250,112.2812500,INVALID,F,,,,
XCME.WY1.06AUG25.111:75.C,.5781250,.6250000,111.7500000,C,.6075093,526.0830832,677.4860498,604.9012307
XCME.WY1.06AUG25.113.C,.0781250,.0937500,113,C,.0805558,738.0021724,791.5359592,765.1305590
XCME.WY1.06AUG25.110.P,INVALID,.0156250,110,P,.0056181,,1141.3836657,1019.9933973
XCME.WY1.06AUG25.110:75.P,.0069999,.0156250,110.7500000,P,.0103045,715.0221856,823.1247619,775.3962531
XCME.WY1.06AUG25.112:25.P,.2500000,.2812500,112.2500000,P,.2622545,607.8126417,680.4751447,644.1450663
XCME.WY1.06AUG25.111:25.C,1.0312500,1.0625000,111.2500000,C,1.0483342,523.4567146,746.9153882,656.1433663
