Key,BID,ASK,STRIKE,ITYPE,ADJTHEOR,IVBID,IVASK,IVAVERAGE
XCME.ZN.SEP25,112.2500000,112.2656250,INVALID,F,,,,
XCME.WY1.06AUG25.110:75.C,1.5000000,1.5468750,110.7500000,C,1.5230825,,987.0360354,842.7322542
XCME.WY1.06AUG25.111:5.P,.0468750,.0625000,111.5000000,P,.0582225,635.6601961,698.5123800,667.9136982
XCME.WY1.06AUG25.111.C,1.2500000,1.2968750,111,C,1.2802845,,861.4102372,729.7181738
XCME.VY1.04AUG25.111:75.P,.0156250,.0312500,111.7500000,P,.0313635,609.8421979,742.7823690,681.0833805
XCME.VY1.04AUG25.111:75.C,.5156250,.5468750,111.7500000,C,.5356761,563.2450706,822.4982751,709.6089093
XCME.VY1.04AUG25.112:75.P,.5156250,.5625000,112.7500000,P,.5478980,641.5869274,961.6825340,817.7285840
XCME.VY1.04AUG25.111:25.P,INVALID,.0156250,111.2500000,P,.0080123,,1033.2397977,901.5000015
