Key,BID,ASK,STRIKE,ITYPE,ADJTHEOR,IVBID,IVASK,IVAVERAGE
XCME.ZN.SEP25,112.1875000,112.2031250,INVALID,F,,,,
XCME.VY1.04AUG25.111.P,INVALID,.0069999,111,P,.0032806,,998.9188300,896.5467542
XCME.VY1.04AUG25.110:75.P,INVALID,.0069999,110.7500000,P,.0029877,,1170.6350534,1054.7381896
XCME.VY1.04AUG25.112.P,.0625000,.0781250,112,P,.0721588,551.7168843,623.1971601,587.7567129
XCME.VY1.04AUG25.111:5.C,.6875000,.7187500,111.5000000,C,.7048097,,840.8625242,712.7002950
XCME.VY1.04AUG25.112:25.C,.1093750,.1406250,112.2500000,C,.1252590,536.6438314,662.2314814,599.5076012
XCME.VY1.04AUG25.110:5.P,INVALID,.0069999,110.5000000,P,.0031295,,1338.3649799,1210.0634165
XCME.VY1.04AUG25.112:5.P,.3437500,.3750000,112.5000000,P,.3563770,566.3496231,731.0603857,651.6417038
