Key,BID,ASK,STRIKE,ITYPE,ADJTHEOR,IVBID,IVASK,IVAVERAGE
XCME.ZN.SEP25,112.2343750,112.2500000,INVALID,F,,,,
XCME.GY1.05AUG25.111:25.P,.0069999,.0312500,111.2500000,P,.0172275,607.3233050,836.8211867,743.0257466
XCME.GY1.05AUG25.110:25.P,INVALID,.0156250,110.2500000,P,.0049071,,1246.2159028,1109.8676624
XCME.GY1.05AUG25.111:5.C,.7500000,.7812500,111.5000000,C,.7739785,492.0868142,724.0303371,628.4655819
XCME.GY1.05AUG25.110.C,2.2343750,2.2656250,110,C,2.2466224,,1227.0784668,1113.0191067
XCME.GY1.05AUG25.111:5.P,.0156250,.0468750,111.5000000,P,.0317892,569.4282023,765.6813456,678.8498118
XCME.GY1.05AUG25.110:25.C,1.9843750,2.0156250,110.2500000,C,1.9970946,,1109.8676624,1004.4576676
XCME.GY1.05AUG25.112:75.C,.0781250,.0937500,112.7500000,C,.0850670,722.6353986,781.7739625,752.5454406
