Key,BID,ASK,STRIKE,ITYPE,ADJTHEOR,IVBID,IVASK,IVAVERAGE
XCME.ZN.SEP25,112.2343750,112.2500000,INVALID,F,,,,
XCME.VY1.04AUG25.113.P,.7656250,.7968750,113,P,.7856275,636.4258569,1014.8413059,869.3269625
XCME.VY1.04AUG25.113.C,.0156250,.0312500,113,C,.0243150,820.2370886,978.1597653,905.4596429
XCME.VY1.04AUG25.112:25.P,.1562500,.1718750,112.2500000,P,.1644054,605.5119836,668.3938068,636.9536184
XCME.VY1.04AUG25.112.C,.2968750,.3281250,112,C,.3033582,595.5271763,743.7962868,671.0216826
XCME.VY1.04AUG25.112:75.C,.0312500,.0468750,112.7500000,C,.0387997,739.5591703,847.0284643,795.2345329
XCME.VY1.04AUG25.110:25.C,1.9687500,2,110.2500000,C,1.9921418,,1673.1025624,1563.0603843
