Key,BID,ASK,STRIKE,ITYPE,ADJTHEOR,IVBID,IVASK,IVAVERAGE
XCME.ZN.SEP25,112.2968750,112.3125000,INVALID,F,,,,
XCME.WY1.06AUG25.110.P,INVALID,.0156250,110,P,.0054363,,1148.2854556,1026.3363157
XCME.WY1.06AUG25.110:75.P,.0069999,.0156250,110.7500000,P,.0112991,723.3889057,831.9525731,783.9877433
XCME.WY1.06AUG25.112:25.P,.2500000,.2656250,112.2500000,P,.2586567,598.9699135,671.4953361,635.2382056
XCME.WY1.06AUG25.111:25.C,1.0625000,1.0937500,111.2500000,C,1.0779247,579.2005233,780.5445809,694.6460291
XCME.WY1.06AUG25.110:5.P,.0069999,.0156250,110.5000000,P,.0082757,820.3074292,939.2139853,886.8004551
XCME.WY1.06AUG25.110:25.C,2.0468750,2.0781250,110.2500000,C,2.0569096,,1166.2224782,1049.3237615
