Key,BID,ASK,STRIKE,ITYPE,ADJTHEOR,IVBID,IVASK,IVAVERAGE
XCME.ZN.SEP25,112.2968750,112.3125000,INVALID,F,,,,
XCME.VY1.04AUG25.112:75.P,.4843750,.5468750,112.7500000,P,.5037654,712.3251572,1071.8127553,904.4281538
XCME.VY1.04AUG25.111:25.P,INVALID,.0156250,111.2500000,P,.0072808,,1072.5036339,938.4584315
XCME.VY1.04AUG25.111:5.P,.0069999,.0156250,111.5000000,P,.0128987,731.8484990,863.2223907,804.4964469
XCME.VY1.04AUG25.112:5.C,.0937500,.1250000,112.5000000,C,.1020146,715.6178195,854.2828385,785.4789395
XCME.VY1.04AUG25.110:25.P,INVALID,.0069999,110.2500000,P,.0034683,,1610.2787245,1461.5306744
XCME.VY1.04AUG25.111.P,.0069999,.0156250,111,P,.0050910,1098.3351156,1270.3460899,1194.1885353
