Key,BID,ASK,STRIKE,ITYPE,ADJTHEOR,IVBID,IVASK,IVAVERAGE
XCME.ZN.SEP25,112.2812500,112.2968750,INVALID,F,,,,
XCME.VY1.04AUG25.111:75.P,.0156250,.0312500,111.7500000,P,.0168645,640.8284989,776.5486438,713.6424916
XCME.VY1.04AUG25.111:75.C,.5312500,.5781250,111.7500000,C,.5637391,,,
XCME.VY1.04AUG25.112:75.P,.5156250,.5468750,112.7500000,P,.5056618,878.2642993,1045.8167892,964.1354159
XCME.VY1.04AUG25.111:25.P,INVALID,.0156250,111.2500000,P,.0034383,,1056.6526739,924.1697447
XCME.VY1.04AUG25.111:5.P,INVALID,.0156250,111.5000000,P,.0064955,,851.6749227,737.3216430
XCME.VY1.04AUG25.112:5.C,.0781250,.0937500,112.5000000,C,.0964882,641.6612967,712.2878737,677.1899334
XCME.VY1.04AUG25.110:25.P,INVALID,.0069999,110.2500000,P,.0035214,,1588.7997232,1442.1033489
