Key,BID,ASK,STRIKE,ITYPE,ADJTHEOR,IVBID,IVASK,IVAVERAGE
XCME.ZN.SEP25,112.2187500,112.2343750,INVALID,F,,,,
XCME.WY1.06AUG25.110.P,INVALID,.0156250,110,P,.0063441,,1121.2668411,1001.7680800
XCME.WY1.06AUG25.110:75.P,.0069999,.0312500,110.7500000,P,.0140046,696.5113191,929.4520594,835.5034655
XCME.WY1.06AUG25.112:25.P,.2812500,.3125000,112.2500000,P,.2989846,629.8510350,702.3520287,666.1022350
XCME.WY1.06AUG25.111:25.C,.9843750,1.0312500,111.2500000,C,1.0159745,438.8985687,776.4578075,654.5727734
XCME.WY1.06AUG25.110:5.P,.0069999,.0156250,110.5000000,P,.0100363,794.1203863,910.8443432,859.4835516
XCME.WY1.06AUG25.110:25.C,1.9687500,2,110.2500000,C,1.9886206,,1055.7545810,898.3305822
