Key,BID,ASK,STRIKE,ITYPE,ADJTHEOR,IVBID,IVASK,IVAVERAGE
XCME.ZN.SEP25,112.2031250,112.2187500,INVALID,F,,,,
XCME.VY1.04AUG25.112:75.P,.5468750,.5781250,112.7500000,P,.5655235,475.7398855,793.5356287,669.0181090
XCME.VY1.04AUG25.111:25.P,INVALID,.0069999,111.2500000,P,.0049848,,826.5679341,735.9132603
XCME.VY1.04AUG25.111:5.P,.0069999,.0156250,111.5000000,P,.0095190,651.2921295,771.1148448,717.4585070
XCME.VY1.04AUG25.112:5.C,.0468750,.0625000,112.5000000,C,.0550776,595.8456847,676.9952460,637.1105401
XCME.VY1.04AUG25.110:25.P,INVALID,.0069999,110.2500000,P,.0034364,,1511.8354357,1370.1441457
XCME.VY1.04AUG25.111.P,INVALID,.0069999,111,P,.0033086,,1006.9157083,903.5123641
