Key,BID,ASK,STRIKE,ITYPE,ADJTHEOR,IVBID,IVASK,IVAVERAGE
XCME.ZN.SEP25,112.2656250,112.2812500,INVALID,F,,,,
XCME.ZN1.01AUG25.113.P,.7031250,.7500000,113,P,.7265625,,,
XCME.ZN1.01AUG25.112:25.P,.0156250,.0312500,112.2500000,P,.0255188,381.3447556,623.7534877,503.8000787
XCME.ZN1.01AUG25.111.C,1.2500000,1.2968750,111,C,1.2734374,,,
XCME.ZN1.01AUG25.112.C,.2500000,.2968750,112,C,.2735402,,1639.7432559,1320.1460821
XCME.VY1.04AUG25.111:75.P,.0156250,.0312500,111.7500000,P,.0256072,623.6293031,757.7983148,695.5710097
XCME.VY1.04AUG25.111:75.C,.5312500,.5625000,111.7500000,C,.5490449,531.1704029,814.1909065,695.5767980
