Key,BID,ASK,STRIKE,ITYPE,ADJTHEOR,IVBID,IVASK,IVAVERAGE
XCME.ZN.SEP25,112.2187500,112.2343750,INVALID,F,,,,
XCME.GY1.05AUG25.111:5.C,.7343750,.7812500,111.5000000,C,.7691038,624.1122840,800.4466647,719.6479461
XCME.GY1.05AUG25.110.C,2.2031250,2.2500000,110,C,2.2310828,,1484.7247795,1312.0393656
XCME.GY1.05AUG25.111:5.P,.0312500,.0468750,111.5000000,P,.0425391,674.4572728,761.3173007,719.6427619
XCME.GY1.05AUG25.110:25.C,1.9531250,2,110.2500000,C,1.9818620,,1349.2496195,1188.0985514
XCME.GY1.05AUG25.112:75.C,.0937500,.1093750,112.7500000,C,.0927742,802.2321351,859.9482319,831.3422712
XCME.GY1.05AUG25.112:5.C,.1406250,.1562500,112.5000000,C,.1490970,725.7930465,774.4048445,750.1667605
