Key,BID,ASK,STRIKE,ITYPE,ADJTHEOR,IVBID,IVASK,IVAVERAGE
XCME.ZN.SEP25,112.2031250,112.2187500,INVALID,F,,,,
XCME.ZN1.01AUG25.112:25.P,.0468750,.0781250,112.2500000,P,.0719942,141.6453127,628.6869474,417.7510727
XCME.ZN1.01AUG25.111.C,1.2031250,1.2343750,111,C,1.2031247,1394.7177600,,
XCME.ZN1.01AUG25.112.C,.1875000,.2187500,112,C,.2054003,,965.1491230,879.6704455
XCME.WY1.06AUG25.110.C,2.2031250,2.2343750,110,C,2.2032878,282.2968662,1255.3391322,1144.5450858
XCME.WY1.06AUG25.113.P,.8125000,.8437500,113,P,.8439844,484.0924983,649.3450969,576.4108791
XCME.WY1.06AUG25.112:75.C,.0781250,.0937500,112.7500000,C,.0777968,612.9682402,661.8903700,637.7235329
XCME.WY1.06AUG25.112.C,.3593750,.3750000,112,C,.3667690,561.5656376,599.3503739,580.4896431
