Key,BID,ASK,STRIKE,ITYPE,ADJTHEOR,IVBID,IVASK,IVAVERAGE
XCME.ZN.SEP25,112.2187500,112.2343750,INVALID,F,,,,
XCME.VY1.04AUG25.111.C,1.2187500,1.2500000,111,C,1.2346347,,1319.1569948,1136.9067395
XCME.VY1.04AUG25.110:5.C,1.7187500,1.7500000,110.5000000,C,1.7318254,,1726.3986735,1505.8507526
XCME.VY1.04AUG25.110.C,2.2031250,2.2500000,110,C,2.2309680,,,1859.4525130
XCME.VY1.04AUG25.110:75.C,1.4687500,1.5000000,110.7500000,C,1.4828272,,1525.2983957,1323.4622174
XCME.VY1.04AUG25.110.P,INVALID,.0069999,110,P,.0035930,,1738.0607538,1579.0752339
XCME.VY1.04AUG25.111:25.C,.9687500,1.0156250,111.2500000,C,.9882574,,1264.0091176,1057.2877251
