Key,BID,ASK,STRIKE,ITYPE,ADJTHEOR,IVBID,IVASK,IVAVERAGE
XCME.ZN.SEP25,112.2812500,112.2968750,INVALID,F,,,,
XCME.VY1.04AUG25.111.C,1.2656250,1.3125000,111,C,1.2982893,,1329.0489710,1122.2042039
XCME.VY1.04AUG25.110:5.C,1.7656250,1.8125000,110.5000000,C,1.7964488,,1723.7685610,1473.7475040
XCME.VY1.04AUG25.110.C,2.2656250,2.3125000,110,C,2.2960164,,,1812.8709252
XCME.VY1.04AUG25.110:75.C,1.5156250,1.5625000,110.7500000,C,1.5470792,,1528.6161308,1299.7899200
XCME.VY1.04AUG25.110.P,INVALID,.0069999,110,P,.0034539,,1770.9865797,1610.6355775
XCME.VY1.04AUG25.111:25.C,1.0312500,1.0625000,111.2500000,C,1.0507188,,1123.8043279,940.4310345
XCME.VY1.04AUG25.113.P,.7187500,.7656250,113,P,.7402420,,1033.8463862,868.2689654
