Key,BID,ASK,STRIKE,ITYPE,ADJTHEOR,IVBID,IVASK,IVAVERAGE
XCME.ZN.SEP25,112.2500000,112.2656250,INVALID,F,,,,
XCME.VY1.04AUG25.112.C,.2968750,.3281250,112,C,.3195846,534.8526638,692.1334706,615.7541183
XCME.VY1.04AUG25.112:75.C,.0312500,.0468750,112.7500000,C,.0412803,724.4303966,830.6480238,779.4321846
XCME.VY1.04AUG25.110:25.C,1.9843750,2.0156250,110.2500000,C,2.0078164,,1684.0992476,1573.4578854
XCME.WY1.06AUG25.110.C,2.2500000,2.2812500,110,C,2.2597242,,1245.1303273,1119.2620675
XCME.WY1.06AUG25.113.P,.8125000,.8437500,113,P,.8207109,702.6016760,811.3867845,758.5964662
XCME.WY1.06AUG25.112:75.C,.1093750,.1250000,112.7500000,C,.1136542,674.8630967,719.5018628,697.3380415
XCME.WY1.06AUG25.112.C,.4062500,.4375000,112,C,.4153665,598.6550837,675.7190221,637.3438757
