Key,BID,ASK,STRIKE,ITYPE,ADJTHEOR,IVBID,IVASK,IVAVERAGE
XCME.ZN.SEP25,112.2812500,112.2968750,INVALID,F,,,,
XCME.WY1.06AUG25.112.P,.1406250,.1718750,112,P,.1568121,604.2879839,683.3375916,644.0279888
XCME.WY1.06AUG25.110:75.C,1.5312500,1.5625000,110.7500000,C,1.5541589,,869.1790639,739.0597819
XCME.WY1.06AUG25.111:5.P,.0312500,.0625000,111.5000000,P,.0497793,580.4340658,717.4993777,653.5323669
XCME.WY1.06AUG25.111.C,1.2812500,1.3281250,111,C,1.3099562,,863.0872390,722.3359221
XCME.ZN1.01AUG25.112:75.C,INVALID,.0069999,112.7500000,C,0,,1891.4795183,1654.0039677
XCME.ZN1.01AUG25.110:25.C,2.0156250,2.0625000,110.2500000,C,2.0390625,,,
