Key,BID,ASK,STRIKE,ITYPE,ADJTHEOR,IVBID,IVASK,IVAVERAGE
XCME.ZN.SEP25,112.2812500,112.2968750,INVALID,F,,,,
XCME.VY1.04AUG25.111:75.P,.0156250,.0312500,111.7500000,P,.0238634,644.7282687,781.2758812,717.9867580
XCME.VY1.04AUG25.111:75.C,.5468750,.5781250,111.7500000,C,.5707386,201.9641269,781.2738513,644.7203479
XCME.VY1.04AUG25.112:75.P,.5000000,.5312500,112.7500000,P,.5067092,687.5063528,970.0065145,838.2380216
XCME.VY1.04AUG25.111:25.P,INVALID,.0156250,111.2500000,P,.0058411,,1063.0712355,929.7747629
XCME.VY1.04AUG25.111:5.P,.0069999,.0156250,111.5000000,P,.0106325,726.6218331,856.8617324,798.6733497
XCME.VY1.04AUG25.112:5.C,.0937500,.1093750,112.5000000,C,.1009081,716.6257405,786.2133182,751.5723528
XCME.VY1.04AUG25.110:25.P,INVALID,.0069999,110.2500000,P,.0034552,,1598.4621598,1450.8676896
