Key,BID,ASK,STRIKE,ITYPE,ADJTHEOR,IVBID,IVASK,IVAVERAGE
XCME.ZN.SEP25,112.1875000,112.2031250,INVALID,F,,,,
XCME.GY1.05AUG25.110:75.P,.0069999,.0156250,110.7500000,P,.0057765,831.7688258,958.9143665,902.7107455
XCME.GY1.05AUG25.111:75.P,.0468750,.0625000,111.7500000,P,.0603019,549.2979935,613.7412708,582.2024202
XCME.GY1.05AUG25.112.P,.1093750,.1406250,112,P,.1267822,546.2526954,640.9433908,593.8790404
XCME.WY1.06AUG25.110.C,2.1875000,2.2187500,110,C,2.2157885,,984.6500894,
XCME.WY1.06AUG25.113.P,.8281250,.8593750,113,P,.8389262,609.9041910,737.8876860,677.3602189
XCME.WY1.06AUG25.112:75.C,.0781250,.0937500,112.7500000,C,.0809520,608.2585065,656.9580372,632.8962595
XCME.WY1.06AUG25.112.C,.3437500,.3750000,112,C,.3635466,511.0425961,587.4422520,549.4081858
