Key,BID,ASK,STRIKE,ITYPE,ADJTHEOR,IVBID,IVASK,IVAVERAGE
XCME.ZN.SEP25,112.2500000,112.2656250,INVALID,F,,,,
XCME.GY1.05AUG25.113.P,.7812500,.8125000,113,P,.8027217,723.6863979,877.8418842,804.8289238
XCME.GY1.05AUG25.112:75.P,.5781250,.6093750,112.7500000,P,.5855107,741.7415093,855.0083724,799.3550218
XCME.GY1.05AUG25.110:75.C,1.5000000,1.5312500,110.7500000,C,1.5156350,,1081.8990501,944.4340131
XCME.GY1.05AUG25.112:25.P,.2187500,.2500000,112.2500000,P,.2383139,631.7079148,720.3855526,676.0470096
XCME.GY1.05AUG25.113.C,.0468750,.0781250,113,C,.0605342,765.5391025,912.2814600,842.1245660
XCME.GY1.05AUG25.111.P,.0069999,.0156250,111,P,.0113784,743.3324081,861.4031374,809.0481360
XCME.GY1.05AUG25.112.C,.3750000,.4062500,112,C,.3886667,632.5169046,729.7116749,681.4330511
