Key,BID,ASK,STRIKE,ITYPE,ADJTHEOR,IVBID,IVASK,IVAVERAGE
XCME.ZN.SEP25,112.2656250,112.2812500,INVALID,F,,,,
XCME.WY1.06AUG25.110.P,INVALID,.0156250,110,P,.0052040,,1136.1409952,1015.3036131
XCME.WY1.06AUG25.110:75.P,.0069999,.0156250,110.7500000,P,.0101390,712.1928695,819.8073457,772.2915433
XCME.WY1.06AUG25.112:25.P,.2500000,.2812500,112.2500000,P,.2660291,608.1675068,644.2933185,626.2308239
XCME.WY1.06AUG25.111:25.C,1.0468750,1.0781250,111.2500000,C,1.0525494,630.0380915,803.5899083,725.8520636
XCME.WY1.06AUG25.110:5.P,.0069999,.0156250,110.5000000,P,.0075128,809.2450107,927.1783882,875.2718345
XCME.WY1.06AUG25.110:25.C,2.0156250,2.0468750,110.2500000,C,2.0330008,,1080.0904876,927.2065836
