Key,BID,ASK,STRIKE,ITYPE,ADJTHEOR,IVBID,IVASK,IVAVERAGE
XCME.ZN.SEP25,112.1875000,112.2031250,INVALID,F,,,,
XCME.WY1.06AUG25.110:5.P,.0069999,.0156250,110.5000000,P,.0085126,773.2295389,887.3534081,837.0799284
XCME.WY1.06AUG25.110:25.C,1.9375000,1.9687500,110.2500000,C,1.9484072,,1103.5277055,988.0975067
XCME.WY1.06AUG25.112:5.P,.4531250,.4687500,112.5000000,P,.4577303,625.2000957,664.7977885,645.0574186
XCME.WY1.06AUG25.111:5.C,.7343750,.7656250,111.5000000,C,.7479911,575.3833706,694.3695317,637.6691763
XCME.WY1.06AUG25.110:25.P,INVALID,.0156250,110.2500000,P,.0065947,,992.8201275,883.9318118
XCME.WY1.06AUG25.111:75.P,.0937500,.1093750,111.7500000,P,.1025644,589.9537090,634.7412145,612.5263318
