Key,BID,ASK,STRIKE,ITYPE,ADJTHEOR,IVBID,IVASK,IVAVERAGE
XCME.ZN.SEP25,112.2343750,112.2500000,INVALID,F,,,,
XCME.VY1.04AUG25.112.P,.0625000,.0937500,112,P,.0821991,627.9576791,777.4478522,703.9337150
XCME.VY1.04AUG25.111:5.C,.7343750,.7656250,111.5000000,C,.7543245,,940.5499072,816.5526794
XCME.VY1.04AUG25.112:25.C,.1562500,.1875000,112.2500000,C,.1740181,662.9072406,790.9518396,726.9315860
XCME.VY1.04AUG25.110:5.P,INVALID,.0069999,110.5000000,P,.0039012,,1408.0257980,1273.1316853
XCME.VY1.04AUG25.112:5.P,.3281250,.3750000,112.5000000,P,.3522888,678.8742678,901.5990326,792.5546757
XCME.VY1.04AUG25.111.C,1.2187500,1.2656250,111,C,1.2445602,,1382.4947474,1221.5859402
XCME.VY1.04AUG25.110:5.C,1.7187500,1.7656250,110.5000000,C,1.7425887,,1799.7610410,1606.6892772
