Key,BID,ASK,STRIKE,ITYPE,ADJTHEOR,IVBID,IVASK,IVAVERAGE
XCME.ZN.SEP25,112.2343750,112.2500000,INVALID,F,,,,
XCME.WY1.06AUG25.110:75.C,1.4843750,1.5312500,110.7500000,C,1.5149399,,938.6562976,768.5552411
XCME.WY1.06AUG25.111:5.P,.0468750,.0625000,111.5000000,P,.0593474,632.2184188,694.9181191,664.3890056
XCME.WY1.06AUG25.111.C,1.2500000,1.2812500,111,C,1.2723919,247.1283225,816.5223215,700.4835265
XCME.GY1.05AUG25.110.P,INVALID,.0069999,110,P,.0044715,,1219.9955947,1108.6634860
XCME.GY1.05AUG25.110:5.C,1.7343750,1.7656250,110.5000000,C,1.7527415,,1173.5853378,993.6207188
XCME.GY1.05AUG25.111.C,1.2343750,1.2812500,111,C,1.2586437,,1029.2276141,855.5578809
XCME.GY1.05AUG25.112:25.C,.2343750,.2500000,112.2500000,C,.2423633,673.9126017,718.5089459,696.2107926
