Key,BID,ASK,STRIKE,ITYPE,ADJTHEOR,IVBID,IVASK,IVAVERAGE
XCME.ZN.SEP25,112.2812500,112.2968750,INVALID,F,,,,
XCME.VY1.04AUG25.110:75.P,INVALID,.0069999,110.7500000,P,.0035067,,1243.5996772,1121.7267109
XCME.VY1.04AUG25.112.P,.0468750,.0625000,112,P,.0674069,578.0525028,659.2286960,619.2951512
XCME.VY1.04AUG25.111:5.C,.7812500,.8281250,111.5000000,C,.7807373,954.4727227,1201.3606503,1087.2512288
XCME.VY1.04AUG25.112:25.C,.1875000,.2031250,112.2500000,C,.1828527,717.7723099,781.0691111,749.4220086
XCME.VY1.04AUG25.110:5.P,INVALID,.0069999,110.5000000,P,.0034227,,1413.6049776,1279.3611740
XCME.VY1.04AUG25.112:5.P,.2812500,.3125000,112.5000000,P,.3241424,552.2799740,703.2986060,629.3997529
