Key,BID,ASK,STRIKE,ITYPE,ADJTHEOR,IVBID,IVASK,IVAVERAGE
XCME.ZN.SEP25,112.1875000,112.2031250,INVALID,F,,,,
XCME.GY1.05AUG25.112:5.C,.0937500,.1093750,112.5000000,C,.1055664,598.5686450,649.8500515,624.3700082
XCME.GY1.05AUG25.110:5.P,INVALID,.0069999,110.5000000,P,.0047875,,949.5055242,858.5987056
XCME.GY1.05AUG25.110:75.P,.0069999,.0156250,110.7500000,P,.0061902,830.5042066,957.6099374,901.3864262
XCME.GY1.05AUG25.111:75.P,.0468750,.0781250,111.7500000,P,.0651439,544.9187611,669.1834431,609.2229656
XCME.GY1.05AUG25.112.P,.1250000,.1406250,112,P,.1324916,587.2921190,634.3364659,610.8730134
XCME.ZN1.01AUG25.112:75.C,INVALID,.0069999,112.7500000,C,.0000067,,1734.0972254,1522.0017781
XCME.ZN1.01AUG25.110:25.C,1.9375000,1.9531250,110.2500000,C,1.9453125,,,
