Key,BID,ASK,STRIKE,ITYPE,ADJTHEOR,IVBID,IVASK,IVAVERAGE
XCME.ZN.SEP25,112.2343750,112.2500000,INVALID,F,,,,
XCME.WY1.06AUG25.110:5.P,INVALID,.0156250,110.5000000,P,.0093477,,917.5284560,814.2175827
XCME.WY1.06AUG25.110:25.C,1.9843750,2.0156250,110.2500000,C,2.0037703,,1062.5182669,904.2829068
XCME.WY1.06AUG25.112:5.P,.4218750,.4531250,112.5000000,P,.4353230,642.0965541,719.0179214,680.6866927
XCME.WY1.06AUG25.111:5.C,.7656250,.8125000,111.5000000,C,.8015912,491.8272003,706.0253273,611.6182828
XCME.WY1.06AUG25.110:25.P,INVALID,.0156250,110.2500000,P,.0072703,,1023.4414357,911.6239807
XCME.WY1.06AUG25.111:75.P,.0937500,.1093750,111.7500000,P,.0984006,633.5261810,679.8260692,656.8748698
