Key,BID,ASK,STRIKE,ITYPE,ADJTHEOR,IVBID,IVASK,IVAVERAGE
XCME.ZN.SEP25,112.2343750,112.2500000,INVALID,F,,,,
XCME.GY1.05AUG25.111:25.C,.9843750,1.0312500,111.2500000,C,1.0166100,,896.1116397,753.2143329
XCME.GY1.05AUG25.111:75.C,.5312500,.5781250,111.7500000,C,.5683247,551.0895221,746.6464008,654.4106263
XCME.GY1.05AUG25.112:5.P,.3906250,.4218750,112.5000000,P,.4034604,685.0375168,781.6938392,733.6213575
XCME.GY1.05AUG25.113.P,.7968750,.8281250,113,P,.8146576,737.7952576,894.1864453,820.1543623
XCME.GY1.05AUG25.112:75.P,.5781250,.6250000,112.7500000,P,.5968546,698.0818889,874.0053275,788.7268304
XCME.GY1.05AUG25.110:75.C,1.4843750,1.5312500,110.7500000,C,1.5046351,,1213.2390503,1038.9471539
