Key,BID,ASK,STRIKE,ITYPE,ADJTHEOR,IVBID,IVASK,IVAVERAGE
XCME.ZN.SEP25,112.1875000,112.2031250,INVALID,F,,,,
XCME.WY1.06AUG25.111:75.C,.5312500,.5625000,111.7500000,C,.5443769,577.3189446,666.3616410,622.5202073
XCME.WY1.06AUG25.113.C,.0468750,.0625000,113,C,.0579668,656.8676093,721.1169933,689.8528015
XCME.WY1.06AUG25.110.P,INVALID,.0156250,110,P,.0054681,,1096.6658137,979.4074459
XCME.WY1.06AUG25.110:75.P,.0069999,.0156250,110.7500000,P,.0119426,676.1339907,779.6770226,733.8844250
XCME.WY1.06AUG25.112:25.P,.2812500,.3125000,112.2500000,P,.2990837,577.8343945,650.0258519,613.9381882
XCME.WY1.06AUG25.111:25.C,.9531250,.9843750,111.2500000,C,.9734522,516.8803566,711.8215974,629.1145328
