Key,BID,ASK,STRIKE,ITYPE,ADJTHEOR,IVBID,IVASK,IVAVERAGE
XCME.ZN.SEP25,112.2500000,112.2656250,INVALID,F,,,,
XCME.VY1.04AUG25.111:5.P,.0069999,.0312500,111.5000000,P,.0135411,710.6373603,999.8591442,880.1935880
XCME.VY1.04AUG25.112:5.C,.0781250,.1093750,112.5000000,C,.0841211,717.3670239,864.1799848,791.6618542
XCME.VY1.04AUG25.110:25.P,INVALID,.0069999,110.2500000,P,.0034680,,1598.1202150,1449.5106225
XCME.VY1.04AUG25.111.P,INVALID,.0156250,111,P,.0058413,,1247.9984938,1096.9922235
XCME.VY1.04AUG25.110:75.P,INVALID,.0069999,110.7500000,P,.0045355,,1253.8747846,1130.5340766
XCME.VY1.04AUG25.112.P,.0468750,.0781250,112,P,.0676820,571.3215837,729.9635553,652.6627156
