Key,BID,ASK,STRIKE,ITYPE,ADJTHEOR,IVBID,IVASK,IVAVERAGE
XCME.ZN.SEP25,112.2656250,112.2812500,INVALID,F,,,,
XCME.GY1.05AUG25.111:25.P,.0156250,.0312500,111.2500000,P,.0202256,738.1390443,867.1839528,808.1332223
XCME.GY1.05AUG25.110:25.P,INVALID,.0156250,110.2500000,P,.0053044,,1273.9708170,1135.0891949
XCME.GY1.05AUG25.111:5.C,.7812500,.8281250,111.5000000,C,.8159137,.9900000,796.5913399,655.4332395
XCME.GY1.05AUG25.110.C,2.2500000,2.2968750,110,C,2.2857540,,1401.5021700,1136.7993644
XCME.GY1.05AUG25.111:5.P,.0156250,.0468750,111.5000000,P,.0346647,594.5098734,796.5887977,707.3325422
XCME.GY1.05AUG25.110:25.C,2.0156250,2.0468750,110.2500000,C,2.0365544,,1273.9708170,1027.5610261
XCME.GY1.05AUG25.112:75.C,.0937500,.1093750,112.7500000,C,.1092255,753.0734918,863.6068023,809.1617980
