Key,BID,ASK,STRIKE,ITYPE,ADJTHEOR,IVBID,IVASK,IVAVERAGE
XCME.ZN.SEP25,112.2187500,112.2343750,INVALID,F,,,,
XCME.ZN1.01AUG25.111:75.P,INVALID,.0069999,111.7500000,P,0,,1433.1180802,1254.4097162
XCME.ZN1.01AUG25.110.P,INVALID,.0069999,110,P,0,,,
XCME.ZN1.01AUG25.110:5.P,INVALID,.0069999,110.5000000,P,0,,,
XCME.ZN1.01AUG25.112:75.P,.5156250,.5468750,112.7500000,P,.5347528,,1796.6556954,1645.7853039
XCME.ZN1.01AUG25.111:5.P,INVALID,.0069999,111.5000000,P,0,,,1793.5163799
XCME.ZN1.01AUG25.111:25.P,INVALID,.0069999,111.2500000,P,0,,,
