Key,BID,ASK,STRIKE,ITYPE,ADJTHEOR,IVBID,IVASK,IVAVERAGE
XCME.ZN.SEP25,112.2500000,112.2656250,INVALID,F,,,,
XCME.WY1.06AUG25.111.P,.0156250,.0312500,111,P,.0218271,704.6110890,820.9644929,767.8986056
XCME.WY1.06AUG25.112:25.C,.2812500,.2968750,112.2500000,C,.2896819,636.8422284,673.0127851,654.9275823
XCME.WY1.06AUG25.112:5.C,.1875000,.2031250,112.5000000,C,.1886497,673.7931288,711.8223708,692.8341039
XCME.WY1.06AUG25.111:25.P,.0156250,.0468750,111.2500000,P,.0347402,591.1211259,776.4234015,695.2752438
XCME.WY1.06AUG25.111:75.C,.5937500,.6250000,111.7500000,C,.6116917,605.8524126,699.9914651,653.8158432
XCME.WY1.06AUG25.113.C,.0781250,.0937500,113,C,.0822640,741.4448240,795.0554398,768.6143681
