Key,BID,ASK,STRIKE,ITYPE,ADJTHEOR,IVBID,IVASK,IVAVERAGE
XCME.ZN.SEP25,112.2656250,112.2812500,INVALID,F,,,,
XCME.GY1.05AUG25.112:25.P,.2187500,.2343750,112.2500000,P,.2274233,669.9008735,714.6837955,692.2932918
XCME.GY1.05AUG25.113.C,.0468750,.0781250,113,C,.0777084,756.5973028,902.8545070,832.8794077
XCME.GY1.05AUG25.111.P,INVALID,.0156250,111,P,.0103674,,882.1077055,776.0606666
XCME.GY1.05AUG25.112.C,.3593750,.4062500,112,C,.4018762,532.1298658,686.5940812,610.7388718
XCME.GY1.05AUG25.111:25.P,.0069999,.0312500,111.2500000,P,.0166526,636.2625797,872.2983869,775.8357920
XCME.GY1.05AUG25.110:25.P,INVALID,.0156250,110.2500000,P,.0049284,,1281.4089214,1141.8141011
