Key,BID,ASK,STRIKE,ITYPE,ADJTHEOR,IVBID,IVASK,IVAVERAGE
XCME.ZN.SEP25,112.2656250,112.2812500,INVALID,F,,,,
XCME.VY1.04AUG25.111.C,1.2656250,1.2968750,111,C,1.2858725,,1239.7874424,977.5077981
XCME.VY1.04AUG25.110:5.C,1.7656250,1.7968750,110.5000000,C,1.7847081,,1617.6287189,1297.0496341
XCME.VY1.04AUG25.110.C,2.2656250,2.2968750,110,C,2.2845740,,1980.0924320,1607.1071222
XCME.VY1.04AUG25.110:75.C,1.5156250,1.5468750,110.7500000,C,1.5350807,,1430.7410557,1138.6847616
XCME.VY1.04AUG25.110.P,INVALID,.0069999,110,P,.0033240,,1742.5545947,1584.2412144
XCME.VY1.04AUG25.111:25.C,1.0156250,1.0468750,111.2500000,C,1.0375131,,1043.4924587,812.8381675
XCME.VY1.04AUG25.113.P,.7343750,.7656250,113,P,.7572945,787.8571391,1063.3248024,941.2783072
