Key,BID,ASK,STRIKE,ITYPE,ADJTHEOR,IVBID,IVASK,IVAVERAGE
XCME.ZN.SEP25,112.1875000,112.2031250,INVALID,F,,,,
XCME.WY1.06AUG25.110.C,2.1875000,2.2187500,110,C,2.1879203,1094.8807601,1367.4822489,1250.7981095
XCME.WY1.06AUG25.113.P,.8437500,.8750000,113,P,.8665657,492.1497567,723.6844442,623.9949937
XCME.WY1.06AUG25.112:75.C,.0781250,.1093750,112.7500000,C,.0839825,624.7419029,721.4237215,674.1086229
XCME.WY1.06AUG25.112.C,.3593750,.3750000,112,C,.3653924,586.0843429,660.8193839,623.5378539
XCME.WY1.06AUG25.111.P,.0069999,.0312500,111,P,.0195872,574.9993455,779.5054834,696.3034812
XCME.WY1.06AUG25.112:25.C,.2187500,.2500000,112.2500000,C,.2283525,572.4664000,644.7056322,608.5955839
XCME.WY1.06AUG25.112:5.C,.1406250,.1562500,112.5000000,C,.1377006,617.7388384,657.5357579,637.7001331
