Key,BID,ASK,STRIKE,ITYPE,ADJTHEOR,IVBID,IVASK,IVAVERAGE
XCME.ZN.SEP25,112.1875000,112.2031250,INVALID,F,,,,
XCME.WY1.06AUG25.110:5.P,INVALID,.0156250,110.5000000,P,.0075601,,890.3318875,789.5846499
XCME.WY1.06AUG25.110:25.C,1.9375000,1.9687500,110.2500000,C,1.9548593,,1042.2407769,893.5400172
XCME.WY1.06AUG25.112:5.P,.4375000,.4531250,112.5000000,P,.4389062,597.3676731,637.1301031,617.3137291
XCME.WY1.06AUG25.111:5.C,.7343750,.7500000,111.5000000,C,.7459615,548.5790852,673.8360397,614.7478238
XCME.WY1.06AUG25.110:25.P,INVALID,.0156250,110.2500000,P,.0060468,,995.7597274,886.6051471
XCME.WY1.06AUG25.111:75.P,.0781250,.0937500,111.7500000,P,.0886142,548.3269237,639.8992141,594.9640530
