Key,BID,ASK,STRIKE,ITYPE,ADJTHEOR,IVBID,IVASK,IVAVERAGE
XCME.ZN.SEP25,112.3125000,112.3281250,INVALID,F,,,,
XCME.WY1.06AUG25.110.C,2.2812500,2.3593750,110,C,2.3023657,,1314.8194347,1200.0410830
XCME.WY1.06AUG25.113.P,.7500000,.7968750,113,P,.7940379,711.1496389,813.5733286,763.5600962
XCME.WY1.06AUG25.112:75.C,.1250000,.1562500,112.7500000,C,.1362869,678.9186225,763.5677498,721.6343741
XCME.WY1.06AUG25.112.C,.4375000,.4687500,112,C,.4565978,580.0278765,660.7271487,620.6641773
XCME.WY1.06AUG25.111.P,.0069999,.0312500,111,P,.0172423,629.5828065,846.2666115,758.4000343
XCME.WY1.06AUG25.112:25.C,.2968750,.3281250,112.2500000,C,.3121629,612.0885914,684.7071858,648.4059749
XCME.WY1.06AUG25.112:5.C,.2031250,.2343750,112.5000000,C,.2071325,664.7046277,702.0519035,683.3946736
