Key,BID,ASK,STRIKE,ITYPE,ADJTHEOR,IVBID,IVASK,IVAVERAGE
XCME.ZN.SEP25,112.2500000,112.2656250,INVALID,F,,,,
XCME.WY1.06AUG25.110.C,2.2343750,2.2812500,110,C,2.2677063,,1176.3490897,1005.6590255
XCME.WY1.06AUG25.113.P,.8125000,.8437500,113,P,.8195479,730.4599440,836.5416109,784.8636136
XCME.WY1.06AUG25.112:75.C,.1093750,.1406250,112.7500000,C,.1203733,673.1350530,761.5678206,717.8915548
XCME.WY1.06AUG25.112.C,.3906250,.4218750,112,C,.4184695,549.6354410,628.5176409,589.3004658
XCME.WY1.06AUG25.111.P,.0069999,.0312500,111,P,.0145265,609.2912894,822.6127236,736.0836730
XCME.WY1.06AUG25.112:25.C,.2656250,.2812500,112.2500000,C,.2803611,601.8742664,638.1179403,619.9961927
XCME.WY1.06AUG25.112:5.C,.1718750,.2031250,112.5000000,C,.1832088,636.8072111,713.2482501,675.1428649
