Key,BID,ASK,STRIKE,ITYPE,ADJTHEOR,IVBID,IVASK,IVAVERAGE
XCME.ZN.SEP25,112.1875000,112.2031250,INVALID,F,,,,
XCME.VY1.04AUG25.111:5.C,.6875000,.7187500,111.5000000,C,.7048097,,840.8625242,712.7002950
XCME.VY1.04AUG25.112:25.C,.1093750,.1406250,112.2500000,C,.1252590,536.6438314,662.2314814,599.5076012
XCME.VY1.04AUG25.110:5.P,INVALID,.0069999,110.5000000,P,.0031295,,1338.3649799,1210.0634165
XCME.VY1.04AUG25.112:5.P,.3437500,.3593750,112.5000000,P,.3563770,566.3496231,651.6417038,609.9393161
XCME.VY1.04AUG25.111.C,1.1875000,1.2187500,111,C,1.1985931,,1264.8765785,1095.4595881
XCME.VY1.04AUG25.110:5.C,1.6875000,1.7187500,110.5000000,C,1.6984420,,1663.4121606,1457.7513400
