Key,BID,ASK,STRIKE,ITYPE,ADJTHEOR,IVBID,IVASK,IVAVERAGE
XCME.ZN.SEP25,112.2343750,112.2500000,INVALID,F,,,,
XCME.VY1.04AUG25.111:5.P,INVALID,.0156250,111.5000000,P,.0155444,,837.6941710,724.0313422
XCME.VY1.04AUG25.112:5.C,.0781250,.1093750,112.5000000,C,.0879136,733.9065156,882.4201257,809.0895494
XCME.VY1.04AUG25.110:25.P,INVALID,.0069999,110.2500000,P,.0039055,,1602.5376491,1452.9813426
XCME.VY1.04AUG25.111.P,INVALID,.0156250,111,P,.0067677,,1248.9848628,1097.5965755
XCME.VY1.04AUG25.110:75.P,INVALID,.0156250,110.7500000,P,.0052556,,1446.6649476,1278.2700298
XCME.VY1.04AUG25.112.P,.0468750,.0781250,112,P,.0748612,563.8105801,722.4123694,645.0856401
