Key,BID,ASK,STRIKE,ITYPE,ADJTHEOR,IVBID,IVASK,IVAVERAGE
XCME.ZN.SEP25,112.2656250,112.2812500,INVALID,F,,,,
XCME.WY1.06AUG25.112:75.P,.5937500,.6250000,112.7500000,P,.5928611,712.4984033,798.0215553,755.6542424
XCME.WY1.06AUG25.110:5.C,1.7500000,1.7968750,110.5000000,C,1.7918962,,894.3194678,580.5918243
XCME.WY1.06AUG25.112.P,.1406250,.1718750,112,P,.1485120,600.6075858,679.6928870,640.3586251
XCME.WY1.06AUG25.110:75.C,1.5000000,1.5468750,110.7500000,C,1.5439002,,789.8890555,506.9233017
XCME.WY1.06AUG25.111:5.P,.0312500,.0468750,111.5000000,P,.0410934,579.5333239,652.5631880,617.5555007
XCME.WY1.06AUG25.111.C,1.2656250,1.2968750,111,C,1.2980183,,683.2201702,431.5483414
