Key,BID,ASK,STRIKE,ITYPE,ADJTHEOR,IVBID,IVASK,IVAVERAGE
XCME.ZN.SEP25,112.2500000,112.2656250,INVALID,F,,,,
XCME.GY1.05AUG25.113.P,.7812500,.8281250,113,P,.8030293,732.2772197,956.8667633,852.1096817
XCME.GY1.05AUG25.112:75.P,.5625000,.6250000,112.7500000,P,.5851419,750.5381629,865.1485535,808.8364578
XCME.GY1.05AUG25.110:75.C,1.4843750,1.5312500,110.7500000,C,1.5153969,,1094.7376630,955.6459721
XCME.GY1.05AUG25.112:25.P,.2187500,.2500000,112.2500000,P,.2344312,639.2001306,728.9295079,684.0650981
XCME.GY1.05AUG25.113.C,.0468750,.0781250,113,C,.0608418,774.6346181,923.0984013,852.1096817
XCME.GY1.05AUG25.111.P,INVALID,.0156250,111,P,.0092637,,871.5518466,766.1602012
XCME.GY1.05AUG25.112.C,.3593750,.4062500,112,C,.3815582,589.6895373,738.3661833,664.8574460
