Key,BID,ASK,STRIKE,ITYPE,ADJTHEOR,IVBID,IVASK,IVAVERAGE
XCME.ZN.SEP25,112.2968750,112.3125000,INVALID,F,,,,
XCME.VY1.04AUG25.113.P,.7187500,.7500000,113,P,.7299926,585.3281211,1083.4579095,898.5099100
XCME.VY1.04AUG25.113.C,.0156250,.0468750,113,C,.0303676,783.1793711,1058.4090235,936.3853292
XCME.VY1.04AUG25.112:25.P,.1406250,.1562500,112.2500000,P,.1482780,669.9681444,734.0075834,701.9979764
XCME.VY1.04AUG25.112.C,.3437500,.3750000,112,C,.3622043,597.8268922,763.0302727,683.0240561
XCME.VY1.04AUG25.112:75.C,.0468750,.0625000,112.7500000,C,.0524005,791.5008225,884.5462196,839.0082249
XCME.VY1.04AUG25.110:25.C,2.0312500,2.0781250,110.2500000,C,2.0538272,,,1845.3138146
