Key,BID,ASK,STRIKE,ITYPE,ADJTHEOR,IVBID,IVASK,IVAVERAGE
XCME.ZN.SEP25,112.2968750,112.3125000,INVALID,F,,,,
XCME.WY1.06AUG25.112.P,.1406250,.1718750,112,P,.1533397,610.1333730,689.3116038,649.9447359
XCME.WY1.06AUG25.110:75.C,1.5468750,1.5781250,110.7500000,C,1.5623254,,928.6209889,826.5810499
XCME.WY1.06AUG25.111:5.P,.0312500,.0625000,111.5000000,P,.0482145,583.1713829,720.6748134,656.5307416
XCME.WY1.06AUG25.111.C,1.2968750,1.3437500,111,C,1.3178065,,906.2687654,782.3888883
XCME.GY1.05AUG25.110.P,INVALID,.0069999,110,P,.0024609,,1236.4381105,1124.7479642
XCME.GY1.05AUG25.110:5.C,1.7968750,1.8281250,110.5000000,C,1.7994715,366.0615473,1321.5349351,1199.1693888
