Key,BID,ASK,STRIKE,ITYPE,ADJTHEOR,IVBID,IVASK,IVAVERAGE
XCME.ZN.SEP25,112.2031250,112.2187500,INVALID,F,,,,
XCME.VY1.04AUG25.111:5.P,INVALID,.0156250,111.5000000,P,.0087002,,767.5287463,661.9724544
XCME.VY1.04AUG25.112:5.C,.0468750,.0625000,112.5000000,C,.0513510,600.9029054,682.3369419,642.3173906
XCME.VY1.04AUG25.110:25.P,INVALID,.0069999,110.2500000,P,.0034525,,1508.9865451,1367.4688894
XCME.VY1.04AUG25.111.P,INVALID,.0069999,111,P,.0031648,,1003.9000598,900.8037187
XCME.VY1.04AUG25.110:75.P,INVALID,.0069999,110.7500000,P,.0029436,,1175.5941971,1059.1499083
XCME.VY1.04AUG25.112.P,.0625000,.0781250,112,P,.0678078,562.4463960,634.3197776,598.6915331
