Key,BID,ASK,STRIKE,ITYPE,ADJTHEOR,IVBID,IVASK,IVAVERAGE
XCME.ZN.SEP25,112.2343750,112.2500000,INVALID,F,,,,
XCME.VY1.04AUG25.113.C,.0156250,.0312500,113,C,.0260223,814.3527222,971.6310206,899.2444836
XCME.VY1.04AUG25.112:25.P,.1562500,.1718750,112.2500000,P,.1663860,619.8255776,682.6851547,651.2555289
XCME.VY1.04AUG25.112.C,.2968750,.3281250,112,C,.3125282,569.2108940,721.0342684,646.8163829
XCME.VY1.04AUG25.112:75.C,.0312500,.0468750,112.7500000,C,.0422832,732.5597495,839.5068456,787.9551537
XCME.VY1.04AUG25.110:25.C,1.9843750,2.0156250,110.2500000,C,1.9991705,,1857.0105307,1592.9893292
XCME.WY1.06AUG25.110.C,2.2343750,2.2656250,110,C,2.2476245,,1206.2001138,1066.1480745
XCME.WY1.06AUG25.113.P,.8125000,.8437500,113,P,.8306988,662.5513438,777.8568139,722.3558356
