Key,BID,ASK,STRIKE,ITYPE,ADJTHEOR,IVBID,IVASK,IVAVERAGE
XCME.ZN.SEP25,112.2812500,112.2968750,INVALID,F,,,,
XCME.ZN1.01AUG25.111:5.P,INVALID,.0069999,111.5000000,P,0,,,
XCME.ZN1.01AUG25.111:25.P,INVALID,.0069999,111.2500000,P,0,,,
XCME.ZN1.01AUG25.112:5.P,.2031250,.2343750,112.5000000,P,.2111725,,1290.3064606,1018.1046708
XCME.ZN1.01AUG25.110.C,2.2656250,2.2968750,110,C,2.2890625,,,
XCME.ZN1.01AUG25.112.P,INVALID,.0069999,112,P,.0000148,,1112.5006896,954.7764699
XCME.ZN1.01AUG25.112:25.C,.0312500,.0468750,112.2500000,C,.0553577,,307.0807381,235.9740022
