Key,BID,ASK,STRIKE,ITYPE,ADJTHEOR,IVBID,IVASK,IVAVERAGE
XCME.ZN.SEP25,112.2968750,112.3125000,INVALID,F,,,,
XCME.GY1.05AUG25.111:25.P,.0156250,.0312500,111.2500000,P,.0186551,747.7247478,877.4036833,818.0455278
XCME.GY1.05AUG25.110:25.P,INVALID,.0156250,110.2500000,P,.0053152,,1282.3299715,1143.0211622
XCME.GY1.05AUG25.111:5.C,.8125000,.8437500,111.5000000,C,.8301242,183.3772142,805.6142579,690.0767389
XCME.GY1.05AUG25.110.C,2.2812500,2.3281250,110,C,2.3015447,,1607.6969964,1467.1363753
XCME.GY1.05AUG25.111:5.P,.0156250,.0468750,111.5000000,P,.0332485,601.3761395,805.6090608,715.4438070
XCME.GY1.05AUG25.110:25.C,2.0312500,2.0781250,110.2500000,C,2.0521902,,1467.7684219,1335.9833175
