Key,BID,ASK,STRIKE,ITYPE,ADJTHEOR,IVBID,IVASK,IVAVERAGE
XCME.ZN.SEP25,112.2812500,112.2968750,INVALID,F,,,,
XCME.WY1.06AUG25.113.C,.0781250,.0937500,113,C,.0809263,724.4537678,777.2966133,751.2328272
XCME.WY1.06AUG25.110.P,INVALID,.0156250,110,P,.0051636,,1141.3432332,1020.0097644
XCME.WY1.06AUG25.110:75.P,.0069999,.0156250,110.7500000,P,.0100492,717.3412808,825.3266048,777.6480446
XCME.WY1.06AUG25.112:25.P,.2500000,.2812500,112.2500000,P,.2558303,621.6377533,693.9411058,657.7924128
XCME.WY1.06AUG25.111:25.C,1.0468750,1.0781250,111.2500000,C,1.0638690,527.4647043,750.9661589,660.1948761
XCME.WY1.06AUG25.110:5.P,.0069999,.0156250,110.5000000,P,.0074781,814.2956469,932.5403759,880.4209739
XCME.WY1.06AUG25.110:25.C,2.0156250,2.0468750,110.2500000,C,2.0451041,,924.8490835,837.2819851
