Key,BID,ASK,STRIKE,ITYPE,ADJTHEOR,IVBID,IVASK,IVAVERAGE
XCME.ZN.SEP25,112.2500000,112.2656250,INVALID,F,,,,
XCME.VY1.04AUG25.113.C,.0156250,.0468750,113,C,.0319554,818.5673872,1103.6604940,977.4480075
XCME.VY1.04AUG25.112:25.P,.1406250,.1718750,112.2500000,P,.1575162,611.0735035,739.9283517,675.5054145
XCME.VY1.04AUG25.112.C,.3125000,.3437500,112,C,.3308781,585.3792380,745.4427010,667.5104705
XCME.VY1.04AUG25.112:75.C,.0312500,.0625000,112.7500000,C,.0484385,730.3739984,934.7594145,838.2952717
XCME.VY1.04AUG25.110:25.C,2,2.0312500,110.2500000,C,2.0190160,,1831.7545579,1477.9358926
XCME.GY1.05AUG25.110.P,INVALID,.0069999,110,P,.0044037,,1230.8391216,1118.7060193
XCME.GY1.05AUG25.110:5.C,1.7500000,1.7968750,110.5000000,C,1.7676956,,1344.1517031,1135.1709209
