Key,BID,ASK,STRIKE,ITYPE,ADJTHEOR,IVBID,IVASK,IVAVERAGE
XCME.ZN.SEP25,112.2187500,112.2343750,INVALID,F,,,,
XCME.GY1.05AUG25.110:75.P,INVALID,.0156250,110.7500000,P,.0090343,,991.5507919,876.0116477
XCME.GY1.05AUG25.111:75.P,.0625000,.0781250,111.7500000,P,.0769985,650.9617126,713.1346127,682.5148250
XCME.GY1.05AUG25.112.P,.1250000,.1562500,112,P,.1448010,639.7812695,736.1876696,688.2467623
XCME.WY1.06AUG25.110.C,2.2187500,2.2500000,110,C,2.2441523,,1076.7398389,711.7291191
XCME.WY1.06AUG25.113.P,.8437500,.8750000,113,P,.8452854,769.7031188,874.5604823,823.3583778
XCME.WY1.06AUG25.112:75.C,.1093750,.1406250,112.7500000,C,.1225923,691.1861983,780.4213997,736.3643156
XCME.WY1.06AUG25.112.C,.3906250,.4218750,112,C,.4193719,589.5224416,666.6005965,628.2071354
