Key,BID,ASK,STRIKE,ITYPE,ADJTHEOR,IVBID,IVASK,IVAVERAGE
XCME.ZN.SEP25,112.1875000,112.2031250,INVALID,F,,,,
XCME.VY1.04AUG25.112:25.P,.1562500,.1875000,112.2500000,P,.1797374,524.1140820,650.1822304,587.2056749
XCME.VY1.04AUG25.112.C,.2656250,.2812500,112,C,.2765527,568.2138930,640.3795580,604.6120112
XCME.VY1.04AUG25.112:75.C,.0156250,.0312500,112.7500000,C,.0217653,636.3727815,771.8910543,709.1158372
XCME.VY1.04AUG25.110:25.C,1.9375000,1.9687500,110.2500000,C,1.9556466,,1749.3636363,1432.7531993
XCME.WY1.06AUG25.110.C,2.1875000,2.2187500,110,C,2.2042810,,1149.4436609,989.6405867
XCME.WY1.06AUG25.113.P,.8281250,.8593750,113,P,.8508583,556.7574130,699.9250963,633.8298432
