Key,BID,ASK,STRIKE,ITYPE,ADJTHEOR,IVBID,IVASK,IVAVERAGE
XCME.ZN.SEP25,112.2656250,112.2812500,INVALID,F,,,,
XCME.GY1.05AUG25.112:25.P,.2031250,.2343750,112.2500000,P,.2272391,613.8117354,702.5770465,658.1976197
XCME.GY1.05AUG25.113.C,.0468750,.0781250,113,C,.0638681,753.0786611,898.3677680,828.8659794
XCME.GY1.05AUG25.111.P,.0069999,.0156250,111,P,.0111665,753.1018675,872.0898448,819.3955736
XCME.GY1.05AUG25.112.C,.3750000,.4062500,112,C,.4003367,589.8129015,689.8497339,640.3028998
XCME.GY1.05AUG25.111:25.P,.0069999,.0312500,111.2500000,P,.0180161,628.5653455,862.0151005,766.6000895
XCME.GY1.05AUG25.110:25.P,INVALID,.0156250,110.2500000,P,.0051460,,1268.1164759,1129.8403144
