Key,BID,ASK,STRIKE,ITYPE,ADJTHEOR,IVBID,IVASK,IVAVERAGE
XCME.ZN.SEP25,112.2968750,112.3125000,INVALID,F,,,,
XCME.GY1.05AUG25.110.P,INVALID,.0069999,110,P,.0045172,,1241.9161211,1129.7778438
XCME.GY1.05AUG25.110:5.C,1.7812500,1.8281250,110.5000000,C,1.8074865,,1285.9889005,1149.4967565
XCME.GY1.05AUG25.111.C,1.2968750,1.3281250,111,C,1.3130148,,998.1644716,883.8020794
XCME.GY1.05AUG25.112:25.C,.2500000,.2812500,112.2500000,C,.2687247,635.8882138,725.1360593,680.5228822
XCME.GY1.05AUG25.111:25.C,1.0468750,1.0937500,111.2500000,C,1.0700328,,955.1004424,817.2873203
XCME.GY1.05AUG25.111:75.C,.5937500,.6250000,111.7500000,C,.6135989,609.8191654,746.3225276,680.9953206
XCME.GY1.05AUG25.112:5.P,.3437500,.3750000,112.5000000,P,.3640963,656.8438446,750.4906827,703.8289133
