Key,BID,ASK,STRIKE,ITYPE,ADJTHEOR,IVBID,IVASK,IVAVERAGE
XCME.ZN.SEP25,112.2031250,112.2187500,INVALID,F,,,,
XCME.VY1.04AUG25.111.C,1.1875000,1.2187500,111,C,1.2140234,,1028.4401059,920.3690410
XCME.VY1.04AUG25.110:5.C,1.6875000,1.7187500,110.5000000,C,1.7140669,,1372.2847510,1237.7129401
XCME.VY1.04AUG25.110.C,2.1875000,2.2187500,110,C,2.2146663,,1704.6312178,1545.4892946
XCME.VY1.04AUG25.110:75.C,1.4375000,1.4687500,110.7500000,C,1.4638550,,1202.1753177,1080.7804667
XCME.VY1.04AUG25.110.P,INVALID,.0069999,110,P,.0037288,,1676.7230779,1523.1692339
XCME.VY1.04AUG25.111:25.C,.9375000,.9687500,111.2500000,C,.9653729,,845.8965645,751.1645940
