Key,BID,ASK,STRIKE,ITYPE,ADJTHEOR,IVBID,IVASK,IVAVERAGE
XCME.ZN.SEP25,112.2031250,112.2187500,INVALID,F,,,,
XCME.ZN1.01AUG25.111:5.C,.6875000,.7187500,111.5000000,C,.7109371,,,
XCME.ZN1.01AUG25.113.P,.7812500,.8125000,113,P,.7890618,,,
XCME.ZN1.01AUG25.112:25.P,.0625000,.0937500,112.2500000,P,.0679497,517.8155803,939.4396582,731.0979236
XCME.ZN1.01AUG25.111.C,1.1875000,1.2187500,111,C,1.2109371,,,
XCME.ZN1.01AUG25.112.C,.1875000,.2187500,112,C,.2131357,,849.6148858,715.9270144
XCME.VY1.04AUG25.111:75.P,.0156250,.0312500,111.7500000,P,.0234621,561.1705850,686.7691914,628.3375738
XCME.VY1.04AUG25.111:75.C,.4687500,.5000000,111.7500000,C,.4844019,,739.9530797,596.2131682
