Key,BID,ASK,STRIKE,ITYPE,ADJTHEOR,IVBID,IVASK,IVAVERAGE
XCME.ZN.SEP25,112.1875000,112.2031250,INVALID,F,,,,
XCME.VY1.04AUG25.112.C,.2500000,.2812500,112,C,.2674697,514.9098954,658.1332805,587.7628344
XCME.VY1.04AUG25.112:75.C,.0156250,.0312500,112.7500000,C,.0219157,638.6944669,774.1410800,711.4127126
XCME.VY1.04AUG25.110:25.C,1.9375000,1.9687500,110.2500000,C,1.9487471,,1855.4868304,1633.6826606
XCME.GY1.05AUG25.110.P,INVALID,.0069999,110,P,.0037242,,1178.9116024,1070.8617231
XCME.GY1.05AUG25.110:5.C,1.6875000,1.7187500,110.5000000,C,1.6999166,,1176.6186542,1031.1481609
XCME.GY1.05AUG25.111.C,1.1875000,1.2187500,111,C,1.2038949,,894.7175738,774.8717941
XCME.GY1.05AUG25.112:25.C,.1718750,.2031250,112.2500000,C,.1882764,556.9654056,645.3246283,601.1620655
