Key,BID,ASK,STRIKE,ITYPE,ADJTHEOR,IVBID,IVASK,IVAVERAGE
XCME.ZN.SEP25,112.2343750,112.2500000,INVALID,F,,,,
XCME.WY1.06AUG25.112:75.C,.1093750,.1406250,112.7500000,C,.1155935,684.3511849,773.3498467,729.4061579
XCME.WY1.06AUG25.112.C,.3906250,.4218750,112,C,.4104162,575.7145228,653.3563232,614.7046190
XCME.WY1.06AUG25.111.P,.0069999,.0312500,111,P,.0163521,602.8193811,814.8054650,728.7845181
XCME.WY1.06AUG25.112:25.C,.2656250,.2812500,112.2500000,C,.2735338,620.0891459,656.3273501,638.2082579
XCME.WY1.06AUG25.112:5.C,.1718750,.2031250,112.5000000,C,.1774899,650.7658312,727.5728938,689.2937623
XCME.WY1.06AUG25.111:25.P,.0156250,.0312500,111.2500000,P,.0272706,584.5600873,688.2517568,640.7797085
