Key,BID,ASK,STRIKE,ITYPE,ADJTHEOR,IVBID,IVASK,IVAVERAGE
XCME.ZN.SEP25,112.2656250,112.2812500,INVALID,F,,,,
XCME.VY1.04AUG25.112.C,.3125000,.3593750,112,C,.3506527,611.2299777,769.0856525,692.0982764
XCME.VY1.04AUG25.112:75.C,.0312500,.0625000,112.7500000,C,.0550419,815.8121407,910.2945740,864.0751058
XCME.VY1.04AUG25.110:25.C,2,2.0468750,110.2500000,C,2.0314045,,1889.1603827,1608.2870811
XCME.ZN1.01AUG25.112:75.C,INVALID,.0069999,112.7500000,C,0,,1937.3860974,1695.6544409
XCME.ZN1.01AUG25.110:25.C,2,2.0468750,110.2500000,C,2.0234374,,,
XCME.ZN1.01AUG25.110:25.P,INVALID,.0069999,110.2500000,P,0,,,
XCME.ZN1.01AUG25.110:75.P,INVALID,.0069999,110.7500000,P,0,,,
