Key,BID,ASK,STRIKE,ITYPE,ADJTHEOR,IVBID,IVASK,IVAVERAGE
XCME.ZN.SEP25,112.2500000,112.2656250,INVALID,F,,,,
XCME.ZN1.01AUG25.111:5.C,.7343750,.7656250,111.5000000,C,.7578124,,,
XCME.ZN1.01AUG25.113.P,.7343750,.7656250,113,P,.7421874,,,
XCME.ZN1.01AUG25.112:25.P,.0156250,.0468750,112.2500000,P,.0281014,259.4888088,701.1015568,483.3037032
XCME.ZN1.01AUG25.111.C,1.2343750,1.2656250,111,C,1.2578124,,,
XCME.ZN1.01AUG25.112.C,.2343750,.2656250,112,C,.2578435,,1058.7593617,901.9500804
XCME.WY1.06AUG25.110.C,2.2500000,2.2812500,110,C,2.2597242,,1245.1303273,1119.2620675
XCME.WY1.06AUG25.113.P,.8125000,.8437500,113,P,.8207108,702.6016760,811.3867845,758.5964662
