Key,BID,ASK,STRIKE,ITYPE,ADJTHEOR,IVBID,IVASK,IVAVERAGE
XCME.ZN.SEP25,112.2968750,112.3125000,INVALID,F,,,,
XCME.ZN1.01AUG25.112:75.P,.4375000,.4687500,112.7500000,P,.4453124,,,
XCME.ZN1.01AUG25.111:5.P,INVALID,.0069999,111.5000000,P,0,,,
XCME.ZN1.01AUG25.111:25.P,INVALID,.0069999,111.2500000,P,0,,,
XCME.ZN1.01AUG25.112:5.P,.1875000,.2187500,112.5000000,P,.1950166,,,
XCME.ZN1.01AUG25.110.C,2.2812500,2.3125000,110,C,2.3046875,,,
XCME.ZN1.01AUG25.112.P,INVALID,.0069999,112,P,0,,1153.4806583,990.7693293
XCME.ZN1.01AUG25.112:25.C,.0468750,.0781250,112.2500000,C,.0626642,,631.3504218,439.6392062
