Key,BID,ASK,STRIKE,ITYPE,ADJTHEOR,IVBID,IVASK,IVAVERAGE
XCME.ZN.SEP25,112.2812500,112.2968750,INVALID,F,,,,
XCME.WY1.06AUG25.111:75.C,.6250000,.6562500,111.7500000,C,.6310905,648.3211781,741.5021685,695.7023978
XCME.WY1.06AUG25.113.C,.0781250,.1093750,113,C,.0834132,728.5572883,832.1607078,781.5943369
XCME.WY1.06AUG25.110.P,INVALID,.0156250,110,P,.0062730,,1141.7318874,1020.2815018
XCME.WY1.06AUG25.110:75.P,.0069999,.0156250,110.7500000,P,.0147783,717.0088751,825.0166232,777.3164598
XCME.WY1.06AUG25.112:25.P,.2500000,.2656250,112.2500000,P,.2658763,618.0257080,654.2369825,636.1320034
XCME.WY1.06AUG25.111:25.C,1.0468750,1.0781250,111.2500000,C,1.0694358,686.6728911,844.8038613,772.0550462
