Key,BID,ASK,STRIKE,ITYPE,ADJTHEOR,IVBID,IVASK,IVAVERAGE
XCME.ZN.SEP25,112.2343750,112.2500000,INVALID,F,,,,
XCME.WY1.06AUG25.112:75.P,.6093750,.6562500,112.7500000,P,.6218134,674.0755725,806.8243236,741.6369464
XCME.WY1.06AUG25.110:5.C,1.7343750,1.7812500,110.5000000,C,1.7558477,,953.6420505,807.3078201
XCME.WY1.06AUG25.112.P,.1718750,.1875000,112,P,.1713885,644.7246019,683.1568970,663.9732107
XCME.WY1.06AUG25.110:75.C,1.4843750,1.5312500,110.7500000,C,1.5094357,,842.5442934,709.0557294
XCME.WY1.06AUG25.111:5.P,.0312500,.0625000,111.5000000,P,.0550912,558.8504339,692.7971035,630.2071284
XCME.WY1.06AUG25.111.C,1.2343750,1.2812500,111,C,1.2659852,,836.3254652,695.1901671
