Key,BID,ASK,STRIKE,ITYPE,ADJTHEOR,IVBID,IVASK,IVAVERAGE
XCME.ZN.SEP25,112.3125000,112.3281250,INVALID,F,,,,
XCME.GY1.05AUG25.111:5.C,.8281250,.8750000,111.5000000,C,.8593963,464.6673360,843.0564142,704.2809694
XCME.GY1.05AUG25.110.C,2.3125000,2.3437500,110,C,2.3294826,,1475.9725150,1263.0412335
XCME.GY1.05AUG25.111:5.P,.0156250,.0312500,111.5000000,P,.0347722,616.7693562,732.8659052,679.5249516
XCME.GY1.05AUG25.110:25.C,2.0625000,2.0937500,110.2500000,C,2.0803388,,1345.3823026,1146.7632662
XCME.GY1.05AUG25.112:75.C,.1093750,.1250000,112.7500000,C,.1098982,769.8186700,823.2536814,796.6978762
XCME.GY1.05AUG25.112:5.C,.1718750,.1875000,112.5000000,C,.1754143,710.8599397,756.9920961,733.9527455
