Key,BID,ASK,STRIKE,ITYPE,ADJTHEOR,IVBID,IVASK,IVAVERAGE
XCME.ZN.SEP25,112.2500000,112.2656250,INVALID,F,,,,
XCME.VY1.04AUG25.112:75.P,.5156250,.5625000,112.7500000,P,.5396730,680.8494595,995.9043475,852.3658351
XCME.VY1.04AUG25.111:25.P,INVALID,.0156250,111.2500000,P,.0097685,,1055.4716164,921.0246492
XCME.VY1.04AUG25.111:5.P,.0069999,.0312500,111.5000000,P,.0150582,717.8602786,1009.6052175,888.9067538
XCME.VY1.04AUG25.112:5.C,.0781250,.1093750,112.5000000,C,.0837221,717.0705249,864.5146740,791.6761557
XCME.VY1.04AUG25.110:25.P,INVALID,.0069999,110.2500000,P,.0038039,,1610.6708496,1461.0061869
XCME.VY1.04AUG25.111.P,INVALID,.0156250,111,P,.0070045,,1258.7892096,1106.5547732
XCME.VY1.04AUG25.110:75.P,INVALID,.0156250,110.7500000,P,.0053753,,1456.2388602,1287.1947235
