Key,BID,ASK,STRIKE,ITYPE,ADJTHEOR,IVBID,IVASK,IVAVERAGE
XCME.ZN.SEP25,112.2656250,112.2812500,INVALID,F,,,,
XCME.ZN1.01AUG25.112:5.P,.2031250,.2500000,112.5000000,P,.2265621,,,1610.0412215
XCME.ZN1.01AUG25.110.C,2.2343750,2.2968750,110,C,2.2734375,,,
XCME.ZN1.01AUG25.112.P,INVALID,.0069999,112,P,0,,1608.2681247,1378.7336597
XCME.ZN1.01AUG25.112:25.C,.0069999,.0156250,112.2500000,C,.0302513,,,
XCME.ZN1.01AUG25.111:25.C,.9843750,1.0468750,111.2500000,C,1.0234375,,,
XCME.ZN1.01AUG25.111:75.C,.4843750,.5468750,111.7500000,C,.5234374,,,
