Key,BID,ASK,STRIKE,ITYPE,ADJTHEOR,IVBID,IVASK,IVAVERAGE
XCME.ZN.SEP25,112.2031250,112.2187500,INVALID,F,,,,
XCME.WY1.06AUG25.111:25.P,.0156250,.0312500,111.2500000,P,.0251401,561.5028324,662.6527197,616.3468355
XCME.WY1.06AUG25.111:75.C,.5312500,.5625000,111.7500000,C,.5462196,531.2807481,625.1349651,579.2266365
XCME.WY1.06AUG25.113.C,.0312500,.0625000,113,C,.0462923,572.2898639,708.4370577,644.9053964
XCME.WY1.06AUG25.110.P,INVALID,.0156250,110,P,.0051023,,1102.2996355,984.6264856
XCME.WY1.06AUG25.110:75.P,.0069999,.0156250,110.7500000,P,.0098761,682.0864983,786.3183157,740.2067708
XCME.WY1.06AUG25.112:25.P,.2500000,.2812500,112.2500000,P,.2690694,528.1355947,600.0567272,564.1007799
XCME.WY1.06AUG25.111:25.C,.9687500,1,111.2500000,C,.9860776,488.5920858,703.8306392,616.3468355
