Key,BID,ASK,STRIKE,ITYPE,ADJTHEOR,IVBID,IVASK,IVAVERAGE
XCME.ZN.SEP25,112.2343750,112.2500000,INVALID,F,,,,
XCME.WY1.06AUG25.110.P,INVALID,.0156250,110,P,.0019733,,1124.8092271,1005.1382327
XCME.WY1.06AUG25.110:75.P,.0069999,.0156250,110.7500000,P,.0073875,701.2462867,807.8375778,760.7343817
XCME.WY1.06AUG25.112:25.P,.2656250,.2968750,112.2500000,P,.2817111,613.6556905,685.8504833,649.7530871
XCME.WY1.06AUG25.111:25.C,1,1.0312500,111.2500000,C,1.0250796,583.8821750,687.3934998,640.0218596
XCME.WY1.06AUG25.110:5.P,.0069999,.0156250,110.5000000,P,.0043285,798.4198137,915.4703617,863.9837765
XCME.WY1.06AUG25.110:25.C,2,2.0312500,110.2500000,C,2.0027798,302.1768425,1169.8275971,1020.9463133
