Key,BID,ASK,STRIKE,ITYPE,ADJTHEOR,IVBID,IVASK,IVAVERAGE
XCME.ZN.SEP25,112.2812500,112.2968750,INVALID,F,,,,
XCME.VY1.04AUG25.110.C,2.2500000,2.2812500,110,C,2.2733413,,1879.8449300,1976.3561015
XCME.VY1.04AUG25.110:75.C,1.5156250,1.5468750,110.7500000,C,1.5232279,,1601.0209074,1547.8177533
XCME.VY1.04AUG25.110.P,INVALID,.0069999,110,P,.0034038,,1745.7495932,1587.5964709
XCME.VY1.04AUG25.111:25.C,1.0156250,1.0468750,111.2500000,C,1.0254004,,1179.1314984,1135.5811052
XCME.VY1.04AUG25.113.P,.7343750,.7656250,113,P,.7605030,623.3127663,995.3292798,852.0025670
XCME.VY1.04AUG25.113.C,.0156250,.0468750,113,C,.0304405,803.7645725,1082.5820110,959.1346763
