Key,BID,ASK,STRIKE,ITYPE,ADJTHEOR,IVBID,IVASK,IVAVERAGE
XCME.ZN.SEP25,112.2500000,112.2656250,INVALID,F,,,,
XCME.WY1.06AUG25.112.P,.1562500,.1718750,112,P,.1601592,615.4406769,654.1323660,634.8286583
XCME.WY1.06AUG25.110:75.C,1.5000000,1.5312500,110.7500000,C,1.5229224,,967.5015250,815.2550098
XCME.WY1.06AUG25.111:5.P,.0468750,.0625000,111.5000000,P,.0501931,634.7546431,697.4319921,666.9115618
XCME.WY1.06AUG25.111.C,1.2500000,1.2812500,111,C,1.2787964,,843.7980880,705.1322021
XCME.VY1.04AUG25.111:75.P,.0156250,.0312500,111.7500000,P,.0239657,608.8526689,741.0140549,679.7053566
XCME.VY1.04AUG25.111:75.C,.5156250,.5468750,111.7500000,C,.5352780,,772.2622493,612.8853093
