Key,BID,ASK,STRIKE,ITYPE,ADJTHEOR,IVBID,IVASK,IVAVERAGE
XCME.ZN.SEP25,112.2500000,112.2656250,INVALID,F,,,,
XCME.ZN1.01AUG25.112:25.P,.0156250,.0312500,112.2500000,P,.0215648,381.3447556,623.7534877,503.8000787
XCME.ZN1.01AUG25.111.C,1.2500000,1.2812500,111,C,1.2734374,,,
XCME.ZN1.01AUG25.112.C,.2500000,.2812500,112,C,.2734653,,1185.3355993,1011.5944995
XCME.WY1.06AUG25.110.C,2.2500000,2.2812500,110,C,2.2656995,,1131.5171492,1077.7746249
XCME.WY1.06AUG25.113.P,.7968750,.8281250,113,P,.8126200,681.7356454,792.0039633,738.6126884
XCME.WY1.06AUG25.112:75.C,.1093750,.1406250,112.7500000,C,.1205042,668.3637286,756.2829998,712.8578171
XCME.WY1.06AUG25.112.C,.4218750,.4375000,112,C,.4293655,620.1486606,658.9899112,639.6123115
