Key,BID,ASK,STRIKE,ITYPE,ADJTHEOR,IVBID,IVASK,IVAVERAGE
XCME.ZN.SEP25,112.2812500,112.2968750,INVALID,F,,,,
XCME.GY1.05AUG25.112:75.C,.0937500,.1093750,112.7500000,C,.0963647,738.5314640,793.9551792,766.4727994
XCME.GY1.05AUG25.112:5.C,.1406250,.1718750,112.5000000,C,.1566854,648.5856531,742.1352684,695.5387362
XCME.GY1.05AUG25.110:5.P,INVALID,.0156250,110.5000000,P,.0060394,,1144.1540692,1016.3996778
XCME.GY1.05AUG25.110:75.P,INVALID,.0156250,110.7500000,P,.0077303,,1012.8816060,896.1911239
XCME.GY1.05AUG25.111:75.P,.0468750,.0625000,111.7500000,P,.0589089,620.7556636,689.3065359,655.8180207
XCME.GY1.05AUG25.112.P,.0937500,.1250000,112,P,.1153179,588.9510057,690.1725522,640.1025592
