Key,BID,ASK,STRIKE,ITYPE,ADJTHEOR,IVBID,IVASK,IVAVERAGE
XCME.ZN.SEP25,112.2500000,112.2656250,INVALID,F,,,,
XCME.GY1.05AUG25.110:75.C,1.4843750,1.5312500,110.7500000,C,1.5266422,,967.4450284,619.4518959
XCME.GY1.05AUG25.112:25.P,.2187500,.2500000,112.2500000,P,.2261543,655.1373038,744.9027068,700.0214181
XCME.GY1.05AUG25.113.C,.0468750,.0781250,113,C,.0657520,766.5096297,914.2105728,843.5777311
XCME.GY1.05AUG25.111.P,INVALID,.0156250,111,P,.0087479,,877.8970477,771.9629862
XCME.GY1.05AUG25.112.C,.3593750,.3906250,112,C,.3856285,563.6315691,665.4155205,615.0560530
XCME.GY1.05AUG25.111:25.P,.0069999,.0312500,111.2500000,P,.0130308,631.1170127,866.8782044,770.5684751
XCME.GY1.05AUG25.110:25.P,INVALID,.0156250,110.2500000,P,.0078467,,1278.8704412,1139.3386302
