Key,BID,ASK,STRIKE,ITYPE,ADJTHEOR,IVBID,IVASK,IVAVERAGE
XCME.ZN.SEP25,112.2500000,112.2656250,INVALID,F,,,,
XCME.VY1.04AUG25.112.C,.3125000,.3281250,112,C,.3261718,592.4556753,671.5004512,632.5319880
XCME.VY1.04AUG25.112:75.C,.0312500,.0468750,112.7500000,C,.0413405,721.7707731,828.1039752,776.8198691
XCME.VY1.04AUG25.110:25.C,2,2.0312500,110.2500000,C,2.0147593,,1880.3657139,1613.3894327
XCME.GY1.05AUG25.110.P,INVALID,.0069999,110,P,.0044584,,1219.7601353,1108.7061942
XCME.GY1.05AUG25.110:5.C,1.7500000,1.7812500,110.5000000,C,1.7674045,,1184.3627746,1011.6808622
XCME.GY1.05AUG25.111.C,1.2500000,1.2812500,111,C,1.2729332,,908.1878423,765.6047482
XCME.GY1.05AUG25.112:25.C,.2343750,.2656250,112.2500000,C,.2482490,648.8454068,737.5305965,693.1885115
