Key,BID,ASK,STRIKE,ITYPE,ADJTHEOR,IVBID,IVASK,IVAVERAGE
XCME.ZN.SEP25,112.2343750,112.2500000,INVALID,F,,,,
XCME.GY1.05AUG25.110:5.P,INVALID,.0156250,110.5000000,P,.0061536,,1117.3864404,991.6503086
XCME.GY1.05AUG25.110:75.P,INVALID,.0156250,110.7500000,P,.0080754,,985.4944391,870.7570383
XCME.GY1.05AUG25.111:75.P,.0468750,.0781250,111.7500000,P,.0684685,582.7529718,711.0980912,649.2916324
XCME.GY1.05AUG25.112.P,.1250000,.1406250,112,P,.1328305,639.7086301,687.8391652,663.8486209
XCME.WY1.06AUG25.110.C,2.2343750,2.2656250,110,C,2.2511760,,1171.4482601,1009.0009927
XCME.WY1.06AUG25.113.P,.8125000,.8437500,113,P,.8264149,674.3353727,787.5902994,732.9314179
