Key,BID,ASK,STRIKE,ITYPE,ADJTHEOR,IVBID,IVASK,IVAVERAGE
XCME.ZN.SEP25,112.1875000,112.2031250,INVALID,F,,,,
XCME.VY1.04AUG25.111.C,1.1875000,1.2187500,111,C,1.2020859,,1223.0367898,1029.3361764
XCME.VY1.04AUG25.110:5.C,1.6875000,1.7187500,110.5000000,C,1.7019288,,1612.4524693,1375.4265053
XCME.VY1.04AUG25.110.C,2.1875000,2.2187500,110,C,2.2025061,,,1709.9865745
XCME.VY1.04AUG25.110:75.C,1.4375000,1.4687500,110.7500000,C,1.4517812,,1420.1082118,1204.3363082
XCME.VY1.04AUG25.110.P,INVALID,.0069999,110,P,.0036936,,1668.8500917,1515.9479926
XCME.VY1.04AUG25.111:25.C,.9375000,.9687500,111.2500000,C,.9538346,,1016.1498680,844.2985017
