Key,BID,ASK,STRIKE,ITYPE,ADJTHEOR,IVBID,IVASK,IVAVERAGE
XCME.ZN.SEP25,112.2343750,112.2500000,INVALID,F,,,,
XCME.GY1.05AUG25.110.P,INVALID,.0069999,110,P,.0044363,,1209.1918654,1098.7551193
XCME.GY1.05AUG25.110:5.C,1.7343750,1.7656250,110.5000000,C,1.7525167,,1163.2436888,984.8464592
XCME.GY1.05AUG25.111.C,1.2343750,1.2656250,111,C,1.2580009,,889.0029941,742.3942093
XCME.GY1.05AUG25.112:25.C,.2187500,.2500000,112.2500000,C,.2405004,623.7693901,712.1761153,667.9728366
XCME.GY1.05AUG25.111:25.C,1,1.0312500,111.2500000,C,1.0156925,543.5874480,863.2622893,745.5517945
XCME.GY1.05AUG25.111:75.C,.5468750,.5781250,111.7500000,C,.5658733,600.8793430,727.4108156,666.3023242
XCME.GY1.05AUG25.112:5.P,.3906250,.4218750,112.5000000,P,.4002135,687.8485649,783.2238772,735.7706236
