Key,BID,ASK,STRIKE,ITYPE,ADJTHEOR,IVBID,IVASK,IVAVERAGE
XCME.ZN.SEP25,112.2500000,112.2656250,INVALID,F,,,,
XCME.WY1.06AUG25.112:5.P,.4218750,.4531250,112.5000000,P,.4207643,656.0437209,731.9130433,694.0851753
XCME.WY1.06AUG25.111:5.C,.7968750,.8125000,111.5000000,C,.8065615,519.9080320,664.8536258,598.5200413
XCME.WY1.06AUG25.110:25.P,INVALID,.0156250,110.2500000,P,.0064000,,1022.3811753,910.5723937
XCME.WY1.06AUG25.111:75.P,.0781250,.1093750,111.7500000,P,.0894799,589.5979148,684.0133600,637.7496113
XCME.WY1.06AUG25.112:75.P,.6093750,.6406250,112.7500000,P,.6068407,694.7666525,781.8022361,738.7661406
XCME.WY1.06AUG25.110:5.C,1.7500000,1.7812500,110.5000000,C,1.7658914,,992.6292487,870.8594841
