Key,BID,ASK,STRIKE,ITYPE,ADJTHEOR,IVBID,IVASK,IVAVERAGE
XCME.ZN.SEP25,112.2500000,112.2656250,INVALID,F,,,,
XCME.VY1.04AUG25.112:75.P,.5156250,.5625000,112.7500000,P,.5448948,641.5869274,961.6825340,817.7285840
XCME.VY1.04AUG25.111:25.P,INVALID,.0156250,111.2500000,P,.0082237,,1033.2397977,901.5000015
XCME.VY1.04AUG25.111:5.P,.0069999,.0156250,111.5000000,P,.0139917,702.0573497,829.1153513,772.2938924
XCME.VY1.04AUG25.112:5.C,.0781250,.1093750,112.5000000,C,.0884890,708.7120693,853.7547162,782.1119547
XCME.VY1.04AUG25.110:25.P,INVALID,.0069999,110.2500000,P,.0035829,,1578.8283499,1432.0319323
XCME.VY1.04AUG25.111.P,.0069999,.0156250,111,P,.0056648,1063.8855558,1232.9556808,1157.9868646
XCME.VY1.04AUG25.110:75.P,INVALID,.0069999,110.7500000,P,.0044587,,1238.7473250,1116.8945126
