Key,BID,ASK,STRIKE,ITYPE,ADJTHEOR,IVBID,IVASK,IVAVERAGE
XCME.ZN.SEP25,112.2031250,112.2187500,INVALID,F,,,,
XCME.WY1.06AUG25.110:5.P,INVALID,.0156250,110.5000000,P,.0054897,,890.3189705,789.6493067
XCME.WY1.06AUG25.110:25.C,1.9531250,1.9843750,110.2500000,C,1.9566727,,995.5751694,946.7200217
XCME.WY1.06AUG25.112:5.P,.4218750,.4375000,112.5000000,P,.4406732,563.6210679,643.1135943,603.6350147
XCME.WY1.06AUG25.111:5.C,.7343750,.7656250,111.5000000,C,.7492341,529.9753974,598.9726110,565.8524302
XCME.WY1.06AUG25.110:25.P,INVALID,.0156250,110.2500000,P,.0035477,,995.5751694,886.2308137
XCME.WY1.06AUG25.111:75.P,.0781250,.0937500,111.7500000,P,.0848265,550.1901156,596.8424837,573.7664655
XCME.WY1.06AUG25.112:75.P,.6093750,.6406250,112.7500000,P,.6411501,561.2617669,661.8922743,612.9725323
