Key,BID,ASK,STRIKE,ITYPE,ADJTHEOR,IVBID,IVASK,IVAVERAGE
XCME.ZN.SEP25,112.2343750,112.2500000,INVALID,F,,,,
XCME.GY1.05AUG25.111:5.C,.7500000,.7968750,111.5000000,C,.7802559,,766.4776444,619.3949575
XCME.GY1.05AUG25.110.C,2.2187500,2.2812500,110,C,2.2620822,,1559.2150892,1260.3149999
XCME.GY1.05AUG25.111:5.P,.0156250,.0468750,111.5000000,P,.0267569,584.6399370,785.1548464,696.4871577
XCME.GY1.05AUG25.110:25.C,1.9687500,2.0312500,110.2500000,C,2.0115962,,1419.9165570,1140.7334352
XCME.GY1.05AUG25.112:75.C,.0781250,.1093750,112.7500000,C,.0914394,724.7419133,841.6512880,784.3478230
XCME.GY1.05AUG25.112:5.C,.1250000,.1718750,112.5000000,C,.1492106,652.6251648,797.8979599,725.8163558
XCME.GY1.05AUG25.110:5.P,INVALID,.0156250,110.5000000,P,.0075327,,1139.5719425,1011.4272191
