Key,BID,ASK,STRIKE,ITYPE,ADJTHEOR,IVBID,IVASK,IVAVERAGE
XCME.ZN.SEP25,112.2812500,112.2968750,INVALID,F,,,,
XCME.GY1.05AUG25.111:25.P,.0069999,.0312500,111.2500000,P,.0166865,631.8352176,865.1210431,769.7475787
XCME.GY1.05AUG25.110:25.P,INVALID,.0156250,110.2500000,P,.0049717,,1268.9857482,1130.8428617
XCME.GY1.05AUG25.111:5.C,.7968750,.8281250,111.5000000,C,.8161963,,770.7156885,650.2168104
XCME.GY1.05AUG25.110.C,2.2812500,2.3125000,110,C,2.2900444,,1322.0636488,1237.6729804
XCME.GY1.05AUG25.111:5.P,.0156250,.0312500,111.5000000,P,.0306345,592.3206498,704.8769415,653.1009649
XCME.GY1.05AUG25.110:25.C,2.0312500,2.0625000,110.2500000,C,2.0405342,,1408.4898643,1263.0118194
XCME.GY1.05AUG25.112:75.C,.0937500,.1093750,112.7500000,C,.1011435,745.3579923,800.9833335,773.4026482
