Key,BID,ASK,STRIKE,ITYPE,ADJTHEOR,IVBID,IVASK,IVAVERAGE
XCME.ZN.SEP25,112.2968750,112.3125000,INVALID,F,,,,
XCME.VY1.04AUG25.111.C,1.2812500,1.3281250,111,C,1.3045827,,1437.0631833,1276.9013757
XCME.VY1.04AUG25.110:5.C,1.7812500,1.8281250,110.5000000,C,1.8037966,,1850.2299605,1659.6644116
XCME.VY1.04AUG25.110.C,2.2812500,2.3281250,110,C,2.3038760,,,
XCME.VY1.04AUG25.110:75.C,1.5312500,1.5781250,110.7500000,C,1.5539670,,1646.2906756,1470.3587825
XCME.VY1.04AUG25.110.P,INVALID,.0069999,110,P,.0035010,,1775.9765608,1615.6916220
XCME.VY1.04AUG25.111:25.C,1.0312500,1.0781250,111.2500000,C,1.0562951,,1221.6635795,1078.3301857
