Key,BID,ASK,STRIKE,ITYPE,ADJTHEOR,IVBID,IVASK,IVAVERAGE
XCME.ZN.SEP25,112.2500000,112.2656250,INVALID,F,,,,
XCME.WY1.06AUG25.110:5.C,1.7656250,1.7968750,110.5000000,C,1.7779101,,1033.5918663,880.7058264
XCME.WY1.06AUG25.112.P,.1406250,.1718750,112,P,.1585466,583.0004717,660.9850129,622.1865395
XCME.WY1.06AUG25.110:75.C,1.5156250,1.5468750,110.7500000,C,1.5312750,,917.4640329,776.9335245
XCME.WY1.06AUG25.111:5.P,.0312500,.0625000,111.5000000,P,.0509852,567.3784012,702.1227208,639.2105757
XCME.WY1.06AUG25.111.C,1.2656250,1.2968750,111,C,1.2873617,,798.4441741,670.8865996
XCME.ZN1.01AUG25.112:75.C,INVALID,.0069999,112.7500000,C,0,,1685.8909625,1475.1369542
XCME.ZN1.01AUG25.110:25.C,2,2.0312500,110.2500000,C,2.0078125,,,
