Key,BID,ASK,STRIKE,ITYPE,ADJTHEOR,IVBID,IVASK,IVAVERAGE
XCME.ZN.SEP25,112.2812500,112.2968750,INVALID,F,,,,
XCME.GY1.05AUG25.110:75.P,INVALID,.0156250,110.7500000,P,.0077616,,1014.7561071,897.9181542
XCME.GY1.05AUG25.111:75.P,.0468750,.0625000,111.7500000,P,.0562630,623.3584051,692.0521896,658.4940538
XCME.GY1.05AUG25.112.P,.1093750,.1250000,112,P,.1112952,643.5265083,693.6796589,668.7221930
XCME.WY1.06AUG25.110.C,2.2656250,2.3125000,110,C,2.3052716,,,
XCME.WY1.06AUG25.113.P,.7812500,.8125000,113,P,.7882700,,,
XCME.WY1.06AUG25.112:75.C,.1093750,.1406250,112.7500000,C,.1362012,641.6422070,728.1646762,685.4028014
XCME.WY1.06AUG25.112.C,.4218750,.4531250,112,C,.4583333,559.1101214,639.3202780,599.5025791
