Key,BID,ASK,STRIKE,ITYPE,ADJTHEOR,IVBID,IVASK,IVAVERAGE
XCME.ZN.SEP25,112.2500000,112.2656250,INVALID,F,,,,
XCME.VY1.04AUG25.113.C,.0156250,.0468750,113,C,.0317602,814.6273663,1097.4545379,972.3085748
XCME.VY1.04AUG25.112:25.P,.1562500,.1875000,112.2500000,P,.1713376,653.4365970,780.6703779,717.0547450
XCME.VY1.04AUG25.112.C,.3125000,.3437500,112,C,.3327781,606.5044042,760.4057495,685.1127895
XCME.VY1.04AUG25.112:75.C,.0312500,.0625000,112.7500000,C,.0509096,728.6918798,931.5508831,835.8472319
XCME.VY1.04AUG25.110:25.C,1.9843750,2.0312500,110.2500000,C,2.0122344,,1935.0214273,1696.9126901
XCME.GY1.05AUG25.110.P,INVALID,.0069999,110,P,.0044843,,1223.6007672,1112.1363501
XCME.GY1.05AUG25.110:5.C,1.7500000,1.7968750,110.5000000,C,1.7683575,,1336.2600236,1128.5201145
