Key,BID,ASK,STRIKE,ITYPE,ADJTHEOR,IVBID,IVASK,IVAVERAGE
XCME.ZN.SEP25,112.2812500,112.2968750,INVALID,F,,,,
XCME.ZN1.01AUG25.112:25.P,.0069999,.0156250,112.2500000,P,.0153314,314.8378667,466.9219890,393.1151047
XCME.ZN1.01AUG25.111.C,1.2812500,1.3125000,111,C,1.2890625,,,
XCME.ZN1.01AUG25.112.C,.2812500,.3125000,112,C,.2890711,,1694.2525573,1366.9060849
XCME.WY1.06AUG25.110.C,2.2812500,2.3125000,110,C,2.2987928,,1185.1481716,1013.6104265
XCME.WY1.06AUG25.113.P,.7812500,.8125000,113,P,.7871646,709.4762224,813.6748216,762.8839554
XCME.WY1.06AUG25.112:75.C,.1250000,.1406250,112.7500000,C,.1254714,692.3372046,735.2826523,713.9231452
XCME.WY1.06AUG25.112.C,.4375000,.4687500,112,C,.4503007,612.7649254,691.5000234,652.3381576
