Key,BID,ASK,STRIKE,ITYPE,ADJTHEOR,IVBID,IVASK,IVAVERAGE
XCME.ZN.SEP25,112.2500000,112.2656250,INVALID,F,,,,
XCME.WY1.06AUG25.110.P,INVALID,.0156250,110,P,.0063677,,1130.5800962,1010.1758671
XCME.WY1.06AUG25.110:75.P,.0069999,.0312500,110.7500000,P,.0143774,706.0515487,940.9935153,846.3991966
XCME.WY1.06AUG25.112:25.P,.2656250,.2968750,112.2500000,P,.2808250,624.7383693,697.0741616,660.9064183
XCME.WY1.06AUG25.111:25.C,1.0156250,1.0625000,111.2500000,C,1.0432638,504.4248937,806.9475112,688.8405273
XCME.WY1.06AUG25.110:5.P,.0069999,.0156250,110.5000000,P,.0103065,803.4775912,920.9576857,869.2313240
XCME.WY1.06AUG25.110:25.C,2,2.0312500,110.2500000,C,2.0165211,,1100.7474997,964.8669682
