Key,BID,ASK,STRIKE,ITYPE,ADJTHEOR,IVBID,IVASK,IVAVERAGE
XCME.ZN.SEP25,112.2031250,112.2187500,INVALID,F,,,,
XCME.WY1.06AUG25.112.P,.1562500,.1718750,112,P,.1621494,571.6838582,609.6173584,590.6845013
XCME.WY1.06AUG25.110:75.C,1.4531250,1.4843750,110.7500000,C,1.4743924,,827.2265980,701.6739954
XCME.WY1.06AUG25.111:5.P,.0312500,.0625000,111.5000000,P,.0468963,536.0403510,666.5179030,605.4818490
XCME.WY1.06AUG25.111.C,1.2031250,1.2343750,111,C,1.2295207,540.9018433,713.5366491,644.9179352
XCME.GY1.05AUG25.110.P,INVALID,.0069999,110,P,.0037325,,1186.0131949,1077.3978571
XCME.GY1.05AUG25.110:5.C,1.7031250,1.7343750,110.5000000,C,1.7155333,,1185.1308903,1038.8661476
