Key,BID,ASK,STRIKE,ITYPE,ADJTHEOR,IVBID,IVASK,IVAVERAGE
XCME.ZN.SEP25,112.2343750,112.2500000,INVALID,F,,,,
XCME.VY1.04AUG25.113.C,.0156250,.0312500,113,C,.0235960,817.2908667,974.8935977,902.3637988
XCME.VY1.04AUG25.112:25.P,.1562500,.1718750,112.2500000,P,.1644211,612.6959010,675.5639602,644.1303016
XCME.VY1.04AUG25.112.C,.2812500,.3281250,112,C,.3077146,501.1764788,732.5088181,621.2572476
XCME.VY1.04AUG25.112:75.C,.0312500,.0468750,112.7500000,C,.0387525,736.0660512,843.2747041,791.6000165
XCME.VY1.04AUG25.110:25.C,1.9843750,2.0156250,110.2500000,C,1.9956474,,1912.2722757,1685.4618735
XCME.WY1.06AUG25.110.C,2.2343750,2.2656250,110,C,2.2441591,,1238.1571801,1112.7858070
XCME.WY1.06AUG25.113.P,.7968750,.8750000,113,P,.8333751,581.6794439,871.8473691,740.2157015
