Key,BID,ASK,STRIKE,ITYPE,ADJTHEOR,IVBID,IVASK,IVAVERAGE
XCME.ZN.SEP25,112.2812500,112.2968750,INVALID,F,,,,
XCME.WY1.06AUG25.110.P,INVALID,.0156250,110,P,.0054178,,1143.0769164,1021.6544401
XCME.WY1.06AUG25.110:75.P,.0069999,.0156250,110.7500000,P,.0112082,718.9866421,827.1653657,779.3999502
XCME.WY1.06AUG25.112:25.P,.2500000,.2656250,112.2500000,P,.2609019,626.3862247,662.5531902,644.4706804
XCME.WY1.06AUG25.111:25.C,1.0468750,1.0937500,111.2500000,C,1.0712008,464.5420592,809.0197663,684.6848145
XCME.WY1.06AUG25.110:5.P,.0069999,.0156250,110.5000000,P,.0081908,815.9164713,934.3599487,882.1879710
XCME.WY1.06AUG25.110:25.C,2.0312500,2.0625000,110.2500000,C,2.0498488,,1078.7991605,918.9055833
