Key,BID,ASK,STRIKE,ITYPE,ADJTHEOR,IVBID,IVASK,IVAVERAGE
XCME.ZN.SEP25,112.2656250,112.2812500,INVALID,F,,,,
XCME.VY1.04AUG25.112:25.P,.1406250,.1718750,112.2500000,P,.1663795,627.2945252,754.7752748,691.0475475
XCME.VY1.04AUG25.112.C,.3125000,.3593750,112,C,.3506542,523.8657823,769.0856525,652.2669909
XCME.VY1.04AUG25.112:75.C,.0312500,.0625000,112.7500000,C,.0550427,710.2483817,910.2945740,815.8121407
XCME.VY1.04AUG25.110:25.C,2,2.0468750,110.2500000,C,2.0314045,,1889.1603827,1608.2870811
XCME.WY1.06AUG25.110.C,2.2656250,2.2968750,110,C,2.2876597,,1140.1001384,924.5922207
XCME.WY1.06AUG25.113.P,.7968750,.8281250,113,P,.8098546,730.0870331,833.9010965,783.2366710
