Key,BID,ASK,STRIKE,ITYPE,ADJTHEOR,IVBID,IVASK,IVAVERAGE
XCME.ZN.SEP25,112.2812500,112.2968750,INVALID,F,,,,
XCME.GY1.05AUG25.111:25.C,1.0312500,1.0625000,111.2500000,C,1.0586563,,743.0945927,579.9479900
XCME.GY1.05AUG25.111:75.C,.5625000,.5937500,111.7500000,C,.5978189,450.6533139,623.3590305,546.1064502
XCME.GY1.05AUG25.112:5.P,.3593750,.3906250,112.5000000,P,.3647908,691.6714450,784.4690384,738.2118871
XCME.GY1.05AUG25.113.P,.7656250,.7968750,113,P,.7706759,812.4082434,945.5306749,881.0325483
XCME.GY1.05AUG25.112:75.P,.5625000,.5937500,112.7500000,P,.5554862,790.8001960,897.0713259,844.5518808
XCME.GY1.05AUG25.110:75.C,1.5312500,1.5625000,110.7500000,C,1.5520449,,1014.7561146,808.2993027
