Key,BID,ASK,STRIKE,ITYPE,ADJTHEOR,IVBID,IVASK,IVAVERAGE
XCME.ZN.SEP25,112.2656250,112.2812500,INVALID,F,,,,
XCME.WY1.06AUG25.111:75.C,.5937500,.6250000,111.7500000,C,.6251171,544.1918071,645.7887810,596.4746452
XCME.WY1.06AUG25.113.C,.0625000,.0937500,113,C,.0835993,668.7767000,777.9229157,725.0548293
XCME.WY1.06AUG25.110.P,INVALID,.0156250,110,P,.0050353,,1137.0519362,1016.3402717
XCME.WY1.06AUG25.110:75.P,.0069999,.0156250,110.7500000,P,.0092812,713.8377215,821.5622587,774.0004155
XCME.WY1.06AUG25.112:25.P,.2656250,.2812500,112.2500000,P,.2729704,651.7153110,687.7821833,669.7493016
XCME.WY1.06AUG25.111:25.C,1.0468750,1.0625000,111.2500000,C,1.0595001,569.2919397,683.7658867,632.5040816
