Key,BID,ASK,STRIKE,ITYPE,ADJTHEOR,IVBID,IVASK,IVAVERAGE
XCME.ZN.SEP25,112.2343750,112.2500000,INVALID,F,,,,
XCME.VY1.04AUG25.111:75.P,.0156250,INVALID,111.7500000,P,.0272568,613.3700151,747.7795105,685.3624635
XCME.VY1.04AUG25.111:75.C,INVALID,INVALID,111.7500000,C,.5229443,462.9737366,779.6148762,654.6569183
XCME.VY1.04AUG25.112:75.P,.5156250,.5625000,112.7500000,P,.5523431,571.9527847,937.4278228,781.3095415
XCME.VY1.04AUG25.111:25.P,INVALID,.0156250,111.2500000,P,.0082898,,1044.4429717,910.5844084
XCME.VY1.04AUG25.111:5.P,INVALID,.0156250,111.5000000,P,.0130522,,837.6941710,724.0313422
XCME.VY1.04AUG25.112:5.C,.0625000,.1093750,112.5000000,C,.0821979,656.0736548,882.4201257,771.7663532
XCME.VY1.04AUG25.110:25.P,INVALID,.0069999,110.2500000,P,.0039382,,1602.5376491,1452.9813426
