Key,BID,ASK,STRIKE,ITYPE,ADJTHEOR,IVBID,IVASK,IVAVERAGE
XCME.ZN.SEP25,112.2812500,112.2968750,INVALID,F,,,,
XCME.WY1.06AUG25.111:25.P,.0156250,.0312500,111.2500000,P,.0250665,598.0590261,702.5095244,654.7027237
XCME.WY1.06AUG25.111:75.C,.5937500,.6250000,111.7500000,C,.6180494,564.6817017,663.6205125,615.4052098
XCME.WY1.06AUG25.113.C,.0781250,.0937500,113,C,.0840736,731.6313554,784.7222581,758.5344948
XCME.WY1.06AUG25.110.P,INVALID,.0156250,110,P,.0052577,,1136.7142388,1015.7244143
XCME.WY1.06AUG25.110:75.P,.0069999,.0156250,110.7500000,P,.0096562,712.9277006,820.4383003,772.9522563
XCME.WY1.06AUG25.112:25.P,.2656250,.2812500,112.2500000,P,.2742758,645.2028873,681.3272179,663.2654218
XCME.WY1.06AUG25.111:25.C,1.0312500,1.0625000,111.2500000,C,1.0528165,458.6288001,722.0981397,652.0143489
