Key,BID,ASK,STRIKE,ITYPE,ADJTHEOR,IVBID,IVASK,IVAVERAGE
XCME.ZN.SEP25,112.2656250,112.2812500,INVALID,F,,,,
XCME.WY1.06AUG25.111:75.C,.5781250,.6250000,111.7500000,C,.6041427,538.4621169,687.2822412,615.6752604
XCME.WY1.06AUG25.113.C,.0781250,.0937500,113,C,.0797683,740.7450103,794.3742894,767.9276953
XCME.WY1.06AUG25.110.P,INVALID,.0156250,110,P,.0056801,,1139.6398239,1018.2870582
XCME.WY1.06AUG25.110:75.P,.0069999,.0156250,110.7500000,P,.0104424,713.3382219,821.2563723,773.6105946
XCME.WY1.06AUG25.112:25.P,.2500000,.2812500,112.2500000,P,.2643574,602.9294626,675.5785317,639.2547961
XCME.WY1.06AUG25.111:25.C,1.0312500,1.0625000,111.2500000,C,1.0443568,566.8704759,766.5337469,681.3223644
