Key,BID,ASK,STRIKE,ITYPE,ADJTHEOR,IVBID,IVASK,IVAVERAGE
XCME.ZN.SEP25,112.2812500,112.2968750,INVALID,F,,,,
XCME.GY1.05AUG25.112:25.P,.2031250,.2343750,112.2500000,P,.2258249,627.2849181,716.3675439,671.8315848
XCME.GY1.05AUG25.113.C,.0625000,.0781250,113,C,.0655943,825.6544566,895.0357470,860.9700534
XCME.GY1.05AUG25.111.P,.0069999,.0156250,111,P,.0126514,760.0659240,879.6606503,826.7134853
XCME.GY1.05AUG25.112.C,.3906250,.4375000,112,C,.4104831,622.1046258,771.0000807,697.4247141
XCME.GY1.05AUG25.111:25.P,.0156250,.0312500,111.2500000,P,.0202438,741.0519211,870.1518126,811.0518213
XCME.GY1.05AUG25.110:25.P,INVALID,.0156250,110.2500000,P,.0052591,,1276.4068039,1137.4837279
