Key,BID,ASK,STRIKE,ITYPE,ADJTHEOR,IVBID,IVASK,IVAVERAGE
XCME.ZN.SEP25,112.1875000,112.2031250,INVALID,F,,,,
XCME.WY1.06AUG25.110:75.C,1.4531250,1.4843750,110.7500000,C,1.4745418,,828.8557121,703.0572647
XCME.WY1.06AUG25.111:5.P,.0312500,.0625000,111.5000000,P,.0470086,537.0982074,667.8332219,606.6757378
XCME.WY1.06AUG25.111.C,1.2031250,1.2343750,111,C,1.2297570,,714.9346470,601.9183330
XCME.VY1.04AUG25.111:75.P,.0156250,.0312500,111.7500000,P,.0236378,561.1705850,686.7691914,628.3375738
XCME.VY1.04AUG25.111:75.C,.4687500,.5000000,111.7500000,C,.4845776,475.6506007,628.3209636,561.1958886
XCME.VY1.04AUG25.112:75.P,.5468750,.5781250,112.7500000,P,.5621656,700.5883463,819.4512371,762.9822431
XCME.VY1.04AUG25.111:25.P,INVALID,.0069999,111.2500000,P,.0048015,,834.0321186,742.6145280
