Key,BID,ASK,STRIKE,ITYPE,ADJTHEOR,IVBID,IVASK,IVAVERAGE
XCME.ZN.SEP25,112.2500000,112.2656250,INVALID,F,,,,
XCME.WY1.06AUG25.113.C,.0625000,.0937500,113,C,.0790846,692.3332827,803.9137654,749.9005200
XCME.WY1.06AUG25.110.P,INVALID,.0156250,110,P,.0057207,,1133.0148923,1012.2429329
XCME.WY1.06AUG25.110:75.P,.0069999,.0156250,110.7500000,P,.0104798,706.8646392,814.2184266,766.8144826
XCME.WY1.06AUG25.112:25.P,.2656250,.2812500,112.2500000,P,.2757828,621.3364445,657.6475090,639.4919858
XCME.WY1.06AUG25.111:25.C,1.0156250,1.0468750,111.2500000,C,1.0295539,559.3028846,757.8041603,673.0778858
XCME.WY1.06AUG25.110:5.P,INVALID,.0156250,110.5000000,P,.0079320,,922.4694676,818.8231136
XCME.WY1.06AUG25.110:25.C,1.9843750,2.0312500,110.2500000,C,2.0100522,,1149.3271681,1033.4058936
