Key,BID,ASK,STRIKE,ITYPE,ADJTHEOR,IVBID,IVASK,IVAVERAGE
XCME.ZN.SEP25,112.2656250,112.2812500,INVALID,F,,,,
XCME.VY1.04AUG25.111:5.C,.7656250,.7968750,111.5000000,C,.7845647,,925.2622359,787.6440225
XCME.VY1.04AUG25.112:25.C,.1718750,.1875000,112.2500000,C,.1836349,647.0734009,710.4092076,678.7436136
XCME.VY1.04AUG25.110:5.P,INVALID,.0069999,110.5000000,P,.0034161,,1415.4027515,1280.5812696
XCME.VY1.04AUG25.112:5.P,.3125000,.3437500,112.5000000,P,.3204300,714.6539610,855.7368528,785.8849442
XCME.VY1.04AUG25.111.C,1.2656250,1.2968750,111,C,1.2777359,,1352.4209156,1173.8928258
XCME.VY1.04AUG25.110:5.C,1.7656250,1.7968750,110.5000000,C,1.7768536,,1754.9188237,1540.1868508
