Key,BID,ASK,STRIKE,ITYPE,ADJTHEOR,IVBID,IVASK,IVAVERAGE
XCME.ZN.SEP25,112.2656250,112.2812500,INVALID,F,,,,
XCME.WY1.06AUG25.112:75.C,.1093750,.1406250,112.7500000,C,.1302912,653.1480250,740.2124013,697.1946714
XCME.WY1.06AUG25.112.C,.4218750,.4531250,112,C,.4484338,586.9973165,665.6534547,626.5418477
XCME.WY1.06AUG25.111.P,.0069999,.0312500,111,P,.0141550,615.1490059,829.0640588,742.3750838
XCME.WY1.06AUG25.112:25.C,.2656250,.2968750,112.2500000,C,.3077204,571.4839880,643.6357008,607.5628226
XCME.WY1.06AUG25.112:5.C,.1718750,.2031250,112.5000000,C,.2028748,612.7175946,688.1963562,650.5588626
XCME.WY1.06AUG25.111:25.P,.0156250,.0312500,111.2500000,P,.0247501,599.6748888,704.4390441,656.5046423
