Key,BID,ASK,STRIKE,ITYPE,ADJTHEOR,IVBID,IVASK,IVAVERAGE
XCME.ZN.SEP25,112.2031250,112.2187500,INVALID,F,,,,
XCME.ZN1.01AUG25.111:5.P,INVALID,.0069999,111.5000000,P,0,,,1848.9302053
XCME.ZN1.01AUG25.111:25.P,INVALID,.0069999,111.2500000,P,0,,,
XCME.ZN1.01AUG25.112:5.P,.2812500,.3125000,112.5000000,P,.3048919,,1116.2655739,956.6891007
XCME.ZN1.01AUG25.110.C,2.1875000,2.2187500,110,C,2.1953125,,,
XCME.ZN1.01AUG25.112.P,INVALID,.0069999,112,P,.0022296,,776.9177938,654.6724459
XCME.ZN1.01AUG25.112:25.C,.0156250,.0312500,112.2500000,C,.0214749,474.2692457,702.4092133,590.9532292
