Key,BID,ASK,STRIKE,ITYPE,ADJTHEOR,IVBID,IVASK,IVAVERAGE
XCME.ZN.SEP25,112.2500000,112.2656250,INVALID,F,,,,
XCME.WY1.06AUG25.110.P,INVALID,.0156250,110,P,.0068490,,1135.4737275,1014.5607776
XCME.WY1.06AUG25.110:75.P,.0069999,.0156250,110.7500000,P,.0108293,708.5284714,816.1219624,768.6053121
XCME.WY1.06AUG25.112:25.P,.2500000,.2812500,112.2500000,P,.2713547,587.0782007,659.8389221,623.4586167
XCME.WY1.06AUG25.111:25.C,1.0156250,1.0468750,111.2500000,C,1.0292683,553.0209744,755.6487315,669.8094125
XCME.WY1.06AUG25.110:5.P,INVALID,.0156250,110.5000000,P,.0086765,,924.5612824,820.6827770
XCME.WY1.06AUG25.110:25.C,2,2.0312500,110.2500000,C,2.0118751,,1144.8456666,1025.9918433
