Key,BID,ASK,STRIKE,ITYPE,ADJTHEOR,IVBID,IVASK,IVAVERAGE
XCME.ZN.SEP25,112.2343750,112.2500000,INVALID,F,,,,
XCME.GY1.05AUG25.111:5.C,.7500000,.7968750,111.5000000,C,.7839979,433.2502976,793.5277984,660.4148614
XCME.GY1.05AUG25.110.C,2.2343750,2.2656250,110,C,2.2509561,,1439.4451079,1230.2199098
XCME.GY1.05AUG25.111:5.P,.0156250,.0468750,111.5000000,P,.0374985,577.0396891,775.5543091,687.7426720
XCME.GY1.05AUG25.110:25.C,1.9843750,2.0156250,110.2500000,C,2.0015654,,1307.5490860,1112.6357021
XCME.GY1.05AUG25.112:75.C,.0937500,.1093750,112.7500000,C,.0967242,784.9872682,842.1915023,813.8364803
XCME.GY1.05AUG25.112:5.C,.1406250,.1718750,112.5000000,C,.1542089,704.8417525,800.8570224,753.0749969
XCME.GY1.05AUG25.110:5.P,INVALID,.0156250,110.5000000,P,.0061228,,1129.1557738,1002.1211395
