Key,BID,ASK,STRIKE,ITYPE,ADJTHEOR,IVBID,IVASK,IVAVERAGE
XCME.ZN.SEP25,112.2343750,112.2500000,INVALID,F,,,,
XCME.WY1.06AUG25.113.C,.0625000,.0781250,113,C,.0665014,702.0646856,759.9352928,731.5372976
XCME.WY1.06AUG25.110.P,INVALID,.0156250,110,P,.0007654,,1112.9263378,994.2752583
XCME.WY1.06AUG25.110:75.P,.0069999,.0156250,110.7500000,P,.0114637,690.6896134,796.0521374,749.4705274
XCME.WY1.06AUG25.112:25.P,.2656250,.2812500,112.2500000,P,.2845997,585.0214254,621.0703251,603.0462215
XCME.WY1.06AUG25.111:25.C,1.0156250,1.0468750,111.2500000,C,1.0188631,715.2356365,854.4198836,788.8600769
XCME.WY1.06AUG25.110:5.P,INVALID,.0156250,110.5000000,P,.0048807,,903.6818506,801.7680657
XCME.WY1.06AUG25.110:25.C,2,2.0312500,110.2500000,C,1.9784671,1089.9592271,1316.2112608,1215.0768222
