Key,BID,ASK,STRIKE,ITYPE,ADJTHEOR,IVBID,IVASK,IVAVERAGE
XCME.ZN.SEP25,112.2500000,112.2656250,INVALID,F,,,,
XCME.WY1.06AUG25.110:5.P,INVALID,.0156250,110.5000000,P,.0080873,,924.3019154,820.4838114
XCME.WY1.06AUG25.110:25.C,2,2.0312500,110.2500000,C,2.0144512,,1112.5525630,980.0867617
XCME.WY1.06AUG25.112:5.P,.4062500,.4375000,112.5000000,P,.4221377,622.6278860,699.5708643,661.2287612
XCME.WY1.06AUG25.111:5.C,.7812500,.8125000,111.5000000,C,.8046438,524.0172013,670.1096128,603.2495592
XCME.WY1.06AUG25.110:25.P,INVALID,.0156250,110.2500000,P,.0066387,,1030.3751090,917.7990843
XCME.WY1.06AUG25.111:75.P,.0625000,.0937500,111.7500000,P,.0875848,543.0703207,642.7896487,594.2559144
