Key,BID,ASK,STRIKE,ITYPE,ADJTHEOR,IVBID,IVASK,IVAVERAGE
XCME.ZN.SEP25,112.2187500,112.2343750,INVALID,F,,,,
XCME.VY1.04AUG25.111:5.P,.0069999,.0156250,111.5000000,P,.0095592,669.7365090,792.0876357,737.3545602
XCME.VY1.04AUG25.112:5.C,.0625000,.0781250,112.5000000,C,.0656868,657.1075809,733.2508724,695.5877764
XCME.VY1.04AUG25.110:25.P,INVALID,.0069999,110.2500000,P,.0034326,,1533.2989234,1389.9633506
XCME.VY1.04AUG25.111.P,INVALID,.0069999,111,P,.0042055,,1025.9527978,920.6358106
XCME.VY1.04AUG25.110:75.P,INVALID,.0069999,110.7500000,P,.0036318,,1198.3377151,1079.8906545
XCME.VY1.04AUG25.112.P,.0625000,.0937500,112,P,.0623896,596.9654281,741.8101913,670.5454709
