Key,BID,ASK,STRIKE,ITYPE,ADJTHEOR,IVBID,IVASK,IVAVERAGE
XCME.ZN.SEP25,112.2500000,112.2656250,INVALID,F,,,,
XCME.VY1.04AUG25.110.C,2.2343750,2.2812500,110,C,2.2570444,,,
XCME.VY1.04AUG25.110:75.C,1.4843750,1.5312500,110.7500000,C,1.5078256,,1606.7797911,1433.3412045
XCME.VY1.04AUG25.110.P,INVALID,.0069999,110,P,.0035444,,1744.7395031,1585.7587332
XCME.VY1.04AUG25.111:25.C,1,1.0312500,111.2500000,C,1.0115357,,1179.0337702,1038.2814219
XCME.VY1.04AUG25.113.P,.7500000,.7968750,113,P,.7793568,613.7083506,1128.3401071,938.1101912
XCME.VY1.04AUG25.113.C,.0156250,.0468750,113,C,.0328568,818.9895765,1102.6611577,977.1414597
XCME.VY1.04AUG25.112:25.P,.1562500,.1875000,112.2500000,P,.1761122,643.1306913,770.3441316,706.7377706
