Key,BID,ASK,STRIKE,ITYPE,ADJTHEOR,IVBID,IVASK,IVAVERAGE
XCME.ZN.SEP25,112.2031250,112.2187500,INVALID,F,,,,
XCME.GY1.05AUG25.112:75.C,.0625000,.0937500,112.7500000,C,.0710067,692.0997661,815.9061180,755.7203581
XCME.GY1.05AUG25.112:5.C,.1093750,.1406250,112.5000000,C,.1207711,645.6823219,744.9634458,695.7441050
XCME.GY1.05AUG25.110:5.P,INVALID,.0069999,110.5000000,P,.0052605,,951.3762741,860.0001248
XCME.GY1.05AUG25.110:75.P,.0069999,.0156250,110.7500000,P,.0070915,832.2696361,959.7157760,903.3519222
XCME.GY1.05AUG25.111:75.P,.0625000,.0781250,111.7500000,P,.0722440,612.6820030,672.8028714,643.1768082
XCME.GY1.05AUG25.112.P,.1250000,.1406250,112,P,.1420519,592.0517356,639.1729589,615.6726274
