Key,BID,ASK,STRIKE,ITYPE,ADJTHEOR,IVBID,IVASK,IVAVERAGE
XCME.ZN.SEP25,112.2656250,112.2812500,INVALID,F,,,,
XCME.WY1.06AUG25.112.P,.1406250,.1718750,112,P,.1491642,594.1397468,672.6590558,633.6035877
XCME.WY1.06AUG25.110:75.C,1.5312500,1.5625000,110.7500000,C,1.5424622,163.0412597,950.2106095,821.6856991
XCME.WY1.06AUG25.111:5.P,.0312500,.0625000,111.5000000,P,.0483042,574.2781454,710.1966108,646.7404887
XCME.WY1.06AUG25.111.C,1.2656250,1.3125000,111,C,1.2991247,170.4845628,829.0015423,711.9697475
XCME.VY1.04AUG25.111:75.P,.0156250,.0312500,111.7500000,P,.0242550,626.7225790,761.2850326,698.8929728
XCME.VY1.04AUG25.111:75.C,.5312500,.5625000,111.7500000,C,.5511924,475.2566098,793.0739490,668.1504058
