Key,BID,ASK,STRIKE,ITYPE,ADJTHEOR,IVBID,IVASK,IVAVERAGE
XCME.ZN.SEP25,112.2343750,112.2500000,INVALID,F,,,,
XCME.GY1.05AUG25.110:5.P,INVALID,.0156250,110.5000000,P,.0063093,,1129.1557738,1002.1211395
XCME.GY1.05AUG25.110:75.P,INVALID,.0156250,110.7500000,P,.0084878,,996.1498311,880.2185011
XCME.GY1.05AUG25.111:75.P,.0625000,.0781250,111.7500000,P,.0746514,657.8869807,720.3647425,689.6002031
XCME.GY1.05AUG25.112.P,.1250000,.1562500,112,P,.1413094,649.0487758,745.7700313,697.6811957
XCME.ZN1.01AUG25.112:75.C,INVALID,.0069999,112.7500000,C,0,,,
XCME.ZN1.01AUG25.110:25.C,1.9687500,2.0156250,110.2500000,C,1.9921875,,,
