Key,BID,ASK,STRIKE,ITYPE,ADJTHEOR,IVBID,IVASK,IVAVERAGE
XCME.ZN.SEP25,112.2500000,112.2656250,INVALID,F,,,,
XCME.VY1.04AUG25.112:75.P,.5156250,.5625000,112.7500000,P,.5432325,674.2814228,981.3030294,841.0459768
XCME.VY1.04AUG25.111:25.P,INVALID,.0156250,111.2500000,P,.0080517,,1036.7907244,904.7608060
XCME.VY1.04AUG25.111:5.P,.0069999,.0156250,111.5000000,P,.0139732,705.2977363,832.7525902,775.7624989
XCME.VY1.04AUG25.112:5.C,.0781250,.1093750,112.5000000,C,.0929115,702.8086333,847.4789296,776.0076354
XCME.VY1.04AUG25.110:25.P,INVALID,.0069999,110.2500000,P,.0036167,,1581.6948809,1434.7142716
XCME.VY1.04AUG25.111.P,.0069999,.0156250,111,P,.0055149,1066.9534822,1236.3513692,1161.2345559
