Key,BID,ASK,STRIKE,ITYPE,ADJTHEOR,IVBID,IVASK,IVAVERAGE
XCME.ZN.SEP25,112.2500000,112.2656250,INVALID,F,,,,
XCME.GY1.05AUG25.111.C,1.2500000,1.2968750,111,C,1.2535621,264.1870773,1111.5477017,970.5954375
XCME.GY1.05AUG25.112:25.C,.2500000,.2656250,112.2500000,C,.2418750,666.9077945,755.8292558,711.3685435
XCME.GY1.05AUG25.111:25.C,1,1.0468750,111.2500000,C,1.0112433,719.8224964,946.3564879,847.1543147
XCME.GY1.05AUG25.111:75.C,.5625000,.5937500,111.7500000,C,.5644084,658.7060977,780.3161977,721.1153975
XCME.GY1.05AUG25.112:5.P,.3750000,.4062500,112.5000000,P,.3996887,650.4472156,747.0403720,699.0195659
XCME.GY1.05AUG25.113.P,.7812500,.8281250,113,P,.8131646,685.3740313,920.9378228,812.8012286
