Key,BID,ASK,STRIKE,ITYPE,ADJTHEOR,IVBID,IVASK,IVAVERAGE
XCME.ZN.SEP25,112.2343750,112.2500000,INVALID,F,,,,
XCME.VY1.04AUG25.112:25.P,.1562500,.1718750,112.2500000,P,.1663415,619.8255776,682.6851547,651.2555289
XCME.VY1.04AUG25.112.C,.2968750,.3281250,112,C,.3134779,569.2108940,721.0342684,646.8163829
XCME.VY1.04AUG25.112:75.C,.0312500,.0468750,112.7500000,C,.0402811,732.5597495,839.5068456,787.9551537
XCME.VY1.04AUG25.110:25.C,1.9843750,2.0156250,110.2500000,C,1.9991329,,1857.0105307,1592.9893292
XCME.WY1.06AUG25.110.C,2.2343750,2.2656250,110,C,2.2512296,,1171.4482601,1009.0009927
XCME.WY1.06AUG25.113.P,.8125000,.8437500,113,P,.8255539,674.3353727,787.5902994,732.9314179
