Key,BID,ASK,STRIKE,ITYPE,ADJTHEOR,IVBID,IVASK,IVAVERAGE
XCME.ZN.SEP25,112.2187500,112.2343750,INVALID,F,,,,
XCME.GY1.05AUG25.111:25.C,.9843750,1.0156250,111.2500000,C,.9999930,616.0136633,885.3831783,775.9418481
XCME.GY1.05AUG25.111:75.C,.5312500,.5625000,111.7500000,C,.5579222,609.3085631,733.2409714,673.1474328
XCME.GY1.05AUG25.112:5.P,.4062500,.4375000,112.5000000,P,.4229393,701.2675567,798.5203319,750.1666121
XCME.GY1.05AUG25.113.P,.8125000,.8593750,113,P,.8349418,747.8665237,974.7410345,869.0683008
XCME.GY1.05AUG25.112:75.P,.5937500,.6406250,112.7500000,P,.6169287,710.8696026,888.0962268,802.2257485
XCME.GY1.05AUG25.110:75.C,1.4687500,1.5156250,110.7500000,C,1.4856290,,1203.6310917,1030.2522393
