Key,BID,ASK,STRIKE,ITYPE,ADJTHEOR,IVBID,IVASK,IVAVERAGE
XCME.ZN.SEP25,112.2500000,112.2656250,INVALID,F,,,,
XCME.WY1.06AUG25.112.P,.1406250,.1718750,112,P,.1584110,577.9262869,656.1974483,617.2480109
XCME.WY1.06AUG25.110:75.C,1.5000000,1.5312500,110.7500000,C,1.5184024,,886.0835562,773.5023766
XCME.WY1.06AUG25.111:5.P,.0312500,.0468750,111.5000000,P,.0465250,565.7904491,637.7463124,603.2397581
XCME.WY1.06AUG25.111.C,1.2500000,1.2968750,111,C,1.2734266,,869.1202450,738.9247055
XCME.GY1.05AUG25.110.P,INVALID,.0069999,110,P,.0044105,,1228.8073257,1116.9572604
XCME.GY1.05AUG25.110:5.C,1.7343750,1.7812500,110.5000000,C,1.7633773,,1232.2777375,1081.1052056
