Key,BID,ASK,STRIKE,ITYPE,ADJTHEOR,IVBID,IVASK,IVAVERAGE
XCME.ZN.SEP25,112.2343750,112.2500000,INVALID,F,,,,
XCME.ZN1.01AUG25.111:25.P,INVALID,.0069999,111.2500000,P,,,,
XCME.ZN1.01AUG25.112:5.P,.2343750,.2812500,112.5000000,P,.2605098,,1929.0112943,1550.2086882
XCME.ZN1.01AUG25.110.C,INVALID,INVALID,110,C,,,,
XCME.ZN1.01AUG25.112.P,INVALID,.0069999,112,P,.0074580,,1289.8719336,1101.3815279
XCME.ZN1.01AUG25.112:25.C,INVALID,.0069999,112.2500000,C,.0583705,,,
XCME.ZN1.01AUG25.111:25.C,.6250000,INVALID,111.2500000,C,,,,
XCME.ZN1.01AUG25.111:75.C,INVALID,INVALID,111.7500000,C,.4931494,,,
