Key,BID,ASK,STRIKE,ITYPE,ADJTHEOR,IVBID,IVASK,IVAVERAGE
XCME.ZN.SEP25,112.2656250,112.2812500,INVALID,F,,,,
XCME.WY1.06AUG25.111.P,.0069999,.0312500,111,P,.0152352,613.2530436,826.8693526,740.2706331
XCME.WY1.06AUG25.112:25.C,.2812500,.3125000,112.2500000,C,.2929666,618.1385642,690.3855268,654.2634878
XCME.WY1.06AUG25.112:5.C,.1875000,.2031250,112.5000000,C,.1913969,659.0247317,696.8216248,677.9472211
XCME.WY1.06AUG25.111:25.P,.0156250,.0312500,111.2500000,P,.0256119,597.2841169,701.8721945,654.0194443
XCME.WY1.06AUG25.111:75.C,.6093750,.6250000,111.7500000,C,.6140228,617.3787251,665.4742568,641.6830824
XCME.WY1.06AUG25.113.C,.0781250,.0937500,113,C,.0821621,731.4532160,784.5974424,758.3824571
