Key,BID,ASK,STRIKE,ITYPE,ADJTHEOR,IVBID,IVASK,IVAVERAGE
XCME.ZN.SEP25,112.2187500,112.2343750,INVALID,F,,,,
XCME.WY1.06AUG25.112:5.P,.4375000,.4687500,112.5000000,P,.4516621,655.8651559,733.1666058,694.6543537
XCME.WY1.06AUG25.111:5.C,.7656250,.8125000,111.5000000,C,.7921157,567.3011841,752.4556698,666.7244694
XCME.WY1.06AUG25.110:25.P,INVALID,.0156250,110.2500000,P,.0077652,,1016.8529314,905.6926334
XCME.WY1.06AUG25.111:75.P,.0937500,.1093750,111.7500000,P,.1077962,622.4704979,668.4400647,645.6465941
XCME.WY1.06AUG25.112:75.P,.6250000,.6562500,112.7500000,P,.6380266,685.3238204,775.4002140,730.9638697
XCME.WY1.06AUG25.110:5.C,1.7187500,1.7656250,110.5000000,C,1.7410113,,1074.0762760,906.4020907
