Key,BID,ASK,STRIKE,ITYPE,ADJTHEOR,IVBID,IVASK,IVAVERAGE
XCME.ZN.SEP25,112.2500000,112.2656250,INVALID,F,,,,
XCME.WY1.06AUG25.112:75.C,.1093750,.1406250,112.7500000,C,.1169175,677.6444856,766.4004812,722.5692060
XCME.WY1.06AUG25.112.C,.3906250,.4218750,112,C,.4162234,558.0982529,636.7644944,597.6387250
XCME.WY1.06AUG25.111.P,.0069999,.0312500,111,P,.0156141,608.7794455,822.1185806,735.6210661
XCME.WY1.06AUG25.112:25.C,.2656250,.2968750,112.2500000,C,.2775514,608.1573111,680.7831118,644.4703513
XCME.WY1.06AUG25.112:5.C,.1718750,.2031250,112.5000000,C,.1799410,641.9636792,718.6591310,680.4291318
XCME.WY1.06AUG25.111:25.P,.0156250,.0312500,111.2500000,P,.0258773,591.5125536,695.8540013,648.0892016
