Key,BID,ASK,STRIKE,ITYPE,ADJTHEOR,IVBID,IVASK,IVAVERAGE
XCME.ZN.SEP25,112.2500000,112.2656250,INVALID,F,,,,
XCME.WY1.06AUG25.112:5.P,.4218750,.4375000,112.5000000,P,.4210385,656.0437209,694.0851753,675.0937918
XCME.WY1.06AUG25.111:5.C,.7968750,.8281250,111.5000000,C,.8087396,598.5200413,724.5174607,664.8536258
XCME.WY1.06AUG25.110:25.P,INVALID,.0156250,110.2500000,P,.0065526,,1022.3811753,910.5723937
XCME.WY1.06AUG25.111:75.P,.0781250,.0937500,111.7500000,P,.0922953,589.5979148,637.7496113,613.9490373
XCME.WY1.06AUG25.112:75.P,.5937500,.6250000,112.7500000,P,.6055071,649.5447767,738.7661406,694.7666525
XCME.WY1.06AUG25.110:5.C,1.7500000,1.7812500,110.5000000,C,1.7661867,,992.6292487,870.8594841
XCME.WY1.06AUG25.112.P,.1406250,.1718750,112,P,.1627893,573.3944037,651.0517567,612.4081106
