Key,BID,ASK,STRIKE,ITYPE,ADJTHEOR,IVBID,IVASK,IVAVERAGE
XCME.ZN.SEP25,112.2500000,112.2656250,INVALID,F,,,,
XCME.GY1.05AUG25.110:75.P,INVALID,.0156250,110.7500000,P,.0070262,,1007.5118331,890.5952622
XCME.GY1.05AUG25.111:75.P,.0468750,.0625000,111.7500000,P,.0647250,604.2407782,672.3620685,639.0624574
XCME.GY1.05AUG25.112.P,.1093750,.1250000,112,P,.1285595,617.4518703,667.2885592,642.4746974
XCME.ZN1.01AUG25.112:75.C,INVALID,.0069999,112.7500000,C,0,,,
XCME.ZN1.01AUG25.110:25.C,1.9843750,2.0468750,110.2500000,C,2.0078124,,,
XCME.ZN1.01AUG25.110:25.P,INVALID,.0069999,110.2500000,P,0,,,
XCME.ZN1.01AUG25.110:75.P,INVALID,.0069999,110.7500000,P,0,,,
