Key,BID,ASK,STRIKE,ITYPE,ADJTHEOR,IVBID,IVASK,IVAVERAGE
XCME.ZN.SEP25,112.2187500,112.2343750,INVALID,F,,,,
XCME.GY1.05AUG25.111:5.C,.7500000,.7812500,111.5000000,C,.7754746,197.7582303,766.8776662,629.0466286
XCME.GY1.05AUG25.110.C,2.2187500,2.2500000,110,C,2.2389299,,1381.6537954,1119.4407072
XCME.GY1.05AUG25.111:5.P,.0156250,.0468750,111.5000000,P,.0411008,679.6391083,766.8810976,725.0244327
XCME.GY1.05AUG25.110:25.C,1.9687500,2,110.2500000,C,1.9898969,,1253.2095438,1009.9529042
XCME.GY1.05AUG25.112:75.C,.0937500,.1093750,112.7500000,C,.1049834,795.4880261,853.0044640,824.5027177
XCME.GY1.05AUG25.112:5.C,.1406250,.1562500,112.5000000,C,.1558879,717.6078058,766.0721217,741.9060358
XCME.GY1.05AUG25.110:5.P,INVALID,.0156250,110.5000000,P,.0071283,,1122.7596344,996.1618469
