Key,BID,ASK,STRIKE,ITYPE,ADJTHEOR,IVBID,IVASK,IVAVERAGE
XCME.ZN.SEP25,112.2031250,112.2187500,INVALID,F,,,,
XCME.GY1.05AUG25.111:5.C,.7187500,.7343750,111.5000000,C,.7257697,573.1753337,670.8381180,625.0541591
XCME.GY1.05AUG25.110.C,2.1875000,2.2187500,110,C,2.2024288,,1404.7884864,1349.9055443
XCME.GY1.05AUG25.111:5.P,.0156250,.0312500,111.5000000,P,.0269568,540.3728266,646.1587529,597.3728847
XCME.GY1.05AUG25.110:25.C,1.9375000,1.9687500,110.2500000,C,1.9525723,,1273.7267363,1222.6483032
XCME.GY1.05AUG25.112:75.C,.0468750,.0625000,112.7500000,C,.0541924,622.0868120,690.6883893,657.1796089
XCME.GY1.05AUG25.112:5.C,.0937500,.1093750,112.5000000,C,.1024704,593.5327151,644.5626405,619.2054983
