Key,BID,ASK,STRIKE,ITYPE,ADJTHEOR,IVBID,IVASK,IVAVERAGE
XCME.ZN.SEP25,112.2500000,112.2656250,INVALID,F,,,,
XCME.VY1.04AUG25.112:25.P,.1562500,.1875000,112.2500000,P,.1793330,636.0322723,763.2415469,699.6370811
XCME.VY1.04AUG25.112.C,.3125000,.3437500,112,C,.3244061,639.1721816,788.8566572,715.2928846
XCME.VY1.04AUG25.112:75.C,.0312500,.0625000,112.7500000,C,.0507038,737.4379064,941.4800020,845.2507645
XCME.VY1.04AUG25.110:25.C,1.9843750,2.0312500,110.2500000,C,2.0003435,411.4840178,,1875.2120653
XCME.WY1.06AUG25.110.C,2.2500000,2.2812500,110,C,2.2545320,899.2718426,1427.4996230,1281.2597702
XCME.WY1.06AUG25.113.P,.8125000,.8437500,113,P,.8354331,680.2800775,793.4359766,738.7930902
