Key,BID,ASK,STRIKE,ITYPE,ADJTHEOR,IVBID,IVASK,IVAVERAGE
XCME.ZN.SEP25,112.3281250,112.3437500,INVALID,F,,,,
XCME.WY1.06AUG25.113.C,.0781250,.1093750,113,C,.0889377,716.1446728,818.8963954,768.7291903
XCME.WY1.06AUG25.110.P,INVALID,.0156250,110,P,.0058025,,1150.1262656,1028.0894514
XCME.WY1.06AUG25.110:75.P,.0069999,.0156250,110.7500000,P,.0128596,725.1670276,833.8502132,785.8060974
XCME.WY1.06AUG25.112:25.P,.2343750,.2500000,112.2500000,P,.2555997,603.6466297,639.9328600,621.7915334
XCME.WY1.06AUG25.111:25.C,1.0781250,1.1250000,111.2500000,C,1.0851280,669.3059401,904.4582279,800.1591955
XCME.WY1.06AUG25.110:5.P,.0069999,.0156250,110.5000000,P,.0092840,822.0307743,941.0668499,888.6255150
XCME.WY1.06AUG25.110:25.C,2.0625000,2.1093750,110.2500000,C,2.0618373,932.9757103,1360.6779477,1228.2191374
