Key,BID,ASK,STRIKE,ITYPE,ADJTHEOR,IVBID,IVASK,IVAVERAGE
XCME.ZN.SEP25,112.2343750,112.2500000,INVALID,F,,,,
XCME.WY1.06AUG25.112:75.P,.6093750,.6406250,112.7500000,P,.6231772,652.5769369,743.1110908,698.5129943
XCME.WY1.06AUG25.110:5.C,1.7343750,1.7656250,110.5000000,C,1.7468521,,1013.0878214,904.4030520
XCME.WY1.06AUG25.112.P,.1562500,.1718750,112,P,.1712214,595.6137975,634.0032611,614.8469073
XCME.WY1.06AUG25.110:75.C,1.4843750,1.5156250,110.7500000,C,1.4999790,,897.1156585,797.2949193
XCME.WY1.06AUG25.111:5.P,.0468750,.0625000,111.5000000,P,.0524523,622.0456200,684.0288776,653.8405575
XCME.WY1.06AUG25.111.C,1.2500000,1.2812500,111,C,1.2559610,649.1294600,871.8270028,778.1929821
