Key,BID,ASK,STRIKE,ITYPE,ADJTHEOR,IVBID,IVASK,IVAVERAGE
XCME.ZN.SEP25,112.2656250,112.2812500,INVALID,F,,,,
XCME.WY1.06AUG25.110:5.P,INVALID,.0156250,110.5000000,P,.0079097,,929.3277409,825.1653719
XCME.WY1.06AUG25.110:25.C,2,2.0468750,110.2500000,C,2.0256563,,1156.5279729,1040.1523394
XCME.WY1.06AUG25.112:5.P,.4062500,.4375000,112.5000000,P,.4150484,640.3710782,716.7076774,678.6465960
XCME.WY1.06AUG25.111:5.C,.7968750,.8281250,111.5000000,C,.8145329,552.9815499,693.3973542,628.3505089
XCME.WY1.06AUG25.110:25.P,INVALID,.0156250,110.2500000,P,.0065313,,1035.3346547,922.3320670
XCME.WY1.06AUG25.111:75.P,.0625000,.0937500,111.7500000,P,.0849184,550.4867489,650.7753938,601.9807193
