Key,BID,ASK,STRIKE,ITYPE,ADJTHEOR,IVBID,IVASK,IVAVERAGE
XCME.ZN.SEP25,112.2500000,112.2656250,INVALID,F,,,,
XCME.VY1.04AUG25.112.P,.0468750,.0781250,112,P,.0701294,589.1163213,750.2044041,671.7778820
XCME.VY1.04AUG25.111:5.C,.7343750,.7812500,111.5000000,C,.7812068,,854.3286184,653.8042650
XCME.VY1.04AUG25.112:25.C,.1562500,.1875000,112.2500000,C,.1804029,614.9781642,744.6563728,679.8217846
XCME.VY1.04AUG25.110:5.P,INVALID,.0069999,110.5000000,P,.0043049,,1444.1546043,1306.3450461
XCME.VY1.04AUG25.112:5.P,.3125000,.3593750,112.5000000,P,.3293222,706.1246416,924.1467592,816.8033373
XCME.VY1.04AUG25.111.C,1.2343750,1.2812500,111,C,1.2726330,,1265.1346646,996.2435223
XCME.VY1.04AUG25.110:5.C,1.7343750,1.7812500,110.5000000,C,1.7699299,,1655.2649411,1326.2541783
