Key,BID,ASK,STRIKE,ITYPE,ADJTHEOR,IVBID,IVASK,IVAVERAGE
XCME.ZN.SEP25,112.2500000,112.2656250,INVALID,F,,,,
XCME.WY1.06AUG25.110.C,2.2500000,2.2812500,110,C,2.2650033,,1209.8429007,1064.3271317
XCME.WY1.06AUG25.113.P,.8125000,.8437500,113,P,.8235324,718.5418466,825.8402183,773.6544587
XCME.WY1.06AUG25.112:75.C,.1093750,.1406250,112.7500000,C,.1229920,674.3418873,762.7137238,719.0719112
XCME.WY1.06AUG25.112.C,.4062500,.4375000,112,C,.4304337,593.9105438,709.9533514,652.2797979
XCME.WY1.06AUG25.111.P,.0156250,.0312500,111,P,.0216595,702.9874541,819.2287990,766.2336805
XCME.WY1.06AUG25.112:25.C,.2812500,.2968750,112.2500000,C,.2894348,640.9416963,677.1096020,659.0256878
XCME.WY1.06AUG25.112:5.C,.1875000,.2031250,112.5000000,C,.1887790,676.9694737,715.0373071,696.0302724
