Key,BID,ASK,STRIKE,ITYPE,ADJTHEOR,IVBID,IVASK,IVAVERAGE
XCME.ZN.SEP25,112.1875000,112.2031250,INVALID,F,,,,
XCME.GY1.05AUG25.113.P,.8281250,.8750000,113,P,.8615336,572.3365117,791.5994149,697.3235720
XCME.GY1.05AUG25.112:75.P,.6093750,.6406250,112.7500000,P,.6391639,618.6107331,754.6425545,689.5357972
XCME.GY1.05AUG25.110:75.C,1.4375000,1.4687500,110.7500000,C,1.4421745,743.2951416,1242.3388964,1099.7039658
XCME.GY1.05AUG25.112:25.P,.2500000,.2656250,112.2500000,P,.2753157,607.6035883,651.9955300,629.8051935
XCME.GY1.05AUG25.113.C,.0312500,.0625000,113,C,.0455336,720.1234103,889.6568434,810.6168956
XCME.GY1.05AUG25.111.P,.0069999,.0156250,111,P,.0117834,703.1393025,816.2617899,766.0572799
XCME.GY1.05AUG25.112.C,.3281250,.3593750,112,C,.3391344,632.3534569,724.7530019,678.7008784
