Key,BID,ASK,STRIKE,ITYPE,ADJTHEOR,IVBID,IVASK,IVAVERAGE
XCME.ZN.SEP25,112.2500000,112.2656250,INVALID,F,,,,
XCME.GY1.05AUG25.112:75.P,.5625000,.6093750,112.7500000,P,.5891262,673.5659401,851.0798356,765.1977500
XCME.GY1.05AUG25.110:75.C,1.5000000,1.5312500,110.7500000,C,1.5104960,,1129.8198755,1007.8665706
XCME.GY1.05AUG25.112:25.P,.2187500,.2500000,112.2500000,P,.2385937,631.1228527,720.5716292,675.8473187
XCME.GY1.05AUG25.113.C,.0468750,.0781250,113,C,.0608549,775.3331728,923.6490885,852.7434980
XCME.GY1.05AUG25.111.P,INVALID,.0156250,111,P,.0100271,,866.5101473,761.6383331
XCME.GY1.05AUG25.112.C,.3593750,.3906250,112,C,.3826592,597.4826793,696.3556380,647.2983981
