Key,BID,ASK,STRIKE,ITYPE,ADJTHEOR,IVBID,IVASK,IVAVERAGE
XCME.ZN.SEP25,112.2656250,112.2812500,INVALID,F,,,,
XCME.WY1.06AUG25.111:25.P,.0156250,.0312500,111.2500000,P,.0282042,599.6748833,704.4390496,656.5046486
XCME.WY1.06AUG25.111:75.C,.6093750,.6406250,111.7500000,C,.6309939,596.4746452,692.9919595,645.7887809
XCME.WY1.06AUG25.113.C,.0781250,.0937500,113,C,.0820995,725.0548293,777.9229157,751.8434213
XCME.WY1.06AUG25.110.P,INVALID,.0156250,110,P,.0054067,,1137.0519512,1016.3402125
XCME.WY1.06AUG25.110:75.P,.0069999,.0156250,110.7500000,P,.0107234,713.8377257,821.5622622,774.0004257
XCME.WY1.06AUG25.112:25.P,.2500000,.2812500,112.2500000,P,.2773206,615.6436273,651.7153110,633.6801251
XCME.WY1.06AUG25.111:25.C,1.0312500,1.0625000,111.2500000,C,1.0629542,569.2919467,683.7658794,632.5040729
