Key,BID,ASK,STRIKE,ITYPE,ADJTHEOR,IVBID,IVASK,IVAVERAGE
XCME.ZN.SEP25,112.2500000,112.2656250,INVALID,F,,,,
XCME.WY1.06AUG25.112.P,.1406250,.1718750,112,P,.1595413,573.0638187,651.0527756,612.2410294
XCME.WY1.06AUG25.110:75.C,1.5000000,1.5312500,110.7500000,C,1.5141308,,915.4301783,816.6494453
XCME.WY1.06AUG25.111:5.P,.0312500,.0468750,111.5000000,P,.0468117,562.3530117,633.9888031,599.6334072
XCME.WY1.06AUG25.111.C,1.2500000,1.2968750,111,C,1.2691944,,889.1639538,768.3192692
XCME.VY1.04AUG25.111:75.P,.0156250,.0312500,111.7500000,P,.0316824,612.8911902,746.5884928,684.5416605
XCME.VY1.04AUG25.111:75.C,.5156250,.5468750,111.7500000,C,.5351827,575.4976845,832.1989508,719.6665708
