Key,BID,ASK,STRIKE,ITYPE,ADJTHEOR,IVBID,IVASK,IVAVERAGE
XCME.ZN.SEP25,112.2656250,112.2812500,INVALID,F,,,,
XCME.ZN1.01AUG25.111:5.C,.7656250,.7968750,111.5000000,C,.7734375,,,
XCME.ZN1.01AUG25.113.P,.7031250,.7343750,113,P,.7265625,,,
XCME.ZN1.01AUG25.112:25.P,.0156250,.0312500,112.2500000,P,.0268444,354.7904493,580.3107180,468.7096566
XCME.ZN1.01AUG25.111.C,1.2656250,1.2968750,111,C,1.2734374,,,
XCME.ZN1.01AUG25.112.C,.2656250,.2968750,112,C,.2735848,,1525.4978943,1228.1652580
XCME.GY1.05AUG25.110.P,INVALID,.0069999,110,P,.0046210,,1225.4081142,1114.1958912
XCME.GY1.05AUG25.110:5.C,1.7656250,1.8125000,110.5000000,C,1.7873780,,1308.3599579,1080.5105210
