Key,BID,ASK,STRIKE,ITYPE,ADJTHEOR,IVBID,IVASK,IVAVERAGE
XCME.ZN.SEP25,112.2500000,112.2656250,INVALID,F,,,,
XCME.WY1.06AUG25.112:5.P,.4218750,.4531250,112.5000000,P,.4264632,665.2447368,741.1984106,703.3215623
XCME.WY1.06AUG25.111:5.C,.7968750,.8281250,111.5000000,C,.8198542,583.0166185,713.9168007,652.3774967
XCME.WY1.06AUG25.110:25.P,INVALID,.0156250,110.2500000,P,.0079682,,1028.0493193,915.7950260
XCME.WY1.06AUG25.111:75.P,.0781250,.1093750,111.7500000,P,.0995092,594.8013191,689.7741050,643.2424569
XCME.WY1.06AUG25.112:75.P,.5937500,.6406250,112.7500000,P,.6106546,706.5571962,793.2577706,750.3631996
XCME.WY1.06AUG25.110:5.C,1.7500000,1.7968750,110.5000000,C,1.7725594,,1086.9332073,917.9422291
XCME.WY1.06AUG25.112.P,.1562500,.1875000,112,P,.1694811,618.5278727,695.9241283,657.3804340
