Key,BID,ASK,STRIKE,ITYPE,ADJTHEOR,IVBID,IVASK,IVAVERAGE
XCME.ZN.SEP25,112.2343750,112.2500000,INVALID,F,,,,
XCME.VY1.04AUG25.113.C,.0156250,.0312500,113,C,.0208082,829.1727611,988.4363006,915.1566841
XCME.VY1.04AUG25.112:25.P,.1562500,.1875000,112.2500000,P,.1724129,580.1809553,706.1088018,643.1556723
XCME.VY1.04AUG25.112.C,.2812500,.3125000,112,C,.2962075,562.1218991,710.4123804,637.6984763
XCME.VY1.04AUG25.112:75.C,.0312500,.0468750,112.7500000,C,.0349091,751.5595877,859.9672899,807.7356704
XCME.VY1.04AUG25.110:25.C,1.9531250,2,110.2500000,C,1.9800806,,1900.5115018,1674.5324157
XCME.GY1.05AUG25.110.P,INVALID,.0069999,110,P,.0044437,,1200.0468010,1090.2843818
XCME.GY1.05AUG25.110:5.C,1.7187500,1.7656250,110.5000000,C,1.7326742,,1200.5795615,1052.6733043
