Key,BID,ASK,STRIKE,ITYPE,ADJTHEOR,IVBID,IVASK,IVAVERAGE
XCME.ZN.SEP25,112.2031250,112.2187500,INVALID,F,,,,
XCME.VY1.04AUG25.112:75.P,.5625000,.5937500,112.7500000,P,.5727189,700.5883463,1014.3311248,871.9159687
XCME.VY1.04AUG25.111:25.P,INVALID,.0156250,111.2500000,P,.0049231,,834.0321186,742.6145280
XCME.VY1.04AUG25.111:5.P,.0069999,.0156250,111.5000000,P,.0089431,657.7780177,778.6272186,724.5200847
XCME.VY1.04AUG25.112:5.C,.0625000,.0781250,112.5000000,C,.0642310,595.2467879,753.6523320,676.6498466
XCME.VY1.04AUG25.110:25.P,INVALID,.0069999,110.2500000,P,.0034382,,1523.1369680,1380.4753062
XCME.VY1.04AUG25.111.P,INVALID,.0069999,111,P,.0034026,,1015.3096539,911.2082108
XCME.VY1.04AUG25.110:75.P,INVALID,.0069999,110.7500000,P,.0031042,,1187.9241221,1070.3589359
