Key,BID,ASK,STRIKE,ITYPE,ADJTHEOR,IVBID,IVASK,IVAVERAGE
XCME.ZN.SEP25,112.1875000,112.2031250,INVALID,F,,,,
XCME.GY1.05AUG25.111:25.P,.0069999,.0312500,111.2500000,P,.0163725,581.4876298,805.7646223,713.9778316
XCME.GY1.05AUG25.110:25.P,INVALID,.0069999,110.2500000,P,.0041424,,1068.6308284,968.4107854
XCME.GY1.05AUG25.111:5.C,.7187500,.7343750,111.5000000,C,.7294952,574.4728925,672.4525677,626.5259935
XCME.GY1.05AUG25.110.C,2.1875000,2.2187500,110,C,2.2025529,,1408.9780214,1213.1418306
XCME.GY1.05AUG25.111:5.P,.0156250,.0312500,111.5000000,P,.0306827,541.5795024,647.6923565,598.7668031
XCME.GY1.05AUG25.110:25.C,1.9375000,1.9687500,110.2500000,C,1.9529549,,1277.5737915,1095.4439660
XCME.GY1.05AUG25.112:75.C,.0468750,.0625000,112.7500000,C,.0571707,624.2080231,692.9873982,659.3908604
