Key,BID,ASK,STRIKE,ITYPE,ADJTHEOR,IVBID,IVASK,IVAVERAGE
XCME.ZN.SEP25,112.3281250,112.3437500,INVALID,F,,,,
XCME.WY1.06AUG25.110.C,2.3125000,2.3437500,110,C,2.3209669,,1319.3954964,1204.3767152
XCME.WY1.06AUG25.113.P,.7500000,.7968750,113,P,.7700389,699.6208256,849.0574130,776.6596205
XCME.WY1.06AUG25.112:75.C,.1250000,.1562500,112.7500000,C,.1363984,665.6550819,749.6532523,708.0311821
XCME.WY1.06AUG25.112.C,.4531250,.4843750,112,C,.4836661,591.6628282,672.7042835,632.4833786
XCME.WY1.06AUG25.111.P,.0069999,.0312500,111,P,.0202814,634.6874323,852.3078967,764.1007990
XCME.WY1.06AUG25.112:25.C,.3125000,.3281250,112.2500000,C,.3265447,627.5786938,663.9013038,645.7431724
XCME.WY1.06AUG25.112:5.C,.2031250,.2343750,112.5000000,C,.2115022,648.5448820,722.7000437,685.6761852
