Key,BID,ASK,STRIKE,ITYPE,ADJTHEOR,IVBID,IVASK,IVAVERAGE
XCME.ZN.SEP25,112.2500000,112.2656250,INVALID,F,,,,
XCME.VY1.04AUG25.112.C,.2968750,.3281250,112,C,.3194205,534.8526638,692.1334706,615.7541183
XCME.VY1.04AUG25.112:75.C,.0312500,.0468750,112.7500000,C,.0417858,724.4303966,830.6480238,779.4321846
XCME.VY1.04AUG25.110:25.C,1.9843750,2.0156250,110.2500000,C,2.0078166,,1684.0992476,1573.4578854
XCME.ZN1.01AUG25.112:75.C,INVALID,.0069999,112.7500000,C,0,,1685.8909625,1475.1369542
XCME.ZN1.01AUG25.110:25.C,1.9843750,2.0156250,110.2500000,C,2.0078125,,,
XCME.ZN1.01AUG25.110:25.P,INVALID,.0069999,110.2500000,P,0,,,
XCME.ZN1.01AUG25.110:75.P,INVALID,.0069999,110.7500000,P,0,,,
