Key,BID,ASK,STRIKE,ITYPE,ADJTHEOR,IVBID,IVASK,IVAVERAGE
XCME.ZN.SEP25,112.1875000,112.2031250,INVALID,F,,,,
XCME.VY1.04AUG25.112:25.P,.1718750,.2031250,112.2500000,P,.1929214,553.5391221,680.2045027,616.9577503
XCME.VY1.04AUG25.112.C,.2656250,.2812500,112,C,.2658254,615.9082533,753.6145958,685.4292239
XCME.VY1.04AUG25.112:75.C,.0156250,.0468750,112.7500000,C,.0287463,649.2951332,896.9519451,786.3661536
XCME.VY1.04AUG25.110:25.C,1.9375000,1.9687500,110.2500000,C,1.9378152,599.5485346,1975.7374151,1795.8840313
XCME.ZN1.01AUG25.112:75.C,INVALID,.0069999,112.7500000,C,.0000067,,1734.0972254,1522.0017781
XCME.ZN1.01AUG25.110:25.C,1.9375000,1.9531250,110.2500000,C,1.9453125,,,
