Key,BID,ASK,STRIKE,ITYPE,ADJTHEOR,IVBID,IVASK,IVAVERAGE
XCME.ZN.SEP25,112.2031250,112.2187500,INVALID,F,,,,
XCME.WY1.06AUG25.112:5.P,.4218750,.4531250,112.5000000,P,.4309630,577.2745145,656.0196100,616.8800951
XCME.WY1.06AUG25.111:5.C,.7500000,.7656250,111.5000000,C,.7564862,494.0284142,634.7139171,570.2041505
XCME.WY1.06AUG25.110:25.P,INVALID,.0156250,110.2500000,P,.0058063,,998.7797979,889.4029891
XCME.WY1.06AUG25.111:75.P,.0781250,.0937500,111.7500000,P,.0870529,555.5528479,602.3949368,579.2287428
XCME.WY1.06AUG25.112:75.P,.6093750,.6406250,112.7500000,P,.6227843,582.4371795,680.1057051,632.4311321
XCME.WY1.06AUG25.110:5.C,1.7031250,1.7343750,110.5000000,C,1.7180619,,967.7686836,848.3347399
XCME.WY1.06AUG25.112.P,.1562500,.1718750,112,P,.1602829,568.5623216,606.4498878,587.5392543
