Key,BID,ASK,STRIKE,ITYPE,ADJTHEOR,IVBID,IVASK,IVAVERAGE
XCME.ZN.SEP25,112.2343750,112.2500000,INVALID,F,,,,
XCME.VY1.04AUG25.110:75.P,INVALID,.0069999,110.7500000,P,.0044546,,1238.4931488,1116.2924236
XCME.VY1.04AUG25.112.P,.0625000,.0937500,112,P,.0811678,633.6622786,783.6009294,709.8870583
XCME.VY1.04AUG25.111:5.C,.7343750,.7656250,111.5000000,C,.7584291,,902.4844557,762.5727849
XCME.VY1.04AUG25.112:25.C,.1562500,.1875000,112.2500000,C,.1761266,654.2328363,782.2521408,718.2434321
XCME.VY1.04AUG25.110:5.P,INVALID,.0069999,110.5000000,P,.0038390,,1410.9670721,1275.8638026
XCME.VY1.04AUG25.112:5.P,.3281250,.3750000,112.5000000,P,.3487954,694.4925469,914.9775914,806.8113337
