Key,BID,ASK,STRIKE,ITYPE,ADJTHEOR,IVBID,IVASK,IVAVERAGE
XCME.ZN.SEP25,112.3125000,112.3281250,INVALID,F,,,,
XCME.WY1.06AUG25.113.C,.0937500,.1093750,113,C,.0948995,755.5150489,805.2917826,780.6594274
XCME.WY1.06AUG25.110.P,INVALID,.0156250,110,P,.0054572,,1158.2655466,1035.5782074
XCME.WY1.06AUG25.110:75.P,.0069999,.0156250,110.7500000,P,.0113043,732.9744082,842.5043374,794.1471534
XCME.WY1.06AUG25.112:25.P,.2343750,.2656250,112.2500000,P,.2480989,625.0448578,697.7702520,661.4184543
XCME.WY1.06AUG25.111:25.C,1.0781250,1.1250000,111.2500000,C,1.1016624,478.3038039,827.8143798,701.7054036
XCME.WY1.06AUG25.110:5.P,.0069999,.0156250,110.5000000,P,.0083093,829.7689133,949.5700093,896.7893247
XCME.WY1.06AUG25.110:25.C,2.0625000,2.0937500,110.2500000,C,2.0811902,,1094.3635342,932.7945347
