Key,BID,ASK,STRIKE,ITYPE,ADJTHEOR,IVBID,IVASK,IVAVERAGE
XCME.ZN.SEP25,112.2500000,112.2656250,INVALID,F,,,,
XCME.WY1.06AUG25.110.C,2.2343750,2.2812500,110,C,2.2597879,,1257.0931051,1133.6563543
XCME.WY1.06AUG25.113.P,.8125000,.8437500,113,P,.8295980,702.7856111,812.3711553,759.2166547
XCME.WY1.06AUG25.112:75.C,.1093750,.1406250,112.7500000,C,.1240664,678.0684936,766.6192659,722.8916957
XCME.WY1.06AUG25.112.C,.4062500,.4375000,112,C,.4282181,602.2930914,679.6013323,641.1025536
XCME.WY1.06AUG25.111.P,.0156250,.0312500,111,P,.0209911,700.6927512,816.7131802,763.8289958
XCME.WY1.06AUG25.112:25.C,.2812500,.2968750,112.2500000,C,.2890723,646.9142418,683.0799240,664.9970906
XCME.WY1.06AUG25.112:5.C,.1875000,.2031250,112.5000000,C,.1895345,681.6080994,719.7321461,700.6974061
