Key,BID,ASK,STRIKE,ITYPE,ADJTHEOR,IVBID,IVASK,IVAVERAGE
XCME.ZN.SEP25,112.2500000,112.2656250,INVALID,F,,,,
XCME.WY1.06AUG25.110:5.P,.0069999,.0156250,110.5000000,P,.0090855,804.5601137,922.1934673,870.4586603
XCME.WY1.06AUG25.110:25.C,2,2.0312500,110.2500000,C,2.0225525,,1027.5680508,828.7164620
XCME.WY1.06AUG25.112:5.P,.4218750,.4375000,112.5000000,P,.4352838,669.3528399,707.2717811,688.3381275
XCME.WY1.06AUG25.111:5.C,.7968750,.8281250,111.5000000,C,.8156623,566.6435180,701.4140165,638.4820949
XCME.WY1.06AUG25.110:25.P,INVALID,.0156250,110.2500000,P,.0069275,,1027.5680508,915.4438948
XCME.WY1.06AUG25.111:75.P,.0781250,.1093750,111.7500000,P,.0889642,596.0492020,691.0012065,644.4842048
