Key,BID,ASK,STRIKE,ITYPE,ADJTHEOR,IVBID,IVASK,IVAVERAGE
XCME.ZN.SEP25,112.2500000,112.2656250,INVALID,F,,,,
XCME.ZN1.01AUG25.111:25.C,.9843750,1.0156250,111.2500000,C,1.0078124,,,
XCME.ZN1.01AUG25.111:75.C,.4843750,.5156250,111.7500000,C,.5078118,,1772.3869886,1547.1115315
XCME.ZN1.01AUG25.110:5.C,1.7343750,1.7656250,110.5000000,C,1.7578125,,,
XCME.ZN1.01AUG25.110:75.C,1.4843750,1.5156250,110.7500000,C,1.5078125,,,
XCME.ZN1.01AUG25.111.P,INVALID,.0069999,111,P,0,,,
XCME.ZN1.01AUG25.113.C,INVALID,.0069999,113,C,0,,,
XCME.ZN1.01AUG25.112:5.C,INVALID,.0069999,112.5000000,C,0,,984.7379674,845.0602851
