Key,BID,ASK,STRIKE,ITYPE,ADJTHEOR,IVBID,IVASK,IVAVERAGE
XCME.ZN.SEP25,112.2500000,112.2656250,INVALID,F,,,,
XCME.WY1.06AUG25.110:5.C,1.7500000,1.7812500,110.5000000,C,1.7615350,,1032.4213435,925.0507341
XCME.WY1.06AUG25.112.P,.1406250,.1718750,112,P,.1595235,573.0638187,651.0527756,612.2410294
XCME.WY1.06AUG25.110:75.C,1.5000000,1.5312500,110.7500000,C,1.5141534,,915.4301783,816.6494453
XCME.WY1.06AUG25.111:5.P,.0312500,.0468750,111.5000000,P,.0468631,562.3530117,633.9888031,599.6334072
XCME.WY1.06AUG25.111.C,1.2500000,1.2968750,111,C,1.2692291,,889.1639538,768.3192692
XCME.GY1.05AUG25.110.P,INVALID,.0069999,110,P,.0045277,,1223.3020050,1111.8804064
XCME.GY1.05AUG25.110:5.C,1.7343750,1.7812500,110.5000000,C,1.7596822,,1270.5454086,1138.3946258
