Key,BID,ASK,STRIKE,ITYPE,ADJTHEOR,IVBID,IVASK,IVAVERAGE
XCME.ZN.SEP25,112.2656250,112.2812500,INVALID,F,,,,
XCME.VY1.04AUG25.113.P,.7187500,.7500000,113,P,.7442935,177.2734816,941.2783072,831.1969047
XCME.VY1.04AUG25.113.C,.0156250,.0312500,113,C,.0255435,787.8571391,941.2783072,870.5810992
XCME.VY1.04AUG25.112:25.P,.1406250,.1562500,112.2500000,P,.1479269,626.5382044,689.5759109,658.0614173
XCME.VY1.04AUG25.112.C,.3125000,.3593750,112,C,.3407912,500.8721555,747.8581552,630.8899112
XCME.VY1.04AUG25.112:75.C,.0312500,.0625000,112.7500000,C,.0437931,698.3442872,895.5571560,802.3962443
XCME.VY1.04AUG25.110:25.C,2.0156250,2.0468750,110.2500000,C,2.0348960,,1800.7025046,1452.7722614
