Key,BID,ASK,STRIKE,ITYPE,ADJTHEOR,IVBID,IVASK,IVAVERAGE
XCME.ZN.SEP25,112.2343750,112.2500000,INVALID,F,,,,
XCME.GY1.05AUG25.111:25.C,.9843750,1.0312500,111.2500000,C,1.0152874,,896.1116397,753.2143329
XCME.GY1.05AUG25.111:75.C,.5468750,.5781250,111.7500000,C,.5679183,621.5998115,746.6464008,686.0473344
XCME.GY1.05AUG25.112:5.P,.3906250,.4218750,112.5000000,P,.4059253,685.0375168,781.6938392,733.6213575
XCME.GY1.05AUG25.113.P,.7968750,.8437500,113,P,.8187868,737.7952576,962.8887698,857.9781316
XCME.GY1.05AUG25.112:75.P,.5937500,.6250000,112.7500000,P,.6000939,759.2341917,874.0053275,817.6337094
XCME.GY1.05AUG25.110:75.C,1.4843750,1.5156250,110.7500000,C,1.5015971,,1079.2680141,941.7602680
