Key,BID,ASK,STRIKE,ITYPE,ADJTHEOR,IVBID,IVASK,IVAVERAGE
XCME.ZN.SEP25,112.2812500,112.2968750,INVALID,F,,,,
XCME.WY1.06AUG25.112:5.P,.3906250,.4218750,112.5000000,P,.4040972,634.2072069,709.3985080,671.8885666
XCME.WY1.06AUG25.111:5.C,.8125000,.8437500,111.5000000,C,.8376493,515.7688111,670.6408513,600.7546377
XCME.WY1.06AUG25.110:25.P,INVALID,.0156250,110.2500000,P,.0059829,,1039.2098794,926.1525261
XCME.WY1.06AUG25.111:75.P,.0781250,.0937500,111.7500000,P,.0837807,614.2186000,663.2737232,639.0347864
XCME.WY1.06AUG25.112:75.P,.5781250,.6093750,112.7500000,P,.5848415,680.9263585,766.4970765,724.1420550
XCME.WY1.06AUG25.110:5.C,1.7812500,1.8125000,110.5000000,C,1.7999391,,978.3009943,836.4058953
XCME.WY1.06AUG25.112.P,.1406250,.1718750,112,P,.1521213,603.1553014,642.8208091,623.0472562
