Key,BID,ASK,STRIKE,ITYPE,ADJTHEOR,IVBID,IVASK,IVAVERAGE
XCME.ZN.SEP25,112.2812500,112.2968750,INVALID,F,,,,
XCME.VY1.04AUG25.110.C,2.2812500,2.3125000,110,C,2.2925942,,,1892.5552627
XCME.VY1.04AUG25.110:75.C,1.5312500,1.5625000,110.7500000,C,1.5425915,,1559.4449524,1362.6147989
XCME.VY1.04AUG25.110.P,INVALID,.0069999,110,P,.0035317,,1747.7968993,1589.5592998
XCME.VY1.04AUG25.111:25.C,1.0312500,1.0625000,111.2500000,C,1.0446622,,1149.5983864,990.7035838
XCME.VY1.04AUG25.113.P,.7187500,.7500000,113,P,.7353545,675.2983250,998.5269598,865.0637822
XCME.VY1.04AUG25.113.C,.0156250,.0312500,113,C,.0244170,782.8389722,935.3903582,865.0637822
