Key,BID,ASK,STRIKE,ITYPE,ADJTHEOR,IVBID,IVASK,IVAVERAGE
XCME.ZN.SEP25,112.2656250,112.2812500,INVALID,F,,,,
XCME.WY1.06AUG25.112:5.P,.4062500,.4375000,112.5000000,P,.4205829,649.7747041,725.4335931,687.6977438
XCME.WY1.06AUG25.111:5.C,.8125000,.8437500,111.5000000,C,.8290630,594.3008545,725.3958685,663.7002227
XCME.WY1.06AUG25.110:25.P,INVALID,.0156250,110.2500000,P,.0073022,,1034.4268460,921.6422011
XCME.WY1.06AUG25.111:75.P,.0781250,.1093750,111.7500000,P,.0932216,604.8373972,700.4562581,653.6241726
XCME.WY1.06AUG25.112:75.P,.5781250,.6250000,112.7500000,P,.6035023,648.8818539,779.8672723,715.5024521
XCME.WY1.06AUG25.110:5.C,1.7656250,1.8125000,110.5000000,C,1.7861268,,1099.8556714,933.3671555
