Key,BID,ASK,STRIKE,ITYPE,ADJTHEOR,IVBID,IVASK,IVAVERAGE
XCME.ZN.SEP25,112.2500000,112.2656250,INVALID,F,,,,
XCME.WY1.06AUG25.110.P,INVALID,.0156250,110,P,.0057332,,1139.6398316,1018.2870477
XCME.WY1.06AUG25.110:75.P,.0069999,.0156250,110.7500000,P,.0108865,713.3382269,821.2563761,773.6105989
XCME.WY1.06AUG25.112:25.P,.2500000,.2812500,112.2500000,P,.2643916,602.9294626,675.5785317,639.2547961
XCME.WY1.06AUG25.111:25.C,1.0156250,1.0625000,111.2500000,C,1.0453099,,766.5337468,656.7298408
XCME.WY1.06AUG25.110:5.P,INVALID,.0156250,110.5000000,P,.0081988,,929.3277429,825.1653651
XCME.WY1.06AUG25.110:25.C,2,2.0312500,110.2500000,C,2.0258089,,990.3420077,929.6569684
