Key,BID,ASK,STRIKE,ITYPE,ADJTHEOR,IVBID,IVASK,IVAVERAGE
XCME.ZN.SEP25,112.2031250,112.2187500,INVALID,F,,,,
XCME.VY1.04AUG25.113.P,.7812500,.8125000,113,P,.8086681,,838.0446353,640.4839619
XCME.VY1.04AUG25.113.C,.0069999,.0156250,113,C,.0117931,709.5959715,838.0446353,780.6201674
XCME.VY1.04AUG25.112:25.P,.1562500,.1875000,112.2500000,P,.1801230,522.8381201,648.1166865,585.5319388
XCME.VY1.04AUG25.112.C,.2656250,.2968750,112,C,.2716598,562.4423018,704.1152896,634.3159477
XCME.VY1.04AUG25.112:75.C,.0156250,.0312500,112.7500000,C,.0247857,631.4035864,766.1025685,703.7074123
XCME.VY1.04AUG25.110:25.C,1.9531250,1.9843750,110.2500000,C,1.9532645,516.8744775,1976.4120568,1796.8203048
