Key,BID,ASK,STRIKE,ITYPE,ADJTHEOR,IVBID,IVASK,IVAVERAGE
XCME.ZN.SEP25,112.2500000,112.2656250,INVALID,F,,,,
XCME.VY1.04AUG25.113.C,.0156250,.0312500,113,C,.0270766,810.6220718,967.4735746,895.2381353
XCME.VY1.04AUG25.112:25.P,.1562500,.1718750,112.2500000,P,.1642511,648.0527021,711.3018452,679.6775783
XCME.VY1.04AUG25.112.C,.3125000,.3281250,112,C,.3253885,606.1619047,684.0534551,645.6038266
XCME.VY1.04AUG25.112:75.C,.0312500,.0468750,112.7500000,C,.0449782,725.3099183,831.9098295,780.5044102
XCME.VY1.04AUG25.110:25.C,2,2.0312500,110.2500000,C,2.0112460,,1936.1503502,1706.7363251
XCME.ZN1.01AUG25.112:75.C,INVALID,.0069999,112.7500000,C,.000,,1812.1334457,1585.6078776
XCME.ZN1.01AUG25.110:25.C,1.9843750,2.0312500,110.2500000,C,2.0078125,,,
