Key,BID,ASK,STRIKE,ITYPE,ADJTHEOR,IVBID,IVASK,IVAVERAGE
XCME.ZN.SEP25,112.2656250,112.2812500,INVALID,F,,,,
XCME.GY1.05AUG25.111:5.C,.7812500,.8125000,111.5000000,C,.8190014,508.9241870,746.3578812,648.6949628
XCME.GY1.05AUG25.110.C,2.2500000,2.2812500,110,C,2.2934920,,1245.4133294,1130.2012933
XCME.GY1.05AUG25.111:5.P,.0156250,.0468750,111.5000000,P,.0299394,588.2529306,788.8639432,700.2137906
XCME.GY1.05AUG25.110:25.C,2,2.0312500,110.2500000,C,2.0439480,,1128.2145757,1021.1928784
XCME.GY1.05AUG25.112:75.C,.0937500,.1093750,112.7500000,C,.0993683,757.7572120,813.8878185,786.0600526
XCME.GY1.05AUG25.112:5.C,.1406250,.1718750,112.5000000,C,.1591958,672.0988967,766.6102131,719.5523613
XCME.GY1.05AUG25.110:5.P,INVALID,.0156250,110.5000000,P,.0056770,,1136.9533851,1009.5884349
