Key,BID,ASK,STRIKE,ITYPE,ADJTHEOR,IVBID,IVASK,IVAVERAGE
XCME.ZN.SEP25,112.2812500,112.2968750,INVALID,F,,,,
XCME.VY1.04AUG25.111:75.P,.0156250,.0312500,111.7500000,P,.0249644,620.8670142,754.4939530,692.4951888
XCME.VY1.04AUG25.111:75.C,.5468750,.5781250,111.7500000,C,.5449021,721.1635320,933.8601359,834.5451360
XCME.VY1.04AUG25.112:75.P,.4843750,.5312500,112.7500000,P,.5244879,441.4558101,847.2723894,688.8245727
XCME.VY1.04AUG25.111:25.P,INVALID,.0156250,111.2500000,P,.0075890,,1041.4584493,910.1052502
XCME.VY1.04AUG25.111:5.P,.0069999,.0156250,111.5000000,P,.0125300,706.4885969,834.3105892,777.1513663
XCME.VY1.04AUG25.112:5.C,.0937500,.1093750,112.5000000,C,.0821247,755.4351974,826.0659874,790.9261576
XCME.VY1.04AUG25.110:25.P,INVALID,.0069999,110.2500000,P,.0032931,,1580.5298676,1433.9405858
