Key,BID,ASK,STRIKE,ITYPE,ADJTHEOR,IVBID,IVASK,IVAVERAGE
XCME.ZN.SEP25,112.2187500,112.2343750,INVALID,F,,,,
XCME.VY1.04AUG25.111.C,1.1875000,1.2187500,111,C,1.2311540,,,
XCME.VY1.04AUG25.110:5.C,1.6875000,1.7187500,110.5000000,C,1.7300705,,,
XCME.VY1.04AUG25.110.C,2.1875000,2.2187500,110,C,2.2299182,,,
XCME.VY1.04AUG25.110:75.C,1.4687500,1.5000000,110.7500000,C,1.4804197,,1500.1224697,1308.5537076
XCME.VY1.04AUG25.110.P,INVALID,.0069999,110,P,.0033557,,1696.8065531,1541.5919508
XCME.VY1.04AUG25.111:25.C,.9687500,1,111.2500000,C,.9827928,,1087.4626720,933.4631011
