Key,BID,ASK,STRIKE,ITYPE,ADJTHEOR,IVBID,IVASK,IVAVERAGE
XCME.ZN.SEP25,112.1875000,112.2031250,INVALID,F,,,,
XCME.GY1.05AUG25.112:25.P,.2343750,.2500000,112.2500000,P,.2425540,584.4189187,628.5654925,606.4958104
XCME.GY1.05AUG25.113.C,.0156250,.0468750,113,C,.0327424,594.8923711,797.9665544,708.4157768
XCME.GY1.05AUG25.111.P,INVALID,.0156250,111,P,.0080624,,821.8794017,721.6631654
XCME.GY1.05AUG25.112.C,.3125000,.3437500,112,C,.3268974,554.9473970,649.1547656,602.3064429
XCME.GY1.05AUG25.111:25.P,.0069999,.0312500,111.2500000,P,.0144060,579.7832590,803.3878404,711.8799156
XCME.GY1.05AUG25.110:25.P,INVALID,.0069999,110.2500000,P,.0039141,,1065.5122621,965.5949740
