Key,BID,ASK,STRIKE,ITYPE,ADJTHEOR,IVBID,IVASK,IVAVERAGE
XCME.ZN.SEP25,112.3125000,112.3281250,INVALID,F,,,,
XCME.WY1.06AUG25.110:5.P,.0069999,.0156250,110.5000000,P,.0084316,825.0984393,944.4262324,891.8217100
XCME.WY1.06AUG25.110:25.C,2.0468750,2.0937500,110.2500000,C,2.0691637,,1201.1134809,1093.4909307
XCME.WY1.06AUG25.112:5.P,.3906250,.4218750,112.5000000,P,.4000883,664.7045689,739.2780480,702.0521090
XCME.WY1.06AUG25.111:5.C,.8437500,.8750000,111.5000000,C,.8618922,589.6765804,728.3265437,663.6759252
XCME.WY1.06AUG25.110:25.P,INVALID,.0156250,110.2500000,P,.0066637,,1049.6423531,935.8669814
XCME.WY1.06AUG25.111:75.P,.0781250,.0937500,111.7500000,P,.0876754,628.6683035,678.2802327,653.7702626
