Key,BID,ASK,STRIKE,ITYPE,ADJTHEOR,IVBID,IVASK,IVAVERAGE
XCME.ZN.SEP25,112.2812500,112.2968750,INVALID,F,,,,
XCME.WY1.06AUG25.110.C,2.2656250,2.2968750,110,C,2.3055434,,1095.6576772,726.6395484
XCME.WY1.06AUG25.113.P,.7812500,.8125000,113,P,.7845293,727.8443180,877.2184222,804.7779370
XCME.WY1.06AUG25.112:75.C,.1093750,.1406250,112.7500000,C,.1341378,641.6422070,728.1646762,685.4028014
XCME.WY1.06AUG25.112.C,.4218750,.4531250,112,C,.4627490,517.9858583,639.3202780,579.3868491
XCME.WY1.06AUG25.111.P,.0069999,.0312500,111,P,.0153887,621.7796521,836.9068181,749.7566225
XCME.WY1.06AUG25.112:25.C,.2656250,.2968750,112.2500000,C,.3184565,552.4225662,624.6986457,588.5675026
XCME.WY1.06AUG25.112:5.C,.1718750,.2031250,112.5000000,C,.2099381,598.4515298,673.5841233,636.1109020
