Key,BID,ASK,STRIKE,ITYPE,ADJTHEOR,IVBID,IVASK,IVAVERAGE
XCME.ZN.SEP25,112.3281250,112.3437500,INVALID,F,,,,
XCME.ZN1.01AUG25.112:5.P,.1562500,.1875000,112.5000000,P,.1648676,,1304.3804726,1013.5579908
XCME.ZN1.01AUG25.110.C,INVALID,INVALID,110,C,2.3359374,,,
XCME.ZN1.01AUG25.112.P,INVALID,.0069999,112,P,.0000189,,1461.1642917,1257.4572069
XCME.ZN1.01AUG25.112:25.C,.0625000,.0937500,112.2500000,C,.0941080,,576.9734010,464.4175988
XCME.ZN1.01AUG25.111:25.C,.6250000,INVALID,111.2500000,C,1.0859374,,,
XCME.ZN1.01AUG25.111:75.C,INVALID,INVALID,111.7500000,C,.5859365,,,
