Key,BID,ASK,STRIKE,ITYPE,ADJTHEOR,IVBID,IVASK,IVAVERAGE
XCME.ZN.SEP25,112.1875000,112.2031250,INVALID,F,,,,
XCME.WY1.06AUG25.110:75.C,1.4375000,1.4687500,110.7500000,C,1.4587182,,820.2896103,695.6218596
XCME.WY1.06AUG25.111:5.P,.0312500,.0625000,111.5000000,P,.0466371,527.3350512,656.7463334,596.1864320
XCME.WY1.06AUG25.111.C,1.2031250,1.2343750,111,C,1.2138067,535.3451446,809.1952277,706.4417660
XCME.GY1.05AUG25.110.P,INVALID,.0069999,110,P,.0037477,,1178.9116024,1070.8617231
XCME.GY1.05AUG25.110:5.C,1.6875000,1.7187500,110.5000000,C,1.7001555,,1176.6186542,1031.1481609
XCME.GY1.05AUG25.111.C,1.1875000,1.2187500,111,C,1.2046036,,894.7175738,774.8717941
XCME.GY1.05AUG25.112:25.C,.1718750,.2031250,112.2500000,C,.1880476,556.9654056,645.3246283,601.1620655
