Key,BID,ASK,STRIKE,ITYPE,ADJTHEOR,IVBID,IVASK,IVAVERAGE
XCME.ZN.SEP25,112.1875000,112.2031250,INVALID,F,,,,
XCME.GY1.05AUG25.111:25.P,.0156250,.0312500,111.2500000,P,.0206517,673.8130158,796.4225377,740.2605406
XCME.GY1.05AUG25.110:25.P,INVALID,.0156250,110.2500000,P,.0058652,,1061.8131057,962.2171073
XCME.GY1.05AUG25.111:5.C,.7187500,.7500000,111.5000000,C,.7235354,657.8866428,811.1765988,738.9409855
XCME.GY1.05AUG25.110.C,2.1875000,2.2187500,110,C,2.1895379,1069.2194976,1566.0641348,1440.1532791
XCME.GY1.05AUG25.111:5.P,.0156250,.0468750,111.5000000,P,.0395372,532.8062957,721.7199702,637.8728094
XCME.GY1.05AUG25.110:25.C,1.9375000,1.9687500,110.2500000,C,1.9398652,962.2171073,1424.0395658,1306.0840107
