Key,BID,ASK,STRIKE,ITYPE,ADJTHEOR,IVBID,IVASK,IVAVERAGE
XCME.ZN.SEP25,112.3125000,112.3281250,INVALID,F,,,,
XCME.VY1.04AUG25.112.C,.3593750,.3906250,112,C,.3827064,556.1240769,736.0291174,650.3714347
XCME.VY1.04AUG25.112:75.C,.0468750,.0781250,112.7500000,C,.0621125,760.1498703,936.8597280,851.5221847
XCME.VY1.04AUG25.110:25.C,2.0468750,2.0937500,110.2500000,C,2.0814818,,1857.0876718,1500.2984329
XCME.GY1.05AUG25.110.P,INVALID,.0069999,110,P,.0045212,,1252.6788398,1139.8410491
XCME.GY1.05AUG25.110:5.C,1.8125000,1.8437500,110.5000000,C,1.8308349,,1212.6236142,1028.9361414
XCME.GY1.05AUG25.111.C,1.3125000,1.3593750,111,C,1.3360509,,1074.8260606,896.6434307
XCME.GY1.05AUG25.112:25.C,.2656250,.2968750,112.2500000,C,.2828478,644.0933406,733.6928436,688.9152413
