Key,BID,ASK,STRIKE,ITYPE,ADJTHEOR,IVBID,IVASK,IVAVERAGE
XCME.ZN.SEP25,112.2343750,112.2500000,INVALID,F,,,,
XCME.GY1.05AUG25.112:75.P,.5781250,.6093750,112.7500000,P,.5944168,705.4394571,822.2367999,765.0782058
XCME.GY1.05AUG25.110:75.C,1.4843750,1.5156250,110.7500000,C,1.5043006,,1027.7340850,864.8846117
XCME.GY1.05AUG25.112:25.P,.2187500,.2500000,112.2500000,P,.2440077,613.8677905,702.2745935,658.0712808
XCME.GY1.05AUG25.113.C,.0468750,.0625000,113,C,.0588691,770.3915971,847.2224997,809.8071381
XCME.GY1.05AUG25.111.P,.0069999,.0156250,111,P,.0114100,735.3774166,852.5118320,800.5619022
XCME.GY1.05AUG25.112.C,.3593750,.3906250,112,C,.3808876,605.4572404,702.2515928,654.1794291
