Key,BID,ASK,STRIKE,ITYPE,ADJTHEOR,IVBID,IVASK,IVAVERAGE
XCME.ZN.SEP25,112.1875000,112.2031250,INVALID,F,,,,
XCME.GY1.05AUG25.111:25.C,.9531250,.9843750,111.2500000,C,.9665722,517.9369746,829.4758701,714.4462823
XCME.GY1.05AUG25.111:75.C,.5000000,.5312500,111.7500000,C,.5145684,563.1760188,685.8600920,626.5033037
XCME.GY1.05AUG25.112:5.P,.3906250,.4218750,112.5000000,P,.4059663,582.8562134,684.5969212,634.3114665
XCME.GY1.05AUG25.113.P,.8125000,.8437500,113,P,.8327788,563.5602813,780.8750514,687.3713458
XCME.GY1.05AUG25.112:75.P,.5937500,.6250000,112.7500000,P,.6073530,607.2141602,742.0506082,677.4792214
XCME.GY1.05AUG25.110:75.C,1.4375000,1.4687500,110.7500000,C,1.4561797,,999.3477706,840.2487519
