Key,BID,ASK,STRIKE,ITYPE,ADJTHEOR,IVBID,IVASK,IVAVERAGE
XCME.ZN.SEP25,112.3125000,112.3281250,INVALID,F,,,,
XCME.VY1.04AUG25.111:75.P,.0156250,.0312500,111.7500000,P,.0233669,658.4179131,796.6497053,732.6191725
XCME.VY1.04AUG25.111:75.C,.5625000,.5937500,111.7500000,C,.5858667,232.6900015,796.6542445,697.2127778
XCME.VY1.04AUG25.112:75.P,.4843750,.5156250,112.7500000,P,.4928096,773.1429121,950.5837494,864.9494395
XCME.VY1.04AUG25.111:25.P,INVALID,.0156250,111.2500000,P,.0059098,,1076.2015833,942.2310177
XCME.VY1.04AUG25.111:5.P,.0069999,.0156250,111.5000000,P,.0108588,735.2321615,867.1611073,808.2350182
XCME.VY1.04AUG25.112:5.C,.0937500,.1250000,112.5000000,C,.1049749,693.7281652,830.7028939,762.7061554
XCME.VY1.04AUG25.110:25.P,INVALID,.0069999,110.2500000,P,.0034462,,1609.1948572,1460.6734725
