Key,BID,ASK,STRIKE,ITYPE,ADJTHEOR,IVBID,IVASK,IVAVERAGE
XCME.ZN.SEP25,112.2968750,112.3125000,INVALID,F,,,,
XCME.VY1.04AUG25.112:25.P,.1406250,.1718750,112.2500000,P,.1548856,638.4806804,765.3973404,701.9596619
XCME.VY1.04AUG25.112.C,.3125000,.3437500,112,C,.3491217,479.1621035,656.3435748,572.3409620
XCME.VY1.04AUG25.112:75.C,.0312500,.0625000,112.7500000,C,.0533419,698.9309889,896.6256537,803.2138653
XCME.VY1.04AUG25.110:25.C,2,2.0312500,110.2500000,C,2.0390769,,,1604.9553120
XCME.GY1.05AUG25.110.P,INVALID,.0069999,110,P,.0044465,,1232.6743660,1121.1830472
XCME.GY1.05AUG25.110:5.C,1.7812500,1.8125000,110.5000000,C,1.7943085,,1239.2575715,1194.9820247
