Key,BID,ASK,STRIKE,ITYPE,ADJTHEOR,IVBID,IVASK,IVAVERAGE
XCME.ZN.SEP25,112.2656250,112.2812500,INVALID,F,,,,
XCME.WY1.06AUG25.112:75.C,.1093750,.1406250,112.7500000,C,.1234489,660.1110847,747.6309063,704.3946659
XCME.WY1.06AUG25.112.C,.4218750,.4375000,112,C,.4358273,561.6754574,640.7026711,601.4238211
XCME.WY1.06AUG25.111.P,.0156250,.0312500,111,P,.0172423,710.0798064,826.8693523,773.6259943
XCME.WY1.06AUG25.112:25.C,.2812500,.2968750,112.2500000,C,.2929245,618.1385642,654.2634878,636.2014154
XCME.WY1.06AUG25.112:5.C,.1875000,.2031250,112.5000000,C,.1906153,659.0247317,696.8216249,677.9472211
XCME.WY1.06AUG25.111:25.P,.0156250,.0468750,111.2500000,P,.0283613,597.2841169,783.2867544,701.8721935
