Key,BID,ASK,STRIKE,ITYPE,ADJTHEOR,IVBID,IVASK,IVAVERAGE
XCME.ZN.SEP25,112.2031250,112.2187500,INVALID,F,,,,
XCME.VY1.04AUG25.112:75.P,.5468750,.5781250,112.7500000,P,.5616933,531.9856802,814.6069695,696.4464275
XCME.VY1.04AUG25.111:25.P,INVALID,.0069999,111.2500000,P,.0049592,,829.0931655,738.2325968
XCME.VY1.04AUG25.111:5.P,.0069999,.0156250,111.5000000,P,.0092517,653.9019054,774.0220570,720.2345700
XCME.VY1.04AUG25.112:5.C,.0468750,.0625000,112.5000000,C,.0543461,591.7289955,672.6492247,632.8723993
XCME.VY1.04AUG25.110:25.P,INVALID,.0069999,110.2500000,P,.0034376,,1514.1366818,1372.3163114
XCME.VY1.04AUG25.111.P,INVALID,.0069999,111,P,.0033445,,1009.3545701,905.7357586
