Key,BID,ASK,STRIKE,ITYPE,ADJTHEOR,IVBID,IVASK,IVAVERAGE
XCME.ZN.SEP25,112.1875000,112.2031250,INVALID,F,,,,
XCME.WY1.06AUG25.111:25.P,.0156250,.0312500,111.2500000,P,.0265486,556.5743842,657.3520907,611.2051912
XCME.WY1.06AUG25.111:75.C,.5312500,.5468750,111.7500000,C,.5402498,561.4009367,652.0616805,607.5138579
XCME.WY1.06AUG25.113.C,.0468750,.0625000,113,C,.0523153,652.9001870,716.9380731,685.7789417
XCME.WY1.06AUG25.110.P,INVALID,.0156250,110,P,.0051007,,1099.5465402,982.0645106
XCME.WY1.06AUG25.110:75.P,.0069999,.0156250,110.7500000,P,.0100551,678.8862084,782.7273501,736.8040496
XCME.WY1.06AUG25.112:25.P,.2812500,.2968750,112.2500000,P,.2837554,550.3928633,622.5427851,586.4749901
XCME.WY1.06AUG25.111:25.C,.9531250,.9843750,111.2500000,C,.9753611,436.5155546,680.4971791,588.1020947
