Key,BID,ASK,STRIKE,ITYPE,ADJTHEOR,IVBID,IVASK,IVAVERAGE
XCME.ZN.SEP25,112.2343750,112.2500000,INVALID,F,,,,
XCME.WY1.06AUG25.112:5.P,.4375000,.4687500,112.5000000,P,.4446637,686.1352095,762.4108158,724.3753966
XCME.WY1.06AUG25.111:5.C,.7812500,.8125000,111.5000000,C,.8093450,560.7304787,694.9192114,632.2224902
XCME.WY1.06AUG25.110:25.P,INVALID,.0156250,110.2500000,P,.0080609,,1024.9843345,912.8682317
XCME.WY1.06AUG25.111:75.P,.0937500,.1093750,111.7500000,P,.1027212,635.9944787,682.3675188,659.3852613
XCME.WY1.06AUG25.112:75.P,.6093750,.6406250,112.7500000,P,.6336015,681.8095185,770.6826363,726.7993927
XCME.WY1.06AUG25.110:5.C,1.7343750,1.7812500,110.5000000,C,1.7606385,,1057.7559923,872.6711701
XCME.WY1.06AUG25.112.P,.1562500,.1875000,112,P,.1759610,609.0763821,686.3211750,647.8459062
