Key,BID,ASK,STRIKE,ITYPE,ADJTHEOR,IVBID,IVASK,IVAVERAGE
XCME.ZN.SEP25,112.2968750,112.3125000,INVALID,F,,,,
XCME.GY1.05AUG25.110:75.P,INVALID,.0156250,110.7500000,P,.0076443,,1017.2696322,900.2650057
XCME.GY1.05AUG25.111:75.P,.0468750,.0625000,111.7500000,P,.0578302,626.5682047,695.4413365,661.7958209
XCME.GY1.05AUG25.112.P,.0937500,.1250000,112,P,.1134447,596.0260609,697.7005396,647.4200849
XCME.WY1.06AUG25.110.C,2.2968750,2.3125000,110,C,2.3021312,,1302.6920820,1188.7964963
XCME.WY1.06AUG25.113.P,.7656250,.8125000,113,P,.7840366,662.4356953,821.0301851,744.9802852
XCME.WY1.06AUG25.112:75.C,.1250000,.1406250,112.7500000,C,.1259229,688.2841638,731.0904473,709.7961647
XCME.WY1.06AUG25.112.C,.4218750,.4531250,112,C,.4505133,565.1247008,645.0013331,605.3345629
