Key,BID,ASK,STRIKE,ITYPE,ADJTHEOR,IVBID,IVASK,IVAVERAGE
XCME.ZN.SEP25,112.2343750,112.2500000,INVALID,F,,,,
XCME.GY1.05AUG25.111:25.P,.0156250,.0312500,111.2500000,P,.0203280,719.3376709,847.0138247,788.5864678
XCME.GY1.05AUG25.110:25.P,INVALID,.0156250,110.2500000,P,.0050654,,1259.5832905,1121.7343567
XCME.GY1.05AUG25.111:5.C,.7500000,.7968750,111.5000000,C,.7839979,433.2502976,793.5277984,660.4148614
XCME.GY1.05AUG25.110.C,2.2343750,2.2656250,110,C,2.2509561,,1439.4451079,1230.2199098
XCME.GY1.05AUG25.111:5.P,.0156250,.0468750,111.5000000,P,.0374985,577.0396891,775.5543091,687.7426720
XCME.GY1.05AUG25.110:25.C,1.9843750,2.0156250,110.2500000,C,2.0015654,,1307.5490860,1112.6357021
