Key,BID,ASK,STRIKE,ITYPE,ADJTHEOR,IVBID,IVASK,IVAVERAGE
XCME.ZN.SEP25,112.2031250,112.2187500,INVALID,F,,,,
XCME.VY1.04AUG25.111:5.P,.0069999,.0156250,111.5000000,P,.0109374,651.9400125,772.0884947,718.2838171
XCME.VY1.04AUG25.112:5.C,.0625000,.0781250,112.5000000,C,.0645949,686.3950267,763.8185598,725.5459265
XCME.VY1.04AUG25.110:25.P,INVALID,.0069999,110.2500000,P,.0033341,,1517.9630093,1375.5993740
XCME.VY1.04AUG25.111.P,INVALID,.0069999,111,P,.0040814,,1009.9286554,906.0288682
XCME.VY1.04AUG25.110:75.P,INVALID,.0069999,110.7500000,P,.0034488,,1182.5578790,1065.4890126
XCME.VY1.04AUG25.112.P,.0625000,.0781250,112,P,.0742997,565.7917014,638.0942055,602.2531798
