Key,BID,ASK,STRIKE,ITYPE,ADJTHEOR,IVBID,IVASK,IVAVERAGE
XCME.ZN.SEP25,112.2031250,112.2187500,INVALID,F,,,,
XCME.ZN1.01AUG25.112:5.C,INVALID,.0069999,112.5000000,C,.0001064,,1047.0029124,902.1560066
XCME.ZN1.01AUG25.111:5.C,.6875000,.7187500,111.5000000,C,.7109368,,,1919.5846593
XCME.ZN1.01AUG25.113.P,.7812500,.8125000,113,P,.7890619,,,
XCME.ZN1.01AUG25.112:25.P,.0468750,.0781250,112.2500000,P,.0645363,287.8507259,731.0979236,517.8155803
XCME.ZN1.01AUG25.111.C,1.1875000,1.2187500,111,C,1.2109374,,,
XCME.ZN1.01AUG25.112.C,.1875000,.2187500,112,C,.2123474,,849.6148858,715.9270144
