Key,BID,ASK,STRIKE,ITYPE,ADJTHEOR,IVBID,IVASK,IVAVERAGE
XCME.ZN.SEP25,112.2812500,112.2968750,INVALID,F,,,,
XCME.GY1.05AUG25.111:25.C,1.0468750,1.0781250,111.2500000,C,1.0604405,570.6163430,896.7708001,776.5338599
XCME.GY1.05AUG25.111:75.C,.5781250,.6093750,111.7500000,C,.6020160,563.6784103,706.0066607,638.5875535
XCME.GY1.05AUG25.112:5.P,.3593750,.3906250,112.5000000,P,.3638202,687.1079003,780.4242650,733.9178233
XCME.GY1.05AUG25.113.P,.7500000,.7812500,113,P,.7694431,724.3305353,871.3809975,801.2750633
XCME.GY1.05AUG25.112:75.P,.5468750,.5781250,112.7500000,P,.5535677,728.0247028,838.3507402,784.0359338
XCME.GY1.05AUG25.110:75.C,1.5312500,1.5625000,110.7500000,C,1.5509900,,1057.0260642,891.1538274
