Key,BID,ASK,STRIKE,ITYPE,ADJTHEOR,IVBID,IVASK,IVAVERAGE
XCME.ZN.SEP25,112.2031250,112.2187500,INVALID,F,,,,
XCME.GY1.05AUG25.111:5.C,.7187500,.7500000,111.5000000,C,.7353462,569.4452645,750.5431573,668.8066407
XCME.GY1.05AUG25.110.C,2.1875000,2.2187500,110,C,2.2034308,,1398.4770623,1341.9479500
XCME.GY1.05AUG25.111:5.P,.0156250,.0468750,111.5000000,P,.0357214,542.4526566,733.1888288,648.6118901
XCME.GY1.05AUG25.110:25.C,1.9375000,1.9687500,110.2500000,C,1.9539480,,1267.8135883,1215.1688645
XCME.GY1.05AUG25.112:75.C,.0625000,.0937500,112.7500000,C,.0710067,692.0997661,815.9061180,755.7203581
XCME.GY1.05AUG25.112:5.C,.1093750,.1406250,112.5000000,C,.1207711,645.6823219,744.9634458,695.7441050
