Key,BID,ASK,STRIKE,ITYPE,ADJTHEOR,IVBID,IVASK,IVAVERAGE
XCME.ZN.SEP25,112.2968750,112.3125000,INVALID,F,,,,
XCME.GY1.05AUG25.112:75.P,.5625000,.5937500,112.7500000,P,.5720489,772.5532316,880.8285481,827.3995202
XCME.GY1.05AUG25.110:75.C,1.5156250,1.5468750,110.7500000,C,1.5453540,,897.0807296,961.3372760
XCME.GY1.05AUG25.112:25.P,.2187500,.2343750,112.2500000,P,.2223334,674.6499743,719.0754774,696.8641965
XCME.GY1.05AUG25.113.C,.0468750,.0781250,113,C,.0781605,745.8271088,890.1345398,821.0702489
XCME.GY1.05AUG25.111.P,.0069999,.0156250,111,P,.0086045,760.0916664,879.3223093,826.4283551
XCME.GY1.05AUG25.112.C,.3750000,.4062500,112,C,.4052531,560.1127013,662.6445376,612.0005665
