Key,BID,ASK,STRIKE,ITYPE,ADJTHEOR,IVBID,IVASK,IVAVERAGE
XCME.ZN.SEP25,112.2656250,112.2812500,INVALID,F,,,,
XCME.GY1.05AUG25.112:25.P,.2187500,.2343750,112.2500000,P,.2310681,659.1268501,703.8848115,681.5063993
XCME.GY1.05AUG25.113.C,.0468750,.0781250,113,C,.0641789,762.1839697,908.9888554,838.7682559
XCME.GY1.05AUG25.111.P,INVALID,.0156250,111,P,.0096592,,877.8170058,772.1719976
XCME.GY1.05AUG25.112.C,.3593750,.4062500,112,C,.3982788,551.2494337,703.3571994,628.4592888
XCME.GY1.05AUG25.111:25.P,.0069999,.0312500,111.2500000,P,.0160534,632.3311122,867.3683429,771.3094007
XCME.GY1.05AUG25.110:25.P,INVALID,.0156250,110.2500000,P,.0047793,,1277.4698369,1138.0939469
