Key,BID,ASK,STRIKE,ITYPE,ADJTHEOR,IVBID,IVASK,IVAVERAGE
XCME.ZN.SEP25,112.2968750,112.3125000,INVALID,F,,,,
XCME.WY1.06AUG25.112.P,.1406250,.1562500,112,P,.1536381,605.3341450,645.0014442,625.2283412
XCME.WY1.06AUG25.110:75.C,1.5468750,1.5781250,110.7500000,C,1.5574943,277.4522807,956.0387654,864.2579909
XCME.WY1.06AUG25.111:5.P,.0312500,.0625000,111.5000000,P,.0474899,579.7164969,716.6674679,652.7681609
XCME.WY1.06AUG25.111.C,1.2968750,1.3281250,111,C,1.3127896,261.8245806,925.5595690,809.5251154
XCME.VY1.04AUG25.111:75.P,.0156250,.0312500,111.7500000,P,.0220847,640.8750417,776.5704111,713.6833034
XCME.VY1.04AUG25.111:75.C,.5468750,.5781250,111.7500000,C,.5689597,251.5274222,886.4040141,746.0481281
