Key,BID,ASK,STRIKE,ITYPE,ADJTHEOR,IVBID,IVASK,IVAVERAGE
XCME.ZN.SEP25,112.1875000,112.2031250,INVALID,F,,,,
XCME.VY1.04AUG25.111:5.P,.0069999,.0156250,111.5000000,P,.0096642,644.3518240,763.3913760,710.0690463
XCME.VY1.04AUG25.112:5.C,.0468750,.0625000,112.5000000,C,.0533217,605.8549547,687.6007353,647.4367512
XCME.VY1.04AUG25.110:25.P,INVALID,.0069999,110.2500000,P,.0034329,,1506.2898133,1365.0125431
XCME.VY1.04AUG25.111.P,INVALID,.0069999,111,P,.0032734,,1001.3015357,898.7480882
XCME.VY1.04AUG25.110:75.P,INVALID,.0069999,110.7500000,P,.0029687,,1172.9892512,1056.8996950
XCME.VY1.04AUG25.112.P,.0625000,.0781250,112,P,.0728074,556.3944615,628.0642736,592.5365316
