Key,BID,ASK,STRIKE,ITYPE,ADJTHEOR,IVBID,IVASK,IVAVERAGE
XCME.ZN.SEP25,112.2500000,112.2656250,INVALID,F,,,,
XCME.VY1.04AUG25.111:75.P,.0156250,.0312500,111.7500000,P,.0239558,605.7405686,737.5230256,676.3814146
XCME.VY1.04AUG25.111:75.C,.5156250,.5468750,111.7500000,C,.5317679,515.1051459,792.9800931,676.3882220
XCME.VY1.04AUG25.112:75.P,.5312500,.5625000,112.7500000,P,.5351672,775.7776277,966.1275394,875.2353372
XCME.VY1.04AUG25.111:25.P,INVALID,.0156250,111.2500000,P,.0055801,,1023.9161992,893.5012828
XCME.VY1.04AUG25.111:5.P,INVALID,.0156250,111.5000000,P,.0099848,,822.2558065,711.0325000
XCME.VY1.04AUG25.112:5.C,.0625000,.0937500,112.5000000,C,.0819845,620.8010005,768.0015113,695.6282533
XCME.VY1.04AUG25.110:25.P,INVALID,.0069999,110.2500000,P,.0034828,,1562.4836832,1417.3296702
