Key,BID,ASK,STRIKE,ITYPE,ADJTHEOR,IVBID,IVASK,IVAVERAGE
XCME.ZN.SEP25,112.2500000,112.2656250,INVALID,F,,,,
XCME.VY1.04AUG25.113.P,.7500000,.7968750,113,P,.7779488,634.6187679,1133.3691569,944.9213847
XCME.VY1.04AUG25.113.C,.0156250,.0468750,113,C,.0322613,818.3181090,1101.8163085,976.3775541
XCME.VY1.04AUG25.112:25.P,.1562500,.1875000,112.2500000,P,.1734511,644.7714520,771.9870180,708.3796880
XCME.VY1.04AUG25.112.C,.3125000,.3437500,112,C,.3293198,623.0997121,774.7694347,700.3826290
XCME.VY1.04AUG25.112:75.C,.0468750,.0625000,112.7500000,C,.0510897,840.5516587,936.5195513,889.5946957
XCME.VY1.04AUG25.110:25.C,1.9843750,2.0312500,110.2500000,C,2.0079808,,,1793.3871098
