Key,BID,ASK,STRIKE,ITYPE,ADJTHEOR,IVBID,IVASK,IVAVERAGE
XCME.ZN.SEP25,112.2500000,112.2656250,INVALID,F,,,,
XCME.VY1.04AUG25.111.P,INVALID,.0069999,111,P,.0042820,,1057.7015261,949.5427775
XCME.VY1.04AUG25.110:75.P,INVALID,.0069999,110.7500000,P,.0036245,,1231.6102189,1110.4443840
XCME.VY1.04AUG25.112.P,.0468750,.0781250,112,P,.0653487,561.1738531,716.9997896,641.0761300
XCME.VY1.04AUG25.111:5.C,.7500000,.7812500,111.5000000,C,.7649850,,943.1734180,819.4026236
XCME.VY1.04AUG25.112:25.C,.1562500,.1875000,112.2500000,C,.1662887,623.6002686,686.8421909,655.2213770
XCME.VY1.04AUG25.110:5.P,INVALID,.0069999,110.5000000,P,.0034313,,1401.9169168,1267.9527172
XCME.VY1.04AUG25.112:5.P,.3125000,.3437500,112.5000000,P,.3270493,650.2939191,797.4180581,724.9811599
