Key,BID,ASK,STRIKE,ITYPE,ADJTHEOR,IVBID,IVASK,IVAVERAGE
XCME.ZN.SEP25,112.2343750,112.2500000,INVALID,F,,,,
XCME.VY1.04AUG25.110.C,2.2343750,2.2656250,110,C,2.2456756,,1744.9269667,1582.6537431
XCME.VY1.04AUG25.110:75.C,1.4843750,1.5156250,110.7500000,C,1.4956731,,1521.1731704,1327.3687271
XCME.VY1.04AUG25.110.P,INVALID,.0069999,110,P,.0034881,,1716.6723365,1559.8864482
XCME.VY1.04AUG25.111:25.C,.9843750,1.0156250,111.2500000,C,.9978136,,1107.7617196,951.8492353
XCME.VY1.04AUG25.113.P,.7656250,.7968750,113,P,.7824455,705.8243805,1039.9091121,902.3637988
XCME.VY1.04AUG25.113.C,.0156250,.0312500,113,C,.0246330,817.2908667,974.8935977,902.3637988
