Key,BID,ASK,STRIKE,ITYPE,ADJTHEOR,IVBID,IVASK,IVAVERAGE
XCME.ZN.SEP25,112.1875000,112.2031250,INVALID,F,,,,
XCME.WY1.06AUG25.110:5.C,1.6875000,1.7187500,110.5000000,C,1.7185613,,792.5941749,714.9137664
XCME.WY1.06AUG25.112.P,.1562500,.1718750,112,P,.1568032,568.5623216,606.4498878,587.5392543
XCME.WY1.06AUG25.110:75.C,1.4375000,1.4687500,110.7500000,C,1.4709994,,694.3915809,624.2815565
XCME.WY1.06AUG25.111:5.P,.0312500,.0468750,111.5000000,P,.0450160,534.1681439,603.4695798,570.2077591
XCME.WY1.06AUG25.111.C,1.2031250,1.2187500,111,C,1.2258176,,594.0490873,531.6202924
XCME.ZN1.01AUG25.112:75.C,INVALID,.0069999,112.7500000,C,.0000075,,1601.3779450,1403.9439498
XCME.ZN1.01AUG25.110:25.C,1.9375000,2.0312500,110.2500000,C,1.9609375,,,
