Key,BID,ASK,STRIKE,ITYPE,ADJTHEOR,IVBID,IVASK,IVAVERAGE
XCME.ZN.SEP25,112.2031250,112.2187500,INVALID,F,,,,
XCME.VY1.04AUG25.113.C,.0156250,.0312500,113,C,.0233838,836.5818630,996.6493902,923.0260138
XCME.VY1.04AUG25.112:25.P,.1875000,.2031250,112.2500000,P,.1729093,668.9801603,731.7290525,700.3601527
XCME.VY1.04AUG25.112.C,.2656250,.2812500,112,C,.2775490,538.6758354,612.8844937,576.1881726
XCME.VY1.04AUG25.112:75.C,.0312500,.0468750,112.7500000,C,.0345781,762.9775202,871.9104276,819.4497618
XCME.VY1.04AUG25.110:25.C,1.9375000,1.9687500,110.2500000,C,1.9643701,,1548.8436367,1401.1400667
XCME.ZN1.01AUG25.112:75.C,INVALID,.0069999,112.7500000,C,.0000177,,1692.8778954,1484.0993610
XCME.ZN1.01AUG25.110:25.C,1.9375000,1.9687500,110.2500000,C,1.9609375,,,
