Key,BID,ASK,STRIKE,ITYPE,ADJTHEOR,IVBID,IVASK,IVAVERAGE
XCME.ZN.SEP25,112.2343750,112.2500000,INVALID,F,,,,
XCME.VY1.04AUG25.111:5.C,.7343750,.7656250,111.5000000,C,.7519339,,893.6496907,759.7039884
XCME.VY1.04AUG25.112:25.C,.1406250,.1718750,112.2500000,C,.1549284,581.2606131,706.9969843,644.1303015
XCME.VY1.04AUG25.110:5.P,INVALID,.0069999,110.5000000,P,.0033754,,1385.0976148,1252.5075028
XCME.VY1.04AUG25.112:5.P,.3125000,.3593750,112.5000000,P,.3319165,679.1985350,825.5830308,753.4706520
XCME.VY1.04AUG25.111.C,1.2343750,1.2656250,111,C,1.2462062,,1318.0065694,1142.6979155
XCME.VY1.04AUG25.110:5.C,1.7343750,1.7656250,110.5000000,C,1.7455629,,1409.4540887,1271.6339511
