Key,BID,ASK,STRIKE,ITYPE,ADJTHEOR,IVBID,IVASK,IVAVERAGE
XCME.ZN.SEP25,112.2500000,112.2656250,INVALID,F,,,,
XCME.WY1.06AUG25.111.P,.0156250,.0312500,111,P,.0215972,702.9874541,819.2287990,766.2336805
XCME.WY1.06AUG25.112:25.C,.2812500,.2968750,112.2500000,C,.2894332,640.9416963,677.1096020,659.0256878
XCME.WY1.06AUG25.112:5.C,.1875000,.2031250,112.5000000,C,.1888213,676.9694737,715.0373071,696.0302724
XCME.WY1.06AUG25.111:25.P,.0156250,.0468750,111.2500000,P,.0346228,589.4861755,774.5048602,693.5096021
XCME.WY1.06AUG25.111:75.C,.5781250,.6250000,111.7500000,C,.6093272,564.6668865,707.5748768,638.3287097
XCME.WY1.06AUG25.113.C,.0781250,.0937500,113,C,.0822229,743.6603442,797.3470370,770.8684990
