Key,BID,ASK,STRIKE,ITYPE,ADJTHEOR,IVBID,IVASK,IVAVERAGE
XCME.ZN.SEP25,112.1875000,112.2031250,INVALID,F,,,,
XCME.WY1.06AUG25.112:5.P,.4218750,.4531250,112.5000000,P,.4256839,577.2939396,656.0336670,616.8963053
XCME.WY1.06AUG25.111:5.C,.7343750,.7656250,111.5000000,C,.7523795,493.7185963,634.4163151,569.9090707
XCME.WY1.06AUG25.110:25.P,INVALID,.0156250,110.2500000,P,.0054948,,998.8613057,889.5343358
XCME.WY1.06AUG25.111:75.P,.0781250,.0937500,111.7500000,P,.0807923,555.5782277,602.4155224,579.2515061
XCME.WY1.06AUG25.112:75.P,.6250000,.6406250,112.7500000,P,.6200144,632.8971302,680.5373226,656.9573195
XCME.WY1.06AUG25.110:5.C,1.6875000,1.7187500,110.5000000,C,1.7175401,,792.7199089,
