Key,BID,ASK,STRIKE,ITYPE,ADJTHEOR,IVBID,IVASK,IVAVERAGE
XCME.ZN.SEP25,112.2812500,112.2968750,INVALID,F,,,,
XCME.WY1.06AUG25.112:5.P,.3906250,.4218750,112.5000000,P,.4109161,615.8705649,691.4337796,653.7561302
XCME.WY1.06AUG25.111:5.C,.8281250,.8593750,111.5000000,C,.8303851,572.1973246,765.9288401,677.1034917
XCME.WY1.06AUG25.110:25.P,INVALID,.0156250,110.2500000,P,.0063264,,1032.4520223,920.0253000
XCME.WY1.06AUG25.111:75.P,.0781250,.0937500,111.7500000,P,.0893867,605.4362366,654.1286385,630.0677769
XCME.WY1.06AUG25.112:75.P,.5625000,.5937500,112.7500000,P,.5911716,610.5463359,700.0726658,655.9727825
XCME.WY1.06AUG25.110:5.C,1.7968750,1.8281250,110.5000000,C,1.7892143,927.3798291,1171.7370551,1066.4911029
