Key,BID,ASK,STRIKE,ITYPE,ADJTHEOR,IVBID,IVASK,IVAVERAGE
XCME.ZN.SEP25,112.2500000,112.2656250,INVALID,F,,,,
XCME.WY1.06AUG25.112:75.C,.1093750,.1406250,112.7500000,C,.1178953,673.6662878,761.9019429,718.3265002
XCME.WY1.06AUG25.112.C,.4062500,.4375000,112,C,.4254725,594.1310270,671.5892737,633.0271743
XCME.WY1.06AUG25.111.P,.0069999,.0312500,111,P,.0177357,605.1685947,817.2987935,731.3101857
XCME.WY1.06AUG25.112:25.C,.2812500,.2968750,112.2500000,C,.2854586,640.6877716,676.7874025,658.7376186
XCME.WY1.06AUG25.112:5.C,.1718750,.2031250,112.5000000,C,.1845249,638.1957118,714.4410420,676.4355904
XCME.WY1.06AUG25.111:25.P,.0156250,.0468750,111.2500000,P,.0296575,588.0402994,772.6135330,691.7719542
XCME.WY1.06AUG25.111:75.C,.5937500,.6093750,111.7500000,C,.6032631,565.7178207,662.3979163,615.1671460
