Key,BID,ASK,STRIKE,ITYPE,ADJTHEOR,IVBID,IVASK,IVAVERAGE
XCME.ZN.SEP25,112.2500000,112.2656250,INVALID,F,,,,
XCME.WY1.06AUG25.112.P,.1562500,.1875000,112,P,.1717537,615.4850406,692.7893692,654.2893575
XCME.WY1.06AUG25.110:75.C,1.5000000,1.5468750,110.7500000,C,1.5230425,,987.0360354,842.7322542
XCME.WY1.06AUG25.111:5.P,.0468750,.0625000,111.5000000,P,.0581228,635.6601961,698.5123800,667.9136982
XCME.WY1.06AUG25.111.C,1.2500000,1.2968750,111,C,1.2802222,,861.4102372,729.7181738
XCME.GY1.05AUG25.110.P,INVALID,.0069999,110,P,.0044869,,1221.5904008,1110.3821129
XCME.GY1.05AUG25.110:5.C,1.7500000,1.7812500,110.5000000,C,1.7640549,,1225.0220819,1074.7610408
