Key,BID,ASK,STRIKE,ITYPE,ADJTHEOR,IVBID,IVASK,IVAVERAGE
XCME.ZN.SEP25,112.2343750,112.2500000,INVALID,F,,,,
XCME.GY1.05AUG25.112:75.C,.0781250,.1093750,112.7500000,C,.0904174,733.3996548,851.0736732,793.4178409
XCME.GY1.05AUG25.112:5.C,.1250000,.1562500,112.5000000,C,.1446923,664.4430107,762.2213282,713.6200748
XCME.GY1.05AUG25.110:5.P,INVALID,.0156250,110.5000000,P,.0072233,,1133.5909086,1006.0092309
XCME.GY1.05AUG25.110:75.P,INVALID,.0156250,110.7500000,P,.0076516,,999.7222914,883.3278052
XCME.GY1.05AUG25.111:75.P,.0468750,.0625000,111.7500000,P,.0619527,590.8083405,658.3011794,625.3000218
XCME.GY1.05AUG25.112.P,.1093750,.1406250,112,P,.1292816,598.8658753,697.2118520,648.3819381
