Key,BID,ASK,STRIKE,ITYPE,ADJTHEOR,IVBID,IVASK,IVAVERAGE
XCME.ZN.SEP25,112.2656250,112.2812500,INVALID,F,,,,
XCME.VY1.04AUG25.111.P,INVALID,.0069999,111,P,.0041884,,1074.2870183,965.0587251
XCME.VY1.04AUG25.110:75.P,INVALID,.0069999,110.7500000,P,.0036466,,1247.6603724,1125.4758109
XCME.VY1.04AUG25.112.P,.0468750,.0625000,112,P,.0604601,587.9501228,669.4636068,629.3817094
XCME.VY1.04AUG25.111:5.C,.7656250,.7968750,111.5000000,C,.7870346,,891.7613922,735.6894122
XCME.VY1.04AUG25.112:25.C,.1718750,.1875000,112.2500000,C,.1781083,639.6188037,702.9892125,671.3071919
XCME.VY1.04AUG25.110:5.P,INVALID,.0069999,110.5000000,P,.0035237,,1417.6447947,1282.6777563
XCME.VY1.04AUG25.112:5.P,.2968750,.3281250,112.5000000,P,.3104171,653.2995676,796.5368104,725.7968788
