Key,BID,ASK,STRIKE,ITYPE,ADJTHEOR,IVBID,IVASK,IVAVERAGE
XCME.ZN.SEP25,112.2031250,112.2187500,INVALID,F,,,,
XCME.ZN1.01AUG25.112:25.P,.0625000,.0781250,112.2500000,P,.0679497,517.8155803,731.0979236,625.3859061
XCME.ZN1.01AUG25.111.C,1.1875000,1.2187500,111,C,1.2109371,,,
XCME.ZN1.01AUG25.112.C,.1875000,.2187500,112,C,.2131357,,849.6148858,715.9270144
XCME.GY1.05AUG25.110.P,INVALID,.0069999,110,P,.0045105,,1191.1486991,1082.1033603
XCME.GY1.05AUG25.110:5.C,1.7031250,1.7343750,110.5000000,C,1.7206012,,1152.2912663,983.2771061
XCME.GY1.05AUG25.111.C,1.2031250,1.2343750,111,C,1.2265048,,876.4096522,737.7872122
XCME.GY1.05AUG25.112:25.C,.2031250,.2343750,112.2500000,C,.2232342,621.8980337,710.2154298,666.0620313
