Key,BID,ASK,STRIKE,ITYPE,ADJTHEOR,IVBID,IVASK,IVAVERAGE
XCME.ZN.SEP25,112.2500000,112.2656250,INVALID,F,,,,
XCME.VY1.04AUG25.112.C,.3125000,.3437500,112,C,.3244061,639.1721816,788.8566572,715.2928846
XCME.VY1.04AUG25.112:75.C,.0312500,.0625000,112.7500000,C,.0507038,737.4379064,941.4800020,845.2507645
XCME.VY1.04AUG25.110:25.C,1.9843750,2.0312500,110.2500000,C,2.0003435,411.4840178,,1875.2120653
XCME.GY1.05AUG25.110.P,INVALID,.0069999,110,P,.0000100,,1217.9902424,1107.0154994
XCME.GY1.05AUG25.110:5.C,1.7500000,1.7812500,110.5000000,C,1.7501684,329.7664899,1426.7291451,1260.7510867
XCME.GY1.05AUG25.111.C,1.2500000,1.2968750,111,C,1.2535602,264.1870773,1111.5477017,970.5954375
XCME.GY1.05AUG25.112:25.C,.2343750,.2656250,112.2500000,C,.2418731,666.9077945,755.8292558,711.3685435
