Key,BID,ASK,STRIKE,ITYPE,ADJTHEOR,IVBID,IVASK,IVAVERAGE
XCME.ZN.SEP25,112.2031250,112.2187500,INVALID,F,,,,
XCME.VY1.04AUG25.111:75.P,.0156250,.0312500,111.7500000,P,.0247495,557.8523222,682.7081700,624.6182324
XCME.VY1.04AUG25.111:75.C,.4687500,.5000000,111.7500000,C,.4856881,472.8477903,735.5780904,624.6071056
XCME.VY1.04AUG25.112:75.P,.5468750,.5781250,112.7500000,P,.5619363,531.9856802,814.6069695,696.4464275
XCME.VY1.04AUG25.111:25.P,INVALID,.0069999,111.2500000,P,.0050287,,829.0931655,738.2325968
XCME.VY1.04AUG25.111:5.P,.0069999,.0156250,111.5000000,P,.0094784,653.9019054,774.0220570,720.2345700
XCME.VY1.04AUG25.112:5.C,.0468750,.0625000,112.5000000,C,.0551567,591.7289955,672.6492247,632.8723993
XCME.VY1.04AUG25.110:25.P,INVALID,.0069999,110.2500000,P,.0034317,,1514.1366818,1372.3163114
