Key,BID,ASK,STRIKE,ITYPE,ADJTHEOR,IVBID,IVASK,IVAVERAGE
XCME.ZN.SEP25,112.2968750,112.3125000,INVALID,F,,,,
XCME.GY1.05AUG25.111:25.P,.0156250,.0312500,111.2500000,P,.0180712,752.1269971,882.3184462,822.7436625
XCME.GY1.05AUG25.110:25.P,INVALID,.0156250,110.2500000,P,.0051400,,1286.3468657,1146.6924375
XCME.GY1.05AUG25.111:5.C,.8125000,.8593750,111.5000000,C,.8369568,524.5504425,851.7027669,720.5680347
XCME.GY1.05AUG25.110.C,2.2812500,2.3281250,110,C,2.3092051,,1522.4754803,1346.6699977
XCME.GY1.05AUG25.111:5.P,.0156250,.0468750,111.5000000,P,.0322679,605.9633137,720.5610104,667.8572418
XCME.GY1.05AUG25.110:25.C,2.0312500,2.0781250,110.2500000,C,2.0598275,,1388.0943111,1223.6348774
XCME.GY1.05AUG25.112:75.C,.0937500,.1250000,112.7500000,C,.1050978,732.8069271,842.1490226,788.2640612
