Key,BID,ASK,STRIKE,ITYPE,ADJTHEOR,IVBID,IVASK,IVAVERAGE
XCME.ZN.SEP25,112.1875000,112.2031250,INVALID,F,,,,
XCME.ZN1.01AUG25.111:5.C,.6875000,.7187500,111.5000000,C,.6953120,,,1883.8371801
XCME.ZN1.01AUG25.113.P,.7812500,.8125000,113,P,.8046866,,,
XCME.ZN1.01AUG25.112:25.P,.0625000,.0781250,112.2500000,P,.0761619,345.7628145,590.9229650,474.2634789
XCME.ZN1.01AUG25.111.C,1.1875000,1.2187500,111,C,1.1953123,,,
XCME.ZN1.01AUG25.112.C,.1875000,.2187500,112,C,.1975421,,1150.2284837,902.8870275
XCME.VY1.04AUG25.111:75.P,.0156250,.0312500,111.7500000,P,.0271409,550.4980669,674.6306376,616.8110792
XCME.VY1.04AUG25.111:75.C,.4687500,.4843750,111.7500000,C,.4759543,588.4918888,704.2038902,649.5102723
