Key,BID,ASK,STRIKE,ITYPE,ADJTHEOR,IVBID,IVASK,IVAVERAGE
XCME.ZN.SEP25,112.1875000,112.2031250,INVALID,F,,,,
XCME.ZN1.01AUG25.112:5.C,INVALID,.0069999,112.5000000,C,.0003643,,1008.0538786,866.9587923
XCME.ZN1.01AUG25.111:5.C,.6875000,.7031250,111.5000000,C,.7031246,,,1797.9763634
XCME.ZN1.01AUG25.113.P,.7968750,.8125000,113,P,.7968739,,,
XCME.ZN1.01AUG25.112:25.P,.0625000,.0781250,112.2500000,P,.0720307,416.9175614,628.4621705,524.8315154
XCME.ZN1.01AUG25.111.C,1.1875000,1.2031250,111,C,1.2031247,,,
XCME.ZN1.01AUG25.112.C,.1875000,.2187500,112,C,.2053267,,963.3295656,654.8704156
