Key,BID,ASK,STRIKE,ITYPE,ADJTHEOR,IVBID,IVASK,IVAVERAGE
XCME.ZN.SEP25,112.2500000,112.2656250,INVALID,F,,,,
XCME.GY1.05AUG25.111:25.C,1,1.0468750,111.2500000,C,1.0218335,,927.8895163,794.2028970
XCME.GY1.05AUG25.111:75.C,.5468750,.5937500,111.7500000,C,.5712301,578.1208499,770.2889107,679.1686456
XCME.GY1.05AUG25.112:5.P,.3906250,.4218750,112.5000000,P,.3986717,706.0975337,801.3809105,753.9469648
XCME.GY1.05AUG25.113.P,.7968750,.8281250,113,P,.8103768,788.7375889,933.3618434,863.9874018
XCME.GY1.05AUG25.112:75.P,.5781250,.6093750,112.7500000,P,.5925587,731.1157898,846.0771566,789.6695338
XCME.GY1.05AUG25.110:75.C,1.4843750,1.5312500,110.7500000,C,1.5110890,,1123.1614701,1001.9585058
