Key,BID,ASK,STRIKE,ITYPE,ADJTHEOR,IVBID,IVASK,IVAVERAGE
XCME.ZN.SEP25,112.2812500,112.2968750,INVALID,F,,,,
XCME.WY1.06AUG25.110:5.P,INVALID,.0156250,110.5000000,P,.0078585,,934.0107145,829.7262985
XCME.WY1.06AUG25.110:25.C,2.0312500,2.0625000,110.2500000,C,2.0488118,,1086.9632996,933.4929076
XCME.WY1.06AUG25.112:5.P,.3906250,.4218750,112.5000000,P,.4022816,634.2072069,709.3985080,671.8885666
XCME.WY1.06AUG25.111:5.C,.8281250,.8593750,111.5000000,C,.8402227,600.7546375,732.7080471,670.6408518
XCME.WY1.06AUG25.110:25.P,INVALID,.0156250,110.2500000,P,.0062493,,1039.2098818,926.1525318
XCME.WY1.06AUG25.111:75.P,.0781250,.0937500,111.7500000,P,.0865607,614.2188230,663.2739389,639.0343777
XCME.WY1.06AUG25.112:75.P,.5781250,.6093750,112.7500000,P,.5813045,680.9263585,766.4970767,724.1420551
