Key,BID,ASK,STRIKE,ITYPE,ADJTHEOR,IVBID,IVASK,IVAVERAGE
XCME.ZN.SEP25,112.2343750,112.2500000,INVALID,F,,,,
XCME.GY1.05AUG25.112:25.P,.2187500,.2500000,112.2500000,P,.2392190,633.0605077,722.7833604,677.9219869
XCME.GY1.05AUG25.113.C,.0468750,.0781250,113,C,.0594339,776.8490319,925.7478606,854.5698074
XCME.GY1.05AUG25.111.P,INVALID,.0156250,111,P,.0087613,,869.0995836,763.9120817
XCME.GY1.05AUG25.112.C,.3593750,.3906250,112,C,.3804393,599.1663622,746.9841937,673.8370798
XCME.GY1.05AUG25.111:25.P,.0069999,.0312500,111.2500000,P,.0137297,622.1652465,856.4911105,760.7482352
XCME.GY1.05AUG25.110:25.P,INVALID,.0156250,110.2500000,P,.0077128,,1270.6405127,1131.8626856
