Key,BID,ASK,STRIKE,ITYPE,ADJTHEOR,IVBID,IVASK,IVAVERAGE
XCME.ZN.SEP25,112.3125000,112.3281250,INVALID,F,,,,
XCME.VY1.04AUG25.110.C,2.2968750,2.3281250,110,C,2.3159856,,,1921.7735530
XCME.VY1.04AUG25.110:75.C,1.5468750,1.5781250,110.7500000,C,1.5661190,,1464.0335071,1388.4079294
XCME.VY1.04AUG25.110.P,INVALID,.0069999,110,P,.0034856,,1773.6014463,1613.7777954
XCME.VY1.04AUG25.111:25.C,1.0468750,1.0781250,111.2500000,C,1.0684096,,1076.2015833,1015.6001995
XCME.VY1.04AUG25.113.P,.7031250,.7343750,113,P,.7193887,768.3892843,1039.9628486,919.4817161
XCME.VY1.04AUG25.113.C,.0156250,.0468750,113,C,.0318887,768.3892843,1039.9628486,919.4817161
