Key,BID,ASK,STRIKE,ITYPE,ADJTHEOR,IVBID,IVASK,IVAVERAGE
XCME.ZN.SEP25,112.2343750,112.2500000,INVALID,F,,,,
XCME.WY1.06AUG25.113.C,.0625000,.0781250,113,C,.0715844,697.3232238,754.9412072,726.6692608
XCME.WY1.06AUG25.110.P,INVALID,.0156250,110,P,.0054974,,1116.5255223,997.3615483
XCME.WY1.06AUG25.110:75.P,.0069999,.0156250,110.7500000,P,.0119494,694.0272224,799.7900333,753.0600934
XCME.WY1.06AUG25.112:25.P,.2656250,.2968750,112.2500000,P,.2875158,595.2053725,667.2740180,631.2401887
XCME.WY1.06AUG25.111:25.C,1,1.0312500,111.2500000,C,1.0161134,569.3476266,754.5616648,673.8665694
XCME.WY1.06AUG25.110:5.P,.0069999,.0156250,110.5000000,P,.0085503,791.2244767,907.3610566,856.2315658
XCME.WY1.06AUG25.110:25.C,1.9843750,2.0156250,110.2500000,C,1.9918250,,1154.2033453,1047.1861143
