Key,BID,ASK,STRIKE,ITYPE,ADJTHEOR,IVBID,IVASK,IVAVERAGE
XCME.ZN.SEP25,112.2031250,112.2187500,INVALID,F,,,,
XCME.ZN1.01AUG25.111:25.P,INVALID,.0069999,111.2500000,P,0,,,
XCME.ZN1.01AUG25.112:5.P,.2656250,.2968750,112.5000000,P,.2935477,,1320.9817840,1015.1266197
XCME.ZN1.01AUG25.110.C,2.2031250,2.2343750,110,C,2.2066250,,,
XCME.ZN1.01AUG25.112.P,INVALID,.0069999,112,P,.0018543,,768.5874379,650.2287325
XCME.ZN1.01AUG25.112:25.C,.0156250,.0312500,112.2500000,C,.0252732,403.1101852,612.1937554,509.5081891
XCME.ZN1.01AUG25.111:25.C,.9531250,.9843750,111.2500000,C,.9566247,,,
XCME.ZN1.01AUG25.111:75.C,.4531250,.4843750,111.7500000,C,.4566143,,1599.9655458,1461.7934674
