Key,BID,ASK,STRIKE,ITYPE,ADJTHEOR,IVBID,IVASK,IVAVERAGE
XCME.ZN.SEP25,112.2812500,112.2968750,INVALID,F,,,,
XCME.WY1.06AUG25.112:5.P,.3906250,.4218750,112.5000000,P,.4067213,615.8705649,691.4337796,653.7561302
XCME.WY1.06AUG25.111:5.C,.8125000,.8437500,111.5000000,C,.8275753,572.1973246,707.9608060,644.5899502
XCME.WY1.06AUG25.110:25.P,INVALID,.0156250,110.2500000,P,.0012281,,1032.4520223,920.0253000
XCME.WY1.06AUG25.111:75.P,.0781250,.0937500,111.7500000,P,.0860379,605.4362366,654.1286385,630.0677769
XCME.WY1.06AUG25.112:75.P,.5781250,.6093750,112.7500000,P,.5904583,655.9727825,743.1369722,700.0726658
XCME.WY1.06AUG25.110:5.C,1.7812500,1.8125000,110.5000000,C,1.7837289,264.0461400,1066.4911029,967.5004877
