Key,BID,ASK,STRIKE,ITYPE,ADJTHEOR,IVBID,IVASK,IVAVERAGE
XCME.ZN.SEP25,112.2031250,112.2187500,INVALID,F,,,,
XCME.VY1.04AUG25.112.C,.2656250,.2812500,112,C,.2813302,538.6758354,612.8844937,576.1881726
XCME.VY1.04AUG25.112:75.C,.0156250,.0312500,112.7500000,C,.0247124,628.2921453,762.9775202,700.5808265
XCME.VY1.04AUG25.110:25.C,1.9531250,1.9687500,110.2500000,C,1.9644141,,1548.8436367,1401.1400667
XCME.WY1.06AUG25.110.C,2.2031250,2.2343750,110,C,2.2195555,,1156.0465353,995.4307437
XCME.WY1.06AUG25.113.P,.8281250,.8593750,113,P,.8407144,625.2754701,750.2217507,690.8511679
XCME.WY1.06AUG25.112:75.C,.0781250,.0937500,112.7500000,C,.0888351,606.6328966,655.3889467,631.2985400
XCME.WY1.06AUG25.112.C,.3593750,.3906250,112,C,.3756161,545.1090166,583.3292935,564.2586327
