Key,BID,ASK,STRIKE,ITYPE,ADJTHEOR,IVBID,IVASK,IVAVERAGE
XCME.ZN.SEP25,112.2031250,112.2187500,INVALID,F,,,,
XCME.VY1.04AUG25.110.C,2.1875000,2.2187500,110,C,2.2067841,,1903.6001700,1540.7376022
XCME.VY1.04AUG25.110:75.C,1.4375000,1.4687500,110.7500000,C,1.4559943,,1355.6638908,1076.2389049
XCME.VY1.04AUG25.110.P,INVALID,.0069999,110,P,.0036591,,1671.6573978,1518.5545078
XCME.VY1.04AUG25.111:25.C,.9375000,.9687500,111.2500000,C,.9577925,,965.1669035,745.1942903
XCME.VY1.04AUG25.113.P,.7968750,.8281250,113,P,.8078817,280.4447595,997.5504317,882.8381684
XCME.VY1.04AUG25.113.C,.0069999,.0156250,113,C,.0110067,708.7682853,837.4548409,779.9330807
XCME.VY1.04AUG25.112:25.P,.1718750,.1875000,112.2500000,P,.1741257,585.5291649,648.1146534,616.8334345
