Key,BID,ASK,STRIKE,ITYPE,ADJTHEOR,IVBID,IVASK,IVAVERAGE
XCME.ZN.SEP25,112.2812500,112.2968750,INVALID,F,,,,
XCME.ZN1.01AUG25.111:5.C,.7500000,.7812500,111.5000000,C,.7890624,,,
XCME.ZN1.01AUG25.113.P,.7187500,.7500000,113,P,.7109374,,,
XCME.ZN1.01AUG25.112:25.P,.0156250,.0312500,112.2500000,P,.0221463,466.9219890,718.4303465,594.7234494
XCME.ZN1.01AUG25.111.C,1.2500000,1.2812500,111,C,1.2890624,,,
XCME.ZN1.01AUG25.112.C,.2500000,.2812500,112,C,.2892016,,,
XCME.GY1.05AUG25.110.P,INVALID,.0069999,110,P,.0046309,,1225.4112581,1114.4730280
XCME.GY1.05AUG25.110:5.C,1.7812500,1.8125000,110.5000000,C,1.7789072,1009.8620029,1375.8263636,1270.6842805
