Key,BID,ASK,STRIKE,ITYPE,ADJTHEOR,IVBID,IVASK,IVAVERAGE
XCME.ZN.SEP25,112.3125000,112.3281250,INVALID,F,,,,
XCME.VY1.04AUG25.111.P,INVALID,.0069999,111,P,.0042382,,1100.8697594,990.4396807
XCME.VY1.04AUG25.110:75.P,INVALID,.0069999,110.7500000,P,.0036192,,1273.4197629,1149.6609981
XCME.VY1.04AUG25.112.P,.0468750,.0625000,112,P,.0593494,628.2059936,712.3538145,671.0303031
XCME.VY1.04AUG25.111:5.C,.7968750,.8437500,111.5000000,C,.8233595,,1031.0969378,913.6176571
XCME.VY1.04AUG25.112:25.C,.1875000,.2187500,112.2500000,C,.2055800,624.2244200,752.0809588,688.2173038
XCME.VY1.04AUG25.110:5.P,INVALID,.0069999,110.5000000,P,.0034324,,1442.6702518,1306.6439739
XCME.VY1.04AUG25.112:5.P,.2812500,.3125000,112.5000000,P,.2924754,693.7277504,830.7015992,762.7050797
