Key,BID,ASK,STRIKE,ITYPE,ADJTHEOR,IVBID,IVASK,IVAVERAGE
XCME.ZN.SEP25,111.1875000,111.2031250,INVALID,F,,,,
XCME.ZN1.01AUG25.112:25.C,.0069999,.0156250,112.2500000,C,.0012062,832.9728803,971.3774047,909.8326141
