Key,BID,ASK,STRIKE,ITYPE,ADJTHEOR,IVBID,IVASK,IVAVERAGE
XCME.ZN.SEP25,111.1875000,111.2031250,INVALID,F,,,,
XCME.ZN1.01AUG25.113.P,1.7968750,1.8281250,113,P,1.8083056,,1428.6418124,1221.4658536
XCME.ZN1.01AUG25.112.C,.0156250,.0312500,112,C,.0092611,715.8904099,851.7303360,789.3314675
