Key,BID,ASK,STRIKE,ITYPE,ADJTHEOR,IVBID,IVASK,IVAVERAGE
XCME.ZN.SEP25,111.1250000,111.1406250,INVALID,F,,,,
XCME.ZN1.01AUG25.110:25.P,.0156250,.0468750,110.2500000,P,.0065674,731.0231186,970.2692246,865.0790587
