Key,BID,ASK,STRIKE,ITYPE,ADJTHEOR,IVBID,IVASK,IVAVERAGE
XCME.ZN.SEP25,111.0781250,111.0937500,INVALID,F,,,,
XCME.ZN1.01AUG25.110.P,INVALID,.0156250,110,P,.0005087,,1015.4729266,888.7666378
XCME.ZN1.01AUG25.110:75.P,.0937500,.1250000,110.7500000,P,.0530106,838.9127958,976.0947582,908.3202923
