Key,BID,ASK,STRIKE,ITYPE,ADJTHEOR,IVBID,IVASK,IVAVERAGE
XCME.ZN.SEP25,111.0781250,111.0937500,INVALID,F,,,,
XCME.ZN1.01AUG25.111:25.P,.3593750,.3750000,111.2500000,P,.2974738,866.2036454,917.8546152,892.0498053
XCME.ZN1.01AUG25.112:5.P,1.4062500,1.4375000,112.5000000,P,1.4146941,,1166.3521463,1016.5169102
