Key,BID,ASK,STRIKE,ITYPE,ADJTHEOR,IVBID,IVASK,IVAVERAGE
XCME.ZN.SEP25,111.1093750,111.1250000,INVALID,F,,,,
XCME.ZN1.01AUG25.113.C,INVALID,.0156250,113,C,.0003716,,1259.6338584,1120.6461663
XCME.ZN1.01AUG25.110:75.C,.4843750,.5156250,110.7500000,C,.4464581,780.5018740,887.9276069,834.6937867
XCME.ZN1.01AUG25.110:5.C,.6718750,.7031250,110.5000000,C,.6478523,754.3302071,894.1596898,826.6284072
