Key,BID,ASK,STRIKE,ITYPE,ADJTHEOR,IVBID,IVASK,IVAVERAGE
XCME.ZN.SEP25,111.1250000,111.1406250,INVALID,F,,,,
XCME.ZN1.01AUG25.113.P,1.8593750,1.8906250,113,P,1.8638763,,1257.5252352,1174.0814268
XCME.ZN1.01AUG25.112.C,.0156250,.0312500,112,C,.0087348,720.8961402,853.2473744,792.4625714
