Key,BID,ASK,STRIKE,ITYPE,ADJTHEOR,IVBID,IVASK,IVAVERAGE
XCME.ZN.SEP25,111.1406250,111.1562500,INVALID,F,,,,
XCME.ZN1.01AUG25.111:5.P,.4531250,.4687500,111.5000000,P,.4051016,879.2031602,947.3866598,913.5039413
