Key,BID,ASK,STRIKE,ITYPE,ADJTHEOR,IVBID,IVASK,IVAVERAGE
XCME.ZN.SEP25,111.1562500,111.1718750,INVALID,F,,,,
XCME.ZN1.01AUG25.113.C,INVALID,.0069999,113,C,.0002761,,1120.3356381,1014.1926567
XCME.ZN1.01AUG25.110:75.C,.5156250,.5468750,110.7500000,C,.4727558,810.6501747,925.9101327,868.9366867
