Key,BID,ASK,STRIKE,ITYPE,ADJTHEOR,IVBID,IVASK,IVAVERAGE
XCME.ZN.SEP25,111.2343750,111.2500000,INVALID,F,,,,
XCME.ZN1.01AUG25.111.C,.3750000,.4062500,111,C,.3256930,846.6513639,966.6050976,906.9088994
XCME.ZN1.01AUG25.111:25.P,.2500000,.2812500,111.2500000,P,.1902566,873.6195954,985.3863941,929.5035247
