Key,BID,ASK,STRIKE,ITYPE,ADJTHEOR,IVBID,IVASK,IVAVERAGE
XCME.ZN.SEP25,111.2031250,111.2187500,INVALID,F,,,,
XCME.ZN1.01AUG25.111:5.C,.1250000,.1406250,111.5000000,C,.0752047,859.3357315,920.3875640,889.9744614
XCME.ZN1.01AUG25.111.C,.3593750,.3906250,111,C,.3055790,855.3168913,970.3786505,913.0252217
