Key,BID,ASK,STRIKE,ITYPE,ADJTHEOR,IVBID,IVASK,IVAVERAGE
XCME.ZN.SEP25,111.1562500,111.1718750,INVALID,F,,,,
XCME.ZN1.01AUG25.113.P,1.8281250,1.8593750,113,P,1.8360388,,1506.6125165,1323.6883722
XCME.ZN1.01AUG25.112.C,.0156250,.0312500,112,C,.0075243,743.3483370,882.0188607,818.3187313
