Key,BID,ASK,STRIKE,ITYPE,ADJTHEOR,IVBID,IVASK,IVAVERAGE
XCME.ZN.SEP25,111.0781250,111.0937500,INVALID,F,,,,
XCME.ZN1.01AUG25.110.C,1.0937500,1.1250000,110,C,1.0992304,,1049.8954548,924.0564626
XCME.ZN1.01AUG25.111:25.C,.1718750,.2031250,111.2500000,C,.1268446,819.3740011,928.9941272,874.2807767
