Key,BID,ASK,STRIKE,ITYPE,ADJTHEOR,IVBID,IVASK,IVAVERAGE
XCME.ZN.SEP25,111.1562500,111.1718750,INVALID,F,,,,
XCME.ZN1.01AUG25.113.C,INVALID,.0069999,113,C,.0000984,,1219.9159498,1104.2363186
XCME.ZN1.01AUG25.110:75.C,.5000000,.5468750,110.7500000,C,.4672753,792.4195030,987.8052660,892.3048905
