Key,BID,ASK,STRIKE,ITYPE,ADJTHEOR,IVBID,IVASK,IVAVERAGE
XCME.ZN.SEP25,111.0937500,111.1093750,INVALID,F,,,,
XCME.ZN1.01AUG25.110:5.C,.6562500,.6875000,110.5000000,C,.6186491,864.8119812,1021.0053603,945.3568342
XCME.ZN1.01AUG25.112:25.P,1.1250000,1.1562500,112.2500000,P,1.1531085,,774.1773158,583.6391108
