Key,BID,ASK,STRIKE,ITYPE,ADJTHEOR,IVBID,IVASK,IVAVERAGE
XCME.ZN.SEP25,111.0468750,111.0625000,INVALID,F,,,,
XCME.ZN1.01AUG25.112:5.C,.0069999,.0156250,112.5000000,C,.0020825,819.7695127,944.6536989,889.4322138
XCME.ZN1.01AUG25.112:25.P,1.2031250,1.2187500,112.2500000,P,1.2077664,374.7818439,947.7676598,812.2579836
XCME.ZN1.01AUG25.111:5.C,.0937500,.1093750,111.5000000,C,.0746166,719.6118964,773.8005047,746.9276315
