Key,BID,ASK,STRIKE,ITYPE,ADJTHEOR,IVBID,IVASK,IVAVERAGE
XCME.ZN.SEP25,111.1562500,111.1718750,INVALID,F,,,,
XCME.ZN1.01AUG25.110.C,1.1718750,1.1875000,110,C,1.1691037,713.8947963,943.2566186,851.9498315
XCME.ZN1.01AUG25.111:25.C,.2187500,.2500000,111.2500000,C,.1723478,806.8524147,905.3411051,856.1172938
