Key,BID,ASK,STRIKE,ITYPE,ADJTHEOR,IVBID,IVASK,IVAVERAGE
XCME.ZN.SEP25,111.2031250,111.2187500,INVALID,F,,,,
XCME.ZN1.01AUG25.110.C,1.2031250,1.2343750,110,C,1.2080570,,930.1373845,862.6848194
XCME.ZN1.01AUG25.111:25.C,.2343750,.2656250,111.2500000,C,.1755714,858.7226033,964.1285228,911.4315790
