Key,BID,ASK,STRIKE,ITYPE,ADJTHEOR,IVBID,IVASK,IVAVERAGE
XCME.ZN.SEP25,111.1875000,111.2031250,INVALID,F,,,,
XCME.ZN1.01AUG25.112:5.C,.0069999,.0156250,112.5000000,C,.0013904,839.9386337,972.3194501,913.7161272
XCME.ZN1.01AUG25.111:5.P,.4375000,.4531250,111.5000000,P,.3943177,809.2565539,916.3425831,863.1138480
