Key,BID,ASK,STRIKE,ITYPE,ADJTHEOR,IVBID,IVASK,IVAVERAGE
XCME.ZN.SEP25,111.1093750,111.1250000,INVALID,F,,,,
XCME.ZN1.01AUG25.111:5.C,.1093750,.1250000,111.5000000,C,.0573794,879.2527005,942.5861339,911.1026369
XCME.ZN1.01AUG25.111.C,.3125000,.3437500,111,C,.2572045,851.7445160,961.1122601,906.4837456
