Key,BID,ASK,STRIKE,ITYPE,ADJTHEOR,IVBID,IVASK,IVAVERAGE
XCME.ZN.SEP25,111.1562500,111.1718750,INVALID,F,,,,
XCME.ZN1.01AUG25.110.C,1.1562500,1.1875000,110,C,1.1684193,764.7218978,1010.3526454,912.5226002
XCME.ZN1.01AUG25.111:25.C,.2187500,.2500000,111.2500000,C,.1585192,917.0014375,969.7258265,943.3686679
