Key,BID,ASK,STRIKE,ITYPE,ADJTHEOR,IVBID,IVASK,IVAVERAGE
XCME.ZN.SEP25,111.0937500,111.1093750,INVALID,F,,,,
XCME.ZN1.01AUG25.110:5.C,.6562500,.6875000,110.5000000,C,.6137801,871.0079639,1016.4608713,945.6584928
XCME.ZN1.01AUG25.112:25.P,1.1562500,1.1718750,112.2500000,P,1.1620499,,885.2768812,729.5185632
