Key,BID,ASK,STRIKE,ITYPE,ADJTHEOR,IVBID,IVASK,IVAVERAGE
XCME.ZN.SEP25,111.0937500,111.1093750,INVALID,F,,,,
XCME.ZN1.01AUG25.112:5.C,INVALID,.0069999,112.5000000,C,.0001057,,1083.7005373,976.4212333
XCME.ZN1.01AUG25.112.C,.0069999,.0156250,112,C,.0024634,753.6259097,882.2687966,824.8225048
