Key,BID,ASK,STRIKE,ITYPE,ADJTHEOR,IVBID,IVASK,IVAVERAGE
XCME.ZN.SEP25,111.1562500,111.1718750,INVALID,F,,,,
XCME.ZN1.01AUG25.110:5.C,.7187500,.7500000,110.5000000,C,.6894493,802.9391795,954.3905139,881.5450775
XCME.ZN1.01AUG25.112:25.P,1.0781250,1.1093750,112.2500000,P,1.0861075,,945.7920644,832.0834067
