Key,BID,ASK,STRIKE,ITYPE,ADJTHEOR,IVBID,IVASK,IVAVERAGE
XCME.ZN.SEP25,111.0156250,111.0312500,INVALID,F,,,,
XCME.WY5.30JUL25.111.P,INVALID,.0156250,111,P,.0043781,,1117.6523779,740.0215994
XCME.ZN1.01AUG25.110:75.P,.1562500,.1718750,110.7500000,P,.1249298,743.4206683,835.7636645,789.7833477
XCME.ZN1.01AUG25.110:25.P,.0312500,.0625000,110.2500000,P,.0227625,759.7496969,835.2918080,798.5224952
