Key,BID,ASK,STRIKE,ITYPE,ADJTHEOR,IVBID,IVASK,IVAVERAGE
XCME.ZN.SEP25,111.1875000,111.2031250,INVALID,F,,,,
XCME.ZN1.01AUG25.113.P,1.7968750,1.8281250,113,P,1.8082866,,1447.3051441,1237.4316293
XCME.ZN1.01AUG25.112.C,.0156250,.0312500,112,C,.0086783,725.2420112,862.8527403,799.6369925
