Key,BID,ASK,STRIKE,ITYPE,ADJTHEOR,IVBID,IVASK,IVAVERAGE
XCME.ZN.SEP25,111.2187500,111.2343750,INVALID,F,,,,
XCME.ZN1.01AUG25.110:5.C,.7500000,.7656250,110.5000000,C,.7313484,662.3746079,935.6003777,818.4183777
XCME.ZN1.01AUG25.111:75.C,.0468750,.0781250,111.7500000,C,.0256944,785.0762666,872.7061585,829.8814846
