Key,BID,ASK,STRIKE,ITYPE,ADJTHEOR,IVBID,IVASK,IVAVERAGE
XCME.ZN.SEP25,111,111.0156250,INVALID,F,,,,
XCME.ZN1.01AUG25.111.P,.2656250,.2968750,111,P,.2374686,737.2312440,823.2693002,780.2503160
XCME.ZN1.01AUG25.113.C,INVALID,.0069999,113,C,.0007488,,1063.9648498,964.8541119
XCME.ZN1.01AUG25.112.C,.0156250,.0312500,112,C,.0106447,694.5996197,817.2510601,761.0707084
