Key,BID,ASK,STRIKE,ITYPE,ADJTHEOR,IVBID,IVASK,IVAVERAGE
XCME.ZN.SEP25,111.1093750,111.1250000,INVALID,F,,,,
XCME.ZN1.01AUG25.113.P,1.8593750,1.8906250,113,P,1.8795979,,1219.7459253,1138.9541282
XCME.ZN1.01AUG25.112.C,.0156250,.0312500,112,C,.0098171,704.4391021,832.8218691,773.8597193
