Key,BID,ASK,STRIKE,ITYPE,ADJTHEOR,IVBID,IVASK,IVAVERAGE
XCME.ZN.SEP25,111.1093750,111.1250000,INVALID,F,,,,
XCME.ZN1.01AUG25.113.C,INVALID,.0156250,113,C,.0002984,,1281.9389379,1140.1865847
XCME.ZN1.01AUG25.110:75.C,.5000000,.5156250,110.7500000,C,.4564242,750.3891769,864.4540371,808.1168642
