Key,BID,ASK,STRIKE,ITYPE,ADJTHEOR,IVBID,IVASK,IVAVERAGE
XCME.ZN.SEP25,111.0156250,111.0312500,INVALID,F,,,,
XCME.ZN1.01AUG25.111.C,.2812500,.3125000,111,C,.2458937,756.5185317,842.3233843,799.4212435
XCME.ZN1.01AUG25.113.P,1.9687500,2,113,P,1.9894387,,1141.9365011,
XCME.ZN1.01AUG25.110.C,1.0312500,1.0468750,110,C,1.0192062,740.4145002,853.2016327,800.6269371
