Key,BID,ASK,STRIKE,ITYPE,ADJTHEOR,IVBID,IVASK,IVAVERAGE
XCME.ZN.SEP25,111.2187500,111.2343750,INVALID,F,,,,
XCME.ZN1.01AUG25.111:25.C,.2187500,.2500000,111.2500000,C,.1693484,840.6200130,897.7026739,869.1620815
