Key,BID,ASK,STRIKE,ITYPE,ADJTHEOR,IVBID,IVASK,IVAVERAGE
XCME.ZN.SEP25,111.2187500,111.2343750,INVALID,F,,,,
XCME.ZN1.01AUG25.111:25.P,.2656250,.2812500,111.2500000,P,.2023351,875.0537121,928.1176673,901.5859084
XCME.ZN1.01AUG25.112:5.P,1.2656250,1.2968750,112.5000000,P,1.2663747,407.9803069,1206.8034499,1084.9200742
