Key,BID,ASK,STRIKE,ITYPE,ADJTHEOR,IVBID,IVASK,IVAVERAGE
XCME.ZN.SEP25,111.1718750,111.1875000,INVALID,F,,,,
XCME.ZN1.01AUG25.113.C,INVALID,.0069999,113,C,.0000653,,1245.7310112,1127.4312780
XCME.ZN1.01AUG25.110:75.C,.5156250,.5468750,110.7500000,C,.4824029,806.6157940,947.3360747,878.3850098
