Key,BID,ASK,STRIKE,ITYPE,ADJTHEOR,IVBID,IVASK,IVAVERAGE
XCME.ZN.SEP25,111.0781250,111.0937500,INVALID,F,,,,
XCME.ZN1.01AUG25.111.P,.1875000,.2031250,111,P,.1424799,828.3813503,887.4247992,857.9106713
XCME.ZN1.01AUG25.110:75.C,.4375000,.4531250,110.7500000,C,.3775710,917.7903521,984.3342589,951.2115507
