Key,BID,ASK,STRIKE,ITYPE,ADJTHEOR,IVBID,IVASK,IVAVERAGE
XCME.ZN.SEP25,111.1406250,111.1562500,INVALID,F,,,,
XCME.ZN1.01AUG25.110:5.C,.6718750,.7031250,110.5000000,C,.6596015,727.9575827,923.7660987,832.6674998
XCME.ZN1.01AUG25.112:25.P,1.1093750,1.1406250,112.2500000,P,1.1072734,,994.7065354,947.5479247
