Key,BID,ASK,STRIKE,ITYPE,ADJTHEOR,IVBID,IVASK,IVAVERAGE
XCME.ZN.SEP25,111.1562500,111.1718750,INVALID,F,,,,
XCME.ZN1.01AUG25.110.C,1.1562500,1.1875000,110,C,1.1684543,761.3818238,1005.9103903,908.4964770
XCME.ZN1.01AUG25.111:25.C,.2187500,.2500000,111.2500000,C,.1593787,860.4266245,965.4549556,912.9627475
