Key,BID,ASK,STRIKE,ITYPE,ADJTHEOR,IVBID,IVASK,IVAVERAGE
XCME.ZN.SEP25,111.1875000,111.2031250,INVALID,F,,,,
XCME.ZN1.01AUG25.112:25.P,1.0625000,1.0937500,112.2500000,P,1.0637837,413.7551833,1131.1243206,963.7356319
XCME.ZN1.01AUG25.113.P,1.8125000,1.8281250,113,P,1.8125381,381.8752842,1480.8006885,1315.4523429
