Key,BID,ASK,STRIKE,ITYPE,ADJTHEOR,IVBID,IVASK,IVAVERAGE
XCME.ZN.SEP25,111.0781250,111.0937500,INVALID,F,,,,
XCME.ZN1.01AUG25.111:75.C,.0468750,.0625000,111.7500000,C,.0177693,844.5518787,931.2280535,888.9794861
XCME.ZN1.01AUG25.111.P,.2343750,.2500000,111,P,.1673483,881.5383735,933.4780205,907.5117358
