Key,BID,ASK,STRIKE,ITYPE,ADJTHEOR,IVBID,IVASK,IVAVERAGE
XCME.ZN.SEP25,111,111.0156250,INVALID,F,,,,
XCME.ZN1.01AUG25.111:25.P,.4218750,.4375000,111.2500000,P,.3775325,787.5802469,832.7717982,810.2089647
XCME.ZN1.01AUG25.112:5.P,1.4843750,1.5156250,112.5000000,P,1.4907928,,1068.3800548,949.5770360
XCME.ZN1.01AUG25.111:5.P,.5937500,.6093750,111.5000000,P,.5567408,783.1653224,836.5410069,810.0448863
