Key,BID,ASK,STRIKE,ITYPE,ADJTHEOR,IVBID,IVASK,IVAVERAGE
XCME.ZN.SEP25,111.1875000,111.2031250,INVALID,F,,,,
XCME.ZN1.01AUG25.113.C,INVALID,.0069999,113,C,.0001154,,1201.3673787,1087.1335148
XCME.ZN1.01AUG25.110:75.C,.5312500,.5625000,110.7500000,C,.4868703,847.0534406,977.9991448,913.5318581
