Key,BID,ASK,STRIKE,ITYPE,ADJTHEOR,IVBID,IVASK,IVAVERAGE
XCME.ZN.SEP25,111.0625000,111.0781250,INVALID,F,,,,
XCME.ZN1.01AUG25.111.P,.1875000,.2187500,111,P,.1401194,838.9904740,957.7551310,898.4028518
XCME.ZN1.01AUG25.110:75.C,.4218750,.4375000,110.7500000,C,.3797491,843.5348390,912.2905602,878.1179231
