Key,BID,ASK,STRIKE,ITYPE,ADJTHEOR,IVBID,IVASK,IVAVERAGE
XCME.ZN.SEP25,111.1875000,111.2031250,INVALID,F,,,,
XCME.ZN1.01AUG25.111:75.C,.0625000,.0781250,111.7500000,C,.0380498,769.1994938,839.7117880,805.0189130
XCME.ZN1.01AUG25.111.P,.1875000,.2031250,111,P,.1242858,862.1751483,913.0165714,887.6242157
