Key,BID,ASK,STRIKE,ITYPE,ADJTHEOR,IVBID,IVASK,IVAVERAGE
XCME.ZN.SEP25,111.2031250,111.2187500,INVALID,F,,,,
XCME.ZN1.01AUG25.110:5.P,.0312500,.0625000,110.5000000,P,.0134583,783.6397615,976.5922169,886.3918543
