Key,BID,ASK,STRIKE,ITYPE,ADJTHEOR,IVBID,IVASK,IVAVERAGE
XCME.ZN.SEP25,111.1562500,111.1718750,INVALID,F,,,,
XCME.ZN1.01AUG25.112:75.C,INVALID,.0069999,112.7500000,C,.0004786,,998.9833278,901.6928310
XCME.ZN1.01AUG25.110:25.C,.9375000,.9687500,110.2500000,C,.9274131,749.4721499,990.4757527,884.5798580
