Key,BID,ASK,STRIKE,ITYPE,ADJTHEOR,IVBID,IVASK,IVAVERAGE
XCME.ZN.SEP25,111.1093750,111.1250000,INVALID,F,,,,
XCME.ZN1.01AUG25.111:75.C,.0468750,.0625000,111.7500000,C,.0196346,830.8372356,918.5019460,875.7395284
XCME.ZN1.01AUG25.111.P,.1875000,.2187500,111,P,.1365170,836.6139269,946.0447887,891.3875485
