Key,BID,ASK,STRIKE,ITYPE,ADJTHEOR,IVBID,IVASK,IVAVERAGE
XCME.ZN.SEP25,111.1718750,111.1875000,INVALID,F,,,,
XCME.ZN1.01AUG25.113.P,1.8125000,1.8437500,113,P,1.8438649,,1370.0916227,1099.5007588
XCME.ZN1.01AUG25.112.C,.0156250,.0312500,112,C,.0077514,727.3762633,863.9204049,801.2056236
