Key,BID,ASK,STRIKE,ITYPE,ADJTHEOR,IVBID,IVASK,IVAVERAGE
XCME.ZN.SEP25,111.1718750,111.1875000,INVALID,F,,,,
XCME.ZN1.01AUG25.112:75.P,1.5625000,1.5937500,112.7500000,P,1.5595121,891.8772380,1347.2543395,1229.5455485
