Key,BID,ASK,STRIKE,ITYPE,ADJTHEOR,IVBID,IVASK,IVAVERAGE
XCME.ZN.SEP25,111.1718750,111.1875000,INVALID,F,,,,
XCME.ZN1.01AUG25.110:25.C,.9218750,.9531250,110.2500000,C,.9279543,,1005.5994874,880.5881212
XCME.ZN1.01AUG25.112:75.C,INVALID,.0069999,112.7500000,C,.0000692,,1172.5198240,1057.9220147
