Key,BID,ASK,STRIKE,ITYPE,ADJTHEOR,IVBID,IVASK,IVAVERAGE
XCME.ZN.SEP25,111.1718750,111.1875000,INVALID,F,,,,
XCME.ZN1.01AUG25.113.P,1.7968750,1.8281250,113,P,1.8092562,,1328.5888634,1126.3794057
XCME.ZN1.01AUG25.112.C,.0312500,.0468750,112,C,.0125867,798.8486237,899.2037364,851.1305350
