Key,BID,ASK,STRIKE,ITYPE,ADJTHEOR,IVBID,IVASK,IVAVERAGE
XCME.ZN.SEP25,111.1718750,111.1875000,INVALID,F,,,,
XCME.ZN1.01AUG25.113.C,INVALID,.0069999,113,C,.0000344,,1311.5715304,1186.8814762
XCME.ZN1.01AUG25.111:5.C,.1093750,.1250000,111.5000000,C,.0642102,855.4215378,921.1540080,888.4452862
