Key,BID,ASK,STRIKE,ITYPE,ADJTHEOR,IVBID,IVASK,IVAVERAGE
XCME.ZN.SEP25,111.1562500,111.1718750,INVALID,F,,,,
XCME.ZN1.01AUG25.113.C,INVALID,.0069999,113,C,.0002057,,1147.8839446,1039.1794452
XCME.ZN1.01AUG25.110:75.C,.5156250,.5312500,110.7500000,C,.4666363,839.1467376,898.3499786,868.9257813
