Key,BID,ASK,STRIKE,ITYPE,ADJTHEOR,IVBID,IVASK,IVAVERAGE
XCME.ZN.SEP25,111.1718750,111.1875000,INVALID,F,,,,
XCME.ZN1.01AUG25.111:75.C,.0625000,.0781250,111.7500000,C,.0335030,798.0918948,870.2447539,834.7550440
XCME.ZN1.01AUG25.111.P,.1875000,.2031250,111,P,.1304545,842.9154599,894.0306235,868.4978229
