Key,BID,ASK,STRIKE,ITYPE,ADJTHEOR,IVBID,IVASK,IVAVERAGE
XCME.ZN.SEP25,111.1406250,111.1562500,INVALID,F,,,,
XCME.ZN1.01AUG25.112:5.C,INVALID,.0156250,112.5000000,C,.0003912,,1119.6839821,986.7446002
XCME.ZN1.01AUG25.111:5.P,.4375000,.4687500,111.5000000,P,.4167213,746.4332829,876.9924241,812.6809146
