Key,BID,ASK,STRIKE,ITYPE,ADJTHEOR,IVBID,IVASK,IVAVERAGE
XCME.ZN.SEP25,111.1562500,111.1718750,INVALID,F,,,,
XCME.ZN1.01AUG25.111:5.C,.1093750,.1250000,111.5000000,C,.0619928,856.5075353,919.2718044,888.0638227
XCME.ZN1.01AUG25.111.C,.3281250,.3593750,111,C,.2689667,865.8397257,975.7875805,920.8860161
