Key,BID,ASK,STRIKE,ITYPE,ADJTHEOR,IVBID,IVASK,IVAVERAGE
XCME.ZN.SEP25,111.1875000,111.2031250,INVALID,F,,,,
XCME.ZN1.01AUG25.113.P,1.7968750,1.8281250,113,P,1.8169209,,1304.1299062,1216.8891295
XCME.ZN1.01AUG25.112.C,.0156250,.0312500,112,C,.0084022,729.0903181,866.5864611,803.4380784
