Key,BID,ASK,STRIKE,ITYPE,ADJTHEOR,IVBID,IVASK,IVAVERAGE
XCME.ZN.SEP25,111.1093750,111.1250000,INVALID,F,,,,
XCME.ZN1.01AUG25.110:25.C,.8906250,.9218750,110.2500000,C,.8765111,754.4679000,957.0524735,864.7260681
XCME.ZN1.01AUG25.110:25.P,.0156250,.0468750,110.2500000,P,.0093236,685.7365716,912.4359085,812.7550184
XCME.ZN1.01AUG25.112:75.P,1.6250000,1.6562500,112.7500000,P,1.6333777,,1232.9539977,1079.3016234
