Key,BID,ASK,STRIKE,ITYPE,ADJTHEOR,IVBID,IVASK,IVAVERAGE
XCME.ZN.SEP25,111.1093750,111.1250000,INVALID,F,,,,
XCME.ZN1.01AUG25.113.P,1.8750000,1.8906250,113,P,1.8829494,,1217.9853982,1101.4822074
XCME.ZN1.01AUG25.112.C,.0156250,.0312500,112,C,.0070944,748.3499844,884.5913004,822.0269199
