Key,BID,ASK,STRIKE,ITYPE,ADJTHEOR,IVBID,IVASK,IVAVERAGE
XCME.ZN.SEP25,111.2343750,111.2500000,INVALID,F,,,,
XCME.ZN1.01AUG25.110:5.C,.7343750,.7656250,110.5000000,C,.7462623,,831.2562664,719.7945972
XCME.ZN1.01AUG25.111:75.C,.0468750,.0625000,111.7500000,C,.0276724,769.9497574,856.7564656,814.3250044
