Key,BID,ASK,STRIKE,ITYPE,ADJTHEOR,IVBID,IVASK,IVAVERAGE
XCME.ZN.SEP25,111.1718750,111.1875000,INVALID,F,,,,
XCME.ZN1.01AUG25.110:5.C,.7031250,.7343750,110.5000000,C,.6942232,715.8285484,942.5321057,839.8084948
XCME.ZN1.01AUG25.111:75.C,.0468750,.0625000,111.7500000,C,.0222973,811.0813293,899.3731167,856.2565055
