Key,BID,ASK,STRIKE,ITYPE,ADJTHEOR,IVBID,IVASK,IVAVERAGE
XCME.ZN.SEP25,111.1562500,111.1718750,INVALID,F,,,,
XCME.ZN1.01AUG25.111.C,.3281250,.3437500,111,C,.2701677,877.9944292,996.3854602,937.3086649
XCME.ZN1.01AUG25.111:25.P,.2812500,.2968750,111.2500000,P,.2281516,858.0492214,916.0193047,887.0446015
