Key,BID,ASK,STRIKE,ITYPE,ADJTHEOR,IVBID,IVASK,IVAVERAGE
XCME.ZN.SEP25,111.1093750,111.1250000,INVALID,F,,,,
XCME.ZN1.01AUG25.112:75.P,1.6250000,1.6562500,112.7500000,P,1.6293597,,1315.7987611,1226.0998593
XCME.ZN1.01AUG25.111:75.P,.6562500,.6875000,111.7500000,P,.6434906,759.5741636,970.0898027,872.3130232
