Key,BID,ASK,STRIKE,ITYPE,ADJTHEOR,IVBID,IVASK,IVAVERAGE
XCME.ZN.SEP25,111.1875000,111.2031250,INVALID,F,,,,
XCME.ZN1.01AUG25.110:75.P,.0937500,.1093750,110.7500000,P,.0424726,861.9243641,927.5209240,894.9891527
