Key,BID,ASK,STRIKE,ITYPE,ADJTHEOR,IVBID,IVASK,IVAVERAGE
XCME.ZN.SEP25,110.9843750,111,INVALID,F,,,,
XCME.ZN1.01AUG25.112:5.C,.0069999,.0156250,112.5000000,C,.0020070,840.3387675,967.6025889,911.3979317
XCME.ZN1.01AUG25.112:25.P,1.2656250,1.2968750,112.2500000,P,1.2740617,,941.8774447,833.0218914
XCME.ZN1.01AUG25.111:5.C,.0937500,.1093750,111.5000000,C,.0620357,767.3683323,822.5890307,795.2258248
