Key,BID,ASK,STRIKE,ITYPE,ADJTHEOR,IVBID,IVASK,IVAVERAGE
XCME.ZN.SEP25,111.0937500,111.1093750,INVALID,F,,,,
XCME.ZN1.01AUG25.111:5.C,.0937500,.1093750,111.5000000,C,.0538084,831.5603952,896.6863357,864.3666494
XCME.ZN1.01AUG25.111.C,.3125000,.3281250,111,C,.2457012,834.6780586,942.4754601,888.6139147
