Key,BID,ASK,STRIKE,ITYPE,ADJTHEOR,IVBID,IVASK,IVAVERAGE
XCME.ZN.SEP25,111.1093750,111.1250000,INVALID,F,,,,
XCME.ZN1.01AUG25.113.C,INVALID,.0069999,113,C,.0001121,,1214.4204304,1100.0664463
XCME.ZN1.01AUG25.110:75.C,.4843750,.5156250,110.7500000,C,.4419104,822.0287786,944.5551378,883.9955630
