Key,BID,ASK,STRIKE,ITYPE,ADJTHEOR,IVBID,IVASK,IVAVERAGE
XCME.ZN.SEP25,111.1406250,111.1562500,INVALID,F,,,,
XCME.ZN1.01AUG25.112:5.C,INVALID,.0156250,112.5000000,C,.0004229,,1112.1789419,979.9056577
XCME.ZN1.01AUG25.111:5.P,.4531250,.4687500,111.5000000,P,.4080059,846.2441497,909.1342578,877.8572794
