Key,BID,ASK,STRIKE,ITYPE,ADJTHEOR,IVBID,IVASK,IVAVERAGE
XCME.ZN.SEP25,111.2031250,111.2187500,INVALID,F,,,,
XCME.ZN1.01AUG25.112:75.C,INVALID,.0069999,112.7500000,C,.0002419,,1046.7257859,944.0900692
XCME.ZN1.01AUG25.110:25.C,.9687500,1,110.2500000,C,.9517757,,879.4084654,734.1435974
