Key,BID,ASK,STRIKE,ITYPE,ADJTHEOR,IVBID,IVASK,IVAVERAGE
XCME.ZN.SEP25,111.0312500,111.0468750,INVALID,F,,,,
XCME.ZN1.01AUG25.111:5.C,.0937500,.1250000,111.5000000,C,.0710655,732.9802490,840.5488925,787.5633122
XCME.ZN1.01AUG25.111.C,.2968750,.3125000,111,C,.2539538,778.1070205,821.4180921,799.7631033
XCME.ZN1.01AUG25.113.P,1.9531250,1.9687500,113,P,1.9694632,,430.3168797,
