Key,BID,ASK,STRIKE,ITYPE,ADJTHEOR,IVBID,IVASK,IVAVERAGE
XCME.ZN.SEP25,111.1562500,111.1718750,INVALID,F,,,,
XCME.ZN1.01AUG25.113.P,1.8281250,1.8593750,113,P,1.8362206,,1384.0352467,1216.0052633
XCME.ZN1.01AUG25.112.C,.0156250,.0468750,112,C,.0115629,682.8724562,910.5932056,810.2610247
