Key,BID,ASK,STRIKE,ITYPE,ADJTHEOR,IVBID,IVASK,IVAVERAGE
XCME.ZN.SEP25,111.2343750,111.2500000,INVALID,F,,,,
XCME.ZN1.01AUG25.112:75.P,1.5156250,1.5468750,112.7500000,P,1.5157792,440.0231540,1437.5840792,1242.7233006
