Key,BID,ASK,STRIKE,ITYPE,ADJTHEOR,IVBID,IVASK,IVAVERAGE
XCME.ZN.SEP25,110.9687500,110.9843750,INVALID,F,,,,
XCME.ZN1.01AUG25.110:5.C,.5781250,.6093750,110.5000000,C,.5594263,748.5771616,854.6831806,802.3844487
XCME.ZN1.01AUG25.110:75.C,.4062500,.4375000,110.7500000,C,.3804685,755.8873787,845.7732061,800.9547375
XCME.ZN1.01AUG25.111.P,.2968750,.3125000,111,P,.2432114,785.1721382,827.9648924,806.5687213
XCME.ZN1.01AUG25.113.C,INVALID,.0069999,113,C,.0008068,,1068.8518301,969.1972208
