Key,BID,ASK,STRIKE,ITYPE,ADJTHEOR,IVBID,IVASK,IVAVERAGE
XCME.ZN.SEP25,111.2031250,111.2187500,INVALID,F,,,,
XCME.ZN1.01AUG25.113.C,INVALID,.0069999,113,C,.0000668,,1236.7114581,1119.2832554
XCME.ZN1.01AUG25.110:75.C,.5312500,.5625000,110.7500000,C,.4952737,823.0691138,895.4266504,859.6686842
