Key,BID,ASK,STRIKE,ITYPE,ADJTHEOR,IVBID,IVASK,IVAVERAGE
XCME.ZN.SEP25,111.2343750,111.2500000,INVALID,F,,,,
XCME.ZN1.01AUG25.110:25.P,.0069999,.0312500,110.2500000,P,.0022316,730.8159129,1003.2414935,891.4745655
