Key,BID,ASK,STRIKE,ITYPE,ADJTHEOR,IVBID,IVASK,IVAVERAGE
XCME.ZN.SEP25,111.1406250,111.1562500,INVALID,F,,,,
XCME.ZN1.01AUG25.110.C,1.1250000,1.1562500,110,C,1.1413939,975.3737088,1269.5896305,1141.1857066
XCME.ZN1.01AUG25.111:25.C,.2031250,.2187500,111.2500000,C,.1403189,882.4752621,937.5037951,910.0010201
