Key,BID,ASK,STRIKE,ITYPE,ADJTHEOR,IVBID,IVASK,IVAVERAGE
XCME.ZN.SEP25,111.1250000,111.1406250,INVALID,F,,,,
XCME.ZN1.01AUG25.111:75.C,.0468750,.0625000,111.7500000,C,.0214960,814.6674687,901.7134746,859.2319024
XCME.ZN1.01AUG25.111.P,.1875000,.2031250,111,P,.1236925,885.2783884,940.9419062,913.1319344
