Key,BID,ASK,STRIKE,ITYPE,ADJTHEOR,IVBID,IVASK,IVAVERAGE
XCME.ZN.SEP25,111.0625000,111.0781250,INVALID,F,,,,
XCME.ZN1.01AUG25.110.C,1.0781250,1.0937500,110,C,1.0757832,688.2932654,1052.0435158,914.7068314
XCME.ZN1.01AUG25.111:25.C,.1875000,.2031250,111.2500000,C,.1272969,863.2423133,915.5681662,889.4306261
