Key,BID,ASK,STRIKE,ITYPE,ADJTHEOR,IVBID,IVASK,IVAVERAGE
XCME.ZN.SEP25,111.2187500,111.2343750,INVALID,F,,,,
XCME.ZN1.01AUG25.110:5.C,.7500000,.7812500,110.5000000,C,.7352323,754.7154494,955.8598714,862.7870870
XCME.ZN1.01AUG25.112:25.P,1.0312500,1.0625000,112.2500000,P,1.0296763,688.4144448,1057.4366303,917.7765719
