Key,BID,ASK,STRIKE,ITYPE,ADJTHEOR,IVBID,IVASK,IVAVERAGE
XCME.ZN.SEP25,111.0625000,111.0781250,INVALID,F,,,,
XCME.ZN1.01AUG25.111:25.P,.3593750,.3750000,111.2500000,P,.3086939,831.1690612,883.5564448,857.3930774
XCME.ZN1.01AUG25.112:5.P,1.4218750,1.4531250,112.5000000,P,1.4337467,,1143.6684716,970.0347064
