Key,BID,ASK,STRIKE,ITYPE,ADJTHEOR,IVBID,IVASK,IVAVERAGE
XCME.ZN.SEP25,111.1562500,111.1718750,INVALID,F,,,,
XCME.ZN1.01AUG25.113.P,1.8593750,1.8750000,113,P,1.8551305,1170.4706008,1504.7352936,1373.6285704
XCME.ZN1.01AUG25.112.C,.0156250,.0312500,112,C,.0059354,774.5312341,917.5220680,851.8387390
