Key,BID,ASK,STRIKE,ITYPE,ADJTHEOR,IVBID,IVASK,IVAVERAGE
XCME.ZN.SEP25,111.2031250,111.2187500,INVALID,F,,,,
XCME.ZN1.01AUG25.112.P,.8125000,.8437500,112,P,.8020384,755.9355944,984.5934069,881.5558157
XCME.ZN1.01AUG25.112:25.C,.0069999,.0156250,112.2500000,C,.0023919,761.0127993,887.7654741,831.3693575
