Key,BID,ASK,STRIKE,ITYPE,ADJTHEOR,IVBID,IVASK,IVAVERAGE
XCME.ZN.SEP25,111.1250000,111.1406250,INVALID,F,,,,
XCME.ZN1.01AUG25.110:5.C,.6718750,.7031250,110.5000000,C,.6384281,854.6138132,1019.0604830,939.8764422
XCME.ZN1.01AUG25.112:25.P,1.1250000,1.1562500,112.2500000,P,1.1305604,,1088.1396938,959.1861590
