Key,BID,ASK,STRIKE,ITYPE,ADJTHEOR,IVBID,IVASK,IVAVERAGE
XCME.ZN.SEP25,111.1406250,111.1562500,INVALID,F,,,,
XCME.ZN1.01AUG25.110.C,1.1093750,1.1406250,110,C,1.1493564,,,
XCME.ZN1.01AUG25.111:25.C,.2031250,.2343750,111.2500000,C,.1486728,847.3205392,954.1987129,900.7965071
