Key,BID,ASK,STRIKE,ITYPE,ADJTHEOR,IVBID,IVASK,IVAVERAGE
XCME.ZN.SEP25,111.1562500,111.1718750,INVALID,F,,,,
XCME.ZN1.01AUG25.112:5.C,INVALID,.0069999,112.5000000,C,.0003138,,990.4554762,890.5079759
XCME.ZN1.01AUG25.112.C,.0156250,.0312500,112,C,.0054442,788.5728860,936.1117978,868.3265634
