Key,BID,ASK,STRIKE,ITYPE,ADJTHEOR,IVBID,IVASK,IVAVERAGE
XCME.ZN.SEP25,111.1718750,111.1875000,INVALID,F,,,,
XCME.ZN1.01AUG25.110.P,INVALID,.0156250,110,P,.0003031,,1062.9736914,933.3099354
XCME.ZN1.01AUG25.110:75.P,.0781250,.0937500,110.7500000,P,.0377013,852.6869439,926.6791767,890.0675767
