Key,BID,ASK,STRIKE,ITYPE,ADJTHEOR,IVBID,IVASK,IVAVERAGE
XCME.ZN.SEP25,111.1718750,111.1875000,INVALID,F,,,,
XCME.ZN1.01AUG25.112:75.P,1.5625000,1.5937500,112.7500000,P,1.5590862,1043.9050972,1576.6530086,1438.9014891
XCME.ZN1.01AUG25.111:75.P,.6093750,.6406250,111.7500000,P,.5800198,846.0230668,1016.7613840,934.4577927
