Key,BID,ASK,STRIKE,ITYPE,ADJTHEOR,IVBID,IVASK,IVAVERAGE
XCME.ZN.SEP25,111.2343750,111.2500000,INVALID,F,,,,
XCME.ZN1.01AUG25.111:75.C,.0625000,.0781250,111.7500000,C,.0310686,826.8502776,904.5804732,866.3189430
XCME.ZN1.01AUG25.111.P,.1406250,.1718750,111,P,.0893957,909.7627765,968.4407325,939.1604111
