Key,BID,ASK,STRIKE,ITYPE,ADJTHEOR,IVBID,IVASK,IVAVERAGE
XCME.ZN.SEP25,111.1562500,111.1718750,INVALID,F,,,,
XCME.ZN1.01AUG25.113.C,INVALID,.0069999,113,C,.0002313,,1136.8993395,1029.1927771
XCME.ZN1.01AUG25.110:75.C,.5156250,.5468750,110.7500000,C,.4711634,820.6332619,937.8186895,879.9020517
