Key,BID,ASK,STRIKE,ITYPE,ADJTHEOR,IVBID,IVASK,IVAVERAGE
XCME.ZN.SEP25,111.0781250,111.0937500,INVALID,F,,,,
XCME.ZN1.01AUG25.110:75.P,.1250000,.1406250,110.7500000,P,.0715471,856.7718988,973.4305732,915.5340261
