Key,BID,ASK,STRIKE,ITYPE,ADJTHEOR,IVBID,IVASK,IVAVERAGE
XCME.ZN.SEP25,111.1406250,111.1562500,INVALID,F,,,,
XCME.ZN1.01AUG25.110:25.P,.0156250,.0468750,110.2500000,P,.0070285,720.8115226,955.3290706,852.2049646
