Key,BID,ASK,STRIKE,ITYPE,ADJTHEOR,IVBID,IVASK,IVAVERAGE
XCME.ZN.SEP25,111.1250000,111.1406250,INVALID,F,,,,
XCME.ZN1.01AUG25.113.C,INVALID,.0069999,113,C,.0001943,,1161.0734853,1051.6855585
XCME.ZN1.01AUG25.110:75.C,.5000000,.5156250,110.7500000,C,.4484942,845.1861177,903.0858881,874.2838891
