Key,BID,ASK,STRIKE,ITYPE,ADJTHEOR,IVBID,IVASK,IVAVERAGE
XCME.ZN.SEP25,111.1562500,111.1718750,INVALID,F,,,,
XCME.ZN1.01AUG25.112:5.C,INVALID,.0069999,112.5000000,C,.0003143,,990.2430097,890.2728246
XCME.ZN1.01AUG25.112.C,.0156250,.0312500,112,C,.0053584,790.2996122,937.7274847,870.0122208
