Key,BID,ASK,STRIKE,ITYPE,ADJTHEOR,IVBID,IVASK,IVAVERAGE
XCME.ZN.SEP25,111,111.0156250,INVALID,F,,,,
XCME.ZN1.01AUG25.111:25.C,.1718750,.1875000,111.2500000,C,.1344453,769.5468591,815.6603513,792.6421380
XCME.ZN1.01AUG25.110:25.C,.7812500,.8125000,110.2500000,C,.7806768,718.7571787,799.3404378,760.3483365
XCME.ZN1.01AUG25.112:75.C,INVALID,.0069999,112.7500000,C,.0010293,,959.8462035,868.0896349
XCME.ZN1.01AUG25.111:75.C,.0312500,.0625000,111.7500000,C,.0268855,667.7117613,828.3167213,753.2484345
