Key,BID,ASK,STRIKE,ITYPE,ADJTHEOR,IVBID,IVASK,IVAVERAGE
XCME.ZN.SEP25,111,111.0156250,INVALID,F,,,,
XCME.ZN1.01AUG25.110:5.C,.5781250,.6093750,110.5000000,C,.5626672,695.1286143,810.0965016,753.8321281
XCME.ZN1.01AUG25.110:75.C,.4218750,.4375000,110.7500000,C,.3816179,724.5282174,817.6142854,771.2592427
XCME.ZN1.01AUG25.111.P,.2656250,.2968750,111,P,.2350683,788.3638504,831.8920392,810.1279515
XCME.ZN1.01AUG25.113.C,INVALID,.0069999,113,C,.0006600,,1076.9652224,976.5790615
