Key,BID,ASK,STRIKE,ITYPE,ADJTHEOR,IVBID,IVASK,IVAVERAGE
XCME.ZN.SEP25,111.2031250,111.2187500,INVALID,F,,,,
XCME.ZN1.01AUG25.112:5.C,INVALID,.0156250,112.5000000,C,.0006767,,1044.3157678,918.7092720
XCME.ZN1.01AUG25.111:5.P,.4218750,.4531250,111.5000000,P,.3806026,916.5955673,973.9933824,945.3679197
