Key,BID,ASK,STRIKE,ITYPE,ADJTHEOR,IVBID,IVASK,IVAVERAGE
XCME.ZN.SEP25,111.2187500,111.2343750,INVALID,F,,,,
XCME.ZN1.01AUG25.112.P,.7968750,.8125000,112,P,.7872582,743.7913275,868.4048806,810.1497151
XCME.ZN1.01AUG25.112:25.C,.0069999,.0156250,112.2500000,C,.0025768,752.0591087,877.5351747,821.6779697
