Key,BID,ASK,STRIKE,ITYPE,ADJTHEOR,IVBID,IVASK,IVAVERAGE
XCME.ZN.SEP25,111.1718750,111.1875000,INVALID,F,,,,
XCME.ZN1.01AUG25.110:5.C,.7343750,.7500000,110.5000000,C,.6967301,851.4461449,928.1273378,890.5274757
XCME.ZN1.01AUG25.112:25.P,1.0625000,1.0937500,112.2500000,P,1.0774430,,882.8334652,739.0604736
