Key,BID,ASK,STRIKE,ITYPE,ADJTHEOR,IVBID,IVASK,IVAVERAGE
XCME.ZN.SEP25,111.0312500,111.0468750,INVALID,F,,,,
XCME.ZN1.01AUG25.111:25.P,.3906250,.4218750,111.2500000,P,.3592510,749.5584888,839.3445589,794.5597802
XCME.ZN1.01AUG25.112:5.P,1.4531250,1.4843750,112.5000000,P,1.4631086,,1152.0697957,985.9301065
XCME.ZN1.01AUG25.111:5.P,.5625000,.5937500,111.5000000,P,.5346950,749.3278692,854.4210023,802.5621719
