Key,BID,ASK,STRIKE,ITYPE,ADJTHEOR,IVBID,IVASK,IVAVERAGE
XCME.ZN.SEP25,111.0937500,111.1093750,INVALID,F,,,,
XCME.ZN1.01AUG25.112.P,.9062500,.9375000,112,P,.9008185,722.2735274,994.0915460,878.1957792
XCME.ZN1.01AUG25.112:25.C,.0069999,.0156250,112.2500000,C,.0015826,807.1382482,937.3038894,879.4934395
