Key,BID,ASK,STRIKE,ITYPE,ADJTHEOR,IVBID,IVASK,IVAVERAGE
XCME.ZN.SEP25,111.1406250,111.1562500,INVALID,F,,,,
XCME.ZN1.01AUG25.113.P,1.8437500,1.8750000,113,P,1.8481253,,1365.6155663,1274.7585470
XCME.ZN1.01AUG25.112.C,.0156250,.0312500,112,C,.0058519,776.7329853,920.5243266,854.4739585
