Key,BID,ASK,STRIKE,ITYPE,ADJTHEOR,IVBID,IVASK,IVAVERAGE
XCME.ZN.SEP25,111.0781250,111.0937500,INVALID,F,,,,
XCME.ZN1.01AUG25.112:5.C,INVALID,.0156250,112.5000000,C,.0006199,,1075.3846121,949.3498059
XCME.ZN1.01AUG25.111:5.P,.5156250,.5468750,111.5000000,P,.4701631,840.8593474,960.7789436,901.5092595
