Key,BID,ASK,STRIKE,ITYPE,ADJTHEOR,IVBID,IVASK,IVAVERAGE
XCME.ZN.SEP25,111.1718750,111.1875000,INVALID,F,,,,
XCME.ZN1.01AUG25.113.P,1.8125000,1.8437500,113,P,1.8396578,,1063.4061151,811.9772367
XCME.ZN1.01AUG25.112.C,.0156250,.0468750,112,C,.0103743,698.2160695,930.7330712,828.3008607
