Key,BID,ASK,STRIKE,ITYPE,ADJTHEOR,IVBID,IVASK,IVAVERAGE
XCME.ZN.SEP25,111.0312500,111.0468750,INVALID,F,,,,
XCME.ZN1.01AUG25.110:75.P,.1562500,.1718750,110.7500000,P,.1185438,762.9809818,809.6556747,786.3745749
XCME.ZN1.01AUG25.110:25.P,.0312500,.0468750,110.2500000,P,.0210535,685.7170436,849.1805630,772.9426222
XCME.ZN1.01AUG25.110.P,.0156250,.0312500,110,P,.0068832,718.8039972,843.9195475,786.6470957
XCME.ZN1.01AUG25.111:75.P,.7500000,.7812500,111.7500000,P,.7425464,759.9399903,894.5502835,829.6898571
