Key,BID,ASK,STRIKE,ITYPE,ADJTHEOR,IVBID,IVASK,IVAVERAGE
XCME.ZN.SEP25,111.0781250,111.0937500,INVALID,F,,,,
XCME.ZN1.01AUG25.110:25.P,.0312500,.0468750,110.2500000,P,.0078545,843.0021018,947.3349619,897.3888222
