Key,BID,ASK,STRIKE,ITYPE,ADJTHEOR,IVBID,IVASK,IVAVERAGE
XCME.ZN.SEP25,111.1406250,111.1562500,INVALID,F,,,,
XCME.ZN1.01AUG25.112:75.P,1.5937500,1.6093750,112.7500000,P,1.5981255,,1287.5564625,1198.9979677
XCME.ZN1.01AUG25.111:75.P,.6250000,.6562500,111.7500000,P,.6150130,729.5673524,934.7357614,839.2945787
