Key,BID,ASK,STRIKE,ITYPE,ADJTHEOR,IVBID,IVASK,IVAVERAGE
XCME.ZN.SEP25,111.1406250,111.1562500,INVALID,F,,,,
XCME.ZN1.01AUG25.110:25.C,.9062500,.9218750,110.2500000,C,.9011565,731.3969764,923.9251162,841.0128021
XCME.ZN1.01AUG25.112:75.C,INVALID,.0069999,112.7500000,C,.0000894,,1159.5450950,1047.0716046
