Key,BID,ASK,STRIKE,ITYPE,ADJTHEOR,IVBID,IVASK,IVAVERAGE
XCME.ZN.SEP25,111.1093750,111.1250000,INVALID,F,,,,
XCME.ZN1.01AUG25.111:75.C,.0468750,.0625000,111.7500000,C,.0203279,823.3841450,910.2675962,867.8832593
XCME.ZN1.01AUG25.111.P,.1875000,.2031250,111,P,.1381903,829.1104577,883.3929202,856.2676947
