Key,BID,ASK,STRIKE,ITYPE,ADJTHEOR,IVBID,IVASK,IVAVERAGE
XCME.ZN.SEP25,111.1093750,111.1250000,INVALID,F,,,,
XCME.ZN1.01AUG25.111:75.P,.6718750,.7031250,111.7500000,P,.6641103,688.4466148,843.2555826,769.7110217
XCME.ZN1.01AUG25.110.P,.0156250,.0312500,110,P,.0027288,832.3755092,974.8151229,909.7270120
XCME.ZN1.01AUG25.110:5.P,.0625000,.0781250,110.5000000,P,.0299461,796.7008842,866.8725535,832.3772435
