Key,BID,ASK,STRIKE,ITYPE,ADJTHEOR,IVBID,IVASK,IVAVERAGE
XCME.ZN.SEP25,111.0625000,111.0781250,INVALID,F,,,,
XCME.ZN1.01AUG25.111.C,.2656250,.2968750,111,C,.2099850,869.9930057,988.5441887,929.2906756
XCME.ZN1.01AUG25.111:25.P,.3281250,.3437500,111.2500000,P,.2814032,785.2497844,909.5422883,847.6385661
