Key,BID,ASK,STRIKE,ITYPE,ADJTHEOR,IVBID,IVASK,IVAVERAGE
XCME.ZN.SEP25,111.1250000,111.1406250,INVALID,F,,,,
XCME.ZN1.01AUG25.111:5.C,.1093750,.1250000,111.5000000,C,.0579828,812.2089013,940.7829455,877.3163855
XCME.ZN1.01AUG25.111.C,.3281250,.3437500,111,C,.2593026,845.0590134,955.1202743,900.1525494
