Key,BID,ASK,STRIKE,ITYPE,ADJTHEOR,IVBID,IVASK,IVAVERAGE
XCME.ZN.SEP25,111.1562500,111.1718750,INVALID,F,,,,
XCME.ZN1.01AUG25.111.P,.1562500,.1875000,111,P,.1032156,836.3996668,954.1801598,895.4331538
XCME.ZN1.01AUG25.110:75.C,.5000000,.5312500,110.7500000,C,.4714530,850.4627356,991.4695722,922.1347909
