Key,BID,ASK,STRIKE,ITYPE,ADJTHEOR,IVBID,IVASK,IVAVERAGE
XCME.ZN.SEP25,111.1406250,111.1562500,INVALID,F,,,,
XCME.ZN1.01AUG25.110:5.C,.6875000,.7187500,110.5000000,C,.6759382,736.1977627,951.9389306,852.8512270
XCME.ZN1.01AUG25.111:75.C,.0468750,.0625000,111.7500000,C,.0199168,833.3172622,923.0247022,879.2342211
