Key,BID,ASK,STRIKE,ITYPE,ADJTHEOR,IVBID,IVASK,IVAVERAGE
XCME.ZN.SEP25,111.0156250,111.0312500,INVALID,F,,,,
XCME.ZN1.01AUG25.111:25.C,.1718750,.2031250,111.2500000,C,.1438307,740.0793020,785.3766296,762.7628145
XCME.ZN1.01AUG25.110:25.C,.8125000,.8281250,110.2500000,C,.7990967,703.3094574,786.2846673,746.2998582
XCME.ZN1.01AUG25.112:75.C,INVALID,.0069999,112.7500000,C,.0011994,,940.0210309,850.0697070
