Key,BID,ASK,STRIKE,ITYPE,ADJTHEOR,IVBID,IVASK,IVAVERAGE
XCME.ZN.SEP25,111.0781250,111.0937500,INVALID,F,,,,
XCME.ZN1.01AUG25.111:75.P,.7031250,.7187500,111.7500000,P,.6880200,749.4615092,841.5724136,797.0947388
