Key,BID,ASK,STRIKE,ITYPE,ADJTHEOR,IVBID,IVASK,IVAVERAGE
XCME.ZN.SEP25,111.1250000,111.1406250,INVALID,F,,,,
XCME.ZN1.01AUG25.113.C,INVALID,.0069999,113,C,.0000606,,1269.3861599,1149.8193873
XCME.ZN1.01AUG25.110:75.C,.4687500,.5000000,110.7500000,C,.4358716,792.5402273,924.0164670,859.2454587
