Key,BID,ASK,STRIKE,ITYPE,ADJTHEOR,IVBID,IVASK,IVAVERAGE
XCME.ZN.SEP25,111.0156250,111.0312500,INVALID,F,,,,
XCME.ZN1.01AUG25.112:5.C,.0069999,.0156250,112.5000000,C,.0019679,831.9160460,958.5776839,902.5452091
XCME.ZN1.01AUG25.112:25.P,1.2343750,1.2500000,112.2500000,P,1.2238734,816.6674905,956.7720363,893.1097082
XCME.ZN1.01AUG25.111:5.C,.0937500,.1093750,111.5000000,C,.0697258,738.0382488,792.9648567,765.7322418
