Key,BID,ASK,STRIKE,ITYPE,ADJTHEOR,IVBID,IVASK,IVAVERAGE
XCME.ZN.SEP25,111.1562500,111.1718750,INVALID,F,,,,
XCME.ZN1.01AUG25.111:5.C,.1250000,.1406250,111.5000000,C,.0707404,872.2388991,931.6781349,902.0802698
XCME.ZN1.01AUG25.111.C,.3437500,.3750000,111,C,.2861437,855.9789222,963.7008819,909.9297728
