Key,BID,ASK,STRIKE,ITYPE,ADJTHEOR,IVBID,IVASK,IVAVERAGE
XCME.ZN.SEP25,110.9687500,110.9843750,INVALID,F,,,,
XCME.ZN1.01AUG25.110.C,1,1.0312500,110,C,1.0042216,547.8303797,841.3630002,729.8063288
XCME.ZN1.01AUG25.111:25.P,.4375000,.4531250,111.2500000,P,.3882998,802.0149085,847.2906778,824.6882512
XCME.ZN1.01AUG25.112:5.P,1.5156250,1.5468750,112.5000000,P,1.5063887,903.7882689,1196.0332290,1073.9984214
