Key,BID,ASK,STRIKE,ITYPE,ADJTHEOR,IVBID,IVASK,IVAVERAGE
XCME.ZN.SEP25,111.1718750,111.1875000,INVALID,F,,,,
XCME.ZN1.01AUG25.112:5.C,INVALID,.0156250,112.5000000,C,.0005479,,1082.1697114,953.2429577
XCME.ZN1.01AUG25.111:5.P,.4375000,.4687500,111.5000000,P,.4121255,760.9648622,884.8824328,823.6677239
