Key,BID,ASK,STRIKE,ITYPE,ADJTHEOR,IVBID,IVASK,IVAVERAGE
XCME.ZN.SEP25,111.1093750,111.1250000,INVALID,F,,,,
XCME.ZN1.01AUG25.113.C,INVALID,.0069999,113,C,.0001639,,1180.8448900,1070.0191420
XCME.ZN1.01AUG25.110:75.C,.4843750,.5156250,110.7500000,C,.4328143,844.4190333,958.7487799,902.0662694
