Key,BID,ASK,STRIKE,ITYPE,ADJTHEOR,IVBID,IVASK,IVAVERAGE
XCME.ZN.SEP25,111.2187500,111.2343750,INVALID,F,,,,
XCME.ZN1.01AUG25.110:25.P,.0069999,.0156250,110.2500000,P,.0015669,764.5560485,892.4120574,835.4109470
XCME.ZN1.01AUG25.110:5.P,.0312500,.0468750,110.5000000,P,.0088221,841.5750628,951.2992908,898.6604905
