Key,BID,ASK,STRIKE,ITYPE,ADJTHEOR,IVBID,IVASK,IVAVERAGE
XCME.ZN.SEP25,111.1562500,111.1718750,INVALID,F,,,,
XCME.ZN1.01AUG25.111:25.P,.3125000,.3281250,111.2500000,P,.2610467,821.2387398,918.7269575,870.0049461
XCME.ZN1.01AUG25.112:5.P,1.3281250,1.3593750,112.5000000,P,1.3406971,792.1097633,1184.8869417,1038.5382357
