Key,BID,ASK,STRIKE,ITYPE,ADJTHEOR,IVBID,IVASK,IVAVERAGE
XCME.ZN.SEP25,111.2031250,111.2187500,INVALID,F,,,,
XCME.ZN1.01AUG25.110.P,INVALID,.0156250,110,P,.0002752,,1068.4341307,939.0206771
XCME.ZN1.01AUG25.110:75.P,.0625000,.0781250,110.7500000,P,.0341163,795.7065443,947.5961149,873.5738276
