Key,BID,ASK,STRIKE,ITYPE,ADJTHEOR,IVBID,IVASK,IVAVERAGE
XCME.ZN.SEP25,111.1093750,111.1250000,INVALID,F,,,,
XCME.ZN1.01AUG25.112.P,.8906250,.9218750,112,P,.8957942,358.7826950,933.3235470,789.9109284
XCME.ZN1.01AUG25.112:25.C,.0069999,.0156250,112.2500000,C,.0013003,825.6962443,959.0588084,899.7759813
