Key,BID,ASK,STRIKE,ITYPE,ADJTHEOR,IVBID,IVASK,IVAVERAGE
XCME.ZN.SEP25,111.1406250,111.1562500,INVALID,F,,,,
XCME.ZN1.01AUG25.110.C,1.1406250,1.1718750,110,C,1.1456752,917.9688771,1240.0172003,1104.1963039
XCME.ZN1.01AUG25.111:25.C,.2031250,.2343750,111.2500000,C,.1421291,875.8974278,985.7777946,930.8774992
