Key,BID,ASK,STRIKE,ITYPE,ADJTHEOR,IVBID,IVASK,IVAVERAGE
XCME.ZN.SEP25,111.0156250,111.0312500,INVALID,F,,,,
XCME.WY5.30JUL25.111.P,INVALID,.0156250,111,P,.0092385,,840.1071886,490.8705834
XCME.ZN1.01AUG25.110:75.P,.1562500,.1718750,110.7500000,P,.1272334,738.0250852,784.8143618,761.4695769
XCME.ZN1.01AUG25.110:25.P,.0312500,.0468750,110.2500000,P,.0229141,673.2632472,760.1234648,718.4812020
