Key,BID,ASK,STRIKE,ITYPE,ADJTHEOR,IVBID,IVASK,IVAVERAGE
XCME.ZN.SEP25,111.1406250,111.1562500,INVALID,F,,,,
XCME.ZN1.01AUG25.112.P,.8437500,.8750000,112,P,.8461439,803.3033376,1039.9429306,933.3778934
XCME.ZN1.01AUG25.112:25.C,.0069999,.0156250,112.2500000,C,.0016907,799.9886141,931.9554366,873.3636852
