Key,BID,ASK,STRIKE,ITYPE,ADJTHEOR,IVBID,IVASK,IVAVERAGE
XCME.ZN.SEP25,111.1406250,111.1562500,INVALID,F,,,,
XCME.ZN1.01AUG25.110:75.P,.0937500,.1093750,110.7500000,P,.0531810,826.0050486,891.8543006,859.1667980
