Key,BID,ASK,STRIKE,ITYPE,ADJTHEOR,IVBID,IVASK,IVAVERAGE
XCME.ZN.SEP25,111.2031250,111.2187500,INVALID,F,,,,
XCME.ZN1.01AUG25.110.C,1.2031250,1.2343750,110,C,1.2043537,,1018.1691072,959.8303413
XCME.ZN1.01AUG25.111:25.C,.2343750,.2500000,111.2500000,C,.1661757,845.2058836,955.0475425,900.1353718
