Key,BID,ASK,STRIKE,ITYPE,ADJTHEOR,IVBID,IVASK,IVAVERAGE
XCME.ZN.SEP25,111.1562500,111.1718750,INVALID,F,,,,
XCME.ZN1.01AUG25.112:5.C,INVALID,.0156250,112.5000000,C,.0006185,,1070.0301451,942.4412864
XCME.ZN1.01AUG25.111:5.P,.4687500,.4843750,111.5000000,P,.4101781,888.7450118,947.9195549,918.4465309
