Key,BID,ASK,STRIKE,ITYPE,ADJTHEOR,IVBID,IVASK,IVAVERAGE
XCME.ZN.SEP25,111.1562500,111.1718750,INVALID,F,,,,
XCME.ZN1.01AUG25.110:5.C,.6875000,.7031250,110.5000000,C,.6755097,725.6683824,831.6644643,781.0987568
XCME.ZN1.01AUG25.112:25.P,1.0937500,1.1093750,112.2500000,P,1.0911282,738.8756871,982.2755491,885.2340165
