Key,BID,ASK,STRIKE,ITYPE,ADJTHEOR,IVBID,IVASK,IVAVERAGE
XCME.ZN.SEP25,111.0625000,111.0781250,INVALID,F,,,,
XCME.ZN1.01AUG25.113.C,INVALID,.0069999,113,C,.0000135,,1415.1617067,1283.2731721
XCME.ZN1.01AUG25.111:5.C,.0625000,.0937500,111.5000000,C,.0370859,793.5306401,948.3461308,872.8081337
