Key,BID,ASK,STRIKE,ITYPE,ADJTHEOR,IVBID,IVASK,IVAVERAGE
XCME.ZN.SEP25,111.2187500,111.2343750,INVALID,F,,,,
XCME.ZN1.01AUG25.113.C,INVALID,.0069999,113,C,.0001091,,1183.8038325,1071.5695461
XCME.ZN1.01AUG25.110:75.C,.5625000,.5781250,110.7500000,C,.5054891,836.4552818,970.1837217,904.5047055
