Key,BID,ASK,STRIKE,ITYPE,ADJTHEOR,IVBID,IVASK,IVAVERAGE
XCME.ZN.SEP25,111.2187500,111.2343750,INVALID,F,,,,
XCME.ZN1.01AUG25.110:25.C,.9843750,1,110.2500000,C,.9704475,884.3630380,1041.0310432,969.2085248
XCME.ZN1.01AUG25.112:75.C,INVALID,.0069999,112.7500000,C,.0001218,,1104.7363523,996.5975456
