Key,BID,ASK,STRIKE,ITYPE,ADJTHEOR,IVBID,IVASK,IVAVERAGE
XCME.ZN.SEP25,111.1406250,111.1562500,INVALID,F,,,,
XCME.ZN1.01AUG25.112:5.C,INVALID,.0156250,112.5000000,C,.0010404,,1011.7380568,892.2626273
XCME.ZN1.01AUG25.111:5.P,.4843750,.5000000,111.5000000,P,.4521989,776.8250108,834.0483050,805.6077966
