Key,BID,ASK,STRIKE,ITYPE,ADJTHEOR,IVBID,IVASK,IVAVERAGE
XCME.ZN.SEP25,111.0468750,111.0625000,INVALID,F,,,,
XCME.ZN1.01AUG25.110:5.C,.6093750,.6406250,110.5000000,C,.6077170,637.9565905,765.5638462,704.0035629
XCME.ZN1.01AUG25.110:75.C,.4375000,.4687500,110.7500000,C,.4193751,704.0876596,800.0053028,752.3609549
XCME.ZN1.01AUG25.111.P,.2500000,.2656250,111,P,.2099027,770.2201429,813.6337571,791.9289111
XCME.ZN1.01AUG25.113.C,INVALID,.0069999,113,C,.0007642,,1046.1545467,948.7626310
