Key,BID,ASK,STRIKE,ITYPE,ADJTHEOR,IVBID,IVASK,IVAVERAGE
XCME.ZN.SEP25,110.9687500,110.9843750,INVALID,F,,,,
XCME.ZN1.01AUG25.110.P,.0156250,.0468750,110,P,.0096679,685.2270105,900.8138316,806.2158192
XCME.ZN1.01AUG25.111:75.P,.8125000,.8437500,111.7500000,P,.8095814,739.5839764,886.9623896,816.8823978
XCME.ZN1.01AUG25.112:75.P,1.7812500,1.7968750,112.7500000,P,1.7866804,1036.4393593,1223.3248435,1141.0434497
