Key,BID,ASK,STRIKE,ITYPE,ADJTHEOR,IVBID,IVASK,IVAVERAGE
XCME.ZN.SEP25,111.0312500,111.0468750,INVALID,F,,,,
XCME.ZN1.01AUG25.110:5.C,.6093750,.6406250,110.5000000,C,.5856485,727.1590880,841.7864443,785.6499489
XCME.ZN1.01AUG25.110:75.C,.4375000,.4687500,110.7500000,C,.4010259,759.4505647,852.6886365,806.2706320
XCME.ZN1.01AUG25.111.P,.2500000,.2656250,111,P,.2227038,734.7911966,778.1070257,756.4497531
XCME.ZN1.01AUG25.113.C,INVALID,.0069999,113,C,.0007132,,1058.2692886,959.6512261
