Key,BID,ASK,STRIKE,ITYPE,ADJTHEOR,IVBID,IVASK,IVAVERAGE
XCME.ZN.SEP25,111.1875000,111.2031250,INVALID,F,,,,
XCME.ZN1.01AUG25.111:25.P,.2812500,.2968750,111.2500000,P,.2249472,852.4666908,905.7296218,879.1014513
XCME.ZN1.01AUG25.112:5.P,1.2968750,1.3281250,112.5000000,P,1.3088075,,1118.1994903,944.1281670
