Key,BID,ASK,STRIKE,ITYPE,ADJTHEOR,IVBID,IVASK,IVAVERAGE
XCME.ZN.SEP25,111.0781250,111.0937500,INVALID,F,,,,
XCME.ZN1.01AUG25.112:75.P,1.6406250,1.6875000,112.7500000,P,1.6640939,,1555.2300478,1362.3448319
XCME.ZN1.01AUG25.111:75.P,.6875000,.7031250,111.7500000,P,.6752210,768.9118587,890.7925573,833.0846110
