Key,BID,ASK,STRIKE,ITYPE,ADJTHEOR,IVBID,IVASK,IVAVERAGE
XCME.ZN.SEP25,111.1718750,111.1875000,INVALID,F,,,,
XCME.ZN1.01AUG25.111:75.C,.0625000,.0781250,111.7500000,C,.0289408,834.9250999,910.7126818,873.4316311
XCME.ZN1.01AUG25.111.P,.1875000,.2031250,111,P,.1179621,898.1489823,952.1383728,925.1714105
