Key,BID,ASK,STRIKE,ITYPE,ADJTHEOR,IVBID,IVASK,IVAVERAGE
XCME.ZN.SEP25,111.0937500,111.1093750,INVALID,F,,,,
XCME.ZN1.01AUG25.111:75.C,.0468750,.0625000,111.7500000,C,.0240990,785.4160125,867.8237508,827.6355909
XCME.ZN1.01AUG25.111.P,.2187500,.2343750,111,P,.1544002,867.7628345,918.6195981,893.2000905
