Key,BID,ASK,STRIKE,ITYPE,ADJTHEOR,IVBID,IVASK,IVAVERAGE
XCME.ZN.SEP25,111.1718750,111.1875000,INVALID,F,,,,
XCME.ZN1.01AUG25.113.C,INVALID,.0069999,113,C,.0002299,,1128.8989429,1021.7559086
XCME.ZN1.01AUG25.110:75.C,.5156250,.5468750,110.7500000,C,.4705228,838.4990666,898.1028169,868.4953923
