Key,BID,ASK,STRIKE,ITYPE,ADJTHEOR,IVBID,IVASK,IVAVERAGE
XCME.ZN.SEP25,111.0156250,111.0312500,INVALID,F,,,,
XCME.ZN1.01AUG25.110:75.P,.1562500,.1718750,110.7500000,P,.1226772,750.6050063,797.0816735,773.8971650
XCME.ZN1.01AUG25.110:25.P,.0312500,.0625000,110.2500000,P,.0221592,677.8860683,840.3264849,764.5369346
XCME.ZN1.01AUG25.110.P,.0156250,.0312500,110,P,.0072293,712.4762291,836.7235978,779.8179000
XCME.ZN1.01AUG25.111:75.P,.7656250,.7968750,111.7500000,P,.7532512,709.1841590,853.7844439,784.9363043
