Key,BID,ASK,STRIKE,ITYPE,ADJTHEOR,IVBID,IVASK,IVAVERAGE
XCME.ZN.SEP25,111.2343750,111.2500000,INVALID,F,,,,
XCME.ZN1.01AUG25.111:5.P,.3906250,.4218750,111.5000000,P,.3470869,894.6115626,955.0287450,924.9037588
