Key,BID,ASK,STRIKE,ITYPE,ADJTHEOR,IVBID,IVASK,IVAVERAGE
XCME.ZN.SEP25,111.1406250,111.1562500,INVALID,F,,,,
XCME.ZN1.01AUG25.113.P,1.8437500,1.8750000,113,P,1.8483509,,1579.9903600,1381.6183823
XCME.ZN1.01AUG25.112.C,.0156250,.0312500,112,C,.0110442,688.9281540,816.4266068,757.8499041
