Key,BID,ASK,STRIKE,ITYPE,ADJTHEOR,IVBID,IVASK,IVAVERAGE
XCME.ZN.SEP25,111.1406250,111.1562500,INVALID,F,,,,
XCME.ZN1.01AUG25.112.P,.8593750,.8906250,112,P,.8691272,,893.6308623,780.4503638
XCME.ZN1.01AUG25.112:25.C,.0069999,.0156250,112.2500000,C,.0013311,823.8796570,958.0592749,898.4065220
