Key,BID,ASK,STRIKE,ITYPE,ADJTHEOR,IVBID,IVASK,IVAVERAGE
XCME.ZN.SEP25,111.1875000,111.2031250,INVALID,F,,,,
XCME.ZN1.01AUG25.112:75.C,INVALID,.0069999,112.7500000,C,.0002607,,1048.4068832,945.7119573
XCME.ZN1.01AUG25.110:25.C,.9531250,.9843750,110.2500000,C,.9485281,709.4789396,1017.5596291,891.7132415
