Key,BID,ASK,STRIKE,ITYPE,ADJTHEOR,IVBID,IVASK,IVAVERAGE
XCME.ZN.SEP25,111.0625000,111.0781250,INVALID,F,,,,
XCME.ZN1.01AUG25.110:5.C,.6406250,.6562500,110.5000000,C,.5964733,861.6259638,931.8951542,897.2182152
XCME.ZN1.01AUG25.112:25.P,1.1718750,1.2031250,112.2500000,P,1.1848290,,983.6161544,828.1054410
