Key,BID,ASK,STRIKE,ITYPE,ADJTHEOR,IVBID,IVASK,IVAVERAGE
XCME.ZN.SEP25,111.1250000,111.1406250,INVALID,F,,,,
XCME.ZN1.01AUG25.110:25.C,.8906250,.9218750,110.2500000,C,.8838805,691.3695727,918.6585987,818.7149175
XCME.ZN1.01AUG25.110:25.P,.0156250,.0468750,110.2500000,P,.0088805,691.3695727,918.6585987,818.7149175
XCME.ZN1.01AUG25.112:75.P,1.6093750,1.6406250,112.7500000,P,1.6255737,,1133.0671144,904.6840025
