Key,BID,ASK,STRIKE,ITYPE,ADJTHEOR,IVBID,IVASK,IVAVERAGE
XCME.ZN.SEP25,111.1562500,111.1718750,INVALID,F,,,,
XCME.ZN1.01AUG25.112:5.C,.0069999,.0156250,112.5000000,C,.0012323,857.0383344,991.1821404,931.7819165
XCME.ZN1.01AUG25.111:5.P,.4531250,.4843750,111.5000000,P,.4167252,788.4393024,898.3520183,843.8274161
