Key,BID,ASK,STRIKE,ITYPE,ADJTHEOR,IVBID,IVASK,IVAVERAGE
XCME.ZN.SEP25,111.2031250,111.2187500,INVALID,F,,,,
XCME.ZN1.01AUG25.110:25.P,.0069999,.0312500,110.2500000,P,.0020608,739.1317382,1016.8479469,902.7311432
