Key,BID,ASK,STRIKE,ITYPE,ADJTHEOR,IVBID,IVASK,IVAVERAGE
XCME.ZN.SEP25,111.1093750,111.1250000,INVALID,F,,,,
XCME.ZN1.01AUG25.111:75.C,.0468750,.0625000,111.7500000,C,.0190208,738.0295400,927.4902203,838.5922359
XCME.ZN1.01AUG25.111.P,.1875000,.2187500,111,P,.1297200,865.1987655,976.8988749,921.1142988
