Key,BID,ASK,STRIKE,ITYPE,ADJTHEOR,IVBID,IVASK,IVAVERAGE
XCME.ZN.SEP25,111.0781250,111.0937500,INVALID,F,,,,
XCME.ZN1.01AUG25.110:25.C,.8437500,.8750000,110.2500000,C,.8428249,641.1264936,1014.8758471,872.5342862
XCME.ZN1.01AUG25.112:75.C,INVALID,.0069999,112.7500000,C,.0000362,,1241.9007625,1122.3573813
