Key,BID,ASK,STRIKE,ITYPE,ADJTHEOR,IVBID,IVASK,IVAVERAGE
XCME.ZN.SEP25,111.0156250,111.0312500,INVALID,F,,,,
XCME.ZN1.01AUG25.111.C,.2812500,.3125000,111,C,.2558997,729.7460370,816.3945841,773.0733128
XCME.ZN1.01AUG25.113.P,1.9531250,1.9843750,113,P,1.9660211,,1252.7127731,1201.0694834
XCME.ZN1.01AUG25.110.C,1.0625000,1.0781250,110,C,1.0414946,821.6222326,923.7148688,875.2192208
