Key,BID,ASK,STRIKE,ITYPE,ADJTHEOR,IVBID,IVASK,IVAVERAGE
XCME.ZN.SEP25,111.2343750,111.2500000,INVALID,F,,,,
XCME.ZN1.01AUG25.110:5.C,.7656250,.7812500,110.5000000,C,.7479490,646.7306990,911.9710100,798.3471213
XCME.ZN1.01AUG25.112:25.P,1.0156250,1.0312500,112.2500000,P,1.0135114,708.5873193,1089.1084228,944.8310489
