Key,BID,ASK,STRIKE,ITYPE,ADJTHEOR,IVBID,IVASK,IVAVERAGE
XCME.ZN.SEP25,111.0937500,111.1093750,INVALID,F,,,,
XCME.ZN1.01AUG25.112:75.C,INVALID,.0069999,112.7500000,C,.0002596,,1070.6183298,967.7730012
XCME.ZN1.01AUG25.110:25.C,.8593750,.8906250,110.2500000,C,.8367377,830.9767971,1025.2929464,934.7579184
