Key,BID,ASK,STRIKE,ITYPE,ADJTHEOR,IVBID,IVASK,IVAVERAGE
XCME.ZN.SEP25,111.1093750,111.1250000,INVALID,F,,,,
XCME.ZN1.01AUG25.111.P,.1718750,.2031250,111,P,.1209047,852.7048714,912.2758080,882.5123940
XCME.ZN1.01AUG25.110:75.C,.4531250,.4843750,110.7500000,C,.4202995,880.4048790,950.5241446,915.7131432
