Key,BID,ASK,STRIKE,ITYPE,ADJTHEOR,IVBID,IVASK,IVAVERAGE
XCME.ZN.SEP25,111.2187500,111.2343750,INVALID,F,,,,
XCME.ZN1.01AUG25.111:5.C,.1406250,.1562500,111.5000000,C,.0860759,864.6616041,922.1544170,893.4902160
XCME.ZN1.01AUG25.111.C,.3906250,.4062500,111,C,.3228429,897.4038115,952.7458935,925.1166760
