Key,BID,ASK,STRIKE,ITYPE,ADJTHEOR,IVBID,IVASK,IVAVERAGE
XCME.ZN.SEP25,111,111.0156250,INVALID,F,,,,
XCME.WY5.30JUL25.111.P,INVALID,.0156250,111,P,.0092385,,840.1071886,490.8705834
XCME.ZN1.01AUG25.110:75.P,.1562500,.1875000,110.7500000,P,.1260769,741.7102060,835.0360284,788.5570427
XCME.ZN1.01AUG25.110:25.P,.0312500,.0625000,110.2500000,P,.0226081,675.5305340,838.7609668,762.5572434
