Key,BID,ASK,STRIKE,ITYPE,ADJTHEOR,IVBID,IVASK,IVAVERAGE
XCME.ZN.SEP25,111.0312500,111.0468750,INVALID,F,,,,
XCME.ZN1.01AUG25.111.P,.2500000,.2812500,111,P,.2203750,783.9089398,826.9882801,805.4494259
XCME.ZN1.01AUG25.113.C,INVALID,.0069999,113,C,.0007852,,1048.5417904,950.8682224
XCME.ZN1.01AUG25.112.C,.0156250,.0312500,112,C,.0121288,676.0897131,796.3545991,741.1976662
