Key,BID,ASK,STRIKE,ITYPE,ADJTHEOR,IVBID,IVASK,IVAVERAGE
XCME.ZN.SEP25,111.0937500,111.1093750,INVALID,F,,,,
XCME.ZN1.01AUG25.111:25.P,.3437500,.3593750,111.2500000,P,.2864899,848.6786901,899.8555609,874.2838429
XCME.ZN1.01AUG25.112:5.P,1.3906250,1.4062500,112.5000000,P,1.3956534,,995.0125713,924.9331677
