Key,BID,ASK,STRIKE,ITYPE,ADJTHEOR,IVBID,IVASK,IVAVERAGE
XCME.ZN.SEP25,111.1406250,111.1562500,INVALID,F,,,,
XCME.ZN1.01AUG25.111:5.C,.1250000,.1406250,111.5000000,C,.0728734,850.7194724,907.8910432,879.4277152
XCME.ZN1.01AUG25.111.C,.3437500,.3593750,111,C,.2826155,848.7176722,899.8923738,874.3218905
