Key,BID,ASK,STRIKE,ITYPE,ADJTHEOR,IVBID,IVASK,IVAVERAGE
XCME.ZN.SEP25,111.1562500,111.1718750,INVALID,F,,,,
XCME.ZN1.01AUG25.110:5.C,.7031250,.7343750,110.5000000,C,.6775661,806.2907472,976.3719452,895.2686152
XCME.ZN1.01AUG25.112:25.P,1.0937500,1.1093750,112.2500000,P,1.0915726,716.3354196,952.3133436,858.2520382
