Key,BID,ASK,STRIKE,ITYPE,ADJTHEOR,IVBID,IVASK,IVAVERAGE
XCME.ZN.SEP25,111.1718750,111.1875000,INVALID,F,,,,
XCME.ZN1.01AUG25.112.P,.8437500,.8750000,112,P,.8284393,779.6561465,977.7379240,886.3488597
XCME.ZN1.01AUG25.112:25.C,.0069999,.0156250,112.2500000,C,.0034909,722.7018708,842.7043842,789.4033002
