Key,BID,ASK,STRIKE,ITYPE,ADJTHEOR,IVBID,IVASK,IVAVERAGE
XCME.ZN.SEP25,111.1406250,111.1562500,INVALID,F,,,,
XCME.ZN1.01AUG25.110.C,1.1406250,1.1875000,110,C,1.1612377,,924.3647607,856.4008864
XCME.ZN1.01AUG25.111:25.C,.2031250,.2187500,111.2500000,C,.1495925,847.8034517,902.3570280,875.0887054
