Key,BID,ASK,STRIKE,ITYPE,ADJTHEOR,IVBID,IVASK,IVAVERAGE
XCME.ZN.SEP25,111.0781250,111.0937500,INVALID,F,,,,
XCME.ZN1.01AUG25.112:75.P,1.6562500,1.6718750,112.7500000,P,1.6605987,,1344.0815848,1253.0664314
XCME.ZN1.01AUG25.111:75.P,.6875000,.7187500,111.7500000,P,.6722246,791.1763830,906.7581023,851.6220209
