Key,BID,ASK,STRIKE,ITYPE,ADJTHEOR,IVBID,IVASK,IVAVERAGE
XCME.ZN.SEP25,111.1875000,111.2031250,INVALID,F,,,,
XCME.ZN1.01AUG25.110.C,1.1875000,1.2187500,110,C,1.1925304,,1099.2087516,970.7206254
XCME.ZN1.01AUG25.111:25.C,.2343750,.2500000,111.2500000,C,.1692816,879.5453740,932.1042522,905.8275997
