Key,BID,ASK,STRIKE,ITYPE,ADJTHEOR,IVBID,IVASK,IVAVERAGE
XCME.ZN.SEP25,110.9531250,110.9687500,INVALID,F,,,,
XCME.ZN1.01AUG25.111:5.C,.0937500,.1093750,111.5000000,C,.0553723,796.7465528,852.8260186,825.0495838
XCME.ZN1.01AUG25.111.C,.2656250,.2968750,111,C,.2144134,800.8906851,886.6666827,843.7843311
XCME.ZN1.01AUG25.113.P,2.0312500,2.0625000,113,P,2.0562138,,,
