Key,BID,ASK,STRIKE,ITYPE,ADJTHEOR,IVBID,IVASK,IVAVERAGE
XCME.ZN.SEP25,111.2343750,111.2500000,INVALID,F,,,,
XCME.ZN1.01AUG25.110:5.C,.7500000,.7812500,110.5000000,C,.7436291,695.7547812,940.9084921,832.5164594
XCME.ZN1.01AUG25.112:25.P,1.0156250,1.0468750,112.2500000,P,1.0176869,431.2642397,1061.4242424,903.0367849
