Key,BID,ASK,STRIKE,ITYPE,ADJTHEOR,IVBID,IVASK,IVAVERAGE
XCME.ZN.SEP25,111.0937500,111.1093750,INVALID,F,,,,
XCME.ZN1.01AUG25.112:75.C,INVALID,.0069999,112.7500000,C,.0001352,,1127.2382407,1018.7833160
XCME.ZN1.01AUG25.110:25.C,.8593750,.8906250,110.2500000,C,.8568964,660.2773696,962.7072651,839.1366444
