Key,BID,ASK,STRIKE,ITYPE,ADJTHEOR,IVBID,IVASK,IVAVERAGE
XCME.ZN.SEP25,111.1718750,111.1875000,INVALID,F,,,,
XCME.ZN1.01AUG25.111:5.C,.1250000,.1406250,111.5000000,C,.0727424,865.2465910,925.0686763,895.2790094
XCME.ZN1.01AUG25.111.C,.3593750,.3906250,111,C,.2934871,889.0118117,998.5886144,943.9027907
