Key,BID,ASK,STRIKE,ITYPE,ADJTHEOR,IVBID,IVASK,IVAVERAGE
XCME.ZN.SEP25,111.1406250,111.1562500,INVALID,F,,,,
XCME.ZN1.01AUG25.110.C,INVALID,INVALID,110,C,1.1450730,,,
XCME.ZN1.01AUG25.111:25.C,.1250000,.2968750,111.2500000,C,.1468600,584.1828056,1173.9198040,880.5167817
