Key,BID,ASK,STRIKE,ITYPE,ADJTHEOR,IVBID,IVASK,IVAVERAGE
XCME.ZN.SEP25,111.0156250,111.0312500,INVALID,F,,,,
XCME.ZN1.01AUG25.111:75.C,.0468750,.0625000,111.7500000,C,.0291239,738.0223342,812.0070346,775.9601991
XCME.ZN1.01AUG25.110:5.C,.6093750,.6250000,110.5000000,C,.5770772,758.1304808,814.4142871,786.5467726
XCME.ZN1.01AUG25.110:75.C,.4218750,.4531250,110.7500000,C,.3942312,732.7426603,825.5810593,779.3640480
