Key,BID,ASK,STRIKE,ITYPE,ADJTHEOR,IVBID,IVASK,IVAVERAGE
XCME.ZN.SEP25,111,111.0156250,INVALID,F,,,,
XCME.ZN1.01AUG25.110.C,1.0156250,1.0468750,110,C,1.0122901,793.0155579,894.1775722,846.1761592
XCME.ZN1.01AUG25.111:25.P,.4062500,.4375000,111.2500000,P,.3815095,731.0142026,776.8806961,753.9924448
XCME.ZN1.01AUG25.112:5.P,1.4843750,1.5156250,112.5000000,P,1.4976745,,774.8075546,588.0400822
