Key,BID,ASK,STRIKE,ITYPE,ADJTHEOR,IVBID,IVASK,IVAVERAGE
XCME.ZN.SEP25,111.2031250,111.2187500,INVALID,F,,,,
XCME.ZN1.01AUG25.113.P,1.7812500,1.8125000,113,P,1.7961732,,906.3862741,
XCME.ZN1.01AUG25.112.C,.0156250,.0468750,112,C,.0097018,845.4487276,952.3761753,901.1545799
