Key,BID,ASK,STRIKE,ITYPE,ADJTHEOR,IVBID,IVASK,IVAVERAGE
XCME.ZN.SEP25,111.1093750,111.1250000,INVALID,F,,,,
XCME.ZN1.01AUG25.111:25.P,.3281250,.3593750,111.2500000,P,.2902208,777.7943157,874.4646313,826.1832528
XCME.ZN1.01AUG25.112:5.P,1.3750000,1.4062500,112.5000000,P,1.3840447,,1081.9864266,942.2026637
XCME.ZN1.01AUG25.110.C,1.1250000,1.1562500,110,C,1.1197844,734.0585562,1039.8095623,916.1386810
XCME.ZN1.01AUG25.111:25.C,.2031250,.2343750,111.2500000,C,.1574084,802.0034823,898.5705035,850.3361730
