Key,BID,ASK,STRIKE,ITYPE,ADJTHEOR,IVBID,IVASK,IVAVERAGE
XCME.ZN.SEP25,111.2187500,111.2343750,INVALID,F,,,,
XCME.ZN1.01AUG25.111.C,.3593750,.3906250,111,C,.3046276,864.0364495,981.7049251,923.0638725
XCME.ZN1.01AUG25.111:25.P,.2656250,.2812500,111.2500000,P,.2066818,871.6550333,927.6574970,899.6582681
