Key,BID,ASK,STRIKE,ITYPE,ADJTHEOR,IVBID,IVASK,IVAVERAGE
XCME.ZN.SEP25,111.1718750,111.1875000,INVALID,F,,,,
XCME.ZN1.01AUG25.111.C,.3281250,.3593750,111,C,.2889772,809.7011224,931.2309797,870.6892879
XCME.ZN1.01AUG25.111:25.P,.2812500,.2968750,111.2500000,P,.2100040,924.7484062,982.6363434,953.6960090
