Key,BID,ASK,STRIKE,ITYPE,ADJTHEOR,IVBID,IVASK,IVAVERAGE
XCME.ZN.SEP25,111.1562500,111.1718750,INVALID,F,,,,
XCME.ZN1.01AUG25.110.C,1.1562500,1.1875000,110,C,1.1534668,,1022.5076392,974.5973021
XCME.ZN1.01AUG25.111:25.C,.2187500,.2343750,111.2500000,C,.1462901,859.8245818,914.4598037,887.1517732
