Key,BID,ASK,STRIKE,ITYPE,ADJTHEOR,IVBID,IVASK,IVAVERAGE
XCME.ZN.SEP25,111.1406250,111.1562500,INVALID,F,,,,
XCME.ZN1.01AUG25.110.P,.0069999,.0156250,110,P,.0008012,834.1872170,969.7412501,909.6023100
