Key,BID,ASK,STRIKE,ITYPE,ADJTHEOR,IVBID,IVASK,IVAVERAGE
XCME.ZN.SEP25,111.0625000,111.0781250,INVALID,F,,,,
XCME.ZN1.01AUG25.110.P,INVALID,.0156250,110,P,.0005680,,1001.5947739,876.3055394
XCME.ZN1.01AUG25.110:75.P,.0937500,.1250000,110.7500000,P,.0574565,815.3137427,951.2131560,884.0393174
