Key,BID,ASK,STRIKE,ITYPE,ADJTHEOR,IVBID,IVASK,IVAVERAGE
XCME.ZN.SEP25,111.1718750,111.1875000,INVALID,F,,,,
XCME.ZN1.01AUG25.110:5.C,.7187500,.7500000,110.5000000,C,.7002113,746.8422666,911.1107721,833.1697134
XCME.ZN1.01AUG25.112:25.P,1.0781250,1.1093750,112.2500000,P,1.0741002,727.7321784,1034.9756262,910.5141368
