Key,BID,ASK,STRIKE,ITYPE,ADJTHEOR,IVBID,IVASK,IVAVERAGE
XCME.ZN.SEP25,111.0312500,111.0468750,INVALID,F,,,,
XCME.ZN1.01AUG25.111:25.C,.1718750,.2031250,111.2500000,C,.1489113,725.3304022,815.5201413,770.5418808
XCME.ZN1.01AUG25.110:25.C,.8125000,.8437500,110.2500000,C,.8130803,613.5181536,799.6420943,715.7541171
XCME.ZN1.01AUG25.112:75.C,INVALID,.0069999,112.7500000,C,.0011926,,935.8271175,846.0722136
