Key,BID,ASK,STRIKE,ITYPE,ADJTHEOR,IVBID,IVASK,IVAVERAGE
XCME.ZN.SEP25,111.1718750,111.1875000,INVALID,F,,,,
XCME.ZN1.01AUG25.112.P,.8437500,.8593750,112,P,.8288662,773.7362476,879.6190875,829.2717576
XCME.ZN1.01AUG25.112:25.C,.0069999,.0156250,112.2500000,C,.0036718,717.2144715,836.3179100,783.4278081
