Key,BID,ASK,STRIKE,ITYPE,ADJTHEOR,IVBID,IVASK,IVAVERAGE
XCME.ZN.SEP25,111.0312500,111.0468750,INVALID,F,,,,
XCME.ZN1.01AUG25.111:25.C,.1718750,.2031250,111.2500000,C,.1530924,712.6147598,802.0729938,757.4544751
XCME.ZN1.01AUG25.110:25.C,.8125000,.8437500,110.2500000,C,.8207542,548.1491828,760.0499203,668.9300411
XCME.ZN1.01AUG25.112:75.C,INVALID,.0069999,112.7500000,C,.0013090,,926.8260882,837.9912297
