Key,BID,ASK,STRIKE,ITYPE,ADJTHEOR,IVBID,IVASK,IVAVERAGE
XCME.ZN.SEP25,111.1406250,111.1562500,INVALID,F,,,,
XCME.ZN1.01AUG25.112:25.P,1.0937500,1.1250000,112.2500000,P,1.0989572,,1277.7383853,1095.1056350
XCME.ZN1.01AUG25.113.P,1.8437500,1.8593750,113,P,1.8480913,,1883.3316716,1647.2356360
