Key,BID,ASK,STRIKE,ITYPE,ADJTHEOR,IVBID,IVASK,IVAVERAGE
XCME.ZN.SEP25,111.1406250,111.1562500,INVALID,F,,,,
XCME.ZN1.01AUG25.113.C,INVALID,.0069999,113,C,.0000581,,1270.1604047,1150.2129484
XCME.ZN1.01AUG25.110:75.C,.4843750,.5000000,110.7500000,C,.4414190,838.2043325,904.4497715,871.5703554
