Key,BID,ASK,STRIKE,ITYPE,ADJTHEOR,IVBID,IVASK,IVAVERAGE
XCME.ZN.SEP25,111.1250000,111.1406250,INVALID,F,,,,
XCME.ZN1.01AUG25.110:5.C,.6718750,.6875000,110.5000000,C,.6456503,713.1794239,909.6912735,818.3877889
XCME.ZN1.01AUG25.112:25.P,1.1093750,1.1406250,112.2500000,P,1.1219136,769.2737609,1018.8702530,919.2420450
