Key,BID,ASK,STRIKE,ITYPE,ADJTHEOR,IVBID,IVASK,IVAVERAGE
XCME.ZN.SEP25,111.1562500,111.1718750,INVALID,F,,,,
XCME.ZN1.01AUG25.112.P,.8593750,.8906250,112,P,.8439743,779.4782086,975.8537166,885.2675401
XCME.ZN1.01AUG25.112:25.C,.0069999,.0156250,112.2500000,C,.0035803,720.8189803,839.9058825,787.0131471
