Key,BID,ASK,STRIKE,ITYPE,ADJTHEOR,IVBID,IVASK,IVAVERAGE
XCME.ZN.SEP25,111.1562500,111.1718750,INVALID,F,,,,
XCME.ZN1.01AUG25.112:5.C,INVALID,.0069999,112.5000000,C,.0002275,,1019.7688625,916.8960957
XCME.ZN1.01AUG25.112.C,.0156250,.0312500,112,C,.0045509,812.9732245,964.8590422,895.1064145
