Key,BID,ASK,STRIKE,ITYPE,ADJTHEOR,IVBID,IVASK,IVAVERAGE
XCME.ZN.SEP25,111.1718750,111.1875000,INVALID,F,,,,
XCME.ZN1.01AUG25.110:5.C,.7343750,.7656250,110.5000000,C,.7099890,785.6562705,947.7534432,870.4652080
XCME.ZN1.01AUG25.112:25.P,1.0625000,1.0937500,112.2500000,P,1.0627867,637.4882626,1002.9986747,868.6308951
