Key,BID,ASK,STRIKE,ITYPE,ADJTHEOR,IVBID,IVASK,IVAVERAGE
XCME.ZN.SEP25,111,111.0156250,INVALID,F,,,,
XCME.ZN1.01AUG25.110.P,.0156250,.0312500,110,P,.0078549,702.2395013,825.2488331,768.8787741
XCME.ZN1.01AUG25.111:75.P,.7656250,.7812500,111.7500000,P,.7702730,610.8477176,703.8766268,659.8914556
XCME.ZN1.01AUG25.112:75.P,1.7031250,1.7343750,112.7500000,P,1.7433384,,,
