Key,BID,ASK,STRIKE,ITYPE,ADJTHEOR,IVBID,IVASK,IVAVERAGE
XCME.ZN.SEP25,110.9687500,110.9843750,INVALID,F,,,,
XCME.ZN1.01AUG25.111:25.P,.4375000,.4531250,111.2500000,P,.4067938,702.3813477,749.1943902,725.8554179
XCME.ZN1.01AUG25.112:5.P,1.5156250,1.5468750,112.5000000,P,1.5339600,,,
XCME.ZN1.01AUG25.111:5.P,.6093750,.6250000,111.5000000,P,.5918253,588.9107105,716.4375796,655.1570132
