Key,BID,ASK,STRIKE,ITYPE,ADJTHEOR,IVBID,IVASK,IVAVERAGE
XCME.ZN.SEP25,111.2500000,111.2656250,INVALID,F,,,,
XCME.ZN1.01AUG25.111:5.C,.1406250,.1562500,111.5000000,C,.0900132,855.1842680,914.4634973,884.8962130
XCME.ZN1.01AUG25.111.C,.3906250,.4218750,111,C,.3413338,845.5681312,964.8869623,905.5434294
