Key,BID,ASK,STRIKE,ITYPE,ADJTHEOR,IVBID,IVASK,IVAVERAGE
XCME.ZN.SEP25,111,111.0156250,INVALID,F,,,,
XCME.ZN1.01AUG25.111:5.C,.0937500,.1093750,111.5000000,C,.0665042,750.6964473,805.9987646,778.5872514
XCME.ZN1.01AUG25.111.C,.2656250,.2968750,111,C,.2447087,717.9968236,805.0749120,761.5365172
XCME.ZN1.01AUG25.113.P,1.9843750,2.0156250,113,P,1.9850779,428.7299734,1402.0364533,1275.1105190
