Key,BID,ASK,STRIKE,ITYPE,ADJTHEOR,IVBID,IVASK,IVAVERAGE
XCME.ZN.SEP25,111.1718750,111.1875000,INVALID,F,,,,
XCME.ZN1.01AUG25.111.C,.3437500,.3593750,111,C,.2846694,884.8051037,944.6816099,914.7852808
XCME.ZN1.01AUG25.111:25.P,.2812500,.2968750,111.2500000,P,.2152944,846.5510770,961.9087213,904.2514693
