Key,BID,ASK,STRIKE,ITYPE,ADJTHEOR,IVBID,IVASK,IVAVERAGE
XCME.ZN.SEP25,111.2343750,111.2500000,INVALID,F,,,,
XCME.ZN1.01AUG25.112.P,.7656250,.7968750,112,P,.7671607,617.7386979,914.0364649,792.3703946
XCME.ZN1.01AUG25.112:25.C,.0069999,.0156250,112.2500000,C,.0020887,772.7737281,901.9907377,844.4409597
