Key,BID,ASK,STRIKE,ITYPE,ADJTHEOR,IVBID,IVASK,IVAVERAGE
XCME.ZN.SEP25,111.2187500,111.2343750,INVALID,F,,,,
XCME.ZN1.01AUG25.110:5.C,.7656250,.7968750,110.5000000,C,.7391065,869.3593019,1067.1304168,973.9882454
XCME.ZN1.01AUG25.111:75.C,.0625000,.0781250,111.7500000,C,.0288965,843.6605828,922.5332321,883.7139197
