Key,BID,ASK,STRIKE,ITYPE,ADJTHEOR,IVBID,IVASK,IVAVERAGE
XCME.ZN.SEP25,111.2031250,111.2187500,INVALID,F,,,,
XCME.ZN1.01AUG25.112:5.C,INVALID,.0156250,112.5000000,C,.0006511,,1058.9131751,931.8245660
XCME.ZN1.01AUG25.111:5.P,.4218750,.4531250,111.5000000,P,.3799197,761.2273568,881.3273300,821.8210736
