Key,BID,ASK,STRIKE,ITYPE,ADJTHEOR,IVBID,IVASK,IVAVERAGE
XCME.ZN.SEP25,111.2031250,111.2187500,INVALID,F,,,,
XCME.ZN1.01AUG25.110:75.P,.0781250,.0937500,110.7500000,P,.0431479,807.7961237,876.7011080,842.6140772
