Key,BID,ASK,STRIKE,ITYPE,ADJTHEOR,IVBID,IVASK,IVAVERAGE
XCME.ZN.SEP25,111.0156250,111.0312500,INVALID,F,,,,
XCME.ZN1.01AUG25.112.C,.0156250,.0312500,112,C,.0110402,689.0797109,810.8809588,755.0824826
XCME.ZN1.01AUG25.112:5.C,.0069999,.0156250,112.5000000,C,.0020246,828.8427979,954.6185960,899.0134874
XCME.ZN1.01AUG25.112:25.P,1.2187500,1.2500000,112.2500000,P,1.2430415,,773.6971609,
