Key,BID,ASK,STRIKE,ITYPE,ADJTHEOR,IVBID,IVASK,IVAVERAGE
XCME.ZN.SEP25,111.0781250,111.0937500,INVALID,F,,,,
XCME.ZN1.01AUG25.111:25.P,.3437500,.3750000,111.2500000,P,.2870817,854.0331507,960.1383150,907.1661920
XCME.ZN1.01AUG25.112:5.P,1.4062500,1.4375000,112.5000000,P,1.4067482,431.4729553,1099.4374864,1041.3862418
