Key,BID,ASK,STRIKE,ITYPE,ADJTHEOR,IVBID,IVASK,IVAVERAGE
XCME.ZN.SEP25,111.1562500,111.1718750,INVALID,F,,,,
XCME.ZN1.01AUG25.110:25.P,.0069999,.0312500,110.2500000,P,.0020045,746.2154338,1031.6299595,914.3146554
XCME.ZN1.01AUG25.110:5.P,.0312500,.0468750,110.5000000,P,.0105814,817.6349568,926.4193296,874.1691383
