Key,BID,ASK,STRIKE,ITYPE,ADJTHEOR,IVBID,IVASK,IVAVERAGE
XCME.ZN.SEP25,111.1562500,111.1718750,INVALID,F,,,,
XCME.ZN1.01AUG25.112:75.P,1.5625000,1.5937500,112.7500000,P,1.5938229,,310.8697693,
XCME.ZN1.01AUG25.111:75.P,.6250000,.6406250,111.7500000,P,.6117971,750.6022554,853.9353083,804.2360858
