Key,BID,ASK,STRIKE,ITYPE,ADJTHEOR,IVBID,IVASK,IVAVERAGE
XCME.ZN.SEP25,111.1562500,111.1718750,INVALID,F,,,,
XCME.ZN1.01AUG25.111:75.C,.0468750,.0781250,111.7500000,C,.0272694,765.9829373,926.1246739,849.1971289
XCME.ZN1.01AUG25.111.P,.1718750,.2031250,111,P,.1168233,850.2800129,959.8179411,905.1690931
