Key,BID,ASK,STRIKE,ITYPE,ADJTHEOR,IVBID,IVASK,IVAVERAGE
XCME.ZN.SEP25,111.0625000,111.0781250,INVALID,F,,,,
XCME.ZN1.01AUG25.113.C,INVALID,.0069999,113,C,.0000155,,1403.8742734,1273.1549600
XCME.ZN1.01AUG25.111:5.C,.0781250,.0937500,111.5000000,C,.0371377,871.0665624,946.0454003,908.9497051
