Key,BID,ASK,STRIKE,ITYPE,ADJTHEOR,IVBID,IVASK,IVAVERAGE
XCME.ZN.SEP25,111,111.0156250,INVALID,F,,,,
XCME.ZN1.01AUG25.112:5.C,.0069999,.0156250,112.5000000,C,.0021053,828.5120266,954.4002516,898.7581635
XCME.ZN1.01AUG25.112:25.P,1.2500000,1.2656250,112.2500000,P,1.2431424,773.3944478,926.7828147,858.7508333
XCME.ZN1.01AUG25.111:5.C,.0937500,.1093750,111.5000000,C,.0680542,743.4446027,798.0532067,770.9835635
