Key,BID,ASK,STRIKE,ITYPE,ADJTHEOR,IVBID,IVASK,IVAVERAGE
XCME.ZN.SEP25,111.1093750,111.1250000,INVALID,F,,,,
XCME.ZN1.01AUG25.110:5.C,.6406250,.6718750,110.5000000,C,.6345758,677.1962214,879.2928135,786.2873140
XCME.ZN1.01AUG25.112:25.P,1.1250000,1.1562500,112.2500000,P,1.1339405,,1065.6395502,921.5300943
