Key,BID,ASK,STRIKE,ITYPE,ADJTHEOR,IVBID,IVASK,IVAVERAGE
XCME.ZN.SEP25,111,111.0156250,INVALID,F,,,,
XCME.ZN1.01AUG25.112:75.P,1.7343750,1.7656250,112.7500000,P,1.7433384,,1176.9893995,1032.3736378
XCME.ZN1.01AUG25.110:5.P,.0937500,.1093750,110.5000000,P,.0601772,761.2543220,816.5183833,789.1215616
XCME.ZN1.01AUG25.112:25.C,.0069999,.0156250,112.2500000,C,.0042992,714.2098638,827.6508860,777.3249564
XCME.ZN1.01AUG25.112.P,1,1.0312500,112,P,1.0029907,759.0395217,953.3373971,865.0252923
