Key,BID,ASK,STRIKE,ITYPE,ADJTHEOR,IVBID,IVASK,IVAVERAGE
XCME.ZN.SEP25,111.1093750,111.1250000,INVALID,F,,,,
XCME.ZN1.01AUG25.112.P,.8906250,.9218750,112,P,.8999336,322.6689934,840.6535994,711.4655906
XCME.ZN1.01AUG25.112:25.C,.0069999,.0156250,112.2500000,C,.0029271,743.7042539,863.8549037,810.4534907
