Key,BID,ASK,STRIKE,ITYPE,ADJTHEOR,IVBID,IVASK,IVAVERAGE
XCME.ZN.SEP25,111.0625000,111.0781250,INVALID,F,,,,
XCME.ZN1.01AUG25.110:5.C,.6406250,.6718750,110.5000000,C,.6118092,798.7788204,949.7619354,876.7925019
XCME.ZN1.01AUG25.112:25.P,1.1562500,1.1875000,112.2500000,P,1.1656711,,1023.2900916,982.7551062
