Key,BID,ASK,STRIKE,ITYPE,ADJTHEOR,IVBID,IVASK,IVAVERAGE
XCME.ZN.SEP25,111.1562500,111.1718750,INVALID,F,,,,
XCME.ZN1.01AUG25.111:25.P,.2968750,.3281250,111.2500000,P,.2316968,888.8709189,998.1308656,943.5218516
XCME.ZN1.01AUG25.112:5.P,1.3281250,1.3593750,112.5000000,P,1.3285904,1101.4346229,1280.7170907,1199.0293770
