Key,BID,ASK,STRIKE,ITYPE,ADJTHEOR,IVBID,IVASK,IVAVERAGE
XCME.ZN.SEP25,111.0937500,111.1093750,INVALID,F,,,,
XCME.ZN1.01AUG25.111:25.P,.3281250,.3593750,111.2500000,P,.2736365,852.8726771,962.5120042,907.7715148
XCME.ZN1.01AUG25.112:5.P,1.3906250,1.4218750,112.5000000,P,1.3953000,,1268.0210380,1125.1907041
