Key,BID,ASK,STRIKE,ITYPE,ADJTHEOR,IVBID,IVASK,IVAVERAGE
XCME.ZN.SEP25,111.1562500,111.1718750,INVALID,F,,,,
XCME.ZN1.01AUG25.112:75.P,1.5781250,1.6093750,112.7500000,P,1.5829839,,1267.4616267,1128.4323941
