Key,BID,ASK,STRIKE,ITYPE,ADJTHEOR,IVBID,IVASK,IVAVERAGE
XCME.ZN.SEP25,111.0312500,111.0468750,INVALID,F,,,,
XCME.ZN1.01AUG25.110:5.P,.0781250,.0937500,110.5000000,P,.0562759,719.9648931,778.3209401,749.4874202
XCME.ZN1.01AUG25.112:25.C,.0069999,.0156250,112.2500000,C,.0041914,715.0017453,828.6364400,778.1846309
XCME.ZN1.01AUG25.112.P,.9843750,1.0156250,112,P,.9908507,547.0540304,730.6373219,656.8720344
