Key,BID,ASK,STRIKE,ITYPE,ADJTHEOR,IVBID,IVASK,IVAVERAGE
XCME.ZN.SEP25,111.1718750,111.1875000,INVALID,F,,,,
XCME.ZN1.01AUG25.111.P,.1562500,.1718750,111,P,.1022709,861.4454564,920.3384612,890.9384017
XCME.ZN1.01AUG25.110:75.C,.5156250,.5468750,110.7500000,C,.4791157,830.0357876,973.9123374,903.3890992
