Key,BID,ASK,STRIKE,ITYPE,ADJTHEOR,IVBID,IVASK,IVAVERAGE
XCME.ZN.SEP25,111.1250000,111.1406250,INVALID,F,,,,
XCME.ZN1.01AUG25.110:5.C,.6875000,.7187500,110.5000000,C,.6525055,748.1865602,907.8643642,831.6470843
XCME.ZN1.01AUG25.112:25.P,1.1093750,1.1406250,112.2500000,P,1.1231639,703.3375065,931.4760076,840.3789347
