Key,BID,ASK,STRIKE,ITYPE,ADJTHEOR,IVBID,IVASK,IVAVERAGE
XCME.ZN.SEP25,111.0156250,111.0312500,INVALID,F,,,,
XCME.ZN1.01AUG25.111.P,.2656250,.2812500,111,P,.2234906,776.9147563,820.4730569,798.6943228
XCME.ZN1.01AUG25.113.C,INVALID,.0069999,113,C,.0006955,,1066.3632242,966.9068450
XCME.ZN1.01AUG25.112.C,.0156250,.0312500,112,C,.0109386,690.5220011,813.1380011,756.9503923
