Key,BID,ASK,STRIKE,ITYPE,ADJTHEOR,IVBID,IVASK,IVAVERAGE
XCME.ZN.SEP25,111.1562500,111.1718750,INVALID,F,,,,
XCME.ZN1.01AUG25.110:25.C,.9218750,.9375000,110.2500000,C,.9196490,684.0633925,918.2352632,824.0355173
XCME.ZN1.01AUG25.112:75.C,INVALID,.0069999,112.7500000,C,.0000815,,1165.5701493,1052.0425197
