Key,BID,ASK,STRIKE,ITYPE,ADJTHEOR,IVBID,IVASK,IVAVERAGE
XCME.ZN.SEP25,111.1406250,111.1562500,INVALID,F,,,,
XCME.ZN1.01AUG25.113.P,1.8437500,1.8750000,113,P,1.8481294,,1601.5685021,1432.2774956
XCME.ZN1.01AUG25.112.C,.0156250,.0312500,112,C,.0060046,773.2370523,916.3707229,850.6213669
