Key,BID,ASK,STRIKE,ITYPE,ADJTHEOR,IVBID,IVASK,IVAVERAGE
XCME.ZN.SEP25,111.1406250,111.1562500,INVALID,F,,,,
XCME.ZN1.01AUG25.111:75.C,.0468750,.0625000,111.7500000,C,.0207516,822.3136858,910.1822275,867.3020674
XCME.ZN1.01AUG25.111.P,.1875000,.2031250,111,P,.1220220,893.5911247,949.7772486,921.7061370
