Key,BID,ASK,STRIKE,ITYPE,ADJTHEOR,IVBID,IVASK,IVAVERAGE
XCME.ZN.SEP25,111.2031250,111.2187500,INVALID,F,,,,
XCME.ZN1.01AUG25.110:25.C,.9531250,.9843750,110.2500000,C,.9592017,824.3430399,1128.1567999,998.9639354
XCME.ZN1.01AUG25.112:75.C,INVALID,.0069999,112.7500000,C,.0001151,,1117.0719855,1007.6301737
