Key,BID,ASK,STRIKE,ITYPE,ADJTHEOR,IVBID,IVASK,IVAVERAGE
XCME.ZN.SEP25,110.9687500,110.9843750,INVALID,F,,,,
XCME.ZN1.01AUG25.110:75.P,.1875000,.2031250,110.7500000,P,.1438407,778.4565439,823.3188078,800.9157333
XCME.ZN1.01AUG25.110:25.P,.0468750,.0625000,110.2500000,P,.0280839,723.0660473,796.4524521,760.7047769
XCME.ZN1.01AUG25.110.P,.0156250,.0312500,110,P,.0094769,679.0644037,799.3074977,744.1698409
XCME.ZN1.01AUG25.111:75.P,.8125000,.8281250,111.7500000,P,.8056969,683.4720655,769.5213975,728.2711630
