Key,BID,ASK,STRIKE,ITYPE,ADJTHEOR,IVBID,IVASK,IVAVERAGE
XCME.ZN.SEP25,111.1718750,111.1875000,INVALID,F,,,,
XCME.ZN1.01AUG25.111:75.C,.0468750,.0625000,111.7500000,C,.0258898,776.0168879,937.1314768,859.7608086
XCME.ZN1.01AUG25.111.P,.1718750,.2031250,111,P,.1211089,834.7232761,943.9094806,889.4270285
