Key,BID,ASK,STRIKE,ITYPE,ADJTHEOR,IVBID,IVASK,IVAVERAGE
XCME.ZN.SEP25,111.1093750,111.1250000,INVALID,F,,,,
XCME.ZN1.01AUG25.112:5.C,INVALID,.0156250,112.5000000,C,.0007991,,1043.5364849,920.5524656
XCME.ZN1.01AUG25.111:5.P,.4843750,.5156250,111.5000000,P,.4478443,798.4572768,915.3503661,857.5386497
