Key,BID,ASK,STRIKE,ITYPE,ADJTHEOR,IVBID,IVASK,IVAVERAGE
XCME.ZN.SEP25,111.1562500,111.1718750,INVALID,F,,,,
XCME.ZN1.01AUG25.111:5.C,.1093750,.1250000,111.5000000,C,.0660898,837.2217409,899.6919966,868.6197880
XCME.ZN1.01AUG25.111.C,.3281250,.3593750,111,C,.2805060,827.0482102,938.5700956,882.9216498
