Key,BID,ASK,STRIKE,ITYPE,ADJTHEOR,IVBID,IVASK,IVAVERAGE
XCME.ZN.SEP25,111.0937500,111.1093750,INVALID,F,,,,
XCME.ZN1.01AUG25.110:5.C,.6406250,.6718750,110.5000000,C,.6078880,834.4541590,992.0505111,915.8859117
XCME.ZN1.01AUG25.112:25.P,1.1562500,1.1875000,112.2500000,P,1.1651555,,859.5934496,769.6979893
