Key,BID,ASK,STRIKE,ITYPE,ADJTHEOR,IVBID,IVASK,IVAVERAGE
XCME.ZN.SEP25,111.0937500,111.1093750,INVALID,F,,,,
XCME.ZN1.01AUG25.112:75.C,INVALID,.0069999,112.7500000,C,.0002263,,1077.4130272,973.7616158
XCME.ZN1.01AUG25.110:25.C,.8750000,.9062500,110.2500000,C,.8698147,692.4329034,959.7003071,845.9202501
