Key,BID,ASK,STRIKE,ITYPE,ADJTHEOR,IVBID,IVASK,IVAVERAGE
XCME.ZN.SEP25,111.1406250,111.1562500,INVALID,F,,,,
XCME.ZN1.01AUG25.111:25.P,.2968750,.3281250,111.2500000,P,.2463556,950.3209107,1005.4501111,977.8941969
XCME.ZN1.01AUG25.112:5.P,1.3437500,1.3750000,112.5000000,P,1.3554367,1182.0640220,1347.9292215,1271.0096728
