Key,BID,ASK,STRIKE,ITYPE,ADJTHEOR,IVBID,IVASK,IVAVERAGE
XCME.ZN.SEP25,111.1093750,111.1250000,INVALID,F,,,,
XCME.ZN1.01AUG25.112.P,.8906250,.9062500,112,P,.8841157,747.5733783,909.9902740,837.3215812
XCME.ZN1.01AUG25.112:25.C,.0069999,.0156250,112.2500000,C,.0011525,837.6504805,973.3790625,913.0931700
