Key,BID,ASK,STRIKE,ITYPE,ADJTHEOR,IVBID,IVASK,IVAVERAGE
XCME.ZN.SEP25,111.0781250,111.0937500,INVALID,F,,,,
XCME.ZN1.01AUG25.110:25.P,.0312500,.0468750,110.2500000,P,.0084019,834.9850142,939.2318330,889.3143891
