Key,BID,ASK,STRIKE,ITYPE,ADJTHEOR,IVBID,IVASK,IVAVERAGE
XCME.ZN.SEP25,111.2343750,111.2500000,INVALID,F,,,,
XCME.ZN1.01AUG25.110:75.P,.0781250,.0937500,110.7500000,P,.0321888,880.8694561,953.7749595,917.7299410
