Key,BID,ASK,STRIKE,ITYPE,ADJTHEOR,IVBID,IVASK,IVAVERAGE
XCME.ZN.SEP25,111.1093750,111.1250000,INVALID,F,,,,
XCME.ZN1.01AUG25.113.C,INVALID,.0069999,113,C,.0000702,,1259.9885588,1141.7025568
XCME.ZN1.01AUG25.110:75.C,.4687500,.4843750,110.7500000,C,.4201791,785.4116051,911.3349844,849.1542670
