Key,BID,ASK,STRIKE,ITYPE,ADJTHEOR,IVBID,IVASK,IVAVERAGE
XCME.ZN.SEP25,111.1093750,111.1250000,INVALID,F,,,,
XCME.ZN1.01AUG25.111:5.C,.0937500,.1250000,111.5000000,C,.0547822,825.4922453,955.5826319,891.3759601
XCME.ZN1.01AUG25.111.C,.3125000,.3281250,111,C,.2525937,863.4867833,918.9809571,891.2494463
