Key,BID,ASK,STRIKE,ITYPE,ADJTHEOR,IVBID,IVASK,IVAVERAGE
XCME.ZN.SEP25,111.1718750,111.1875000,INVALID,F,,,,
XCME.ZN1.01AUG25.113.C,INVALID,.0069999,113,C,.0000349,,1309.3148472,1184.9554650
XCME.ZN1.01AUG25.111:5.C,.1093750,.1250000,111.5000000,C,.0630668,860.6620032,926.2841754,893.6359882
