Key,BID,ASK,STRIKE,ITYPE,ADJTHEOR,IVBID,IVASK,IVAVERAGE
XCME.ZN.SEP25,111.1250000,111.1406250,INVALID,F,,,,
XCME.ZN1.01AUG25.112.P,.8750000,.9062500,112,P,.8760663,617.1171930,963.4674070,831.0811095
XCME.ZN1.01AUG25.112:25.C,.0069999,.0156250,112.2500000,C,.0013238,824.2362408,958.2917964,898.7111780
