Key,BID,ASK,STRIKE,ITYPE,ADJTHEOR,IVBID,IVASK,IVAVERAGE
XCME.ZN.SEP25,111.1093750,111.1250000,INVALID,F,,,,
XCME.ZN1.01AUG25.110.C,1.0937500,1.1250000,110,C,1.0997154,834.1629685,1131.0839733,1005.6937090
XCME.ZN1.01AUG25.111:25.C,.2031250,.2187500,111.2500000,C,.1349501,889.8981542,942.1559298,916.0445193
