Key,BID,ASK,STRIKE,ITYPE,ADJTHEOR,IVBID,IVASK,IVAVERAGE
XCME.ZN.SEP25,111,111.0156250,INVALID,F,,,,
XCME.ZN1.01AUG25.111:75.C,.0468750,.0625000,111.7500000,C,.0257085,675.5406425,837.1506153,761.6400413
XCME.ZN1.01AUG25.110:5.C,.5937500,.6093750,110.5000000,C,.5563430,775.5350472,830.6400497,803.3177493
XCME.ZN1.01AUG25.110:75.C,.4218750,.4375000,110.7500000,C,.3764203,786.0817251,832.1621270,809.1593907
