Key,BID,ASK,STRIKE,ITYPE,ADJTHEOR,IVBID,IVASK,IVAVERAGE
XCME.ZN.SEP25,111.0781250,111.0937500,INVALID,F,,,,
XCME.ZN1.01AUG25.111:5.C,.1093750,.1250000,111.5000000,C,.0569822,874.4697412,936.0863741,905.4608216
XCME.ZN1.01AUG25.111.C,.3125000,.3281250,111,C,.2492093,870.0268398,974.3543313,922.2172268
