Key,BID,ASK,STRIKE,ITYPE,ADJTHEOR,IVBID,IVASK,IVAVERAGE
XCME.ZN.SEP25,111.1250000,111.1406250,INVALID,F,,,,
XCME.ZN1.01AUG25.113.P,1.8593750,1.8906250,113,P,1.8637456,,1375.5369831,1284.2559454
XCME.ZN1.01AUG25.112.C,.0156250,.0312500,112,C,.0052964,788.5440777,933.3139872,866.8215943
