Key,BID,ASK,STRIKE,ITYPE,ADJTHEOR,IVBID,IVASK,IVAVERAGE
XCME.ZN.SEP25,111,111.0156250,INVALID,F,,,,
XCME.ZN1.01AUG25.110:5.P,.0781250,.1093750,110.5000000,P,.0569120,718.4309368,832.9790119,776.8636221
XCME.ZN1.01AUG25.112:25.C,.0069999,.0156250,112.2500000,C,.0041214,718.8321597,833.2709706,782.5444028
XCME.ZN1.01AUG25.112.P,1,1.0312500,112,P,.9948796,696.5072946,916.3267315,819.9534175
