Key,BID,ASK,STRIKE,ITYPE,ADJTHEOR,IVBID,IVASK,IVAVERAGE
XCME.ZN.SEP25,111.0312500,111.0468750,INVALID,F,,,,
XCME.WY5.30JUL25.111.P,INVALID,.0156250,111,P,.0016791,,1367.3313758,962.0734383
XCME.ZN1.01AUG25.110:75.P,.1562500,.1718750,110.7500000,P,.1156357,772.2655345,818.9939685,795.6886168
XCME.ZN1.01AUG25.110:25.P,.0312500,.0625000,110.2500000,P,.0203792,690.9613700,854.8584159,778.4445245
