Key,BID,ASK,STRIKE,ITYPE,ADJTHEOR,IVBID,IVASK,IVAVERAGE
XCME.ZN.SEP25,111.0468750,111.0625000,INVALID,F,,,,
XCME.ZN1.01AUG25.110.C,1.0625000,1.0781250,110,C,1.0423261,815.9582255,919.2628573,870.2625763
XCME.ZN1.01AUG25.111:25.P,.3750000,.4062500,111.2500000,P,.3601781,701.9699703,792.9859299,747.6177961
XCME.ZN1.01AUG25.112:5.P,1.4375000,1.4687500,112.5000000,P,1.4664761,,766.1280334,581.9917703
