Key,BID,ASK,STRIKE,ITYPE,ADJTHEOR,IVBID,IVASK,IVAVERAGE
XCME.ZN.SEP25,111.0781250,111.0937500,INVALID,F,,,,
XCME.ZN1.01AUG25.111:75.C,.0468750,.0625000,111.7500000,C,.0236661,788.9661919,871.5533649,831.2806935
XCME.ZN1.01AUG25.111.P,.2187500,.2500000,111,P,.1561991,861.6295285,963.2003368,912.4458458
