Key,BID,ASK,STRIKE,ITYPE,ADJTHEOR,IVBID,IVASK,IVAVERAGE
XCME.ZN.SEP25,111.1562500,111.1718750,INVALID,F,,,,
XCME.ZN1.01AUG25.112:5.C,INVALID,.0069999,112.5000000,C,.0002548,,1006.2739331,904.3592275
XCME.ZN1.01AUG25.112.C,.0156250,.0312500,112,C,.0051271,798.3652747,948.6889782,879.6528662
