Key,BID,ASK,STRIKE,ITYPE,ADJTHEOR,IVBID,IVASK,IVAVERAGE
XCME.ZN.SEP25,111.1875000,111.2031250,INVALID,F,,,,
XCME.ZN1.01AUG25.112.P,.8281250,.8593750,112,P,.8069309,808.4093573,987.4025339,903.3121632
XCME.ZN1.01AUG25.112:25.C,.0069999,.0156250,112.2500000,C,.0043167,698.8969199,815.5806561,763.7320574
