Key,BID,ASK,STRIKE,ITYPE,ADJTHEOR,IVBID,IVASK,IVAVERAGE
XCME.ZN.SEP25,111.0625000,111.0781250,INVALID,F,,,,
XCME.ZN1.01AUG25.112:5.C,INVALID,.0069999,112.5000000,C,.0001014,,1091.6253054,983.7870652
XCME.ZN1.01AUG25.112.C,.0069999,.0156250,112,C,.0021687,766.2257773,895.8460385,837.9837507
