Key,BID,ASK,STRIKE,ITYPE,ADJTHEOR,IVBID,IVASK,IVAVERAGE
XCME.ZN.SEP25,111.2031250,111.2187500,INVALID,F,,,,
XCME.ZN1.01AUG25.112:25.C,.0069999,.0156250,112.2500000,C,.0015906,803.3423361,937.3152403,877.7249797
