Key,BID,ASK,STRIKE,ITYPE,ADJTHEOR,IVBID,IVASK,IVAVERAGE
XCME.ZN.SEP25,110.9843750,111,INVALID,F,,,,
XCME.ZN1.01AUG25.111:25.P,.4218750,.4375000,111.2500000,P,.3876858,712.4618455,804.2653707,758.5517775
XCME.ZN1.01AUG25.112:5.P,1.5000000,1.5156250,112.5000000,P,1.5063476,,906.3437938,843.2468440
XCME.ZN1.01AUG25.111:5.P,.5937500,.6093750,111.5000000,P,.5690745,682.9845498,796.5159038,740.9690639
