Key,BID,ASK,STRIKE,ITYPE,ADJTHEOR,IVBID,IVASK,IVAVERAGE
XCME.ZN.SEP25,111.2031250,111.2187500,INVALID,F,,,,
XCME.ZN1.01AUG25.112:75.C,INVALID,.0069999,112.7500000,C,.0002647,,1042.3514232,940.1679751
XCME.ZN1.01AUG25.110:25.C,.9687500,1,110.2500000,C,.9671939,656.1180313,1010.7544067,875.6831383
