Key,BID,ASK,STRIKE,ITYPE,ADJTHEOR,IVBID,IVASK,IVAVERAGE
XCME.ZN.SEP25,111.1562500,111.1718750,INVALID,F,,,,
XCME.ZN1.01AUG25.112:75.C,INVALID,.0069999,112.7500000,C,.0005059,,993.7166224,897.0118319
XCME.ZN1.01AUG25.110:25.C,.9375000,.9531250,110.2500000,C,.9234870,782.8794081,905.7363530,848.3993924
