Key,BID,ASK,STRIKE,ITYPE,ADJTHEOR,IVBID,IVASK,IVAVERAGE
XCME.ZN.SEP25,111.0937500,111.1093750,INVALID,F,,,,
XCME.ZN1.01AUG25.113.C,INVALID,.0069999,113,C,.0000145,,1398.2451213,1267.3734540
XCME.ZN1.01AUG25.111:5.C,.0781250,.0937500,111.5000000,C,.0420299,840.8945963,915.3170123,878.4754304
