Key,BID,ASK,STRIKE,ITYPE,ADJTHEOR,IVBID,IVASK,IVAVERAGE
XCME.ZN.SEP25,111.1562500,111.1718750,INVALID,F,,,,
XCME.ZN1.01AUG25.112.P,.8437500,.8750000,112,P,.8461439,803.3033385,1039.9429299,933.3778952
XCME.ZN1.01AUG25.112:25.C,.0069999,.0156250,112.2500000,C,.0016907,799.9886083,931.9554344,873.3636833
