Key,BID,ASK,STRIKE,ITYPE,ADJTHEOR,IVBID,IVASK,IVAVERAGE
XCME.ZN.SEP25,111.1406250,111.1562500,INVALID,F,,,,
XCME.ZN1.01AUG25.110:5.C,.7031250,.7343750,110.5000000,C,.6704530,822.3630015,972.6245876,900.1129503
XCME.ZN1.01AUG25.112:25.P,1.0937500,1.1093750,112.2500000,P,1.1044753,,757.5702744,676.4930621
