Key,BID,ASK,STRIKE,ITYPE,ADJTHEOR,IVBID,IVASK,IVAVERAGE
XCME.ZN.SEP25,111.1562500,111.1718750,INVALID,F,,,,
XCME.ZN1.01AUG25.110:5.C,.7031250,.7343750,110.5000000,C,.6772267,789.9262400,947.3818847,871.9373603
XCME.ZN1.01AUG25.112:25.P,1.0937500,1.1250000,112.2500000,P,1.0967109,220.2008902,1011.7668905,905.8288793
