Key,BID,ASK,STRIKE,ITYPE,ADJTHEOR,IVBID,IVASK,IVAVERAGE
XCME.ZN.SEP25,111.1875000,111.2031250,INVALID,F,,,,
XCME.ZN1.01AUG25.112:5.C,INVALID,.0156250,112.5000000,C,.0006357,,1064.5511884,937.0982676
XCME.ZN1.01AUG25.111:5.P,.4375000,.4531250,111.5000000,P,.3920003,836.7311995,896.3894898,866.6869942
