Key,BID,ASK,STRIKE,ITYPE,ADJTHEOR,IVBID,IVASK,IVAVERAGE
XCME.ZN.SEP25,111.1562500,111.1718750,INVALID,F,,,,
XCME.ZN1.01AUG25.110:5.C,.7031250,.7343750,110.5000000,C,.6633924,855.3819837,1000.2638181,929.9903262
XCME.ZN1.01AUG25.112:25.P,1.0937500,1.1250000,112.2500000,P,1.1121671,,869.9511759,680.5523911
