Key,BID,ASK,STRIKE,ITYPE,ADJTHEOR,IVBID,IVASK,IVAVERAGE
XCME.ZN.SEP25,111.1875000,111.2031250,INVALID,F,,,,
XCME.ZN1.01AUG25.111:25.P,.2812500,.3125000,111.2500000,P,.2204465,865.5948163,971.0412530,918.3251698
XCME.ZN1.01AUG25.112:5.P,1.2812500,1.3125000,112.5000000,P,1.2975686,,1047.2033061,825.9050837
