Key,BID,ASK,STRIKE,ITYPE,ADJTHEOR,IVBID,IVASK,IVAVERAGE
XCME.ZN.SEP25,111.1406250,111.1562500,INVALID,F,,,,
XCME.ZN1.01AUG25.112:75.C,INVALID,.0069999,112.7500000,C,.0003866,,1021.5308805,922.5782379
XCME.ZN1.01AUG25.110:25.C,.9062500,.9375000,110.2500000,C,.9011236,688.7813215,949.8915861,838.7646663
