Key,BID,ASK,STRIKE,ITYPE,ADJTHEOR,IVBID,IVASK,IVAVERAGE
XCME.ZN.SEP25,110.9531250,110.9687500,INVALID,F,,,,
XCME.ZN1.01AUG25.111:5.P,.6093750,.6406250,111.5000000,P,.6002211,683.9803166,801.7665371,744.3642937
XCME.WY5.30JUL25.111:25.C,INVALID,INVALID,111.2500000,C,0,,,
XCME.WY5.30JUL25.111:5.C,INVALID,INVALID,111.5000000,C,0,,,
