Key,BID,ASK,STRIKE,ITYPE,ADJTHEOR,IVBID,IVASK,IVAVERAGE
XCME.ZN.SEP25,111.1250000,111.1406250,INVALID,F,,,,
XCME.ZN1.01AUG25.112:5.C,INVALID,.0156250,112.5000000,C,.0008362,,1036.5620876,914.1106009
XCME.ZN1.01AUG25.111:5.P,.4843750,.5000000,111.5000000,P,.4452973,807.1362143,922.6683222,865.4859338
