Key,BID,ASK,STRIKE,ITYPE,ADJTHEOR,IVBID,IVASK,IVAVERAGE
XCME.ZN.SEP25,111.1718750,111.1875000,INVALID,F,,,,
XCME.ZN1.01AUG25.111:5.C,.1250000,.1562500,111.5000000,C,.0799014,823.7531857,935.1828791,879.8889875
XCME.ZN1.01AUG25.111.C,.3593750,.3750000,111,C,.2970695,859.3493287,910.1313914,884.7597982
