Key,BID,ASK,STRIKE,ITYPE,ADJTHEOR,IVBID,IVASK,IVAVERAGE
XCME.ZN.SEP25,111.1562500,111.1718750,INVALID,F,,,,
XCME.ZN1.01AUG25.112:75.P,1.5625000,1.5937500,112.7500000,P,1.5825378,,1243.5176888,1157.7052765
XCME.ZN1.01AUG25.111:75.P,.6093750,.6406250,111.7500000,P,.6026889,697.8836187,895.6699784,803.6098759
