Key,BID,ASK,STRIKE,ITYPE,ADJTHEOR,IVBID,IVASK,IVAVERAGE
XCME.ZN.SEP25,111.1250000,111.1406250,INVALID,F,,,,
XCME.ZN1.01AUG25.111:5.C,.0937500,.1093750,111.5000000,C,.0583120,811.8698561,877.5545019,844.9466432
XCME.ZN1.01AUG25.111.C,.3125000,.3281250,111,C,.2631150,835.0564463,891.1858543,863.1430960
