Key,BID,ASK,STRIKE,ITYPE,ADJTHEOR,IVBID,IVASK,IVAVERAGE
XCME.ZN.SEP25,111.1562500,111.1718750,INVALID,F,,,,
XCME.ZN1.01AUG25.111:5.C,.1250000,.1406250,111.5000000,C,.0840245,804.5204955,859.5216683,832.1337863
XCME.ZN1.01AUG25.111.C,.3593750,.3750000,111,C,.3030194,836.5504489,886.4574460,861.5242688
