Key,BID,ASK,STRIKE,ITYPE,ADJTHEOR,IVBID,IVASK,IVAVERAGE
XCME.ZN.SEP25,111.1718750,111.1875000,INVALID,F,,,,
XCME.ZN1.01AUG25.112:5.C,.0069999,.0156250,112.5000000,C,.0013052,846.2219197,979.6413317,920.6155766
XCME.ZN1.01AUG25.111:5.P,.4375000,.4687500,111.5000000,P,.3929817,815.3608296,923.2556400,869.6248202
