Key,BID,ASK,STRIKE,ITYPE,ADJTHEOR,IVBID,IVASK,IVAVERAGE
XCME.ZN.SEP25,111.1562500,111.1718750,INVALID,F,,,,
XCME.ZN1.01AUG25.110:25.C,.9062500,.9375000,110.2500000,C,.9042342,676.2302128,1054.3972186,910.4366006
XCME.ZN1.01AUG25.112:75.C,INVALID,.0069999,112.7500000,C,.0000694,,1181.8779649,1067.3804228
