Key,BID,ASK,STRIKE,ITYPE,ADJTHEOR,IVBID,IVASK,IVAVERAGE
XCME.ZN.SEP25,111.1718750,111.1875000,INVALID,F,,,,
XCME.ZN1.01AUG25.110:75.P,.0937500,.1093750,110.7500000,P,.0475073,855.6461707,922.2896175,889.2246809
