Key,BID,ASK,STRIKE,ITYPE,ADJTHEOR,IVBID,IVASK,IVAVERAGE
XCME.ZN.SEP25,110.9843750,111,INVALID,F,,,,
XCME.ZN1.01AUG25.111:25.C,.1562500,.1875000,111.2500000,C,.1327578,727.2708997,819.1302632,773.3793272
XCME.ZN1.01AUG25.110:25.C,.7812500,.8125000,110.2500000,C,.7707923,683.1442397,837.3023511,764.7123631
XCME.ZN1.01AUG25.112:75.C,INVALID,.0069999,112.7500000,C,.0011446,,953.8088536,862.9554707
