Key,BID,ASK,STRIKE,ITYPE,ADJTHEOR,IVBID,IVASK,IVAVERAGE
XCME.ZN.SEP25,111.1562500,111.1718750,INVALID,F,,,,
XCME.ZN1.01AUG25.112:75.C,INVALID,.0069999,112.7500000,C,.0001404,,1116.0968728,1008.0675401
XCME.ZN1.01AUG25.110:25.C,.9062500,.9375000,110.2500000,C,.8910198,834.1340301,1080.1731031,969.9364096
