Key,BID,ASK,STRIKE,ITYPE,ADJTHEOR,IVBID,IVASK,IVAVERAGE
XCME.ZN.SEP25,111.2187500,111.2343750,INVALID,F,,,,
XCME.ZN1.01AUG25.112:75.P,1.5156250,1.5468750,112.7500000,P,1.5270735,,1324.8631680,1125.8602255
XCME.ZN1.01AUG25.111:75.P,.5781250,.6093750,111.7500000,P,.5549558,789.5825735,950.8480029,872.9848341
