Key,BID,ASK,STRIKE,ITYPE,ADJTHEOR,IVBID,IVASK,IVAVERAGE
XCME.ZN.SEP25,111.0781250,111.0937500,INVALID,F,,,,
XCME.ZN1.01AUG25.112:5.C,INVALID,.0156250,112.5000000,C,.0004982,,1099.4374864,970.5222015
XCME.ZN1.01AUG25.111:5.P,.5156250,.5312500,111.5000000,P,.4632321,811.1639912,936.0867976,874.4704806
