Key,BID,ASK,STRIKE,ITYPE,ADJTHEOR,IVBID,IVASK,IVAVERAGE
XCME.ZN.SEP25,111.1718750,111.1875000,INVALID,F,,,,
XCME.ZN1.01AUG25.112:5.C,INVALID,.0156250,112.5000000,C,.0006121,,1069.1187255,941.0899043
XCME.ZN1.01AUG25.111:5.P,.4375000,.4687500,111.5000000,P,.3913321,840.3191563,959.2507959,900.2332750
