Key,BID,ASK,STRIKE,ITYPE,ADJTHEOR,IVBID,IVASK,IVAVERAGE
XCME.ZN.SEP25,111.1093750,111.1250000,INVALID,F,,,,
XCME.ZN1.01AUG25.113.C,INVALID,.0069999,113,C,.0001334,,1195.8447625,1083.5124785
XCME.ZN1.01AUG25.110:75.C,.4843750,.5000000,110.7500000,C,.4241123,838.8273499,956.2511490,898.0928587
