Key,BID,ASK,STRIKE,ITYPE,ADJTHEOR,IVBID,IVASK,IVAVERAGE
XCME.ZN.SEP25,111.1406250,111.1562500,INVALID,F,,,,
XCME.ZN1.01AUG25.110.C,1.1406250,1.1718750,110,C,1.1309959,833.2392988,1127.2170308,1003.1804554
XCME.ZN1.01AUG25.111:25.C,.2187500,.2343750,111.2500000,C,.1521450,876.8119536,927.3791355,902.1057667
