Key,BID,ASK,STRIKE,ITYPE,ADJTHEOR,IVBID,IVASK,IVAVERAGE
XCME.ZN.SEP25,111.1250000,111.1406250,INVALID,F,,,,
XCME.ZN1.01AUG25.111:75.C,.0468750,.0781250,111.7500000,C,.0261590,769.8894527,926.2163431,851.2425994
XCME.ZN1.01AUG25.111.P,.2031250,.2187500,111,P,.1484063,835.4685192,886.3784772,860.9364213
