Key,BID,ASK,STRIKE,ITYPE,ADJTHEOR,IVBID,IVASK,IVAVERAGE
XCME.ZN.SEP25,111.1562500,111.1718750,INVALID,F,,,,
XCME.ZN1.01AUG25.111:25.C,.1875000,.2187500,111.2500000,C,.1397943,839.5713721,898.1068565,868.8488271
