Key,BID,ASK,STRIKE,ITYPE,ADJTHEOR,IVBID,IVASK,IVAVERAGE
XCME.ZN.SEP25,111.1875000,111.2031250,INVALID,F,,,,
XCME.ZN1.01AUG25.110:5.C,.7500000,.7656250,110.5000000,C,.7107351,781.6183137,944.5529939,866.9243491
XCME.ZN1.01AUG25.112:25.P,1.0468750,1.0781250,112.2500000,P,1.0619904,657.7835163,876.1905859,788.9538992
