Key,BID,ASK,STRIKE,ITYPE,ADJTHEOR,IVBID,IVASK,IVAVERAGE
XCME.ZN.SEP25,111.1562500,111.1718750,INVALID,F,,,,
XCME.ZN1.01AUG25.112.P,.8437500,.8750000,112,P,.8653146,,774.1042182,596.6032877
XCME.ZN1.01AUG25.112:25.C,.0069999,.0156250,112.2500000,C,.0014874,812.8712250,945.9358837,886.8611904
