Key,BID,ASK,STRIKE,ITYPE,ADJTHEOR,IVBID,IVASK,IVAVERAGE
XCME.ZN.SEP25,111.1875000,111.2031250,INVALID,F,,,,
XCME.ZN1.01AUG25.111:5.C,.1406250,.1562500,111.5000000,C,.0931305,824.1919151,877.8610902,851.1082639
XCME.ZN1.01AUG25.111.C,.3750000,.4062500,111,C,.3238061,822.2168825,923.6455073,873.0499430
