Key,BID,ASK,STRIKE,ITYPE,ADJTHEOR,IVBID,IVASK,IVAVERAGE
XCME.ZN.SEP25,111.0156250,111.0312500,INVALID,F,,,,
XCME.ZN1.01AUG25.111.P,.2500000,.2812500,111,P,.2225312,735.8132565,822.6847514,779.2512761
XCME.ZN1.01AUG25.113.C,INVALID,.0069999,113,C,.0007296,,1061.5000972,962.5043920
XCME.ZN1.01AUG25.112.C,.0156250,.0312500,112,C,.0112719,686.4928462,808.4723043,752.5483853
