Key,BID,ASK,STRIKE,ITYPE,ADJTHEOR,IVBID,IVASK,IVAVERAGE
XCME.ZN.SEP25,111.2031250,111.2187500,INVALID,F,,,,
XCME.ZN1.01AUG25.113.C,INVALID,.0069999,113,C,.0000675,,1236.1114420,1118.5571623
XCME.ZN1.01AUG25.110:75.C,.5468750,.5781250,110.7500000,C,.5043143,859.4072809,1001.1398697,931.6328749
