Key,BID,ASK,STRIKE,ITYPE,ADJTHEOR,IVBID,IVASK,IVAVERAGE
XCME.ZN.SEP25,111.1718750,111.1875000,INVALID,F,,,,
XCME.ZN1.01AUG25.112:5.C,.0069999,.0156250,112.5000000,C,.0010941,870.1307978,1005.4799886,945.5563109
XCME.ZN1.01AUG25.111:5.P,.4531250,.4843750,111.5000000,P,.4340016,727.2193391,841.5392337,785.0442790
