Key,BID,ASK,STRIKE,ITYPE,ADJTHEOR,IVBID,IVASK,IVAVERAGE
XCME.ZN.SEP25,111.0781250,111.0937500,INVALID,F,,,,
XCME.ZN1.01AUG25.111.C,.2812500,.2968750,111,C,.2271940,862.9135139,921.9083686,892.4227699
XCME.ZN1.01AUG25.111:25.P,.3281250,.3437500,111.2500000,P,.2657781,842.2823264,962.7860566,902.6678702
