Key,BID,ASK,STRIKE,ITYPE,ADJTHEOR,IVBID,IVASK,IVAVERAGE
XCME.ZN.SEP25,111.0781250,111.0937500,INVALID,F,,,,
XCME.ZN1.01AUG25.111:25.P,.3593750,.3750000,111.2500000,P,.2913586,891.0417382,943.6716371,917.3763897
XCME.ZN1.01AUG25.112:5.P,1.4062500,1.4375000,112.5000000,P,1.4110894,,1225.0040274,1087.4039957
