Key,BID,ASK,STRIKE,ITYPE,ADJTHEOR,IVBID,IVASK,IVAVERAGE
XCME.ZN.SEP25,111.1562500,111.1718750,INVALID,F,,,,
XCME.ZN1.01AUG25.111:75.C,.0468750,.0625000,111.7500000,C,.0234220,798.0136024,884.0940084,842.0717108
XCME.ZN1.01AUG25.111.P,.1718750,.2031250,111,P,.1165484,856.4460905,968.5976009,912.6346188
