Key,BID,ASK,STRIKE,ITYPE,ADJTHEOR,IVBID,IVASK,IVAVERAGE
XCME.ZN.SEP25,110.9531250,110.9687500,INVALID,F,,,,
XCME.ZN1.01AUG25.111:75.C,.0312500,.0625000,111.7500000,C,.0225513,696.8927457,859.7769926,783.8003147
XCME.ZN1.01AUG25.110:5.C,.5625000,.5781250,110.5000000,C,.5195997,785.4870138,886.8608897,836.6891225
XCME.ZN1.01AUG25.110:75.C,.3906250,.4218750,110.7500000,C,.3481302,774.1168317,862.6215770,818.4503260
