Key,BID,ASK,STRIKE,ITYPE,ADJTHEOR,IVBID,IVASK,IVAVERAGE
XCME.ZN.SEP25,111.1718750,111.1875000,INVALID,F,,,,
XCME.ZN1.01AUG25.110:25.C,.9375000,.9531250,110.2500000,C,.9384724,559.3629034,893.6567679,784.7865589
XCME.ZN1.01AUG25.112:75.C,INVALID,.0069999,112.7500000,C,.0000881,,1153.4854599,1040.6322847
