Key,BID,ASK,STRIKE,ITYPE,ADJTHEOR,IVBID,IVASK,IVAVERAGE
XCME.ZN.SEP25,111,111.0156250,INVALID,F,,,,
XCME.ZN1.01AUG25.111.C,.2812500,.3125000,111,C,.2480884,750.5050187,836.3195697,793.4128441
XCME.ZN1.01AUG25.113.P,1.9843750,2.0156250,113,P,1.9851400,376.8221418,1381.8028183,1205.9915592
XCME.ZN1.01AUG25.110.C,1.0156250,1.0468750,110,C,1.0233658,342.3719570,827.5385224,739.4054123
