Key,BID,ASK,STRIKE,ITYPE,ADJTHEOR,IVBID,IVASK,IVAVERAGE
XCME.ZN.SEP25,111.1093750,111.1250000,INVALID,F,,,,
XCME.ZN1.01AUG25.110.C,1.1250000,1.1562500,110,C,1.1344056,,783.6566022,699.9580054
XCME.ZN1.01AUG25.111:25.C,.2031250,.2187500,111.2500000,C,.1527660,824.6239686,875.4473031,850.0473718
