Key,BID,ASK,STRIKE,ITYPE,ADJTHEOR,IVBID,IVASK,IVAVERAGE
XCME.ZN.SEP25,111.1562500,111.1718750,INVALID,F,,,,
XCME.ZN1.01AUG25.111.C,.3281250,.3437500,111,C,.2800864,838.3398951,897.1540609,867.7873755
XCME.ZN1.01AUG25.111:25.P,.2968750,.3125000,111.2500000,P,.2244664,867.6387654,981.3781683,924.5346086
