Key,BID,ASK,STRIKE,ITYPE,ADJTHEOR,IVBID,IVASK,IVAVERAGE
XCME.ZN.SEP25,111.0312500,111.0468750,INVALID,F,,,,
XCME.WY5.30JUL25.111.P,INVALID,.0156250,111,P,.0005462,,1597.6368242,1163.3799955
XCME.ZN1.01AUG25.110:75.P,.1562500,.1718750,110.7500000,P,.1150827,773.0849587,819.8265639,796.5146804
XCME.ZN1.01AUG25.110:25.P,.0312500,.0625000,110.2500000,P,.0202028,691.7457683,855.7006165,779.2613817
