Key,BID,ASK,STRIKE,ITYPE,ADJTHEOR,IVBID,IVASK,IVAVERAGE
XCME.ZN.SEP25,111.1093750,111.1250000,INVALID,F,,,,
XCME.ZN1.01AUG25.111:5.C,.1093750,.1250000,111.5000000,C,.0608341,856.5858251,917.9272185,887.4337747
XCME.ZN1.01AUG25.111.C,.3281250,.3437500,111,C,.2596608,888.6798938,941.3091248,915.0046866
