Key,BID,ASK,STRIKE,ITYPE,ADJTHEOR,IVBID,IVASK,IVAVERAGE
XCME.ZN.SEP25,111.0156250,111.0312500,INVALID,F,,,,
XCME.ZN1.01AUG25.111.C,.2812500,.3125000,111,C,.2532287,736.6523222,779.7033594,758.1783086
XCME.ZN1.01AUG25.113.P,1.9687500,2,113,P,1.9738513,1137.6720148,1337.0703401,1249.3992613
XCME.ZN1.01AUG25.110.C,1.0312500,1.0625000,110,C,1.0341668,,751.3350517,628.7636774
