Key,BID,ASK,STRIKE,ITYPE,ADJTHEOR,IVBID,IVASK,IVAVERAGE
XCME.ZN.SEP25,111.1875000,111.2031250,INVALID,F,,,,
XCME.ZN1.01AUG25.112:75.P,1.5468750,1.5781250,112.7500000,P,1.5591109,,1349.0841935,1137.3148134
XCME.ZN1.01AUG25.111:75.P,.6093750,.6250000,111.7500000,P,.5822403,823.8765333,910.0421285,867.8741521
