Key,BID,ASK,STRIKE,ITYPE,ADJTHEOR,IVBID,IVASK,IVAVERAGE
XCME.ZN.SEP25,111.1250000,111.1406250,INVALID,F,,,,
XCME.ZN1.01AUG25.113.P,1.8593750,1.8750000,113,P,1.8516567,,1523.6781532,1469.8695308
XCME.ZN1.01AUG25.112.C,.0156250,.0312500,112,C,.0067976,756.6312007,896.9904817,832.5212128
