Key,BID,ASK,STRIKE,ITYPE,ADJTHEOR,IVBID,IVASK,IVAVERAGE
XCME.ZN.SEP25,111.2343750,111.2500000,INVALID,F,,,,
XCME.ZN1.01AUG25.111:75.C,.0625000,.0781250,111.7500000,C,.0348990,796.8369172,871.7449253,834.8684528
XCME.ZN1.01AUG25.111.P,.1406250,.1562500,111,P,.0955175,819.6857005,876.7370525,848.2817011
