Key,BID,ASK,STRIKE,ITYPE,ADJTHEOR,IVBID,IVASK,IVAVERAGE
XCME.ZN.SEP25,111.1718750,111.1875000,INVALID,F,,,,
XCME.ZN1.01AUG25.111.C,.3437500,.3593750,111,C,.2864031,875.5456776,934.7948215,905.2118680
XCME.ZN1.01AUG25.111:25.P,.2812500,.2968750,111.2500000,P,.2171766,894.7881164,951.8419582,923.3198739
