Key,BID,ASK,STRIKE,ITYPE,ADJTHEOR,IVBID,IVASK,IVAVERAGE
XCME.ZN.SEP25,111.1875000,111.2031250,INVALID,F,,,,
XCME.ZN1.01AUG25.111:75.C,.0625000,.0781250,111.7500000,C,.0374785,773.1386837,843.6825352,808.9780285
XCME.ZN1.01AUG25.111.P,.1875000,.2031250,111,P,.1274786,849.1994947,899.7457357,874.4995228
