Key,BID,ASK,STRIKE,ITYPE,ADJTHEOR,IVBID,IVASK,IVAVERAGE
XCME.ZN.SEP25,111,111.0156250,INVALID,F,,,,
XCME.ZN1.01AUG25.110:5.C,.5937500,.6250000,110.5000000,C,.5736748,712.4394113,825.3649046,770.0273211
XCME.ZN1.01AUG25.110:75.C,.4218750,.4531250,110.7500000,C,.3917065,740.5609663,832.7050053,786.8179446
XCME.ZN1.01AUG25.111.P,.2656250,.2812500,111,P,.2322853,751.5244824,794.5522524,773.0384990
XCME.ZN1.01AUG25.113.C,INVALID,.0069999,113,C,.0007880,,1059.2568879,960.3884917
