Key,BID,ASK,STRIKE,ITYPE,ADJTHEOR,IVBID,IVASK,IVAVERAGE
XCME.ZN.SEP25,110.9843750,111,INVALID,F,,,,
XCME.ZN1.01AUG25.110:5.C,.5781250,.6093750,110.5000000,C,.5503781,740.4131531,850.3920664,796.2912904
XCME.ZN1.01AUG25.110:75.C,.4062500,.4375000,110.7500000,C,.3715522,754.5452248,846.4948711,800.6645129
XCME.ZN1.01AUG25.111.P,.2812500,.2968750,111,P,.2430045,722.9562782,810.0251650,766.4911058
XCME.ZN1.01AUG25.113.C,INVALID,.0069999,113,C,.0006509,,1084.0299604,982.9903514
