Key,BID,ASK,STRIKE,ITYPE,ADJTHEOR,IVBID,IVASK,IVAVERAGE
XCME.ZN.SEP25,111.1562500,111.1718750,INVALID,F,,,,
XCME.ZN1.01AUG25.111:5.C,.1250000,.1406250,111.5000000,C,.0878579,808.1680427,863.8185383,836.1067534
XCME.ZN1.01AUG25.111.C,.3593750,.3750000,111,C,.3146140,833.9865239,884.8425494,859.4384173
