Key,BID,ASK,STRIKE,ITYPE,ADJTHEOR,IVBID,IVASK,IVAVERAGE
XCME.ZN.SEP25,111.1562500,111.1718750,INVALID,F,,,,
XCME.ZN1.01AUG25.113.P,1.8281250,1.8593750,113,P,1.8361626,,1410.5248135,1239.3159666
XCME.ZN1.01AUG25.112.C,.0156250,.0468750,112,C,.0105464,695.9434516,928.0314334,825.7838991
