Key,BID,ASK,STRIKE,ITYPE,ADJTHEOR,IVBID,IVASK,IVAVERAGE
XCME.ZN.SEP25,111.1718750,111.1875000,INVALID,F,,,,
XCME.ZN1.01AUG25.112:5.C,.0069999,.0156250,112.5000000,C,.0011774,858.9814286,993.7930135,934.1487981
XCME.ZN1.01AUG25.111:5.P,.4531250,.4687500,111.5000000,P,.4098376,757.7298308,869.0226346,813.8545180
