Key,BID,ASK,STRIKE,ITYPE,ADJTHEOR,IVBID,IVASK,IVAVERAGE
XCME.ZN.SEP25,111.0937500,111.1093750,INVALID,F,,,,
XCME.ZN1.01AUG25.113.P,1.8750000,1.9062500,113,P,1.8794320,,1539.9621537,1377.9650131
XCME.ZN1.01AUG25.112.C,.0156250,.0312500,112,C,.0067266,755.5865789,893.2793072,830.0392421
