Key,BID,ASK,STRIKE,ITYPE,ADJTHEOR,IVBID,IVASK,IVAVERAGE
XCME.ZN.SEP25,111.1406250,111.1562500,INVALID,F,,,,
XCME.ZN1.01AUG25.112:25.P,1.0937500,1.1250000,112.2500000,P,1.0834008,936.4568242,1271.0777790,1129.7116013
XCME.ZN1.01AUG25.113.P,1.8437500,1.8593750,113,P,1.8324658,1441.3756774,1698.7981006,1585.7037396
