Key,BID,ASK,STRIKE,ITYPE,ADJTHEOR,IVBID,IVASK,IVAVERAGE
XCME.ZN.SEP25,111.0781250,111.0937500,INVALID,F,,,,
XCME.ZN1.01AUG25.110.P,.0069999,.0156250,110,P,.0019588,746.4202853,869.6097982,814.8892441
