Key,BID,ASK,STRIKE,ITYPE,ADJTHEOR,IVBID,IVASK,IVAVERAGE
XCME.ZN.SEP25,111.1875000,111.2031250,INVALID,F,,,,
XCME.ZN1.01AUG25.113.C,INVALID,.0069999,113,C,.0001109,,1197.3125312,1083.4724049
XCME.ZN1.01AUG25.110:75.C,.5312500,.5625000,110.7500000,C,.4924728,676.8315611,1020.6922126,857.8343928
