Key,BID,ASK,STRIKE,ITYPE,ADJTHEOR,IVBID,IVASK,IVAVERAGE
XCME.ZN.SEP25,111.1875000,111.2031250,INVALID,F,,,,
XCME.ZN1.01AUG25.111:5.C,.1250000,.1562500,111.5000000,C,.0734043,861.5520187,979.8271780,921.1182811
XCME.ZN1.01AUG25.111.C,.3593750,.3906250,111,C,.2942599,885.2159556,994.3248672,939.8724933
