Key,BID,ASK,STRIKE,ITYPE,ADJTHEOR,IVBID,IVASK,IVAVERAGE
XCME.ZN.SEP25,111.1562500,111.1718750,INVALID,F,,,,
XCME.ZN1.01AUG25.113.C,INVALID,.0069999,113,C,.0002364,,1135.4599917,1027.7573647
XCME.ZN1.01AUG25.110:75.C,.5156250,.5312500,110.7500000,C,.4795694,791.0060931,911.4537946,852.0671072
