Key,BID,ASK,STRIKE,ITYPE,ADJTHEOR,IVBID,IVASK,IVAVERAGE
XCME.ZN.SEP25,111.1406250,111.1562500,INVALID,F,,,,
XCME.ZN1.01AUG25.113.C,INVALID,.0069999,113,C,.0000392,,1308.4378148,1184.7638731
XCME.ZN1.01AUG25.111:5.C,.0937500,.1250000,111.5000000,C,.0577822,885.4265232,950.9703162,918.3734883
