Key,BID,ASK,STRIKE,ITYPE,ADJTHEOR,IVBID,IVASK,IVAVERAGE
XCME.ZN.SEP25,111,111.0156250,INVALID,F,,,,
XCME.ZN1.01AUG25.111:25.C,.1718750,.1875000,111.2500000,C,.1396438,752.8602737,798.5370349,775.7348803
XCME.ZN1.01AUG25.110:25.C,.8125000,.8281250,110.2500000,C,.7915228,745.3988240,823.2462630,785.4488353
XCME.ZN1.01AUG25.112:75.C,INVALID,.0069999,112.7500000,C,.0011523,,948.7438933,858.2424616
