Key,BID,ASK,STRIKE,ITYPE,ADJTHEOR,IVBID,IVASK,IVAVERAGE
XCME.ZN.SEP25,111,111.0156250,INVALID,F,,,,
XCME.ZN1.01AUG25.112:5.C,.0069999,.0156250,112.5000000,C,.0020195,832.5062599,958.9319312,903.0308112
XCME.ZN1.01AUG25.112:25.P,1.2187500,1.2500000,112.2500000,P,1.2464867,,727.5435320,651.8699409
XCME.ZN1.01AUG25.111:5.C,.0937500,.1093750,111.5000000,C,.0668701,748.4860623,803.3360693,776.1457624
