Key,BID,ASK,STRIKE,ITYPE,ADJTHEOR,IVBID,IVASK,IVAVERAGE
XCME.ZN.SEP25,111.1718750,111.1875000,INVALID,F,,,,
XCME.ZN1.01AUG25.112:75.C,INVALID,.0069999,112.7500000,C,.0001453,,1108.1887621,999.8975898
XCME.ZN1.01AUG25.110:25.C,.9375000,.9687500,110.2500000,C,.9288659,782.6711288,1074.6563026,950.4160514
