Key,BID,ASK,STRIKE,ITYPE,ADJTHEOR,IVBID,IVASK,IVAVERAGE
XCME.ZN.SEP25,111.1250000,111.1406250,INVALID,F,,,,
XCME.ZN1.01AUG25.111:5.C,.1093750,.1250000,111.5000000,C,.0587389,873.3135347,936.6797900,905.1725747
XCME.ZN1.01AUG25.111.C,.3281250,.3437500,111,C,.2613920,893.1054671,948.1385317,920.6371937
