Key,BID,ASK,STRIKE,ITYPE,ADJTHEOR,IVBID,IVASK,IVAVERAGE
XCME.ZN.SEP25,111.1875000,111.2031250,INVALID,F,,,,
XCME.ZN1.01AUG25.112:5.C,INVALID,.0156250,112.5000000,C,.0006882,,1052.1700036,925.9530072
XCME.ZN1.01AUG25.111:5.P,.4375000,.4687500,111.5000000,P,.3838476,864.9087605,981.0115028,923.3203294
