Key,BID,ASK,STRIKE,ITYPE,ADJTHEOR,IVBID,IVASK,IVAVERAGE
XCME.ZN.SEP25,111.0625000,111.0781250,INVALID,F,,,,
XCME.ZN1.01AUG25.113.P,1.9218750,1.9375000,113,P,1.9376279,,1390.8166988,1120.1524892
XCME.ZN1.01AUG25.112.C,.0156250,.0312500,112,C,.0055907,778.1375734,917.2450880,853.4182906
