Key,BID,ASK,STRIKE,ITYPE,ADJTHEOR,IVBID,IVASK,IVAVERAGE
XCME.ZN.SEP25,111.0312500,111.0468750,INVALID,F,,,,
XCME.ZN1.01AUG25.111:5.C,.0937500,.1250000,111.5000000,C,.0714962,786.0296501,839.0675332,812.7183459
XCME.ZN1.01AUG25.111.C,.2968750,.3125000,111,C,.2555261,774.1181657,861.0092193,817.5663828
XCME.ZN1.01AUG25.113.P,1.9531250,1.9687500,113,P,1.9651427,,987.8309345,758.7681857
