Key,BID,ASK,STRIKE,ITYPE,ADJTHEOR,IVBID,IVASK,IVAVERAGE
XCME.ZN.SEP25,111.1562500,111.1718750,INVALID,F,,,,
XCME.ZN1.01AUG25.111:75.P,.6406250,.6718750,111.7500000,P,.6336571,697.7624126,889.2550165,800.0658949
