Key,BID,ASK,STRIKE,ITYPE,ADJTHEOR,IVBID,IVASK,IVAVERAGE
XCME.ZN.SEP25,111.2031250,111.2187500,INVALID,F,,,,
XCME.ZN1.01AUG25.111:75.C,.0625000,.0781250,111.7500000,C,.0322671,812.8736646,888.1266948,851.0956335
XCME.ZN1.01AUG25.111.P,.1718750,.1875000,111,P,.1051803,893.5132218,948.7489537,921.1718695
