Key,BID,ASK,STRIKE,ITYPE,ADJTHEOR,IVBID,IVASK,IVAVERAGE
XCME.ZN.SEP25,111.0937500,111.1093750,INVALID,F,,,,
XCME.ZN1.01AUG25.111.P,.1875000,.2031250,111,P,.1286564,881.4343402,940.5775091,911.0200235
XCME.ZN1.01AUG25.110:75.C,.4375000,.4687500,110.7500000,C,.4052539,801.6196616,941.8153435,872.7572397
