Key,BID,ASK,STRIKE,ITYPE,ADJTHEOR,IVBID,IVASK,IVAVERAGE
XCME.ZN.SEP25,111.0312500,111.0468750,INVALID,F,,,,
XCME.ZN1.01AUG25.110.C,1.0468750,1.0625000,110,C,1.0306571,630.5587195,789.0008120,720.9680524
XCME.ZN1.01AUG25.111:25.P,.3906250,.4218750,111.2500000,P,.3684884,751.8112838,841.8672373,796.9478289
XCME.ZN1.01AUG25.112:5.P,1.4687500,1.5000000,112.5000000,P,1.4786059,,1027.4743665,896.2765886
