Key,BID,ASK,STRIKE,ITYPE,ADJTHEOR,IVBID,IVASK,IVAVERAGE
XCME.ZN.SEP25,111.1406250,111.1562500,INVALID,F,,,,
XCME.ZN1.01AUG25.110:75.P,.0468750,.1718750,110.7500000,P,.0542686,605.6196436,1124.1192936,880.5114640
