Key,BID,ASK,STRIKE,ITYPE,ADJTHEOR,IVBID,IVASK,IVAVERAGE
XCME.ZN.SEP25,110.9531250,110.9687500,INVALID,F,,,,
XCME.ZN1.01AUG25.110:75.P,.1875000,.2031250,110.7500000,P,.1475941,767.6564653,812.2990890,790.0045716
XCME.ZN1.01AUG25.110:25.P,.0468750,.0625000,110.2500000,P,.0292076,716.2526963,789.0918295,753.6047380
XCME.ZN1.01AUG25.110.P,.0156250,.0312500,110,P,.0099676,672.7426453,792.2854685,737.4875629
XCME.ZN1.01AUG25.111:75.P,.8281250,.8593750,111.7500000,P,.8130329,731.4540278,883.2794368,811.4405381
