Key,BID,ASK,STRIKE,ITYPE,ADJTHEOR,IVBID,IVASK,IVAVERAGE
XCME.ZN.SEP25,111.1406250,111.1562500,INVALID,F,,,,
XCME.ZN1.01AUG25.111:75.C,.0468750,.0625000,111.7500000,C,.0215355,813.9415106,900.7429148,858.3831338
XCME.ZN1.01AUG25.111.P,.1875000,.2187500,111,P,.1258720,876.0120720,986.5608466,931.3623754
