Key,BID,ASK,STRIKE,ITYPE,ADJTHEOR,IVBID,IVASK,IVAVERAGE
XCME.ZN.SEP25,111.1562500,111.1718750,INVALID,F,,,,
XCME.ZN1.01AUG25.113.C,INVALID,.0069999,113,C,.0002146,,1148.3231170,1039.6996640
XCME.ZN1.01AUG25.110:75.C,.5000000,.5312500,110.7500000,C,.4666863,839.7848383,898.9490615,869.5428783
