Key,BID,ASK,STRIKE,ITYPE,ADJTHEOR,IVBID,IVASK,IVAVERAGE
XCME.ZN.SEP25,111.1250000,111.1406250,INVALID,F,,,,
XCME.ZN1.01AUG25.112.P,.8750000,.9062500,112,P,.8794566,494.3894031,939.3304911,797.5803660
XCME.ZN1.01AUG25.112:25.C,.0069999,.0156250,112.2500000,C,.0012951,826.3276023,960.6788941,901.0142564
