Key,BID,ASK,STRIKE,ITYPE,ADJTHEOR,IVBID,IVASK,IVAVERAGE
XCME.ZN.SEP25,111.0781250,111.0937500,INVALID,F,,,,
XCME.ZN1.01AUG25.113.C,INVALID,.0069999,113,C,.0000651,,1276.7063664,1157.5811000
XCME.ZN1.01AUG25.110:75.C,.4531250,.4687500,110.7500000,C,.4047388,846.8656482,968.9087382,908.4244252
