Key,BID,ASK,STRIKE,ITYPE,ADJTHEOR,IVBID,IVASK,IVAVERAGE
XCME.ZN.SEP25,110.9843750,111,INVALID,F,,,,
XCME.WY5.30JUL25.111.P,INVALID,.0156250,111,P,.0092385,,840.1071886,490.8705834
XCME.ZN1.01AUG25.110:75.P,.1562500,.1875000,110.7500000,P,.1210092,758.0623973,851.8802092,805.1678974
XCME.ZN1.01AUG25.110:25.P,.0312500,.0625000,110.2500000,P,.0212727,685.6949451,850.1826161,773.4179195
