Key,BID,ASK,STRIKE,ITYPE,ADJTHEOR,IVBID,IVASK,IVAVERAGE
XCME.ZN.SEP25,111.1250000,111.1406250,INVALID,F,,,,
XCME.ZN1.01AUG25.111:5.C,.1093750,.1250000,111.5000000,C,.0565393,820.6754881,950.4963957,886.4158529
XCME.ZN1.01AUG25.111.C,.3281250,.3437500,111,C,.2571230,854.5998648,965.6506965,910.1874162
