Key,BID,ASK,STRIKE,ITYPE,ADJTHEOR,IVBID,IVASK,IVAVERAGE
XCME.ZN.SEP25,111.1093750,111.1250000,INVALID,F,,,,
XCME.ZN1.01AUG25.111:5.C,.1093750,.1250000,111.5000000,C,.0633088,842.2310433,902.5444192,872.5583499
XCME.ZN1.01AUG25.111.C,.3281250,.3437500,111,C,.2629436,873.7853131,925.5324420,899.6689772
