Key,BID,ASK,STRIKE,ITYPE,ADJTHEOR,IVBID,IVASK,IVAVERAGE
XCME.ZN.SEP25,111.0937500,111.1093750,INVALID,F,,,,
XCME.ZN1.01AUG25.110.C,1.0937500,1.1250000,110,C,1.0996073,,1014.2972924,892.7248320
XCME.ZN1.01AUG25.111:25.C,.1875000,.2187500,111.2500000,C,.1333175,844.6353307,950.1972381,897.4934043
