Key,BID,ASK,STRIKE,ITYPE,ADJTHEOR,IVBID,IVASK,IVAVERAGE
XCME.ZN.SEP25,111.2031250,111.2187500,INVALID,F,,,,
XCME.ZN1.01AUG25.110.C,1.1875000,1.2187500,110,C,1.1994124,,1045.2698982,880.3980587
XCME.ZN1.01AUG25.111:25.C,.2343750,.2500000,111.2500000,C,.1699471,879.9017358,933.1063459,906.5063421
