Key,BID,ASK,STRIKE,ITYPE,ADJTHEOR,IVBID,IVASK,IVAVERAGE
XCME.ZN.SEP25,111.0781250,111.0937500,INVALID,F,,,,
XCME.ZN1.01AUG25.110.C,1.0781250,1.1093750,110,C,1.0949239,363.8953134,1085.8003996,926.3584909
XCME.ZN1.01AUG25.111:25.C,.1718750,.2031250,111.2500000,C,.1251520,880.4229230,935.1977270,907.8328780
