Key,BID,ASK,STRIKE,ITYPE,ADJTHEOR,IVBID,IVASK,IVAVERAGE
XCME.ZN.SEP25,111.0312500,111.0468750,INVALID,F,,,,
XCME.ZN1.01AUG25.112:5.C,.0069999,.0156250,112.5000000,C,.0021551,819.2451296,944.0801772,888.8383568
XCME.ZN1.01AUG25.112:25.P,1.2031250,1.2343750,112.2500000,P,1.2121647,,914.4664985,807.7342552
XCME.ZN1.01AUG25.111:5.C,.0937500,.1250000,111.5000000,C,.0739996,721.2549228,827.9790770,775.3985137
