Key,BID,ASK,STRIKE,ITYPE,ADJTHEOR,IVBID,IVASK,IVAVERAGE
XCME.ZN.SEP25,111.2343750,111.2500000,INVALID,F,,,,
XCME.ZN1.01AUG25.110.P,INVALID,.0156250,110,P,.0002785,,1068.0736378,939.3340656
XCME.ZN1.01AUG25.110:75.P,.0625000,.0937500,110.7500000,P,.0312069,812.0457079,963.2607615,889.6305933
