Key,BID,ASK,STRIKE,ITYPE,ADJTHEOR,IVBID,IVASK,IVAVERAGE
XCME.ZN.SEP25,111.0781250,111.0937500,INVALID,F,,,,
XCME.ZN1.01AUG25.113.C,INVALID,.0069999,113,C,.0000179,,1387.4697236,1257.9264186
XCME.ZN1.01AUG25.111:5.C,.0781250,.0937500,111.5000000,C,.0417879,840.5512010,914.4602475,877.8717220
