Key,BID,ASK,STRIKE,ITYPE,ADJTHEOR,IVBID,IVASK,IVAVERAGE
XCME.ZN.SEP25,111.0312500,111.0468750,INVALID,F,,,,
XCME.ZN1.01AUG25.111:25.P,.3750000,.4062500,111.2500000,P,.3601781,701.9699703,792.9859299,747.6177961
XCME.ZN1.01AUG25.112:5.P,1.4531250,1.4843750,112.5000000,P,1.4664761,,997.8223683,846.7833308
XCME.ZN1.01AUG25.111:5.P,.5468750,.5625000,111.5000000,P,.5364247,688.5853936,744.5212714,716.8339258
