Key,BID,ASK,STRIKE,ITYPE,ADJTHEOR,IVBID,IVASK,IVAVERAGE
XCME.ZN.SEP25,111.2343750,111.2500000,INVALID,F,,,,
XCME.ZN1.01AUG25.110.C,1.2500000,1.2812500,110,C,1.2547457,957.4001378,1284.3385277,1146.6918364
XCME.ZN1.01AUG25.111:25.C,.2500000,.2812500,111.2500000,C,.1964739,867.8538222,973.9671007,920.9109015
