Key,BID,ASK,STRIKE,ITYPE,ADJTHEOR,IVBID,IVASK,IVAVERAGE
XCME.ZN.SEP25,111.1718750,111.1875000,INVALID,F,,,,
XCME.ZN1.01AUG25.111.C,.3281250,.3593750,111,C,.2869811,876.4446514,936.4690899,906.5023605
XCME.ZN1.01AUG25.111:25.P,.2656250,.2968750,111.2500000,P,.2133436,853.5903184,968.8694853,911.2488474
