Key,BID,ASK,STRIKE,ITYPE,ADJTHEOR,IVBID,IVASK,IVAVERAGE
XCME.ZN.SEP25,111.2187500,111.2343750,INVALID,F,,,,
XCME.ZN1.01AUG25.110.C,1.2187500,1.2500000,110,C,1.2494761,420.2463627,1217.6490919,1093.8630311
XCME.ZN1.01AUG25.111:25.C,.2500000,.2656250,111.2500000,C,.1869130,934.7730913,989.8781049,962.3264176
