Key,BID,ASK,STRIKE,ITYPE,ADJTHEOR,IVBID,IVASK,IVAVERAGE
XCME.ZN.SEP25,111.1093750,111.1250000,INVALID,F,,,,
XCME.ZN1.01AUG25.113.C,INVALID,.0069999,113,C,.0000576,,1277.9028450,1157.8140443
XCME.ZN1.01AUG25.110:75.C,.4687500,.4843750,110.7500000,C,.4320982,809.9110083,876.1856236,843.3010359
