Key,BID,ASK,STRIKE,ITYPE,ADJTHEOR,IVBID,IVASK,IVAVERAGE
XCME.ZN.SEP25,111.0468750,111.0625000,INVALID,F,,,,
XCME.ZN1.01AUG25.112.C,.0156250,.0312500,112,C,.0124502,672.1516781,791.9642085,736.9909646
XCME.ZN1.01AUG25.112:5.C,.0069999,.0156250,112.5000000,C,.0021596,815.8036988,940.1622333,885.1468267
XCME.ZN1.01AUG25.112:25.P,1.2031250,1.2343750,112.2500000,P,1.2044268,625.9895872,968.0938124,842.8393678
