Key,BID,ASK,STRIKE,ITYPE,ADJTHEOR,IVBID,IVASK,IVAVERAGE
XCME.ZN.SEP25,111.1406250,111.1562500,INVALID,F,,,,
XCME.ZN1.01AUG25.111:25.C,.1875000,.2031250,111.2500000,C,.1317684,870.9581560,929.7323224,900.3586422
