Key,BID,ASK,STRIKE,ITYPE,ADJTHEOR,IVBID,IVASK,IVAVERAGE
XCME.ZN.SEP25,111.0156250,111.0312500,INVALID,F,,,,
XCME.ZN1.01AUG25.111:75.C,.0468750,.0625000,111.7500000,C,.0301882,730.9963228,804.5004284,768.6928218
XCME.ZN1.01AUG25.110:5.C,.5937500,.6250000,110.5000000,C,.5832627,675.3643035,792.9663799,735.6353239
XCME.ZN1.01AUG25.110:75.C,.4218750,.4531250,110.7500000,C,.3996148,716.6627726,763.4764130,740.1317474
