Key,BID,ASK,STRIKE,ITYPE,ADJTHEOR,IVBID,IVASK,IVAVERAGE
XCME.ZN.SEP25,111.0781250,111.0937500,INVALID,F,,,,
XCME.ZN1.01AUG25.110:25.C,.8437500,.8750000,110.2500000,C,.8392848,714.9365991,1045.2559611,910.1642775
XCME.ZN1.01AUG25.112:75.C,INVALID,.0069999,112.7500000,C,.0000314,,1251.0223587,1130.7179811
