Key,BID,ASK,STRIKE,ITYPE,ADJTHEOR,IVBID,IVASK,IVAVERAGE
XCME.ZN.SEP25,111.1562500,111.1718750,INVALID,F,,,,
XCME.ZN1.01AUG25.112:75.C,INVALID,.0069999,112.7500000,C,.0005418,,986.5320371,890.4441806
XCME.ZN1.01AUG25.110:25.C,.9218750,.9531250,110.2500000,C,.9171054,681.0145765,936.9760890,828.0435811
