Key,BID,ASK,STRIKE,ITYPE,ADJTHEOR,IVBID,IVASK,IVAVERAGE
XCME.ZN.SEP25,111.0156250,111.0312500,INVALID,F,,,,
XCME.ZN1.01AUG25.111.C,.2968750,.3125000,111,C,.2511514,786.5314745,829.9560556,808.2441620
XCME.ZN1.01AUG25.113.P,1.9687500,1.9843750,113,P,1.9737826,,1147.6382129,1072.3839365
XCME.ZN1.01AUG25.110.C,1.0312500,1.0625000,110,C,1.0338137,569.7528346,872.8638254,757.9092702
