Key,BID,ASK,STRIKE,ITYPE,ADJTHEOR,IVBID,IVASK,IVAVERAGE
XCME.ZN.SEP25,111.0625000,111.0781250,INVALID,F,,,,
XCME.ZN1.01AUG25.113.P,1.9218750,1.9375000,113,P,1.9297842,,1264.4724526,1143.8486352
XCME.ZN1.01AUG25.112.C,.0156250,.0312500,112,C,.0050183,792.3293794,934.2929042,869.1288956
