Key,BID,ASK,STRIKE,ITYPE,ADJTHEOR,IVBID,IVASK,IVAVERAGE
XCME.ZN.SEP25,111.0781250,111.0937500,INVALID,F,,,,
XCME.ZN1.01AUG25.112.P,.9218750,.9375000,112,P,.9084906,800.8380382,926.8062911,867.9705957
XCME.ZN1.01AUG25.112:25.C,.0069999,.0156250,112.2500000,C,.0018555,791.2181311,918.5365537,861.9455616
