Key,BID,ASK,STRIKE,ITYPE,ADJTHEOR,IVBID,IVASK,IVAVERAGE
XCME.ZN.SEP25,111.0156250,111.0312500,INVALID,F,,,,
XCME.ZN1.01AUG25.111.P,.2656250,.2812500,111,P,.2289648,760.7189188,803.8834731,782.3014295
XCME.ZN1.01AUG25.113.C,INVALID,.0069999,113,C,.0007384,,1060.2401893,961.3969933
XCME.ZN1.01AUG25.112.C,.0156250,.0312500,112,C,.0111078,688.3568607,810.3286804,754.4431736
