Key,BID,ASK,STRIKE,ITYPE,ADJTHEOR,IVBID,IVASK,IVAVERAGE
XCME.ZN.SEP25,111.1875000,111.2031250,INVALID,F,,,,
XCME.ZN1.01AUG25.112:5.C,INVALID,.0156250,112.5000000,C,.0006278,,1061.7204628,934.5440687
XCME.ZN1.01AUG25.111:5.P,.4531250,.4687500,111.5000000,P,.3889292,907.4844254,965.9399349,936.8043881
