Key,BID,ASK,STRIKE,ITYPE,ADJTHEOR,IVBID,IVASK,IVAVERAGE
XCME.ZN.SEP25,111.0781250,111.0937500,INVALID,F,,,,
XCME.ZN1.01AUG25.111:75.C,.0312500,.0468750,111.7500000,C,.0171938,753.8456458,943.2201753,854.4982738
XCME.ZN1.01AUG25.111.P,.2031250,.2343750,111,P,.1506156,840.1347967,948.1930181,894.1944887
