Key,BID,ASK,STRIKE,ITYPE,ADJTHEOR,IVBID,IVASK,IVAVERAGE
XCME.ZN.SEP25,111.0781250,111.0937500,INVALID,F,,,,
XCME.ZN1.01AUG25.110:5.C,.6406250,.6718750,110.5000000,C,.6249885,739.5285458,916.6020903,832.8145899
XCME.ZN1.01AUG25.112:25.P,1.1562500,1.1718750,112.2500000,P,1.1461614,906.6552122,1089.6962170,1008.3682044
