Key,BID,ASK,STRIKE,ITYPE,ADJTHEOR,IVBID,IVASK,IVAVERAGE
XCME.ZN.SEP25,111.1250000,111.1406250,INVALID,F,,,,
XCME.ZN1.01AUG25.112.P,.8593750,.8906250,112,P,.8622906,790.6068646,1021.4892458,917.5520313
XCME.ZN1.01AUG25.112:25.C,.0069999,.0156250,112.2500000,C,.0019414,785.5761723,914.2747152,857.1205993
