Key,BID,ASK,STRIKE,ITYPE,ADJTHEOR,IVBID,IVASK,IVAVERAGE
XCME.ZN.SEP25,111.0781250,111.0937500,INVALID,F,,,,
XCME.ZN1.01AUG25.113.C,INVALID,.0069999,113,C,.0000173,,1390.0974694,1260.3830006
XCME.ZN1.01AUG25.111:5.C,.0781250,.0937500,111.5000000,C,.0410311,845.4639823,919.5428420,882.8734500
