Key,BID,ASK,STRIKE,ITYPE,ADJTHEOR,IVBID,IVASK,IVAVERAGE
XCME.ZN.SEP25,111.0937500,111.1093750,INVALID,F,,,,
XCME.ZN1.01AUG25.112:75.P,1.6562500,1.6718750,112.7500000,P,1.6677833,,1010.1859884,771.1464347
