Key,BID,ASK,STRIKE,ITYPE,ADJTHEOR,IVBID,IVASK,IVAVERAGE
XCME.ZN.SEP25,111.1562500,111.1718750,INVALID,F,,,,
XCME.ZN1.01AUG25.110:25.P,.0069999,.0156250,110.2500000,P,.0023383,730.6499767,855.7623616,799.9713397
XCME.ZN1.01AUG25.110:5.P,.0312500,.0468750,110.5000000,P,.0116555,800.5950846,907.1201699,855.9562965
