Key,BID,ASK,STRIKE,ITYPE,ADJTHEOR,IVBID,IVASK,IVAVERAGE
XCME.ZN.SEP25,111.0781250,111.0937500,INVALID,F,,,,
XCME.ZN1.01AUG25.111:5.C,.0937500,.1250000,111.5000000,C,.0574418,806.5383362,929.2622619,868.7486536
XCME.ZN1.01AUG25.111.C,.3125000,.3281250,111,C,.2456744,875.4773377,926.2390509,900.8627210
