Key,BID,ASK,STRIKE,ITYPE,ADJTHEOR,IVBID,IVASK,IVAVERAGE
XCME.ZN.SEP25,111.2500000,111.2656250,INVALID,F,,,,
XCME.ZN1.01AUG25.110.C,1.2500000,1.2812500,110,C,1.2615684,,1133.8434373,956.7088057
XCME.ZN1.01AUG25.111:25.C,.2500000,.2656250,111.2500000,C,.1920477,864.9322811,920.2603009,892.5964296
