Key,BID,ASK,STRIKE,ITYPE,ADJTHEOR,IVBID,IVASK,IVAVERAGE
XCME.ZN.SEP25,111.2031250,111.2187500,INVALID,F,,,,
XCME.ZN1.01AUG25.110:25.P,.0069999,.0156250,110.2500000,P,.0016784,759.0687425,886.8454911,829.8725594
XCME.ZN1.01AUG25.110:5.P,.0312500,.0468750,110.5000000,P,.0094923,832.1240626,941.7644350,889.1535053
