Key,BID,ASK,STRIKE,ITYPE,ADJTHEOR,IVBID,IVASK,IVAVERAGE
XCME.ZN.SEP25,111.1250000,111.1406250,INVALID,F,,,,
XCME.ZN1.01AUG25.113.P,1.8593750,1.8906250,113,P,1.8751852,,1332.2983572,1071.3573205
XCME.ZN1.01AUG25.112.C,.0156250,.0312500,112,C,.0084397,725.3265067,857.9591770,797.0561269
