Key,BID,ASK,STRIKE,ITYPE,ADJTHEOR,IVBID,IVASK,IVAVERAGE
XCME.ZN.SEP25,111.1093750,111.1250000,INVALID,F,,,,
XCME.ZN1.01AUG25.113.C,INVALID,.0069999,113,C,.0000770,,1253.6282447,1135.9124372
XCME.ZN1.01AUG25.110:75.C,.4687500,.5000000,110.7500000,C,.4290043,815.7438512,941.4901253,879.3613558
