Key,BID,ASK,STRIKE,ITYPE,ADJTHEOR,IVBID,IVASK,IVAVERAGE
XCME.ZN.SEP25,111.2031250,111.2187500,INVALID,F,,,,
XCME.ZN1.01AUG25.112:5.C,INVALID,.0156250,112.5000000,C,.0003947,,1109.4659282,976.1812702
XCME.ZN1.01AUG25.112.C,.0156250,.0312500,112,C,.0072865,751.3900020,895.2131465,829.1429355
