Key,BID,ASK,STRIKE,ITYPE,ADJTHEOR,IVBID,IVASK,IVAVERAGE
XCME.ZN.SEP25,110.9687500,110.9843750,INVALID,F,,,,
XCME.ZN1.01AUG25.111:75.C,.0468750,.0625000,111.7500000,C,.0246408,767.9172681,843.0892700,806.4908625
XCME.ZN1.01AUG25.110:5.C,.5937500,.6093750,110.5000000,C,.5376574,832.2822081,883.4050160,857.9801957
XCME.ZN1.01AUG25.110:75.C,.4218750,.4375000,110.7500000,C,.3626906,822.4400509,866.9514701,844.7189847
