Key,BID,ASK,STRIKE,ITYPE,ADJTHEOR,IVBID,IVASK,IVAVERAGE
XCME.ZN.SEP25,110.9687500,110.9843750,INVALID,F,,,,
XCME.WY5.30JUL25.111.P,INVALID,.0156250,111,P,.0272122,,,
XCME.ZN1.01AUG25.110:75.P,.1875000,.2031250,110.7500000,P,.1475652,766.8638547,811.4905297,789.2040335
XCME.ZN1.01AUG25.110:25.P,.0468750,.0625000,110.2500000,P,.0292811,715.1006190,787.9727892,752.4723032
