Key,BID,ASK,STRIKE,ITYPE,ADJTHEOR,IVBID,IVASK,IVAVERAGE
XCME.ZN.SEP25,111.1718750,111.1875000,INVALID,F,,,,
XCME.ZN1.01AUG25.112:75.C,INVALID,.0069999,112.7500000,C,.0005394,,983.5912752,887.5674273
XCME.ZN1.01AUG25.110:25.C,.9375000,.9687500,110.2500000,C,.9353125,650.6612267,935.1701662,818.9473160
