Key,BID,ASK,STRIKE,ITYPE,ADJTHEOR,IVBID,IVASK,IVAVERAGE
XCME.ZN.SEP25,111,111.0156250,INVALID,F,,,,
XCME.ZN1.01AUG25.110:5.P,.0937500,.1093750,110.5000000,P,.0608430,700.8983791,813.5077339,758.3274070
XCME.ZN1.01AUG25.112:25.C,.0069999,.0156250,112.2500000,C,.0042332,715.8366123,829.5167266,779.1248912
XCME.ZN1.01AUG25.112.P,1,1.0312500,112,P,1.0063322,,732.9430883,611.9777898
