Key,BID,ASK,STRIKE,ITYPE,ADJTHEOR,IVBID,IVASK,IVAVERAGE
XCME.ZN.SEP25,111,111.0156250,INVALID,F,,,,
XCME.ZN1.01AUG25.112:5.C,.0069999,.0156250,112.5000000,C,.0019392,836.5622942,963.4213875,907.3231029
XCME.ZN1.01AUG25.112:25.P,1.2343750,1.2656250,112.2500000,P,1.2549460,,823.4373078,718.3691602
XCME.ZN1.01AUG25.111:5.C,.0937500,.1093750,111.5000000,C,.0651431,755.7175879,810.7819789,783.4899934
