Key,BID,ASK,STRIKE,ITYPE,ADJTHEOR,IVBID,IVASK,IVAVERAGE
XCME.ZN.SEP25,111.1718750,111.1875000,INVALID,F,,,,
XCME.ZN1.01AUG25.110:75.P,.1093750,.1250000,110.7500000,P,.0569233,853.4504356,912.4666144,883.1428953
