Key,BID,ASK,STRIKE,ITYPE,ADJTHEOR,IVBID,IVASK,IVAVERAGE
XCME.ZN.SEP25,111.2031250,111.2187500,INVALID,F,,,,
XCME.ZN1.01AUG25.111:5.C,.1406250,.1562500,111.5000000,C,.0845097,870.9414997,928.5481882,899.8296381
XCME.ZN1.01AUG25.111.C,.3750000,.4062500,111,C,.3196177,853.3031525,963.9397609,908.7914394
