Key,BID,ASK,STRIKE,ITYPE,ADJTHEOR,IVBID,IVASK,IVAVERAGE
XCME.ZN.SEP25,111.1718750,111.1875000,INVALID,F,,,,
XCME.ZN1.01AUG25.110.P,INVALID,.0156250,110,P,.0003215,,1057.3151007,928.3457423
XCME.ZN1.01AUG25.110:75.P,.0781250,.0937500,110.7500000,P,.0382759,770.8813329,848.1426100,810.0614019
