Key,BID,ASK,STRIKE,ITYPE,ADJTHEOR,IVBID,IVASK,IVAVERAGE
XCME.ZN.SEP25,111.0781250,111.0937500,INVALID,F,,,,
XCME.ZN1.01AUG25.111:25.P,.3437500,.3750000,111.2500000,P,.2907820,835.1318565,937.6507531,886.4627131
XCME.ZN1.01AUG25.112:5.P,1.3906250,1.4218750,112.5000000,P,1.4026235,,1115.1119176,944.9954484
