Key,BID,ASK,STRIKE,ITYPE,ADJTHEOR,IVBID,IVASK,IVAVERAGE
XCME.ZN.SEP25,111.0625000,111.0781250,INVALID,F,,,,
XCME.ZN1.01AUG25.111:75.C,.0468750,.0625000,111.7500000,C,.0192489,827.5626452,912.3049232,871.0040778
XCME.ZN1.01AUG25.111.P,.2343750,.2500000,111,P,.1741985,853.6726832,904.3241065,879.0014837
