Key,BID,ASK,STRIKE,ITYPE,ADJTHEOR,IVBID,IVASK,IVAVERAGE
XCME.ZN.SEP25,111.2031250,111.2187500,INVALID,F,,,,
XCME.ZN1.01AUG25.112:5.C,.0069999,.0156250,112.5000000,C,.0013636,838.8742979,971.2357379,912.6632219
XCME.ZN1.01AUG25.111:5.P,.4375000,.4531250,111.5000000,P,.3882335,830.4535434,884.0178113,857.3106594
