Key,BID,ASK,STRIKE,ITYPE,ADJTHEOR,IVBID,IVASK,IVAVERAGE
XCME.ZN.SEP25,111.0781250,111.0937500,INVALID,F,,,,
XCME.ZN1.01AUG25.110:5.C,.6250000,.6406250,110.5000000,C,.6042356,799.2823104,901.0244860,851.8227149
XCME.ZN1.01AUG25.111:75.C,.0312500,.0468750,111.7500000,C,.0113675,829.9552964,940.7617311,887.5368094
