Key,BID,ASK,STRIKE,ITYPE,ADJTHEOR,IVBID,IVASK,IVAVERAGE
XCME.ZN.SEP25,111.0312500,111.0468750,INVALID,F,,,,
XCME.ZN1.01AUG25.110.C,1.0468750,1.0781250,110,C,1.0492149,,762.2380333,638.0357750
XCME.ZN1.01AUG25.111:25.P,.3906250,.4218750,111.2500000,P,.3563488,758.0888524,847.9609344,803.1270110
XCME.ZN1.01AUG25.112:5.P,1.4531250,1.4843750,112.5000000,P,1.4595926,888.8383505,1057.2403690,982.7760538
