Key,BID,ASK,STRIKE,ITYPE,ADJTHEOR,IVBID,IVASK,IVAVERAGE
XCME.ZN.SEP25,111.1250000,111.1406250,INVALID,F,,,,
XCME.ZN1.01AUG25.112.P,.8750000,.8906250,112,P,.8574497,853.2526327,977.9634407,919.1196666
XCME.ZN1.01AUG25.112:25.C,.0069999,.0156250,112.2500000,C,.0014510,815.6242404,949.3284938,889.9281385
