Key,BID,ASK,STRIKE,ITYPE,ADJTHEOR,IVBID,IVASK,IVAVERAGE
XCME.ZN.SEP25,111.1562500,111.1718750,INVALID,F,,,,
XCME.ZN1.01AUG25.111:25.P,.3125000,.3437500,111.2500000,P,.2651794,809.1284853,907.1596006,858.1721556
XCME.ZN1.01AUG25.112:5.P,1.3437500,1.3750000,112.5000000,P,1.3492485,,937.5139949,870.6853581
