Key,BID,ASK,STRIKE,ITYPE,ADJTHEOR,IVBID,IVASK,IVAVERAGE
XCME.ZN.SEP25,111.0312500,111.0468750,INVALID,F,,,,
XCME.ZN1.01AUG25.110.C,1.0468750,1.0781250,110,C,1.0610239,,797.8650711,687.9044071
XCME.ZN1.01AUG25.111:25.P,.3906250,.4062500,111.2500000,P,.3488114,779.5051329,824.2357199,801.8928556
XCME.ZN1.01AUG25.112:5.P,1.4375000,1.4687500,112.5000000,P,1.4475188,,1018.9765881,888.6329240
