Key,BID,ASK,STRIKE,ITYPE,ADJTHEOR,IVBID,IVASK,IVAVERAGE
XCME.ZN.SEP25,111.0312500,111.0468750,INVALID,F,,,,
XCME.ZN1.01AUG25.110:75.P,.1406250,.1718750,110.7500000,P,.1184198,716.4866646,763.8757920,740.2499261
XCME.ZN1.01AUG25.110:25.P,.0312500,.0468750,110.2500000,P,.0208454,687.5010947,775.0801253,733.1232348
XCME.ZN1.01AUG25.110.P,.0156250,.0312500,110,P,.0067636,721.1146602,846.7483541,789.2366251
XCME.ZN1.01AUG25.111:75.P,.7500000,.7812500,111.7500000,P,.7450176,669.8863807,750.2420247,711.4713268
