Key,BID,ASK,STRIKE,ITYPE,ADJTHEOR,IVBID,IVASK,IVAVERAGE
XCME.ZN.SEP25,111.1093750,111.1250000,INVALID,F,,,,
XCME.ZN1.01AUG25.112:75.C,INVALID,.0069999,112.7500000,C,.0002794,,1051.6520920,950.5768040
XCME.ZN1.01AUG25.110:25.C,.8750000,.9062500,110.2500000,C,.8549814,684.8661357,940.9780556,831.1557379
