Key,BID,ASK,STRIKE,ITYPE,ADJTHEOR,IVBID,IVASK,IVAVERAGE
XCME.ZN.SEP25,111.1562500,111.1718750,INVALID,F,,,,
XCME.ZN1.01AUG25.112:75.C,INVALID,.0069999,112.7500000,C,.0005302,,985.3211610,889.0808030
XCME.ZN1.01AUG25.110:25.C,.9375000,.9687500,110.2500000,C,.9385896,592.5141933,917.1075962,793.4164175
