Key,BID,ASK,STRIKE,ITYPE,ADJTHEOR,IVBID,IVASK,IVAVERAGE
XCME.ZN.SEP25,111.0781250,111.0937500,INVALID,F,,,,
XCME.ZN1.01AUG25.110:5.C,.6250000,.6406250,110.5000000,C,.5981478,835.1177303,930.6402470,884.1401863
XCME.ZN1.01AUG25.111:75.C,.0312500,.0468750,111.7500000,C,.0112327,831.5560210,942.2038828,889.0640958
