Key,BID,ASK,STRIKE,ITYPE,ADJTHEOR,IVBID,IVASK,IVAVERAGE
XCME.ZN.SEP25,111.1875000,111.2031250,INVALID,F,,,,
XCME.ZN1.01AUG25.111:75.P,.6093750,.6250000,111.7500000,P,.5809009,724.5193370,886.7318450,809.1122967
