Key,BID,ASK,STRIKE,ITYPE,ADJTHEOR,IVBID,IVASK,IVAVERAGE
XCME.ZN.SEP25,111.0937500,111.1093750,INVALID,F,,,,
XCME.ZN1.01AUG25.111:75.C,.0468750,.0625000,111.7500000,C,.0210251,816.1274557,902.2498030,860.2383839
XCME.ZN1.01AUG25.111.P,.2031250,.2187500,111,P,.1398496,875.6096662,929.2993518,902.4673998
