Key,BID,ASK,STRIKE,ITYPE,ADJTHEOR,IVBID,IVASK,IVAVERAGE
XCME.ZN.SEP25,111.0781250,111.0937500,INVALID,F,,,,
XCME.ZN1.01AUG25.113.P,1.9062500,1.9375000,113,P,1.9106650,,1566.5982349,1402.5624949
XCME.ZN1.01AUG25.112.C,.0156250,.0312500,112,C,.0055510,779.7281661,920.2449884,855.7284906
