Key,BID,ASK,STRIKE,ITYPE,ADJTHEOR,IVBID,IVASK,IVAVERAGE
XCME.ZN.SEP25,111.1406250,111.1562500,INVALID,F,,,,
XCME.ZN1.01AUG25.112:5.C,INVALID,.0156250,112.5000000,C,.0009385,,1022.9531472,901.5825053
XCME.ZN1.01AUG25.111:5.P,.4687500,.4843750,111.5000000,P,.4341453,787.7022008,845.4238821,816.7182213
