Key,BID,ASK,STRIKE,ITYPE,ADJTHEOR,IVBID,IVASK,IVAVERAGE
XCME.ZN.SEP25,111.1250000,111.1406250,INVALID,F,,,,
XCME.ZN1.01AUG25.111:75.P,.6562500,.6875000,111.7500000,P,.6468344,719.3651583,915.6291826,824.2819491
