Key,BID,ASK,STRIKE,ITYPE,ADJTHEOR,IVBID,IVASK,IVAVERAGE
XCME.ZN.SEP25,111.2187500,111.2343750,INVALID,F,,,,
XCME.ZN1.01AUG25.110:75.P,.0781250,.0937500,110.7500000,P,.0369500,844.2505047,914.3844261,879.7066759
