Key,BID,ASK,STRIKE,ITYPE,ADJTHEOR,IVBID,IVASK,IVAVERAGE
XCME.ZN.SEP25,111.1562500,111.1718750,INVALID,F,,,,
XCME.ZN1.01AUG25.112:25.C,.0069999,.0156250,112.2500000,C,.0010883,844.7293411,984.8754163,922.6308776
