Key,BID,ASK,STRIKE,ITYPE,ADJTHEOR,IVBID,IVASK,IVAVERAGE
XCME.ZN.SEP25,111.1250000,111.1406250,INVALID,F,,,,
XCME.ZN1.01AUG25.110.C,1.1250000,1.1562500,110,C,1.1301768,,1087.2349532,957.8345392
XCME.ZN1.01AUG25.111:25.C,.1875000,.2187500,111.2500000,C,.1366163,840.3338631,950.2507267,895.3507044
