Key,BID,ASK,STRIKE,ITYPE,ADJTHEOR,IVBID,IVASK,IVAVERAGE
XCME.ZN.SEP25,111.1093750,111.1250000,INVALID,F,,,,
XCME.ZN1.01AUG25.113.C,INVALID,.0069999,113,C,.0000530,,1284.4348090,1163.8718719
XCME.ZN1.01AUG25.110:75.C,.4687500,.4843750,110.7500000,C,.4231575,845.2145666,909.8074025,877.7119288
