Key,BID,ASK,STRIKE,ITYPE,ADJTHEOR,IVBID,IVASK,IVAVERAGE
XCME.ZN.SEP25,111.1562500,111.1718750,INVALID,F,,,,
XCME.ZN1.01AUG25.112:25.P,1.0781250,1.1093750,112.2500000,P,1.0903561,,1058.7246780,887.0184039
XCME.ZN1.01AUG25.113.P,1.8281250,1.8593750,113,P,1.8394641,,1603.4973632,1371.9040106
