Key,BID,ASK,STRIKE,ITYPE,ADJTHEOR,IVBID,IVASK,IVAVERAGE
XCME.ZN.SEP25,111.2343750,111.2500000,INVALID,F,,,,
XCME.ZN1.01AUG25.110:5.C,.7500000,.7812500,110.5000000,C,.7465253,665.7784861,930.2813543,816.1735221
XCME.ZN1.01AUG25.111:75.C,.0625000,.0781250,111.7500000,C,.0299867,835.8856868,914.4249023,875.7616654
