Key,BID,ASK,STRIKE,ITYPE,ADJTHEOR,IVBID,IVASK,IVAVERAGE
XCME.ZN.SEP25,111.0937500,111.1093750,INVALID,F,,,,
XCME.ZN1.01AUG25.111:25.P,.3437500,.3750000,111.2500000,P,.2847291,858.9015963,911.1867772,885.0625357
XCME.ZN1.01AUG25.112:5.P,1.3906250,1.4218750,112.5000000,P,1.3990152,,1175.0467414,1023.7015832
