Key,BID,ASK,STRIKE,ITYPE,ADJTHEOR,IVBID,IVASK,IVAVERAGE
XCME.ZN.SEP25,111.1718750,111.1875000,INVALID,F,,,,
XCME.ZN1.01AUG25.110.C,1.1718750,1.2031250,110,C,1.1838611,,1034.5081129,870.6531704
XCME.ZN1.01AUG25.111:25.C,.2187500,.2343750,111.2500000,C,.1628895,851.3004470,904.6326329,877.9708434
