Key,BID,ASK,STRIKE,ITYPE,ADJTHEOR,IVBID,IVASK,IVAVERAGE
XCME.ZN.SEP25,111.0937500,111.1093750,INVALID,F,,,,
XCME.ZN1.01AUG25.111:25.P,.3437500,.3593750,111.2500000,P,.2836556,866.4925583,972.8609667,919.7507246
XCME.ZN1.01AUG25.112:5.P,1.3906250,1.4218750,112.5000000,P,1.4024153,,1156.9866159,980.4823502
