Key,BID,ASK,STRIKE,ITYPE,ADJTHEOR,IVBID,IVASK,IVAVERAGE
XCME.ZN.SEP25,111.1562500,111.1718750,INVALID,F,,,,
XCME.ZN1.01AUG25.112:75.C,INVALID,.0069999,112.7500000,C,.0004460,,1005.0617905,907.1881797
XCME.ZN1.01AUG25.110:25.C,.9375000,.9687500,110.2500000,C,.9164396,843.5898502,1049.2747128,954.5663901
