Key,BID,ASK,STRIKE,ITYPE,ADJTHEOR,IVBID,IVASK,IVAVERAGE
XCME.ZN.SEP25,111.1875000,111.2031250,INVALID,F,,,,
XCME.ZN1.01AUG25.110.P,INVALID,.0156250,110,P,.0003424,,1049.0589980,921.6893136
XCME.ZN1.01AUG25.110:75.P,.0781250,.0937500,110.7500000,P,.0372686,851.3648924,924.1798261,888.1622617
