Key,BID,ASK,STRIKE,ITYPE,ADJTHEOR,IVBID,IVASK,IVAVERAGE
XCME.ZN.SEP25,111.0156250,111.0312500,INVALID,F,,,,
XCME.ZN1.01AUG25.110.C,1.0312500,1.0468750,110,C,1.0335751,,762.4558845,637.9885656
XCME.ZN1.01AUG25.111:25.P,.4062500,.4218750,111.2500000,P,.3636482,784.3276080,875.6538875,830.1038010
XCME.ZN1.01AUG25.112:5.P,1.4687500,1.5000000,112.5000000,P,1.4749524,,1078.4526235,958.3292813
