Key,BID,ASK,STRIKE,ITYPE,ADJTHEOR,IVBID,IVASK,IVAVERAGE
XCME.ZN.SEP25,111.2187500,111.2343750,INVALID,F,,,,
XCME.ZN1.01AUG25.112:75.C,INVALID,.0069999,112.7500000,C,.0002543,,1039.5289862,937.7356227
XCME.ZN1.01AUG25.110:25.C,.9843750,1,110.2500000,C,.9722315,823.6808072,973.9603727,905.3355108
