Key,BID,ASK,STRIKE,ITYPE,ADJTHEOR,IVBID,IVASK,IVAVERAGE
XCME.ZN.SEP25,111,111.0156250,INVALID,F,,,,
XCME.ZN1.01AUG25.111:25.P,.4062500,.4375000,111.2500000,P,.3743306,753.0077891,845.0117350,799.1561768
XCME.ZN1.01AUG25.112:5.P,1.4843750,1.5156250,112.5000000,P,1.4905550,,1084.0811379,963.5276345
XCME.ZN1.01AUG25.111:5.P,.5781250,.5937500,111.5000000,P,.5543188,738.7212831,848.8390138,794.6786171
