Key,BID,ASK,STRIKE,ITYPE,ADJTHEOR,IVBID,IVASK,IVAVERAGE
XCME.ZN.SEP25,110.9843750,111,INVALID,F,,,,
XCME.ZN1.01AUG25.110.C,1,1.0312500,110,C,1.0075923,443.5176621,820.9267165,701.2691549
XCME.ZN1.01AUG25.111:25.P,.4375000,.4531250,111.2500000,P,.3859802,808.4575326,853.6250792,831.0745586
XCME.ZN1.01AUG25.112:5.P,1.5000000,1.5312500,112.5000000,P,1.5029275,948.0912921,1101.8768565,1032.2710595
