Key,BID,ASK,STRIKE,ITYPE,ADJTHEOR,IVBID,IVASK,IVAVERAGE
XCME.ZN.SEP25,111.0312500,111.0468750,INVALID,F,,,,
XCME.ZN1.01AUG25.111:75.C,.0468750,.0625000,111.7500000,C,.0305795,729.1334476,802.7840621,766.8946609
XCME.ZN1.01AUG25.110:5.C,.6093750,.6406250,110.5000000,C,.5892029,713.9259514,830.1629292,773.3344323
XCME.ZN1.01AUG25.110:75.C,.4375000,.4531250,110.7500000,C,.4039822,750.8503012,797.8691271,774.4192498
