Key,BID,ASK,STRIKE,ITYPE,ADJTHEOR,IVBID,IVASK,IVAVERAGE
XCME.ZN.SEP25,111.1875000,111.2031250,INVALID,F,,,,
XCME.ZN1.01AUG25.112:25.P,1.0468750,1.0781250,112.2500000,P,1.0602062,,1014.8729862,841.1995730
XCME.ZN1.01AUG25.113.P,1.7968750,1.8281250,113,P,1.8090330,,1552.2563153,1316.0119575
