Key,BID,ASK,STRIKE,ITYPE,ADJTHEOR,IVBID,IVASK,IVAVERAGE
XCME.ZN.SEP25,111.0468750,111.0625000,INVALID,F,,,,
XCME.ZN1.01AUG25.110.C,1.0625000,1.0781250,110,C,1.0574166,685.2870050,827.4277203,764.1319297
XCME.ZN1.01AUG25.111:25.P,.3906250,.4062500,111.2500000,P,.3497270,777.8080666,822.8798748,800.3680758
XCME.ZN1.01AUG25.112:5.P,1.4375000,1.4687500,112.5000000,P,1.4508866,,992.3285822,841.9067035
