Key,BID,ASK,STRIKE,ITYPE,ADJTHEOR,IVBID,IVASK,IVAVERAGE
XCME.ZN.SEP25,111.1093750,111.1250000,INVALID,F,,,,
XCME.ZN1.01AUG25.111:75.P,.6718750,.7031250,111.7500000,P,.6671966,671.2535626,830.1655926,755.0628577
XCME.ZN1.01AUG25.110.P,.0156250,.0312500,110,P,.0027785,830.2752795,972.5168020,907.5224284
XCME.ZN1.01AUG25.110:5.P,.0625000,.0781250,110.5000000,P,.0303604,793.8505805,863.8995159,829.4522064
