Key,BID,ASK,STRIKE,ITYPE,ADJTHEOR,IVBID,IVASK,IVAVERAGE
XCME.ZN.SEP25,111.0625000,111.0781250,INVALID,F,,,,
XCME.ZN1.01AUG25.111:5.P,.5000000,.5156250,111.5000000,P,.4561703,884.0114249,958.3910128,921.5456172
