Key,BID,ASK,STRIKE,ITYPE,ADJTHEOR,IVBID,IVASK,IVAVERAGE
XCME.ZN.SEP25,111.1562500,111.1718750,INVALID,F,,,,
XCME.ZN1.01AUG25.112:25.P,1.0781250,1.1093750,112.2500000,P,1.0905844,,1031.0800972,863.8470256
XCME.ZN1.01AUG25.113.P,1.8281250,1.8593750,113,P,1.8394779,,1561.6509277,1336.0879150
