Key,BID,ASK,STRIKE,ITYPE,ADJTHEOR,IVBID,IVASK,IVAVERAGE
XCME.ZN.SEP25,111.2187500,111.2343750,INVALID,F,,,,
XCME.ZN1.01AUG25.112:75.P,1.5312500,1.5625000,112.7500000,P,1.5358082,,1341.9712970,1130.3937235
