Key,BID,ASK,STRIKE,ITYPE,ADJTHEOR,IVBID,IVASK,IVAVERAGE
XCME.ZN.SEP25,111.0312500,111.0468750,INVALID,F,,,,
XCME.ZN1.01AUG25.111.C,.2968750,.3125000,111,C,.2511514,763.9452092,807.4184509,785.6829137
XCME.ZN1.01AUG25.113.P,1.9531250,1.9843750,113,P,1.9737826,,1340.3793249,1200.7962100
XCME.ZN1.01AUG25.110.C,1.0312500,1.0625000,110,C,1.0338137,,766.6025206,641.7226811
