Key,BID,ASK,STRIKE,ITYPE,ADJTHEOR,IVBID,IVASK,IVAVERAGE
XCME.ZN.SEP25,110.9531250,110.9687500,INVALID,F,,,,
XCME.ZN1.01AUG25.112.C,.0156250,.0312500,112,C,.0092094,715.7535017,840.7837599,783.5901634
XCME.ZN1.01AUG25.112:5.C,.0069999,.0156250,112.5000000,C,.0018751,850.8120250,979.2235705,922.5416578
XCME.ZN1.01AUG25.112:25.P,1.2812500,1.3125000,112.2500000,P,1.2963660,,893.1529833,753.7660030
