Key,BID,ASK,STRIKE,ITYPE,ADJTHEOR,IVBID,IVASK,IVAVERAGE
XCME.ZN.SEP25,111.1406250,111.1562500,INVALID,F,,,,
XCME.ZN1.01AUG25.110:5.C,.6875000,.7187500,110.5000000,C,.6654215,786.5391249,961.4172098,878.3636316
XCME.ZN1.01AUG25.112:25.P,1.0937500,1.1250000,112.2500000,P,1.1033559,,1009.9827771,872.1213996
