Key,BID,ASK,STRIKE,ITYPE,ADJTHEOR,IVBID,IVASK,IVAVERAGE
XCME.ZN.SEP25,111,111.0156250,INVALID,F,,,,
XCME.ZN1.01AUG25.111.C,.2656250,.2968750,111,C,.2442941,719.1501174,806.2258412,762.6885610
XCME.ZN1.01AUG25.113.P,1.9843750,2.0156250,113,P,1.9858871,,1394.6361338,1265.2555422
XCME.ZN1.01AUG25.110.C,1.0156250,1.0312500,110,C,1.0219253,,722.1756649,574.2251646
