Key,BID,ASK,STRIKE,ITYPE,ADJTHEOR,IVBID,IVASK,IVAVERAGE
XCME.ZN.SEP25,111.0937500,111.1093750,INVALID,F,,,,
XCME.ZN1.01AUG25.111:75.C,.0468750,.0625000,111.7500000,C,.0235826,791.8121762,875.5584617,834.7054529
XCME.ZN1.01AUG25.111.P,.2187500,.2343750,111,P,.1430098,911.9689542,964.2506648,938.1210596
