Key,BID,ASK,STRIKE,ITYPE,ADJTHEOR,IVBID,IVASK,IVAVERAGE
XCME.ZN.SEP25,111.0312500,111.0468750,INVALID,F,,,,
XCME.ZN1.01AUG25.110:75.P,.1562500,.1718750,110.7500000,P,.1190134,761.7010126,808.4584683,785.1358072
XCME.ZN1.01AUG25.110:25.P,.0312500,.0468750,110.2500000,P,.0210846,685.5439200,772.8737496,731.0352928
XCME.ZN1.01AUG25.110.P,.0156250,.0312500,110,P,.0068705,719.0675521,844.3140057,786.9644190
XCME.ZN1.01AUG25.111:75.P,.7500000,.7812500,111.7500000,P,.7453283,667.9813756,819.5919767,748.1052937
