Key,BID,ASK,STRIKE,ITYPE,ADJTHEOR,IVBID,IVASK,IVAVERAGE
XCME.ZN.SEP25,111,111.0156250,INVALID,F,,,,
XCME.ZN1.01AUG25.110:5.C,.6093750,.6250000,110.5000000,C,.5762089,762.6876177,818.9955931,791.0999583
XCME.ZN1.01AUG25.110:75.C,.4375000,.4531250,110.7500000,C,.3933727,783.1596319,829.4771135,806.3633996
XCME.ZN1.01AUG25.111.P,.2500000,.2812500,111,P,.2287802,718.5023617,805.0771872,761.7907235
XCME.ZN1.01AUG25.113.C,INVALID,.0069999,113,C,.0007586,,1063.5878548,964.1882203
