Key,BID,ASK,STRIKE,ITYPE,ADJTHEOR,IVBID,IVASK,IVAVERAGE
XCME.ZN.SEP25,111.1718750,111.1875000,INVALID,F,,,,
XCME.ZN1.01AUG25.112:75.P,1.5625000,1.5937500,112.7500000,P,1.5738817,,1414.7875893,1203.2997943
XCME.ZN1.01AUG25.111:75.P,.6093750,.6406250,111.7500000,P,.5929808,770.8372328,959.2668576,870.0114286
