Key,BID,ASK,STRIKE,ITYPE,ADJTHEOR,IVBID,IVASK,IVAVERAGE
XCME.ZN.SEP25,111.1875000,111.2031250,INVALID,F,,,,
XCME.ZN1.01AUG25.110:5.P,.0312500,.0468750,110.5000000,P,.0142279,762.8916576,863.9636455,815.4389764
