Key,BID,ASK,STRIKE,ITYPE,ADJTHEOR,IVBID,IVASK,IVAVERAGE
XCME.ZN.SEP25,111.0156250,111.0312500,INVALID,F,,,,
XCME.ZN1.01AUG25.112:75.P,1.7343750,1.7656250,112.7500000,P,1.7398592,,1024.3737609,955.1764008
XCME.ZN1.01AUG25.110:5.P,.0937500,.1093750,110.5000000,P,.0595165,706.5468975,819.5259972,764.1715874
XCME.ZN1.01AUG25.112:25.C,.0069999,.0156250,112.2500000,C,.0043724,712.4828005,825.8095724,775.5777311
XCME.ZN1.01AUG25.112.P,1,1.0312500,112,P,.9996464,646.4322987,883.6752470,783.0266431
