Key,BID,ASK,STRIKE,ITYPE,ADJTHEOR,IVBID,IVASK,IVAVERAGE
XCME.ZN.SEP25,111.1875000,111.2031250,INVALID,F,,,,
XCME.ZN1.01AUG25.110.C,1.2031250,1.2187500,110,C,1.1959568,866.9025842,1076.2362775,986.7376091
XCME.ZN1.01AUG25.111:25.C,.2343750,.2500000,111.2500000,C,.1691771,881.6962352,934.6934239,908.1973876
