Key,BID,ASK,STRIKE,ITYPE,ADJTHEOR,IVBID,IVASK,IVAVERAGE
XCME.ZN.SEP25,111.0156250,111.0312500,INVALID,F,,,,
XCME.ZN1.01AUG25.111.C,.2812500,.2968750,111,C,.2497430,747.5421770,791.2296281,769.3863781
XCME.ZN1.01AUG25.113.P,1.9687500,2,113,P,1.9737366,,1356.8428279,1215.7540504
XCME.ZN1.01AUG25.110.C,1.0156250,1.0468750,110,C,1.0335751,,762.4558845,637.9885656
