Key,BID,ASK,STRIKE,ITYPE,ADJTHEOR,IVBID,IVASK,IVAVERAGE
XCME.ZN.SEP25,110.9843750,111,INVALID,F,,,,
XCME.WY5.30JUL25.111.P,INVALID,.0156250,111,P,.0171660,,482.8513357,278.6754485
XCME.ZN1.01AUG25.110:75.P,.1562500,.1875000,110.7500000,P,.1341699,716.2708229,807.6052643,762.1094054
XCME.ZN1.01AUG25.110:25.P,.0468750,.0625000,110.2500000,P,.0253722,741.2138115,815.6256087,779.3912481
