Key,BID,ASK,STRIKE,ITYPE,ADJTHEOR,IVBID,IVASK,IVAVERAGE
XCME.ZN.SEP25,111.1093750,111.1250000,INVALID,F,,,,
XCME.ZN1.01AUG25.112:25.P,1.1406250,1.1562500,112.2500000,P,,,,
XCME.ZN1.01AUG25.111:5.C,.1093750,.1406250,111.5000000,C,,,,
XCME.ZN1.01AUG25.111.C,.3281250,.3593750,111,C,,,,
