Key,BID,ASK,STRIKE,ITYPE,ADJTHEOR,IVBID,IVASK,IVAVERAGE
XCME.ZN.SEP25,111.1718750,111.1875000,INVALID,F,,,,
XCME.ZN1.01AUG25.112.P,.8281250,.8593750,112,P,.8142285,762.0125163,957.2823295,867.1664913
XCME.ZN1.01AUG25.112:25.C,.0069999,.0156250,112.2500000,C,.0039455,708.5260079,826.5635747,774.1114124
