Key,BID,ASK,STRIKE,ITYPE,ADJTHEOR,IVBID,IVASK,IVAVERAGE
XCME.ZN.SEP25,111.0937500,111.1093750,INVALID,F,,,,
XCME.ZN1.01AUG25.112.P,.9218750,.9375000,112,P,.9081910,602.2560032,934.3696596,807.3769779
XCME.ZN1.01AUG25.112:25.C,.0069999,.0156250,112.2500000,C,.0017392,797.6193922,926.0345452,868.9922156
