Key,BID,ASK,STRIKE,ITYPE,ADJTHEOR,IVBID,IVASK,IVAVERAGE
XCME.ZN.SEP25,111.1875000,111.2031250,INVALID,F,,,,
XCME.ZN1.01AUG25.110:5.C,.7031250,.7343750,110.5000000,C,.6865942,785.6389868,998.6318498,899.8796453
XCME.ZN1.01AUG25.111:75.C,.0468750,.0625000,111.7500000,C,.0199648,834.8478176,925.3606202,881.1663143
