Key,BID,ASK,STRIKE,ITYPE,ADJTHEOR,IVBID,IVASK,IVAVERAGE
XCME.ZN.SEP25,111.1562500,111.1718750,INVALID,F,,,,
XCME.ZN1.01AUG25.113.C,INVALID,.0069999,113,C,.0001236,,1199.3706351,1085.6479561
XCME.ZN1.01AUG25.110:75.C,.5156250,.5312500,110.7500000,C,.4688687,847.2800889,973.0661686,910.9866436
