Key,BID,ASK,STRIKE,ITYPE,ADJTHEOR,IVBID,IVASK,IVAVERAGE
XCME.ZN.SEP25,111.2187500,111.2343750,INVALID,F,,,,
XCME.ZN1.01AUG25.112:25.P,1.0156250,1.0468750,112.2500000,P,1.0218407,,1035.8854876,909.5875317
XCME.ZN1.01AUG25.113.P,1.7656250,1.7812500,113,P,1.7699960,,1343.2996069,1252.8858555
