Key,BID,ASK,STRIKE,ITYPE,ADJTHEOR,IVBID,IVASK,IVAVERAGE
XCME.ZN.SEP25,110.9687500,110.9843750,INVALID,F,,,,
XCME.WY5.30JUL25.111.P,INVALID,.0156250,111,P,,,202.1695934,430.8459504
XCME.ZN1.01AUG25.110:75.P,.1875000,.2031250,110.7500000,P,.1447532,730.4217290,775.3935956,752.9415043
XCME.ZN1.01AUG25.110:25.P,.0468750,.0625000,110.2500000,P,.0284588,720.4820151,793.6404098,757.9983144
