Key,BID,ASK,STRIKE,ITYPE,ADJTHEOR,IVBID,IVASK,IVAVERAGE
XCME.ZN.SEP25,111.2187500,111.2343750,INVALID,F,,,,
XCME.ZN1.01AUG25.112:5.C,INVALID,.0156250,112.5000000,C,.0004627,,1088.6201914,957.4751826
XCME.ZN1.01AUG25.112.C,.0156250,.0312500,112,C,.0085055,730.1155763,871.4147114,806.4617390
