Key,BID,ASK,STRIKE,ITYPE,ADJTHEOR,IVBID,IVASK,IVAVERAGE
XCME.ZN.SEP25,111.0312500,111.0468750,INVALID,F,,,,
XCME.ZN1.01AUG25.112.C,.0156250,.0312500,112,C,.0113988,684.3900713,805.8405815,750.1503022
XCME.ZN1.01AUG25.112:5.C,.0069999,.0156250,112.5000000,C,.0020017,826.9248063,952.6823240,897.0779683
XCME.ZN1.01AUG25.112:25.P,1.2031250,1.2343750,112.2500000,P,1.2231567,,820.4554343,646.0359664
