Key,BID,ASK,STRIKE,ITYPE,ADJTHEOR,IVBID,IVASK,IVAVERAGE
XCME.ZN.SEP25,111.0468750,111.0625000,INVALID,F,,,,
XCME.ZN1.01AUG25.111.P,.2500000,.2656250,111,P,.2151619,755.4628920,798.8298862,777.1477481
XCME.ZN1.01AUG25.113.C,INVALID,.0069999,113,C,.0007257,,1051.2937371,953.3923251
XCME.ZN1.01AUG25.112.C,.0156250,.0312500,112,C,.0120960,676.0005945,796.3994110,741.1814760
