Key,BID,ASK,STRIKE,ITYPE,ADJTHEOR,IVBID,IVASK,IVAVERAGE
XCME.ZN.SEP25,111.0156250,111.0312500,INVALID,F,,,,
XCME.ZN1.01AUG25.111:75.C,.0468750,.0625000,111.7500000,C,.0289346,739.6469063,814.0313743,777.7963959
XCME.ZN1.01AUG25.110:5.C,.6093750,.6250000,110.5000000,C,.5815023,744.3479216,802.3576566,773.6588774
XCME.ZN1.01AUG25.110:75.C,.4375000,.4531250,110.7500000,C,.3971462,772.5181092,819.4276993,796.0243858
