Key,BID,ASK,STRIKE,ITYPE,ADJTHEOR,IVBID,IVASK,IVAVERAGE
XCME.ZN.SEP25,111.0156250,111.0312500,INVALID,F,,,,
XCME.WY5.30JUL25.111.P,INVALID,.0156250,111,P,.0043781,,1117.6523779,740.0215993
XCME.ZN1.01AUG25.110:75.P,.1406250,.1718750,110.7500000,P,.1236915,700.6797188,794.4184873,747.7837634
XCME.ZN1.01AUG25.110:25.P,.0312500,.0468750,110.2500000,P,.0222480,677.3528429,764.2068723,722.5813547
