Key,BID,ASK,STRIKE,ITYPE,ADJTHEOR,IVBID,IVASK,IVAVERAGE
XCME.ZN.SEP25,111.0312500,111.0468750,INVALID,F,,,,
XCME.ZN1.01AUG25.110.C,1.0468750,1.0625000,110,C,1.0192062,749.0000546,862.6961676,809.7126617
XCME.ZN1.01AUG25.111:25.P,.3906250,.4062500,111.2500000,P,.3776727,725.4760892,770.7249813,748.1369870
XCME.ZN1.01AUG25.112:5.P,1.4687500,1.4843750,112.5000000,P,1.4907121,,891.4743238,740.8774305
