Key,BID,ASK,STRIKE,ITYPE,ADJTHEOR,IVBID,IVASK,IVAVERAGE
XCME.ZN.SEP25,111.2031250,111.2187500,INVALID,F,,,,
XCME.ZN1.01AUG25.110:25.C,.9687500,1,110.2500000,C,.9623916,787.3682367,1127.4754398,988.6549082
XCME.ZN1.01AUG25.112:75.C,INVALID,.0069999,112.7500000,C,.0000881,,1138.3984823,1026.8245193
