Key,BID,ASK,STRIKE,ITYPE,ADJTHEOR,IVBID,IVASK,IVAVERAGE
XCME.ZN.SEP25,111.1562500,111.1718750,INVALID,F,,,,
XCME.ZN1.01AUG25.113.P,1.8125000,1.8281250,113,P,1.8316927,,,
XCME.ZN1.01AUG25.112.C,.0156250,.0312500,112,C,.0067373,759.6648309,902.0835184,836.6788736
