Key,BID,ASK,STRIKE,ITYPE,ADJTHEOR,IVBID,IVASK,IVAVERAGE
XCME.ZN.SEP25,111.2187500,111.2343750,INVALID,F,,,,
XCME.ZN1.01AUG25.112:5.C,INVALID,.0156250,112.5000000,C,.0005534,,1085.5604341,954.9893047
XCME.ZN1.01AUG25.111:5.P,.4062500,.4218750,111.5000000,P,.3381361,844.9920391,905.9547926,875.5802404
