Key,BID,ASK,STRIKE,ITYPE,ADJTHEOR,IVBID,IVASK,IVAVERAGE
XCME.ZN.SEP25,111.1093750,111.1250000,INVALID,F,,,,
XCME.ZN1.01AUG25.113.P,1.8593750,1.8906250,113,P,1.8794840,,1271.6078039,1187.3264299
XCME.ZN1.01AUG25.112.C,.0156250,.0312500,112,C,.0078761,734.3724570,868.2280344,806.7560606
