Key,BID,ASK,STRIKE,ITYPE,ADJTHEOR,IVBID,IVASK,IVAVERAGE
XCME.ZN.SEP25,111.0781250,111.0937500,INVALID,F,,,,
XCME.ZN1.01AUG25.111:25.C,.1562500,.1875000,111.2500000,C,.1049026,863.6221591,985.7717761,924.8407022
