Key,BID,ASK,STRIKE,ITYPE,ADJTHEOR,IVBID,IVASK,IVAVERAGE
XCME.ZN.SEP25,111.1875000,111.2031250,INVALID,F,,,,
XCME.ZN1.01AUG25.112:5.C,INVALID,.0156250,112.5000000,C,.0003540,,1125.8147338,990.8683400
XCME.ZN1.01AUG25.112.C,.0156250,.0312500,112,C,.0064371,767.7442921,913.4431348,846.5284653
