Key,BID,ASK,STRIKE,ITYPE,ADJTHEOR,IVBID,IVASK,IVAVERAGE
XCME.ZN.SEP25,111.1406250,111.1562500,INVALID,F,,,,
XCME.ZN1.01AUG25.111:25.P,.2968750,.3281250,111.2500000,P,.2494194,824.0690972,877.8166115,850.9540273
XCME.ZN1.01AUG25.112:5.P,1.3437500,1.3750000,112.5000000,P,1.3520686,,962.4800965,863.8660869
