Key,BID,ASK,STRIKE,ITYPE,ADJTHEOR,IVBID,IVASK,IVAVERAGE
XCME.ZN.SEP25,110.9843750,111,INVALID,F,,,,
XCME.ZN1.01AUG25.111.P,.2656250,.2968750,111,P,.2368926,739.9706129,827.0259993,783.4983069
XCME.ZN1.01AUG25.113.C,INVALID,.0069999,113,C,.0006921,,1078.5795481,977.8650724
XCME.ZN1.01AUG25.112.C,.0156250,.0312500,112,C,.0099083,704.9416449,829.4729304,772.4621469
