Key,BID,ASK,STRIKE,ITYPE,ADJTHEOR,IVBID,IVASK,IVAVERAGE
XCME.ZN.SEP25,111.2187500,111.2343750,INVALID,F,,,,
XCME.ZN1.01AUG25.112:75.P,1.5156250,1.5468750,112.7500000,P,1.5358135,,1135.0779437,1056.3472049
