Key,BID,ASK,STRIKE,ITYPE,ADJTHEOR,IVBID,IVASK,IVAVERAGE
XCME.ZN.SEP25,111.1875000,111.2031250,INVALID,F,,,,
XCME.ZN1.01AUG25.112:75.P,1.5468750,1.5781250,112.7500000,P,1.5582710,,1388.5460781,1180.5835796
XCME.ZN1.01AUG25.111:75.P,.5937500,.6250000,111.7500000,P,.5798188,748.0092833,932.7446934,845.1924085
