Key,BID,ASK,STRIKE,ITYPE,ADJTHEOR,IVBID,IVASK,IVAVERAGE
XCME.ZN.SEP25,111,111.0156250,INVALID,F,,,,
XCME.ZN1.01AUG25.111:5.C,.0937500,.1093750,111.5000000,C,.0682053,743.2962658,798.1841011,770.9775186
XCME.ZN1.01AUG25.111.C,.2812500,.3125000,111,C,.2479052,752.0943060,838.6663640,795.3811686
XCME.ZN1.01AUG25.113.P,1.9531250,1.9843750,113,P,1.9816336,,964.1882203,1072.8414970
