Key,BID,ASK,STRIKE,ITYPE,ADJTHEOR,IVBID,IVASK,IVAVERAGE
XCME.ZN.SEP25,111.1562500,111.1718750,INVALID,F,,,,
XCME.ZN1.01AUG25.112:75.P,1.5781250,1.6093750,112.7500000,P,1.5825134,,1505.7449303,1340.5834161
XCME.ZN1.01AUG25.111:75.P,.6250000,.6562500,111.7500000,P,.6011241,820.7006824,1000.8195525,914.7155432
