Key,BID,ASK,STRIKE,ITYPE,ADJTHEOR,IVBID,IVASK,IVAVERAGE
XCME.ZN.SEP25,111.1562500,111.1718750,INVALID,F,,,,
XCME.ZN1.01AUG25.113.C,INVALID,.0069999,113,C,.0000771,,1231.8754528,1114.9597485
XCME.ZN1.01AUG25.110:75.C,.5000000,.5312500,110.7500000,C,.4592176,775.7899574,912.8077653,845.6428589
