Key,BID,ASK,STRIKE,ITYPE,ADJTHEOR,IVBID,IVASK,IVAVERAGE
XCME.ZN.SEP25,111.2343750,111.2500000,INVALID,F,,,,
XCME.ZN1.01AUG25.111.C,.3750000,.4062500,111,C,.3314019,824.5106779,944.7288156,884.9388863
XCME.ZN1.01AUG25.111:25.P,.2656250,.2812500,111.2500000,P,.1876387,937.4195513,993.0156771,965.2176346
