Key,BID,ASK,STRIKE,ITYPE,ADJTHEOR,IVBID,IVASK,IVAVERAGE
XCME.ZN.SEP25,111.1406250,111.1562500,INVALID,F,,,,
XCME.ZN1.01AUG25.113.P,1.8593750,1.8750000,113,P,1.8637498,,1369.3738333,1278.4580263
XCME.ZN1.01AUG25.112.C,.0156250,.0312500,112,C,.0054397,784.9873445,929.1056578,862.9140237
