Key,BID,ASK,STRIKE,ITYPE,ADJTHEOR,IVBID,IVASK,IVAVERAGE
XCME.ZN.SEP25,111.0156250,111.0312500,INVALID,F,,,,
XCME.ZN1.01AUG25.111.P,.2656250,.2812500,111,P,.2289648,717.5523098,803.8834731,760.7189188
XCME.ZN1.01AUG25.113.C,INVALID,.0069999,113,C,.0007384,,1060.2401946,961.3969764
XCME.ZN1.01AUG25.112.C,.0156250,.0312500,112,C,.0111078,688.3568630,810.3286794,754.4431734
