Key,BID,ASK,STRIKE,ITYPE,ADJTHEOR,IVBID,IVASK,IVAVERAGE
XCME.ZN.SEP25,111.2031250,111.2187500,INVALID,F,,,,
XCME.ZN1.01AUG25.112:75.C,INVALID,.0069999,112.7500000,C,.0002441,,1048.7218146,946.0270426
XCME.ZN1.01AUG25.110:25.C,.9687500,1,110.2500000,C,.9560840,822.1153806,968.3856458,901.3082337
