Key,BID,ASK,STRIKE,ITYPE,ADJTHEOR,IVBID,IVASK,IVAVERAGE
XCME.ZN.SEP25,111.0937500,111.1093750,INVALID,F,,,,
XCME.ZN1.01AUG25.111:5.C,.1093750,.1250000,111.5000000,C,.0585867,866.2786947,927.5310291,897.0894494
XCME.ZN1.01AUG25.111.C,.3125000,.3437500,111,C,.2523318,858.4824226,962.4933263,910.5177643
