Key,BID,ASK,STRIKE,ITYPE,ADJTHEOR,IVBID,IVASK,IVAVERAGE
XCME.ZN.SEP25,111.1093750,111.1250000,INVALID,F,,,,
XCME.ZN1.01AUG25.111:5.P,.4843750,.5156250,111.5000000,P,.4597185,745.1846790,856.3689299,801.4159945
XCME.ZN1.01AUG25.111:25.P,.3281250,.3593750,111.2500000,P,.2917080,772.3523778,868.3463663,820.4028117
XCME.ZN1.01AUG25.112:5.P,1.3750000,1.4062500,112.5000000,P,1.3841184,,1074.4292444,935.6293661
