Key,BID,ASK,STRIKE,ITYPE,ADJTHEOR,IVBID,IVASK,IVAVERAGE
XCME.ZN.SEP25,111.2031250,111.2187500,INVALID,F,,,,
XCME.ZN1.01AUG25.110:25.P,.0069999,.0156250,110.2500000,P,.0014837,770.4293626,899.7435961,842.1210706
XCME.ZN1.01AUG25.110:5.P,.0312500,.0468750,110.5000000,P,.0086889,846.1788558,957.1312332,903.8848027
