Key,BID,ASK,STRIKE,ITYPE,ADJTHEOR,IVBID,IVASK,IVAVERAGE
XCME.ZN.SEP25,110.9843750,111,INVALID,F,,,,
XCME.ZN1.01AUG25.111:75.C,.0312500,.0625000,111.7500000,C,.0248794,680.9432596,843.1651071,767.3887388
XCME.ZN1.01AUG25.110:5.C,.5781250,.6093750,110.5000000,C,.5503781,740.4131531,850.3920664,796.2912904
XCME.ZN1.01AUG25.110:75.C,.4062500,.4375000,110.7500000,C,.3715522,754.5452248,846.4948711,800.6645129
