Key,BID,ASK,STRIKE,ITYPE,ADJTHEOR,IVBID,IVASK,IVAVERAGE
XCME.ZN.SEP25,111.2187500,111.2343750,INVALID,F,,,,
XCME.ZN1.01AUG25.113.P,1.7656250,1.7968750,113,P,1.7735563,,1459.6061309,1280.7687841
XCME.ZN1.01AUG25.112.C,.0312500,.0468750,112,C,.0109292,827.1919593,932.9563478,882.2732459
