Key,BID,ASK,STRIKE,ITYPE,ADJTHEOR,IVBID,IVASK,IVAVERAGE
XCME.ZN.SEP25,111.0781250,111.0937500,INVALID,F,,,,
XCME.ZN1.01AUG25.113.P,1.9062500,1.9375000,113,P,1.9262538,,1382.0393963,1290.8520976
XCME.ZN1.01AUG25.112.C,.0156250,.0312500,112,C,.0042280,814.4122666,960.4954961,893.4432952
