Key,BID,ASK,STRIKE,ITYPE,ADJTHEOR,IVBID,IVASK,IVAVERAGE
XCME.ZN.SEP25,111.0781250,111.0937500,INVALID,F,,,,
XCME.ZN1.01AUG25.110:25.P,.0312500,.0468750,110.2500000,P,.0077899,845.9155350,950.9350208,900.6603493
