Key,BID,ASK,STRIKE,ITYPE,ADJTHEOR,IVBID,IVASK,IVAVERAGE
XCME.ZN.SEP25,111,111.0156250,INVALID,F,,,,
XCME.ZN1.01AUG25.112:75.P,1.7343750,1.7656250,112.7500000,P,1.7431891,,1194.3823984,1047.6196726
XCME.ZN1.01AUG25.110:5.P,.0781250,.1093750,110.5000000,P,.0579151,714.1265600,828.5883101,772.5029585
XCME.ZN1.01AUG25.112:25.C,.0069999,.0156250,112.2500000,C,.0038941,724.7221730,839.8892254,788.8318621
XCME.ZN1.01AUG25.112.P,1,1.0312500,112,P,1.0021989,613.5789601,877.8199042,770.2522774
