Key,BID,ASK,STRIKE,ITYPE,ADJTHEOR,IVBID,IVASK,IVAVERAGE
XCME.ZN.SEP25,111.1562500,111.1718750,INVALID,F,,,,
XCME.ZN1.01AUG25.110.C,1.1406250,1.1718750,110,C,1.1379406,746.6279117,1164.1569860,1054.0340357
XCME.ZN1.01AUG25.111:25.C,.2031250,.2343750,111.2500000,C,.1398076,938.4046491,993.1248612,965.7747279
