Key,BID,ASK,STRIKE,ITYPE,ADJTHEOR,IVBID,IVASK,IVAVERAGE
XCME.ZN.SEP25,111.0625000,111.0781250,INVALID,F,,,,
XCME.ZN1.01AUG25.111:75.P,.7031250,.7343750,111.7500000,P,.6867172,762.1289351,939.5657242,855.7973074
