Key,BID,ASK,STRIKE,ITYPE,ADJTHEOR,IVBID,IVASK,IVAVERAGE
XCME.ZN.SEP25,111.1875000,111.2031250,INVALID,F,,,,
XCME.ZN1.01AUG25.111:5.C,.1406250,.1562500,111.5000000,C,.0914951,831.1326982,885.0705311,858.1863097
XCME.ZN1.01AUG25.111.C,.3750000,.4062500,111,C,.3208347,832.2700495,933.8633015,883.1786142
