Key,BID,ASK,STRIKE,ITYPE,ADJTHEOR,IVBID,IVASK,IVAVERAGE
XCME.ZN.SEP25,111.1562500,111.1718750,INVALID,F,,,,
XCME.ZN1.01AUG25.111:25.P,.3125000,.3281250,111.2500000,P,.2677997,804.1686680,854.3144590,829.2522168
XCME.ZN1.01AUG25.112:5.P,1.3437500,1.3593750,112.5000000,P,1.3603135,,252.1515806,
