Key,BID,ASK,STRIKE,ITYPE,ADJTHEOR,IVBID,IVASK,IVAVERAGE
XCME.ZN.SEP25,111.1875000,111.2031250,INVALID,F,,,,
XCME.ZN1.01AUG25.112:5.C,.0069999,.0156250,112.5000000,C,.0013621,841.7771961,974.4025705,915.7256755
XCME.ZN1.01AUG25.111:5.P,.4375000,.4687500,111.5000000,P,.3968281,800.9776397,908.4980309,855.0713706
