Key,BID,ASK,STRIKE,ITYPE,ADJTHEOR,IVBID,IVASK,IVAVERAGE
XCME.ZN.SEP25,111.1250000,111.1406250,INVALID,F,,,,
XCME.ZN1.01AUG25.110.C,1.1406250,1.1562500,110,C,1.1339982,813.0996497,1013.8994298,928.0382527
XCME.ZN1.01AUG25.111:25.C,.2031250,.2343750,111.2500000,C,.1455039,855.5897305,960.9639881,908.3217796
