Key,BID,ASK,STRIKE,ITYPE,ADJTHEOR,IVBID,IVASK,IVAVERAGE
XCME.ZN.SEP25,111.0937500,111.1093750,INVALID,F,,,,
XCME.ZN1.01AUG25.112:5.C,INVALID,.0156250,112.5000000,C,.0003236,,1140.8294010,1006.9382532
XCME.ZN1.01AUG25.111:5.P,.5000000,.5156250,111.5000000,P,.4545429,857.4235362,922.6103559,890.2493072
