Key,BID,ASK,STRIKE,ITYPE,ADJTHEOR,IVBID,IVASK,IVAVERAGE
XCME.ZN.SEP25,111.1250000,111.1406250,INVALID,F,,,,
XCME.ZN1.01AUG25.111:5.C,.1093750,.1250000,111.5000000,C,.0615617,857.4537359,920.0481233,888.9217226
XCME.ZN1.01AUG25.111.C,.3281250,.3437500,111,C,.2673258,870.7704743,925.4560889,898.1313964
