Key,BID,ASK,STRIKE,ITYPE,ADJTHEOR,IVBID,IVASK,IVAVERAGE
XCME.ZN.SEP25,111.0781250,111.0937500,INVALID,F,,,,
XCME.ZN1.01AUG25.113.P,1.9062500,1.9375000,113,P,1.9063976,429.1266117,1574.5796480,1430.7468056
XCME.ZN1.01AUG25.112.C,.0156250,.0312500,112,C,.0065588,757.9780209,894.7792204,831.9688292
