Key,BID,ASK,STRIKE,ITYPE,ADJTHEOR,IVBID,IVASK,IVAVERAGE
XCME.ZN.SEP25,111.0937500,111.1093750,INVALID,F,,,,
XCME.ZN1.01AUG25.110.C,1.0937500,1.1250000,110,C,1.1061744,,984.1032131,824.9003918
XCME.ZN1.01AUG25.111:25.C,.1875000,.2031250,111.2500000,C,.1295026,864.2696700,918.8834271,891.5972362
