Key,BID,ASK,STRIKE,ITYPE,ADJTHEOR,IVBID,IVASK,IVAVERAGE
XCME.ZN.SEP25,111.0781250,111.0937500,INVALID,F,,,,
XCME.ZN1.01AUG25.112:5.C,INVALID,.0156250,112.5000000,C,.0006365,,1072.7398913,946.9470901
XCME.ZN1.01AUG25.111:5.P,.5156250,.5468750,111.5000000,P,.4667558,853.2267564,972.1903975,913.3475622
