Key,BID,ASK,STRIKE,ITYPE,ADJTHEOR,IVBID,IVASK,IVAVERAGE
XCME.ZN.SEP25,111.0312500,111.0468750,INVALID,F,,,,
XCME.ZN1.01AUG25.110:5.C,.6093750,.6406250,110.5000000,C,.5945782,754.9215489,869.1987330,813.1621779
XCME.ZN1.01AUG25.110:75.C,.4375000,.4687500,110.7500000,C,.4082131,786.3063693,833.3238764,809.8696306
XCME.ZN1.01AUG25.111.P,.2500000,.2812500,111,P,.2166469,751.9449834,838.8880235,795.4206884
XCME.ZN1.01AUG25.113.C,INVALID,.0069999,113,C,.0007308,,1056.1371023,957.5997740
