Key,BID,ASK,STRIKE,ITYPE,ADJTHEOR,IVBID,IVASK,IVAVERAGE
XCME.ZN.SEP25,111.0781250,111.0937500,INVALID,F,,,,
XCME.ZN1.01AUG25.112.P,.9218750,.9531250,112,P,.9159691,889.5654802,1006.3557772,950.8640467
XCME.ZN1.01AUG25.112:25.C,.0069999,.0156250,112.2500000,C,.0014557,816.3042709,947.4501994,889.2158242
