Key,BID,ASK,STRIKE,ITYPE,ADJTHEOR,IVBID,IVASK,IVAVERAGE
XCME.ZN.SEP25,111,111.0156250,INVALID,F,,,,
XCME.ZN1.01AUG25.112:75.P,1.7343750,1.7656250,112.7500000,P,1.7432168,,1190.9269922,1044.5992981
XCME.ZN1.01AUG25.110:5.P,.0781250,.1093750,110.5000000,P,.0583577,712.0584837,826.1886991,770.2663078
XCME.ZN1.01AUG25.112:25.C,.0069999,.0156250,112.2500000,C,.0039719,722.6196151,837.4574141,786.5493752
XCME.ZN1.01AUG25.112.P,1,1.0312500,112,P,1.0023514,611.8028011,875.2750200,768.0178473
