Key,BID,ASK,STRIKE,ITYPE,ADJTHEOR,IVBID,IVASK,IVAVERAGE
XCME.ZN.SEP25,111.2187500,111.2343750,INVALID,F,,,,
XCME.ZN1.01AUG25.111.P,.1562500,.1718750,111,P,.0930716,896.3925603,955.3134683,925.9069847
XCME.ZN1.01AUG25.110:75.C,.5468750,.5781250,110.7500000,C,.5060283,855.1261886,999.7678135,928.9271008
