Key,BID,ASK,STRIKE,ITYPE,ADJTHEOR,IVBID,IVASK,IVAVERAGE
XCME.ZN.SEP25,111.1875000,111.2031250,INVALID,F,,,,
XCME.ZN1.01AUG25.112.P,.8281250,.8437500,112,P,.7998941,851.3554309,940.5337599,897.2645701
XCME.ZN1.01AUG25.112:25.C,.0069999,.0156250,112.2500000,C,.0043355,697.3902686,813.7962210,762.0161360
