Key,BID,ASK,STRIKE,ITYPE,ADJTHEOR,IVBID,IVASK,IVAVERAGE
XCME.ZN.SEP25,111.1562500,111.1718750,INVALID,F,,,,
XCME.ZN1.01AUG25.112:75.C,INVALID,.0069999,112.7500000,C,.0004024,,1015.1301099,916.2337621
XCME.ZN1.01AUG25.110:25.C,.9218750,.9531250,110.2500000,C,.9120004,745.2468293,986.2013405,880.2696209
