Key,BID,ASK,STRIKE,ITYPE,ADJTHEOR,IVBID,IVASK,IVAVERAGE
XCME.ZN.SEP25,111.0781250,111.0937500,INVALID,F,,,,
XCME.ZN1.01AUG25.110:25.P,.0156250,.0312500,110.2500000,P,.0035063,819.6339899,973.7026826,902.9619094
XCME.ZN1.01AUG25.110:5.P,.0312500,.0625000,110.5000000,P,.0154890,759.8980596,957.3237617,864.5530470
