Key,BID,ASK,STRIKE,ITYPE,ADJTHEOR,IVBID,IVASK,IVAVERAGE
XCME.ZN.SEP25,111.2187500,111.2343750,INVALID,F,,,,
XCME.ZN1.01AUG25.110.C,1.2187500,1.2500000,110,C,1.2150323,795.2822830,1198.1177294,1089.0996355
XCME.ZN1.01AUG25.111:25.C,.2500000,.2656250,111.2500000,C,.1788184,900.1738147,952.8429821,926.5093879
