Key,BID,ASK,STRIKE,ITYPE,ADJTHEOR,IVBID,IVASK,IVAVERAGE
XCME.ZN.SEP25,111.2343750,111.2500000,INVALID,F,,,,
XCME.ZN1.01AUG25.112:75.P,1.5000000,1.5312500,112.7500000,P,1.5270321,,1045.4897150,793.4835632
XCME.ZN1.01AUG25.111:75.P,.5625000,.5937500,111.7500000,P,.5526311,715.3254232,895.6503106,810.0829827
