Key,BID,ASK,STRIKE,ITYPE,ADJTHEOR,IVBID,IVASK,IVAVERAGE
XCME.ZN.SEP25,111.1250000,111.1406250,INVALID,F,,,,
XCME.ZN1.01AUG25.111:25.P,.3281250,.3437500,111.2500000,P,.2695166,849.6646624,899.9832834,874.8338130
XCME.ZN1.01AUG25.112:5.P,1.3593750,1.3906250,112.5000000,P,1.3645814,,1155.4062864,1024.4133286
