Key,BID,ASK,STRIKE,ITYPE,ADJTHEOR,IVBID,IVASK,IVAVERAGE
XCME.ZN.SEP25,111.0937500,111.1093750,INVALID,F,,,,
XCME.ZN1.01AUG25.110:5.C,.6562500,.6875000,110.5000000,C,.6229680,821.3636591,969.7140852,897.8653641
XCME.ZN1.01AUG25.112:25.P,1.1562500,1.1718750,112.2500000,P,1.1537355,735.2093624,970.9662760,876.9145823
