Key,BID,ASK,STRIKE,ITYPE,ADJTHEOR,IVBID,IVASK,IVAVERAGE
XCME.ZN.SEP25,111.1093750,111.1250000,INVALID,F,,,,
XCME.ZN1.01AUG25.110:5.C,.6718750,.6875000,110.5000000,C,.6329465,838.5145468,915.2978532,877.6170063
XCME.ZN1.01AUG25.112:25.P,1.1406250,1.1718750,112.2500000,P,1.1425324,704.6779511,1096.1689907,952.4953489
