Key,BID,ASK,STRIKE,ITYPE,ADJTHEOR,IVBID,IVASK,IVAVERAGE
XCME.ZN.SEP25,111.1718750,111.1875000,INVALID,F,,,,
XCME.ZN1.01AUG25.112:25.P,1.0625000,1.0937500,112.2500000,P,1.0604534,,993.9478173,946.1703719
XCME.ZN1.01AUG25.113.P,1.8125000,1.8437500,113,P,1.8090503,,1156.2237889,1289.0522313
