Key,BID,ASK,STRIKE,ITYPE,ADJTHEOR,IVBID,IVASK,IVAVERAGE
XCME.ZN.SEP25,111.1718750,111.1875000,INVALID,F,,,,
XCME.ZN1.01AUG25.110:5.C,.7031250,.7343750,110.5000000,C,.6876437,769.4347263,978.0722926,881.3182664
XCME.ZN1.01AUG25.111:75.C,.0468750,.0625000,111.7500000,C,.0215812,817.6460015,906.2867857,863.0066221
