Key,BID,ASK,STRIKE,ITYPE,ADJTHEOR,IVBID,IVASK,IVAVERAGE
XCME.ZN.SEP25,111.2031250,111.2187500,INVALID,F,,,,
XCME.ZN1.01AUG25.110:5.P,.0312500,.0625000,110.5000000,P,.0129102,778.0727214,970.3189308,880.4275746
