Key,BID,ASK,STRIKE,ITYPE,ADJTHEOR,IVBID,IVASK,IVAVERAGE
XCME.ZN.SEP25,111.1406250,111.1562500,INVALID,F,,,,
XCME.ZN1.01AUG25.112:5.P,1.3437500,1.3750000,112.5000000,P,1.3439606,285.3566258,1380.3010277,1243.0743191
