Key,BID,ASK,STRIKE,ITYPE,ADJTHEOR,IVBID,IVASK,IVAVERAGE
XCME.ZN.SEP25,111.1406250,111.1562500,INVALID,F,,,,
XCME.ZN1.01AUG25.113.C,INVALID,.0069999,113,C,.0001954,,1156.5295599,1047.2981955
XCME.ZN1.01AUG25.110:75.C,.5156250,.5312500,110.7500000,C,.4544277,882.3146391,939.8578111,911.2208426
