Key,BID,ASK,STRIKE,ITYPE,ADJTHEOR,IVBID,IVASK,IVAVERAGE
XCME.ZN.SEP25,111.0312500,111.0468750,INVALID,F,,,,
XCME.ZN1.01AUG25.110:5.P,.0781250,.0937500,110.5000000,P,.0540622,728.5486119,786.9935471,758.1141024
XCME.ZN1.01AUG25.112:25.C,.0069999,.0156250,112.2500000,C,.0045773,703.7673152,815.7970257,766.0409456
XCME.ZN1.01AUG25.112.P,.9843750,1,112,P,.9762132,717.7833811,828.7409386,776.9855775
