Key,BID,ASK,STRIKE,ITYPE,ADJTHEOR,IVBID,IVASK,IVAVERAGE
XCME.ZN.SEP25,111.0625000,111.0781250,INVALID,F,,,,
XCME.ZN1.01AUG25.113.C,INVALID,.0069999,113,C,.0000149,,1407.2888685,1276.1394379
XCME.ZN1.01AUG25.111:5.C,.0781250,.0937500,111.5000000,C,.0376824,867.9490790,943.0652862,905.8983347
