Key,BID,ASK,STRIKE,ITYPE,ADJTHEOR,IVBID,IVASK,IVAVERAGE
XCME.ZN.SEP25,111.1718750,111.1875000,INVALID,F,,,,
XCME.ZN1.01AUG25.112.P,.8281250,.8593750,112,P,.8017719,881.7760488,1074.5487713,983.8417681
XCME.ZN1.01AUG25.112:25.C,.0069999,.0156250,112.2500000,C,.0025115,757.4013573,883.8784362,827.6739784
