Key,BID,ASK,STRIKE,ITYPE,ADJTHEOR,IVBID,IVASK,IVAVERAGE
XCME.ZN.SEP25,111.1250000,111.1406250,INVALID,F,,,,
XCME.ZN1.01AUG25.113.P,1.8593750,1.8906250,113,P,1.8629296,,1637.2440378,1469.4447789
XCME.ZN1.01AUG25.112.C,.0156250,.0312500,112,C,.0051703,791.7825809,937.1859873,870.4038065
