Key,BID,ASK,STRIKE,ITYPE,ADJTHEOR,IVBID,IVASK,IVAVERAGE
XCME.ZN.SEP25,111.1250000,111.1406250,INVALID,F,,,,
XCME.ZN1.01AUG25.113.C,INVALID,.0069999,113,C,.0000202,,1365.7816835,1237.1916483
XCME.ZN1.01AUG25.111:5.C,.0937500,.1093750,111.5000000,C,.0486351,873.1067983,943.2606625,908.4371242
