Key,BID,ASK,STRIKE,ITYPE,ADJTHEOR,IVBID,IVASK,IVAVERAGE
XCME.ZN.SEP25,111.1406250,111.1562500,INVALID,F,,,,
XCME.ZN1.01AUG25.111:5.C,.1250000,.1406250,111.5000000,C,.0769514,836.2871878,892.8353422,864.6819867
XCME.ZN1.01AUG25.111.C,.3437500,.3593750,111,C,.2911071,828.4904858,930.1843296,879.4080436
