Key,BID,ASK,STRIKE,ITYPE,ADJTHEOR,IVBID,IVASK,IVAVERAGE
XCME.ZN.SEP25,111.1406250,111.1562500,INVALID,F,,,,
XCME.ZN1.01AUG25.111:75.P,.6250000,.6562500,111.7500000,P,.6404108,465.4515537,760.6305456,645.8052877
