Key,BID,ASK,STRIKE,ITYPE,ADJTHEOR,IVBID,IVASK,IVAVERAGE
XCME.ZN.SEP25,111.1093750,111.1250000,INVALID,F,,,,
XCME.ZN1.01AUG25.111:75.C,.0468750,.0625000,111.7500000,C,.0224360,802.1755874,886.8231803,845.5353471
XCME.ZN1.01AUG25.111.P,.2187500,.2343750,111,P,.1431278,913.4126707,966.0907130,939.7624460
