Key,BID,ASK,STRIKE,ITYPE,ADJTHEOR,IVBID,IVASK,IVAVERAGE
XCME.ZN.SEP25,111.1718750,111.1875000,INVALID,F,,,,
XCME.ZN1.01AUG25.110:5.C,.7187500,.7343750,110.5000000,C,.6811142,849.3538142,997.1621792,925.6524223
XCME.ZN1.01AUG25.112:25.P,1.0781250,1.1093750,112.2500000,P,1.0934327,,892.0537769,740.5113016
