Key,BID,ASK,STRIKE,ITYPE,ADJTHEOR,IVBID,IVASK,IVAVERAGE
XCME.ZN.SEP25,111.0781250,111.0937500,INVALID,F,,,,
XCME.ZN1.01AUG25.111:75.C,.0468750,.0625000,111.7500000,C,.0217281,805.2354862,888.8464435,848.0830280
XCME.ZN1.01AUG25.111.P,.2343750,.2500000,111,P,.1621736,893.5307011,944.3679475,918.9548873
