Key,BID,ASK,STRIKE,ITYPE,ADJTHEOR,IVBID,IVASK,IVAVERAGE
XCME.ZN.SEP25,111.2343750,111.2500000,INVALID,F,,,,
XCME.ZN1.01AUG25.112:25.P,1.0156250,1.0312500,112.2500000,P,1.0063700,,1024.1366760,898.9677259
XCME.ZN1.01AUG25.113.P,1.7500000,1.7812500,113,P,1.7543719,,1574.5620078,1406.3360333
