Key,BID,ASK,STRIKE,ITYPE,ADJTHEOR,IVBID,IVASK,IVAVERAGE
XCME.ZN.SEP25,111.1406250,111.1562500,INVALID,F,,,,
XCME.ZN1.01AUG25.112:75.C,INVALID,.0069999,112.7500000,C,.0005241,,993.1388838,896.9525923
XCME.ZN1.01AUG25.110:25.C,.9062500,.9375000,110.2500000,C,.9054810,626.5187639,905.2655450,791.4119076
