Key,BID,ASK,STRIKE,ITYPE,ADJTHEOR,IVBID,IVASK,IVAVERAGE
XCME.ZN.SEP25,111.1250000,111.1406250,INVALID,F,,,,
XCME.ZN1.01AUG25.111:5.C,.1093750,.1250000,111.5000000,C,.0580818,877.4627958,941.1301584,909.4720284
XCME.ZN1.01AUG25.111.C,.3437500,.3593750,111,C,.2605272,952.6427627,1007.8240293,980.2462806
