Key,BID,ASK,STRIKE,ITYPE,ADJTHEOR,IVBID,IVASK,IVAVERAGE
XCME.ZN.SEP25,111.2187500,111.2343750,INVALID,F,,,,
XCME.ZN1.01AUG25.111:5.C,.1406250,.1562500,111.5000000,C,.0805008,896.0305402,955.8250039,926.0135653
XCME.ZN1.01AUG25.111.C,.3906250,.4062500,111,C,.3183053,926.4341598,984.2171548,955.3726808
