Key,BID,ASK,STRIKE,ITYPE,ADJTHEOR,IVBID,IVASK,IVAVERAGE
XCME.ZN.SEP25,111.0312500,111.0468750,INVALID,F,,,,
XCME.ZN1.01AUG25.110.P,.0156250,.0312500,110,P,.0064346,727.0504760,853.4287784,795.5647475
XCME.ZN1.01AUG25.111:75.P,.7500000,.7812500,111.7500000,P,.7384754,704.5254766,780.3552322,743.5182749
XCME.ZN1.01AUG25.112:75.P,1.7031250,1.7187500,112.7500000,P,1.7085700,,1018.2509615,949.5419885
