Key,BID,ASK,STRIKE,ITYPE,ADJTHEOR,IVBID,IVASK,IVAVERAGE
XCME.ZN.SEP25,111.0156250,111.0312500,INVALID,F,,,,
XCME.ZN1.01AUG25.110.P,.0156250,.0312500,110,P,.0066931,721.5560279,847.2690320,789.6905472
XCME.ZN1.01AUG25.111:75.P,.7656250,.7968750,111.7500000,P,.7511671,721.5618608,867.0488667,797.7077561
XCME.ZN1.01AUG25.112:75.P,1.7343750,1.7656250,112.7500000,P,1.7233861,1040.8829336,1354.1138203,1258.5824346
