Key,BID,ASK,STRIKE,ITYPE,ADJTHEOR,IVBID,IVASK,IVAVERAGE
XCME.ZN.SEP25,111.2031250,111.2187500,INVALID,F,,,,
XCME.ZN1.01AUG25.112:75.P,1.5312500,1.5625000,112.7500000,P,1.5391652,,1146.8381909,1032.0116307
XCME.ZN1.01AUG25.111:75.P,.5937500,.6093750,111.7500000,P,.5637286,745.0625796,921.7232893,837.5175868
