Key,BID,ASK,STRIKE,ITYPE,ADJTHEOR,IVBID,IVASK,IVAVERAGE
XCME.ZN.SEP25,111.0156250,111.0312500,INVALID,F,,,,
XCME.ZN1.01AUG25.111.C,.2812500,.3125000,111,C,.2507029,743.8466600,830.1883146,787.0187649
XCME.ZN1.01AUG25.113.P,1.9687500,1.9843750,113,P,1.9773109,,1076.6771117,974.0169412
XCME.ZN1.01AUG25.110.C,1.0468750,1.0625000,110,C,1.0306571,780.1173855,887.7808353,837.1066690
