Key,BID,ASK,STRIKE,ITYPE,ADJTHEOR,IVBID,IVASK,IVAVERAGE
XCME.ZN.SEP25,111.2343750,111.2500000,INVALID,F,,,,
XCME.ZN1.01AUG25.112:75.P,1.5000000,1.5312500,112.7500000,P,1.5122643,,1303.6424467,1097.9332582
XCME.ZN1.01AUG25.111:75.P,.5781250,.5937500,111.7500000,P,.5421148,853.9155402,931.4052393,893.2206519
