Key,BID,ASK,STRIKE,ITYPE,ADJTHEOR,IVBID,IVASK,IVAVERAGE
XCME.ZN.SEP25,111.1718750,111.1875000,INVALID,F,,,,
XCME.ZN1.01AUG25.110:5.C,.7031250,.7343750,110.5000000,C,.7046957,744.5282516,941.6591432,850.1198896
XCME.ZN1.01AUG25.112:25.P,1.0781250,1.0937500,112.2500000,P,1.0612366,688.9375723,1084.1892782,979.5164401
