Key,BID,ASK,STRIKE,ITYPE,ADJTHEOR,IVBID,IVASK,IVAVERAGE
XCME.ZN.SEP25,111.1250000,111.1406250,INVALID,F,,,,
XCME.ZN1.01AUG25.111:75.C,.0312500,.0625000,111.7500000,C,.0183348,744.5895846,934.9053491,845.6327201
XCME.ZN1.01AUG25.111.P,.1875000,.2187500,111,P,.1328036,853.4769236,964.9741162,909.2853856
