Key,BID,ASK,STRIKE,ITYPE,ADJTHEOR,IVBID,IVASK,IVAVERAGE
XCME.ZN.SEP25,111.1406250,111.1562500,INVALID,F,,,,
XCME.ZN1.01AUG25.111:25.P,.3281250,.3437500,111.2500000,P,.2654105,864.4385666,915.1005700,889.7784952
XCME.ZN1.01AUG25.112:5.P,1.3437500,1.3750000,112.5000000,P,1.3602204,,1035.0764160,818.8659250
