Key,BID,ASK,STRIKE,ITYPE,ADJTHEOR,IVBID,IVASK,IVAVERAGE
XCME.ZN.SEP25,111.1718750,111.1875000,INVALID,F,,,,
XCME.ZN1.01AUG25.111:25.P,.2968750,.3281250,111.2500000,P,.2445308,826.3530469,925.3293005,875.8540979
XCME.ZN1.01AUG25.112:5.P,1.3125000,1.3437500,112.5000000,P,1.3180048,,1115.3750124,987.5675772
