Key,BID,ASK,STRIKE,ITYPE,ADJTHEOR,IVBID,IVASK,IVAVERAGE
XCME.ZN.SEP25,111.0468750,111.0625000,INVALID,F,,,,
XCME.ZN1.01AUG25.112:5.C,.0069999,.0156250,112.5000000,C,.0022712,810.6878799,934.2754336,879.6148489
XCME.ZN1.01AUG25.112:25.P,1.2031250,1.2187500,112.2500000,P,1.2038187,641.3053931,967.6116933,845.0220584
XCME.ZN1.01AUG25.111:5.C,.0937500,.1093750,111.5000000,C,.0771070,709.7264136,763.3398952,736.7508681
