Key,BID,ASK,STRIKE,ITYPE,ADJTHEOR,IVBID,IVASK,IVAVERAGE
XCME.ZN.SEP25,111.1718750,111.1875000,INVALID,F,,,,
XCME.ZN1.01AUG25.110:25.P,.0069999,.0156250,110.2500000,P,.0020594,741.6673073,867.5368725,811.3490530
XCME.ZN1.01AUG25.110:5.P,.0312500,.0468750,110.5000000,P,.0107756,812.6183008,920.2291717,868.5640894
