Key,BID,ASK,STRIKE,ITYPE,ADJTHEOR,IVBID,IVASK,IVAVERAGE
XCME.ZN.SEP25,111.1875000,111.2031250,INVALID,F,,,,
XCME.ZN1.01AUG25.110:5.P,.0468750,.0625000,110.5000000,P,.0149967,754.8432059,943.4958886,855.1410193
