Key,BID,ASK,STRIKE,ITYPE,ADJTHEOR,IVBID,IVASK,IVAVERAGE
XCME.ZN.SEP25,111.2500000,111.2656250,INVALID,F,,,,
XCME.ZN1.01AUG25.112:5.C,INVALID,.0156250,112.5000000,C,.0005642,,1059.5799184,931.5707881
XCME.ZN1.01AUG25.111:5.P,.3906250,.4062500,111.5000000,P,.3322007,884.8964541,1002.4198196,943.8965824
