Key,BID,ASK,STRIKE,ITYPE,ADJTHEOR,IVBID,IVASK,IVAVERAGE
XCME.ZN.SEP25,111,111.0156250,INVALID,F,,,,
XCME.ZN1.01AUG25.110:5.P,.0781250,.1093750,110.5000000,P,.0570615,717.7628423,832.2685202,776.1742877
XCME.ZN1.01AUG25.112:25.C,.0069999,.0156250,112.2500000,C,.0041039,719.2261836,833.6909173,782.9461676
XCME.ZN1.01AUG25.112.P,1,1.0312500,112,P,.9956553,689.1116391,912.2342242,814.8986231
