Key,BID,ASK,STRIKE,ITYPE,ADJTHEOR,IVBID,IVASK,IVAVERAGE
XCME.ZN.SEP25,111.1562500,111.1718750,INVALID,F,,,,
XCME.ZN1.01AUG25.111:5.P,.4218750,.4531250,111.5000000,P,.3971527,770.4141569,907.2383695,839.8108547
