Key,BID,ASK,STRIKE,ITYPE,ADJTHEOR,IVBID,IVASK,IVAVERAGE
XCME.ZN.SEP25,111.2343750,111.2500000,INVALID,F,,,,
XCME.ZN1.01AUG25.113.C,INVALID,.0069999,113,C,.0000650,,1224.9305154,1108.6172664
XCME.ZN1.01AUG25.110:75.C,.5625000,.5781250,110.7500000,C,.5208758,860.1196198,1004.7624568,933.9700229
