Key,BID,ASK,STRIKE,ITYPE,ADJTHEOR,IVBID,IVASK,IVAVERAGE
XCME.ZN.SEP25,111.1875000,111.2031250,INVALID,F,,,,
XCME.ZN1.01AUG25.111:5.C,.1250000,.1562500,111.5000000,C,.0794153,834.7619054,951.9595189,893.7596531
XCME.ZN1.01AUG25.111.C,.3593750,.3906250,111,C,.3087161,780.3631716,1001.6081972,891.6181424
