Key,BID,ASK,STRIKE,ITYPE,ADJTHEOR,IVBID,IVASK,IVAVERAGE
XCME.ZN.SEP25,111.1093750,111.1250000,INVALID,F,,,,
XCME.ZN1.01AUG25.111:75.C,.0468750,.0625000,111.7500000,C,.0253073,776.0214217,857.7545687,817.8856685
XCME.ZN1.01AUG25.111.P,.2031250,.2343750,111,P,.1517698,824.6230743,926.1837118,875.4465664
