Key,BID,ASK,STRIKE,ITYPE,ADJTHEOR,IVBID,IVASK,IVAVERAGE
XCME.ZN.SEP25,111.1875000,111.2031250,INVALID,F,,,,
XCME.ZN1.01AUG25.113.C,INVALID,.0069999,113,C,.0001076,,1199.2550215,1085.3290386
XCME.ZN1.01AUG25.110:75.C,.5312500,.5625000,110.7500000,C,.4895789,835.3952695,967.5154295,902.5352087
