Key,BID,ASK,STRIKE,ITYPE,ADJTHEOR,IVBID,IVASK,IVAVERAGE
XCME.ZN.SEP25,111.1718750,111.1875000,INVALID,F,,,,
XCME.ZN1.01AUG25.111:25.P,.2812500,.3125000,111.2500000,P,.2253947,850.9770936,957.4922816,904.2469958
XCME.ZN1.01AUG25.112:5.P,1.3125000,1.3437500,112.5000000,P,1.3096472,826.1680718,1108.9936301,1058.4612359
