Key,BID,ASK,STRIKE,ITYPE,ADJTHEOR,IVBID,IVASK,IVAVERAGE
XCME.ZN.SEP25,111.0781250,111.0937500,INVALID,F,,,,
XCME.ZN1.01AUG25.113.C,INVALID,.0069999,113,C,.0001571,,1189.2082197,1077.9346820
XCME.ZN1.01AUG25.110:75.C,.4687500,.5000000,110.7500000,C,.4212573,827.1678259,940.7979464,884.4460539
