Key,BID,ASK,STRIKE,ITYPE,ADJTHEOR,IVBID,IVASK,IVAVERAGE
XCME.ZN.SEP25,111.1093750,111.1250000,INVALID,F,,,,
XCME.ZN1.01AUG25.111:25.P,.3125000,.3437500,111.2500000,P,.2624572,837.8522721,948.0644321,893.0265327
XCME.ZN1.01AUG25.112:5.P,1.3750000,1.4062500,112.5000000,P,1.3796659,,1268.4773418,1125.1203981
