Key,BID,ASK,STRIKE,ITYPE,ADJTHEOR,IVBID,IVASK,IVAVERAGE
XCME.ZN.SEP25,111.0937500,111.1093750,INVALID,F,,,,
XCME.ZN1.01AUG25.111:75.C,.0468750,.0625000,111.7500000,C,.0236661,788.9661922,871.5533646,831.2806933
XCME.ZN1.01AUG25.111.P,.2187500,.2343750,111,P,.1561991,861.6295285,912.4458458,887.0460111
