Key,BID,ASK,STRIKE,ITYPE,ADJTHEOR,IVBID,IVASK,IVAVERAGE
XCME.ZN.SEP25,111.0625000,111.0781250,INVALID,F,,,,
XCME.ZN1.01AUG25.111.C,.2656250,.2812500,111,C,.2139319,855.3950721,914.7895982,885.1001253
XCME.ZN1.01AUG25.111:25.P,.3281250,.3437500,111.2500000,P,.2767890,864.9518561,926.5209003,895.7823682
