Key,BID,ASK,STRIKE,ITYPE,ADJTHEOR,IVBID,IVASK,IVAVERAGE
XCME.ZN.SEP25,111.0156250,111.0312500,INVALID,F,,,,
XCME.ZN1.01AUG25.111.P,.2656250,.2968750,111,P,.2228055,779.1722691,866.5389140,822.8571391
XCME.ZN1.01AUG25.113.C,INVALID,.0069999,113,C,.0006741,,1069.4537295,969.7593928
XCME.ZN1.01AUG25.112.C,.0156250,.0312500,112,C,.0107769,692.5356274,815.4971714,759.1494050
