Key,BID,ASK,STRIKE,ITYPE,ADJTHEOR,IVBID,IVASK,IVAVERAGE
XCME.ZN.SEP25,111.0781250,111.0937500,INVALID,F,,,,
XCME.ZN1.01AUG25.111:5.P,.4843750,.5156250,111.5000000,P,.4538735,815.5537788,965.0675271,891.8350799
