Key,BID,ASK,STRIKE,ITYPE,ADJTHEOR,IVBID,IVASK,IVAVERAGE
XCME.ZN.SEP25,111.1093750,111.1250000,INVALID,F,,,,
XCME.ZN1.01AUG25.111:5.C,.1093750,.1250000,111.5000000,C,.0567696,883.1613191,946.7762758,915.1524267
XCME.ZN1.01AUG25.111.C,.3281250,.3437500,111,C,.2563867,910.5130744,965.3844516,937.9615328
