Key,BID,ASK,STRIKE,ITYPE,ADJTHEOR,IVBID,IVASK,IVAVERAGE
XCME.ZN.SEP25,111.1406250,111.1562500,INVALID,F,,,,
XCME.ZN1.01AUG25.113.C,INVALID,.0069999,113,C,.0002712,,1126.5586013,1020.0877824
XCME.ZN1.01AUG25.110:75.C,.5156250,.5312500,110.7500000,C,.4639635,841.9941508,898.9904754,870.6428257
