Key,BID,ASK,STRIKE,ITYPE,ADJTHEOR,IVBID,IVASK,IVAVERAGE
XCME.ZN.SEP25,111.1093750,111.1250000,INVALID,F,,,,
XCME.ZN1.01AUG25.111:5.C,.1093750,.1250000,111.5000000,C,.0629852,839.5741484,899.6557332,869.7845715
XCME.ZN1.01AUG25.111.C,.3281250,.3437500,111,C,.2612352,871.6471583,923.1653437,897.4161567
