Key,BID,ASK,STRIKE,ITYPE,ADJTHEOR,IVBID,IVASK,IVAVERAGE
XCME.ZN.SEP25,111.1250000,111.1406250,INVALID,F,,,,
XCME.ZN1.01AUG25.111:25.P,.3125000,.3437500,111.2500000,P,.2535035,926.0704221,981.3899346,953.7418246
XCME.ZN1.01AUG25.112:5.P,1.3593750,1.3906250,112.5000000,P,1.3675314,999.1777959,1389.1200091,1232.6129431
