Key,BID,ASK,STRIKE,ITYPE,ADJTHEOR,IVBID,IVASK,IVAVERAGE
XCME.ZN.SEP25,111.1875000,111.2031250,INVALID,F,,,,
XCME.ZN1.01AUG25.112:75.C,INVALID,.0069999,112.7500000,C,.0005189,,982.6340609,886.3845360
XCME.ZN1.01AUG25.110:25.C,.9687500,.9843750,110.2500000,C,.9502195,835.7344354,953.6744237,898.0943402
