Key,BID,ASK,STRIKE,ITYPE,ADJTHEOR,IVBID,IVASK,IVAVERAGE
XCME.ZN.SEP25,111.1562500,111.1718750,INVALID,F,,,,
XCME.ZN1.01AUG25.112:5.C,INVALID,.0069999,112.5000000,C,.0002352,,1016.5094965,913.9782569
XCME.ZN1.01AUG25.112.C,.0156250,.0312500,112,C,.0046001,811.2542569,962.5899666,893.0725589
