Key,BID,ASK,STRIKE,ITYPE,ADJTHEOR,IVBID,IVASK,IVAVERAGE
XCME.ZN.SEP25,111.1718750,111.1875000,INVALID,F,,,,
XCME.ZN1.01AUG25.113.P,1.8125000,1.8281250,113,P,1.8248737,,1017.9954671,
XCME.ZN1.01AUG25.112.C,.0312500,.0468750,112,C,.0116285,810.7631155,911.7814543,863.4003393
