Key,BID,ASK,STRIKE,ITYPE,ADJTHEOR,IVBID,IVASK,IVAVERAGE
XCME.ZN.SEP25,111.0312500,111.0468750,INVALID,F,,,,
XCME.ZN1.01AUG25.112.C,.0156250,.0312500,112,C,.0119485,678.1190742,798.7494741,743.4263634
XCME.ZN1.01AUG25.112:5.C,.0069999,.0156250,112.5000000,C,.0021212,820.9040778,945.9077373,890.6148443
XCME.ZN1.01AUG25.112:25.P,1.2031250,1.2343750,112.2500000,P,1.2155888,,887.6131531,769.3443729
