Key,BID,ASK,STRIKE,ITYPE,ADJTHEOR,IVBID,IVASK,IVAVERAGE
XCME.ZN.SEP25,111.1093750,111.1250000,INVALID,F,,,,
XCME.ZN1.01AUG25.111:5.C,.0937500,.1093750,111.5000000,C,.0565442,818.1598241,883.0703879,850.8510113
XCME.ZN1.01AUG25.111.C,.3125000,.3281250,111,C,.2538925,861.8054737,916.1549431,888.9931321
