Key,BID,ASK,STRIKE,ITYPE,ADJTHEOR,IVBID,IVASK,IVAVERAGE
XCME.ZN.SEP25,111.2031250,111.2187500,INVALID,F,,,,
XCME.ZN1.01AUG25.110:5.C,.7500000,.7656250,110.5000000,C,.7269059,813.7652254,912.2364886,864.7372624
XCME.ZN1.01AUG25.112:25.P,1.0312500,1.0625000,112.2500000,P,1.0381335,,995.4316954,874.4035608
