Key,BID,ASK,STRIKE,ITYPE,ADJTHEOR,IVBID,IVASK,IVAVERAGE
XCME.ZN.SEP25,111.0156250,111.0312500,INVALID,F,,,,
XCME.ZN1.01AUG25.110:5.C,.6093750,.6406250,110.5000000,C,.5836897,733.5660694,790.7343273,762.4498841
XCME.ZN1.01AUG25.110:75.C,.4375000,.4531250,110.7500000,C,.4002109,761.3280282,807.5580477,784.4940870
XCME.ZN1.01AUG25.111.P,.2656250,.2812500,111,P,.2269664,765.6610875,808.5884433,787.1251782
XCME.ZN1.01AUG25.113.C,INVALID,.0069999,113,C,.0008097,,1050.9171265,952.9278954
