Key,BID,ASK,STRIKE,ITYPE,ADJTHEOR,IVBID,IVASK,IVAVERAGE
XCME.ZN.SEP25,111.1562500,111.1718750,INVALID,F,,,,
XCME.ZN1.01AUG25.113.P,1.8125000,1.8437500,113,P,1.8248787,,1343.0476017,1286.3345583
XCME.ZN1.01AUG25.112.C,.0156250,.0468750,112,C,.0111690,687.6400541,916.8884040,815.8192173
