Key,BID,ASK,STRIKE,ITYPE,ADJTHEOR,IVBID,IVASK,IVAVERAGE
XCME.ZN.SEP25,111.1718750,111.1875000,INVALID,F,,,,
XCME.ZN1.01AUG25.110.C,1.1562500,1.1875000,110,C,1.1571065,315.6516618,1122.7750717,1006.9223613
XCME.ZN1.01AUG25.111:25.C,.2187500,.2343750,111.2500000,C,.1519891,889.0066460,942.3359890,915.6787213
