Key,BID,ASK,STRIKE,ITYPE,ADJTHEOR,IVBID,IVASK,IVAVERAGE
XCME.ZN.SEP25,111.1250000,111.1406250,INVALID,F,,,,
XCME.ZN1.01AUG25.113.P,1.8593750,1.8906250,113,P,1.8637693,,1583.3986139,1416.4363692
XCME.ZN1.01AUG25.112.C,.0156250,.0312500,112,C,.0060477,770.8695023,912.3425443,847.3429895
