Key,BID,ASK,STRIKE,ITYPE,ADJTHEOR,IVBID,IVASK,IVAVERAGE
XCME.ZN.SEP25,111.1875000,111.2031250,INVALID,F,,,,
XCME.ZN1.01AUG25.111:25.P,.2812500,.2968750,111.2500000,P,.2275322,850.3844345,905.5448351,877.9706872
XCME.ZN1.01AUG25.112:5.P,1.2968750,1.3437500,112.5000000,P,1.3242401,,1165.5725377,984.5832844
