Key,BID,ASK,STRIKE,ITYPE,ADJTHEOR,IVBID,IVASK,IVAVERAGE
XCME.ZN.SEP25,111.0312500,111.0468750,INVALID,F,,,,
XCME.ZN1.01AUG25.112:5.C,.0069999,.0156250,112.5000000,C,.0021390,820.2078396,945.3653499,889.9824847
XCME.ZN1.01AUG25.112:25.P,1.2187500,1.2343750,112.2500000,P,1.2043435,629.1594842,973.5393269,882.7539512
XCME.ZN1.01AUG25.111:5.C,.0937500,.1250000,111.5000000,C,.0747233,718.6658556,825.6275362,772.9201126
