Key,BID,ASK,STRIKE,ITYPE,ADJTHEOR,IVBID,IVASK,IVAVERAGE
XCME.ZN.SEP25,111.1406250,111.1562500,INVALID,F,,,,
XCME.ZN1.01AUG25.110:5.C,.6875000,.7187500,110.5000000,C,.6669719,756.6488977,917.1198808,840.5684004
XCME.ZN1.01AUG25.112:25.P,1.1093750,1.1250000,112.2500000,P,1.1078479,691.2274342,1053.7413637,917.2504621
