Key,BID,ASK,STRIKE,ITYPE,ADJTHEOR,IVBID,IVASK,IVAVERAGE
XCME.ZN.SEP25,111.1562500,111.1718750,INVALID,F,,,,
XCME.ZN1.01AUG25.111:75.C,.0468750,.0781250,111.7500000,C,.0254080,779.8036666,941.2879314,863.7532075
XCME.ZN1.01AUG25.111.P,.1718750,.2031250,111,P,.1226877,828.7686094,937.8205426,883.4012873
