Key,BID,ASK,STRIKE,ITYPE,ADJTHEOR,IVBID,IVASK,IVAVERAGE
XCME.ZN.SEP25,111.1250000,111.1406250,INVALID,F,,,,
XCME.ZN1.01AUG25.111.C,.2968750,.3281250,111,C,.2382384,880.8117319,999.2498229,940.0903559
XCME.ZN1.01AUG25.111:25.P,.2968750,.3281250,111.2500000,P,.2538600,826.4914593,946.1918888,886.4490547
