Key,BID,ASK,STRIKE,ITYPE,ADJTHEOR,IVBID,IVASK,IVAVERAGE
XCME.ZN.SEP25,110.9687500,110.9843750,INVALID,F,,,,
XCME.WY5.30JUL25.111.P,INVALID,.0156250,111,P,.0276491,,,
XCME.ZN1.01AUG25.110:75.P,.1875000,.2031250,110.7500000,P,.1398467,790.7556484,835.7642105,813.2899672
XCME.ZN1.01AUG25.110:25.P,.0468750,.0625000,110.2500000,P,.0269334,730.8595131,872.2875475,804.6546746
