Key,BID,ASK,STRIKE,ITYPE,ADJTHEOR,IVBID,IVASK,IVAVERAGE
XCME.ZN.SEP25,111.0468750,111.0625000,INVALID,F,,,,
XCME.ZN1.01AUG25.110:75.P,.1406250,.1562500,110.7500000,P,.1101427,742.5790403,790.4477217,766.5889324
XCME.ZN1.01AUG25.110:25.P,.0312500,.0468750,110.2500000,P,.0187089,704.4713192,793.2164909,750.7133158
XCME.ZN1.01AUG25.110.P,.0156250,.0312500,110,P,.0060285,735.1297303,862.4607547,804.2112271
XCME.ZN1.01AUG25.111:75.P,.7343750,.7656250,111.7500000,P,.7219618,706.7636448,846.8896576,779.8576780
