Key,BID,ASK,STRIKE,ITYPE,ADJTHEOR,IVBID,IVASK,IVAVERAGE
XCME.ZN.SEP25,111.2500000,111.2656250,INVALID,F,,,,
XCME.ZN1.01AUG25.111:5.C,.1406250,.1562500,111.5000000,C,.0858493,874.3171464,934.1521531,904.3113125
XCME.ZN1.01AUG25.111.C,.3906250,.4218750,111,C,.3325479,878.5163171,997.0815028,938.0588648
