Key,BID,ASK,STRIKE,ITYPE,ADJTHEOR,IVBID,IVASK,IVAVERAGE
XCME.ZN.SEP25,111.1406250,111.1562500,INVALID,F,,,,
XCME.ZN1.01AUG25.111:75.P,.6406250,.6718750,111.7500000,P,.6246300,735.9788267,887.8730876,814.9560732
