Key,BID,ASK,STRIKE,ITYPE,ADJTHEOR,IVBID,IVASK,IVAVERAGE
XCME.ZN.SEP25,111.1250000,111.1406250,INVALID,F,,,,
XCME.ZN1.01AUG25.110:5.C,.6562500,.6875000,110.5000000,C,.6323582,883.3425497,964.9154857,924.8787831
XCME.ZN1.01AUG25.112:25.P,1.1250000,1.1562500,112.2500000,P,1.1375508,,768.4904793,577.6252483
