Key,BID,ASK,STRIKE,ITYPE,ADJTHEOR,IVBID,IVASK,IVAVERAGE
XCME.ZN.SEP25,111.2187500,111.2343750,INVALID,F,,,,
XCME.ZN1.01AUG25.111:25.C,.2343750,.2500000,111.2500000,C,.1747933,873.3051377,929.2080273,901.2570178
