Key,BID,ASK,STRIKE,ITYPE,ADJTHEOR,IVBID,IVASK,IVAVERAGE
XCME.ZN.SEP25,111.1250000,111.1406250,INVALID,F,,,,
XCME.ZN1.01AUG25.110.C,1.1250000,1.1406250,110,C,1.1133538,975.6208164,1168.2078163,1082.1124865
