Key,BID,ASK,STRIKE,ITYPE,ADJTHEOR,IVBID,IVASK,IVAVERAGE
XCME.ZN.SEP25,111.1250000,111.1406250,INVALID,F,,,,
XCME.ZN1.01AUG25.111:75.C,.0468750,.0625000,111.7500000,C,.0234220,795.6648716,880.8118059,839.2581315
XCME.ZN1.01AUG25.111.P,.1875000,.2031250,111,P,.1280029,865.3971584,919.8062941,892.6225664
