Key,BID,ASK,STRIKE,ITYPE,ADJTHEOR,IVBID,IVASK,IVAVERAGE
XCME.ZN.SEP25,111.0312500,111.0468750,INVALID,F,,,,
XCME.ZN1.01AUG25.110:5.P,.0781250,.0937500,110.5000000,P,.0520167,738.3619223,797.3409505,768.1938138
XCME.ZN1.01AUG25.112:25.C,.0069999,.0156250,112.2500000,C,.0045519,704.4156317,816.7216503,766.8482706
XCME.ZN1.01AUG25.112.P,.9687500,1,112,P,.9692174,636.2576920,771.4342008,711.0845289
