Key,BID,ASK,STRIKE,ITYPE,ADJTHEOR,IVBID,IVASK,IVAVERAGE
XCME.ZN.SEP25,111.1250000,111.1406250,INVALID,F,,,,
XCME.ZN1.01AUG25.112:75.C,INVALID,.0069999,112.7500000,C,.0002099,,1084.5603486,980.0366369
XCME.ZN1.01AUG25.110:25.C,.8906250,.9062500,110.2500000,C,.8729180,826.0010545,1047.7554228,946.6919709
