Key,BID,ASK,STRIKE,ITYPE,ADJTHEOR,IVBID,IVASK,IVAVERAGE
XCME.ZN.SEP25,111.2343750,111.2500000,INVALID,F,,,,
XCME.ZN1.01AUG25.112:75.C,INVALID,.0069999,112.7500000,C,.0001643,,1077.8554649,972.2627236
XCME.ZN1.01AUG25.110:25.C,1,1.0156250,110.2500000,C,1.0127008,708.1597113,943.5076853,848.8756360
