Key,BID,ASK,STRIKE,ITYPE,ADJTHEOR,IVBID,IVASK,IVAVERAGE
XCME.ZN.SEP25,111.0781250,111.0937500,INVALID,F,,,,
XCME.ZN1.01AUG25.110.C,1.0937500,1.1250000,110,C,1.0910378,707.7800142,1081.0474851,940.3446221
XCME.ZN1.01AUG25.111:25.C,.1875000,.2187500,111.2500000,C,.1299829,856.4778683,962.2684977,909.4563760
