Key,BID,ASK,STRIKE,ITYPE,ADJTHEOR,IVBID,IVASK,IVAVERAGE
XCME.ZN.SEP25,111.0937500,111.1093750,INVALID,F,,,,
XCME.ZN1.01AUG25.111:5.C,.0937500,.1093750,111.5000000,C,.0561182,819.2944341,884.0611997,851.9150303
XCME.ZN1.01AUG25.111.C,.3125000,.3281250,111,C,.2523190,866.5730556,920.6100613,893.6029834
