Key,BID,ASK,STRIKE,ITYPE,ADJTHEOR,IVBID,IVASK,IVAVERAGE
XCME.ZN.SEP25,111.0781250,111.0937500,INVALID,F,,,,
XCME.ZN1.01AUG25.110.C,1.0937500,1.1093750,110,C,1.0906437,732.5406674,973.3490008,877.2444656
XCME.ZN1.01AUG25.111:25.C,.1718750,.2031250,111.2500000,C,.1235482,831.4934690,941.3767315,886.5390638
