Key,BID,ASK,STRIKE,ITYPE,ADJTHEOR,IVBID,IVASK,IVAVERAGE
XCME.ZN.SEP25,111.1250000,111.1406250,INVALID,F,,,,
XCME.ZN1.01AUG25.111:75.C,.0468750,.0625000,111.7500000,C,.0236624,792.1224275,876.1749973,835.1681129
XCME.ZN1.01AUG25.111.P,.2031250,.2187500,111,P,.1380834,878.0927946,931.0023188,904.5622995
