Key,BID,ASK,STRIKE,ITYPE,ADJTHEOR,IVBID,IVASK,IVAVERAGE
XCME.ZN.SEP25,111.2031250,111.2187500,INVALID,F,,,,
XCME.ZN1.01AUG25.111:75.P,.6250000,.6406250,111.7500000,P,.5601836,975.2220552,1043.4087581,1009.6046778
