Key,BID,ASK,STRIKE,ITYPE,ADJTHEOR,IVBID,IVASK,IVAVERAGE
XCME.ZN.SEP25,111.1406250,111.1562500,INVALID,F,,,,
XCME.ZN1.01AUG25.111:5.C,.1250000,.1406250,111.5000000,C,.0766937,836.9603664,893.3788789,865.2910055
XCME.ZN1.01AUG25.111.C,.3593750,.3750000,111,C,.2897009,882.7545236,933.2728714,908.0285481
