Key,BID,ASK,STRIKE,ITYPE,ADJTHEOR,IVBID,IVASK,IVAVERAGE
XCME.ZN.SEP25,111.0781250,111.0937500,INVALID,F,,,,
XCME.ZN1.01AUG25.111.P,.1875000,.2187500,111,P,.1352463,914.7362526,973.5962966,944.1754933
XCME.ZN1.01AUG25.110:75.C,.4218750,.4531250,110.7500000,C,.3931477,782.9995489,922.0649180,853.5327108
