Key,BID,ASK,STRIKE,ITYPE,ADJTHEOR,IVBID,IVASK,IVAVERAGE
XCME.ZN.SEP25,111.1875000,111.2031250,INVALID,F,,,,
XCME.ZN1.01AUG25.111:25.P,.2968750,.3125000,111.2500000,P,.2394906,840.5565742,889.5976156,865.0792476
XCME.ZN1.01AUG25.112:5.P,1.2968750,1.3281250,112.5000000,P,1.3060093,,1065.0967862,925.0953306
