Key,BID,ASK,STRIKE,ITYPE,ADJTHEOR,IVBID,IVASK,IVAVERAGE
XCME.ZN.SEP25,111.0937500,111.1093750,INVALID,F,,,,
XCME.ZN1.01AUG25.113.P,1.8906250,1.9218750,113,P,1.9063952,,1366.8386596,1100.2332548
XCME.ZN1.01AUG25.112.C,.0156250,.0312500,112,C,.0067142,754.8960902,891.1265521,828.5768089
