Key,BID,ASK,STRIKE,ITYPE,ADJTHEOR,IVBID,IVASK,IVAVERAGE
XCME.ZN.SEP25,111.1250000,111.1406250,INVALID,F,,,,
XCME.ZN1.01AUG25.113.C,INVALID,.0069999,113,C,.0002526,,1136.7202367,1029.7353917
XCME.ZN1.01AUG25.110:75.C,.5000000,.5312500,110.7500000,C,.4439077,852.2871200,962.1890192,907.6639190
