Key,BID,ASK,STRIKE,ITYPE,ADJTHEOR,IVBID,IVASK,IVAVERAGE
XCME.ZN.SEP25,111.1406250,111.1562500,INVALID,F,,,,
XCME.ZN1.01AUG25.111:5.C,.1250000,.1406250,111.5000000,C,.0706766,864.2878601,921.5971304,893.0731659
XCME.ZN1.01AUG25.111.C,.3437500,.3593750,111,C,.2767581,874.8630076,925.5388885,900.2128438
