Key,BID,ASK,STRIKE,ITYPE,ADJTHEOR,IVBID,IVASK,IVAVERAGE
XCME.ZN.SEP25,111.2031250,111.2187500,INVALID,F,,,,
XCME.ZN1.01AUG25.112:75.P,1.5312500,1.5468750,112.7500000,P,1.5469705,1301.7648694,1505.1009751,1412.7752708
XCME.ZN1.01AUG25.111:75.P,.5781250,.6093750,111.7500000,P,.5706655,888.2891744,1047.2280814,969.9522021
