Key,BID,ASK,STRIKE,ITYPE,ADJTHEOR,IVBID,IVASK,IVAVERAGE
XCME.ZN.SEP25,111.2031250,111.2187500,INVALID,F,,,,
XCME.ZN1.01AUG25.110:5.C,.7031250,.7343750,110.5000000,C,.7126173,224.1252473,832.1240145,733.2400195
XCME.ZN1.01AUG25.111:75.C,.0468750,.0625000,111.7500000,C,.0237938,800.0776505,888.2901322,845.1969856
