Key,BID,ASK,STRIKE,ITYPE,ADJTHEOR,IVBID,IVASK,IVAVERAGE
XCME.ZN.SEP25,111.1250000,111.1406250,INVALID,F,,,,
XCME.ZN1.01AUG25.111:25.P,.3125000,.3281250,111.2500000,P,.2581260,851.7453215,906.4846008,879.1303371
XCME.ZN1.01AUG25.112:5.P,1.3593750,1.3906250,112.5000000,P,1.3710761,,1176.9212808,996.1479857
