Key,BID,ASK,STRIKE,ITYPE,ADJTHEOR,IVBID,IVASK,IVAVERAGE
XCME.ZN.SEP25,111.2031250,111.2187500,INVALID,F,,,,
XCME.ZN1.01AUG25.110.P,INVALID,.0156250,110,P,.0002908,,1062.3864943,933.9016999
XCME.ZN1.01AUG25.110:75.P,.0781250,.0937500,110.7500000,P,.0341267,872.1381084,945.6629073,909.3017682
