Key,BID,ASK,STRIKE,ITYPE,ADJTHEOR,IVBID,IVASK,IVAVERAGE
XCME.ZN.SEP25,111.0937500,111.1093750,INVALID,F,,,,
XCME.ZN1.01AUG25.112.P,.9062500,.9218750,112,P,.9095829,,787.4010446,649.3751507
XCME.ZN1.01AUG25.112:25.C,.0069999,.0156250,112.2500000,C,.0019658,785.3425674,911.7264041,855.5694890
