Key,BID,ASK,STRIKE,ITYPE,ADJTHEOR,IVBID,IVASK,IVAVERAGE
XCME.ZN.SEP25,111.2031250,111.2187500,INVALID,F,,,,
XCME.ZN1.01AUG25.110:25.P,.0069999,.0156250,110.2500000,P,.0016049,762.3493459,889.9190313,833.0085653
XCME.ZN1.01AUG25.110:5.P,.0312500,.0468750,110.5000000,P,.0089928,838.6429378,948.1564024,895.6133699
