Key,BID,ASK,STRIKE,ITYPE,ADJTHEOR,IVBID,IVASK,IVAVERAGE
XCME.ZN.SEP25,111.0937500,111.1093750,INVALID,F,,,,
XCME.ZN1.01AUG25.111:75.P,.6875000,.7031250,111.7500000,P,.6635033,814.6215244,905.2156308,861.1668773
