Key,BID,ASK,STRIKE,ITYPE,ADJTHEOR,IVBID,IVASK,IVAVERAGE
XCME.ZN.SEP25,111.2031250,111.2187500,INVALID,F,,,,
XCME.ZN1.01AUG25.112:75.C,INVALID,.0069999,112.7500000,C,.0002513,,1046.2357740,943.7416523
XCME.ZN1.01AUG25.110:25.C,.9687500,1,110.2500000,C,.9603177,772.1003401,1056.6349186,935.6319068
