Key,BID,ASK,STRIKE,ITYPE,ADJTHEOR,IVBID,IVASK,IVAVERAGE
XCME.ZN.SEP25,111.1093750,111.1250000,INVALID,F,,,,
XCME.ZN1.01AUG25.110:25.P,.0156250,.0468750,110.2500000,P,.0094790,683.5599049,909.8612877,810.3468284
XCME.ZN1.01AUG25.112:75.P,1.6250000,1.6562500,112.7500000,P,1.6368688,,1194.8966784,1018.3490810
XCME.ZN1.01AUG25.110:75.P,.1093750,.1406250,110.7500000,P,.0777776,760.0154298,869.8194322,815.4593242
