Key,BID,ASK,STRIKE,ITYPE,ADJTHEOR,IVBID,IVASK,IVAVERAGE
XCME.ZN.SEP25,111.2031250,111.2187500,INVALID,F,,,,
XCME.ZN1.01AUG25.113.C,INVALID,.0069999,113,C,.0000523,,1259.3537491,1139.6384573
XCME.ZN1.01AUG25.111:5.C,.1250000,.1562500,111.5000000,C,.0740474,867.6416201,991.0047072,929.7279420
