Key,BID,ASK,STRIKE,ITYPE,ADJTHEOR,IVBID,IVASK,IVAVERAGE
XCME.ZN.SEP25,111.2187500,111.2343750,INVALID,F,,,,
XCME.ZN1.01AUG25.113.C,INVALID,.0069999,113,C,.0001137,,1187.4756334,1074.6829825
XCME.ZN1.01AUG25.110:75.C,.5468750,.5781250,110.7500000,C,.4999101,859.7793719,991.1109289,926.4769088
