Key,BID,ASK,STRIKE,ITYPE,ADJTHEOR,IVBID,IVASK,IVAVERAGE
XCME.ZN.SEP25,111.1562500,111.1718750,INVALID,F,,,,
XCME.ZN1.01AUG25.110.C,1.1562500,1.2031250,110,C,1.1612670,,1117.3724952,986.2629740
XCME.ZN1.01AUG25.111:25.C,.2187500,.2343750,111.2500000,C,.1504268,873.9876724,928.1038665,901.0508693
