Key,BID,ASK,STRIKE,ITYPE,ADJTHEOR,IVBID,IVASK,IVAVERAGE
XCME.ZN.SEP25,111.0937500,111.1093750,INVALID,F,,,,
XCME.ZN1.01AUG25.113.C,INVALID,.0069999,113,C,.0001572,,1189.9755280,1078.6829658
XCME.ZN1.01AUG25.110:75.C,.4687500,.5000000,110.7500000,C,.4259570,811.8066688,927.1014347,869.9800059
