Key,BID,ASK,STRIKE,ITYPE,ADJTHEOR,IVBID,IVASK,IVAVERAGE
XCME.ZN.SEP25,111.1718750,111.1875000,INVALID,F,,,,
XCME.ZN1.01AUG25.111:5.P,.4062500,.4375000,111.5000000,P,.3852200,752.0243095,887.7134081,820.8125377
