Key,BID,ASK,STRIKE,ITYPE,ADJTHEOR,IVBID,IVASK,IVAVERAGE
XCME.ZN.SEP25,111.1250000,111.1406250,INVALID,F,,,,
XCME.ZN1.01AUG25.110:5.C,.6718750,.7031250,110.5000000,C,.6606926,717.9850421,914.6227795,823.3166158
XCME.ZN1.01AUG25.112:25.P,1.0937500,1.1250000,112.2500000,P,1.1065371,,1146.5985941,952.3086983
