Key,BID,ASK,STRIKE,ITYPE,ADJTHEOR,IVBID,IVASK,IVAVERAGE
XCME.ZN.SEP25,111.0312500,111.0468750,INVALID,F,,,,
XCME.ZN1.01AUG25.111:5.P,.5468750,.5781250,111.5000000,P,.5255186,726.8038836,832.4842121,780.3680953
XCME.WY5.30JUL25.111:25.C,INVALID,INVALID,111.2500000,C,0,,,
XCME.WY5.30JUL25.111:5.C,INVALID,INVALID,111.5000000,C,0,,,
