Key,BID,ASK,STRIKE,ITYPE,ADJTHEOR,IVBID,IVASK,IVAVERAGE
XCME.ZN.SEP25,111.0937500,111.1093750,INVALID,F,,,,
XCME.ZN1.01AUG25.112:5.C,INVALID,.0156250,112.5000000,C,.0006586,,1066.1880587,941.0698236
XCME.ZN1.01AUG25.111:5.P,.5000000,.5156250,111.5000000,P,.4647449,798.5717654,859.5801053,829.2974851
