Key,BID,ASK,STRIKE,ITYPE,ADJTHEOR,IVBID,IVASK,IVAVERAGE
XCME.ZN.SEP25,111.2343750,111.2500000,INVALID,F,,,,
XCME.ZN1.01AUG25.110.C,1.2343750,1.2656250,110,C,1.2424757,,1160.9181744,1007.2425059
XCME.ZN1.01AUG25.111:25.C,.2500000,.2656250,111.2500000,C,.1825188,898.8666745,954.1898694,926.5283353
