Key,BID,ASK,STRIKE,ITYPE,ADJTHEOR,IVBID,IVASK,IVAVERAGE
XCME.ZN.SEP25,111.1875000,111.2031250,INVALID,F,,,,
XCME.ZN1.01AUG25.113.C,INVALID,.0069999,113,C,.0002573,,1116.0839216,1010.0938446
XCME.ZN1.01AUG25.110:75.C,.5468750,.5781250,110.7500000,C,.4962830,848.7429498,967.1111533,908.6476840
