Key,BID,ASK,STRIKE,ITYPE,ADJTHEOR,IVBID,IVASK,IVAVERAGE
XCME.ZN.SEP25,111.0625000,111.0781250,INVALID,F,,,,
XCME.ZN1.01AUG25.112.P,.9375000,.9687500,112,P,.9353825,676.8363638,972.0906444,851.3297752
XCME.ZN1.01AUG25.112:25.C,.0069999,.0156250,112.2500000,C,.0016224,806.8528248,935.9884157,878.6573955
