Key,BID,ASK,STRIKE,ITYPE,ADJTHEOR,IVBID,IVASK,IVAVERAGE
XCME.ZN.SEP25,110.9843750,111,INVALID,F,,,,
XCME.ZN1.01AUG25.110:5.P,.0781250,.1093750,110.5000000,P,.0625014,695.4501092,808.5451192,753.1073385
XCME.ZN1.01AUG25.112:25.C,.0069999,.0156250,112.2500000,C,.0037087,731.9859549,847.9895741,796.5598524
XCME.ZN1.01AUG25.112.P,1.0156250,1.0312500,112,P,1.0215352,544.7232634,743.8363044,666.1919763
