Key,BID,ASK,STRIKE,ITYPE,ADJTHEOR,IVBID,IVASK,IVAVERAGE
XCME.ZN.SEP25,111.1250000,111.1406250,INVALID,F,,,,
XCME.ZN1.01AUG25.110:75.P,.0937500,.1250000,110.7500000,P,.0544056,818.3925534,947.2221723,883.6359813
