Key,BID,ASK,STRIKE,ITYPE,ADJTHEOR,IVBID,IVASK,IVAVERAGE
XCME.ZN.SEP25,111.1718750,111.1875000,INVALID,F,,,,
XCME.ZN1.01AUG25.110:75.P,.0937500,.1250000,110.7500000,P,.0495464,838.0540564,965.3285969,902.5841977
