Key,BID,ASK,STRIKE,ITYPE,ADJTHEOR,IVBID,IVASK,IVAVERAGE
XCME.ZN.SEP25,111.0468750,111.0625000,INVALID,F,,,,
XCME.ZN1.01AUG25.111.C,.2968750,.3125000,111,C,.2604291,759.5890546,802.8144600,781.2028245
XCME.ZN1.01AUG25.113.P,1.9531250,1.9843750,113,P,1.9581692,,1332.8134417,1133.8650262
XCME.ZN1.01AUG25.110.C,1.0312500,1.0625000,110,C,1.0492686,,761.9995365,726.5546042
