Key,BID,ASK,STRIKE,ITYPE,ADJTHEOR,IVBID,IVASK,IVAVERAGE
XCME.ZN.SEP25,111.0937500,111.1093750,INVALID,F,,,,
XCME.ZN1.01AUG25.110.C,1.0937500,1.1250000,110,C,1.0832534,846.0091034,1138.8843211,1014.1957642
XCME.ZN1.01AUG25.111:25.C,.1875000,.2187500,111.2500000,C,.1263136,870.6609290,977.0951271,923.9670041
