Key,BID,ASK,STRIKE,ITYPE,ADJTHEOR,IVBID,IVASK,IVAVERAGE
XCME.ZN.SEP25,111.1250000,111.1406250,INVALID,F,,,,
XCME.ZN1.01AUG25.112.P,.8750000,.9062500,112,P,.8891041,,839.5476238,719.3117227
XCME.ZN1.01AUG25.112:25.C,.0069999,.0156250,112.2500000,C,.0016905,799.8791904,929.2895835,871.7547192
