Key,BID,ASK,STRIKE,ITYPE,ADJTHEOR,IVBID,IVASK,IVAVERAGE
XCME.ZN.SEP25,111.2031250,111.2187500,INVALID,F,,,,
XCME.ZN1.01AUG25.111.C,.3593750,.3750000,111,C,.3028122,878.0325842,999.1185554,938.7879159
XCME.ZN1.01AUG25.111:25.P,.2500000,.2656250,111.2500000,P,.2001063,843.8374112,901.3016677,872.5715613
