Key,BID,ASK,STRIKE,ITYPE,ADJTHEOR,IVBID,IVASK,IVAVERAGE
XCME.ZN.SEP25,111.1562500,111.1718750,INVALID,F,,,,
XCME.ZN1.01AUG25.113.P,1.8281250,1.8437500,113,P,1.8325545,,1302.1944154,1215.3034749
XCME.ZN1.01AUG25.112.C,.0156250,.0312500,112,C,.0080229,734.5084131,871.7107132,808.6801582
