Key,BID,ASK,STRIKE,ITYPE,ADJTHEOR,IVBID,IVASK,IVAVERAGE
XCME.ZN.SEP25,111.1562500,111.1718750,INVALID,F,,,,
XCME.ZN1.01AUG25.111:25.P,.3125000,.3281250,111.2500000,P,.2499807,859.7986009,909.5618805,884.6846058
XCME.ZN1.01AUG25.112:5.P,1.3281250,1.3593750,112.5000000,P,1.3292330,1003.6821789,1292.5285092,1167.0568160
