Key,BID,ASK,STRIKE,ITYPE,ADJTHEOR,IVBID,IVASK,IVAVERAGE
XCME.ZN.SEP25,111.1562500,111.1718750,INVALID,F,,,,
XCME.ZN1.01AUG25.113.P,1.8125000,1.8593750,113,P,1.8283722,,1294.5993694,1230.0782479
XCME.ZN1.01AUG25.112.C,.0156250,.0468750,112,C,.0111500,688.1528981,918.3510261,816.9214253
