Key,BID,ASK,STRIKE,ITYPE,ADJTHEOR,IVBID,IVASK,IVAVERAGE
XCME.ZN.SEP25,111.1562500,111.1718750,INVALID,F,,,,
XCME.ZN1.01AUG25.110:25.C,.9218750,.9375000,110.2500000,C,.9275919,,816.7484131,503.6849109
XCME.ZN1.01AUG25.112:75.C,INVALID,.0069999,112.7500000,C,.0001057,,1142.5918192,1031.2861871
