Key,BID,ASK,STRIKE,ITYPE,ADJTHEOR,IVBID,IVASK,IVAVERAGE
XCME.ZN.SEP25,111.0625000,111.0781250,INVALID,F,,,,
XCME.ZN1.01AUG25.112.P,.9375000,.9531250,112,P,.9269773,790.5259380,932.5703173,867.3758161
XCME.ZN1.01AUG25.112:25.C,.0069999,.0156250,112.2500000,C,.0013827,822.7683506,954.6669507,896.1023283
