Key,BID,ASK,STRIKE,ITYPE,ADJTHEOR,IVBID,IVASK,IVAVERAGE
XCME.ZN.SEP25,111.1093750,111.1250000,INVALID,F,,,,
XCME.ZN1.01AUG25.113.C,INVALID,.0069999,113,C,.0000634,,1268.9588112,1149.8204264
XCME.ZN1.01AUG25.110:75.C,.4687500,.4843750,110.7500000,C,.4222790,844.1637748,907.4281564,875.9822147
