Key,BID,ASK,STRIKE,ITYPE,ADJTHEOR,IVBID,IVASK,IVAVERAGE
XCME.ZN.SEP25,111.1718750,111.1875000,INVALID,F,,,,
XCME.ZN1.01AUG25.112:75.C,INVALID,.0069999,112.7500000,C,.0005298,,980.8007886,884.7279972
XCME.ZN1.01AUG25.110:25.C,.9531250,.9843750,110.2500000,C,.9536296,603.5995406,931.9500884,806.8597452
