Key,BID,ASK,STRIKE,ITYPE,ADJTHEOR,IVBID,IVASK,IVAVERAGE
XCME.ZN.SEP25,111.0937500,111.1093750,INVALID,F,,,,
XCME.ZN1.01AUG25.112:5.C,INVALID,.0156250,112.5000000,C,.0006899,,1061.4232276,936.7306090
XCME.ZN1.01AUG25.111:5.P,.5000000,.5312500,111.5000000,P,.4586227,821.1474201,939.7766196,881.1248443
