Key,BID,ASK,STRIKE,ITYPE,ADJTHEOR,IVBID,IVASK,IVAVERAGE
XCME.ZN.SEP25,111,111.0156250,INVALID,F,,,,
XCME.ZN1.01AUG25.111:25.P,.4062500,.4218750,111.2500000,P,.3705187,763.1174848,808.7304546,785.9589125
XCME.ZN1.01AUG25.112:5.P,1.4843750,1.5156250,112.5000000,P,1.4829080,750.1621445,1137.9387546,1037.2507228
XCME.ZN1.01AUG25.111:5.P,.5781250,.5937500,111.5000000,P,.5490792,755.7575512,810.2416746,783.2200137
