Key,BID,ASK,STRIKE,ITYPE,ADJTHEOR,IVBID,IVASK,IVAVERAGE
XCME.ZN.SEP25,111,111.0156250,INVALID,F,,,,
XCME.ZN1.01AUG25.110:75.P,.1562500,.1875000,110.7500000,P,.1309718,725.2277031,771.2055175,748.2651522
XCME.ZN1.01AUG25.110:25.P,.0468750,.0625000,110.2500000,P,.0245034,661.6019357,821.6952241,746.9434837
XCME.ZN1.01AUG25.110.P,.0156250,.0312500,110,P,.0081044,698.3572060,820.8104757,764.7008073
XCME.ZN1.01AUG25.111:75.P,.7812500,.7968750,111.7500000,P,.7737113,586.8981362,765.9824806,685.0205303
