Key,BID,ASK,STRIKE,ITYPE,ADJTHEOR,IVBID,IVASK,IVAVERAGE
XCME.ZN.SEP25,111.1406250,111.1562500,INVALID,F,,,,
XCME.ZN1.01AUG25.111:75.C,.0468750,.0625000,111.7500000,C,.0215482,813.4440888,900.0357291,857.7824286
XCME.ZN1.01AUG25.111.P,.1875000,.2031250,111,P,.1280299,922.0775250,976.9893285,949.5501361
