Key,BID,ASK,STRIKE,ITYPE,ADJTHEOR,IVBID,IVASK,IVAVERAGE
XCME.ZN.SEP25,110.9531250,110.9687500,INVALID,F,,,,
XCME.WY5.30JUL25.111.P,INVALID,.0156250,111,P,.0407473,,,
XCME.ZN1.01AUG25.110:75.P,.1875000,.2031250,110.7500000,P,.1469678,769.8104403,814.5783869,792.2213156
XCME.ZN1.01AUG25.110:25.P,.0468750,.0781250,110.2500000,P,.0289163,718.2626612,858.3184595,791.3064190
