Key,BID,ASK,STRIKE,ITYPE,ADJTHEOR,IVBID,IVASK,IVAVERAGE
XCME.ZN.SEP25,111.1406250,111.1562500,INVALID,F,,,,
XCME.ZN1.01AUG25.112.P,.8125000,.8593750,112,P,.8700473,,,
XCME.ZN1.01AUG25.112:25.C,.0069999,.0156250,112.2500000,C,.0016558,801.8985389,932.4913921,874.4375408
