Key,BID,ASK,STRIKE,ITYPE,ADJTHEOR,IVBID,IVASK,IVAVERAGE
XCME.ZN.SEP25,111.0937500,111.1093750,INVALID,F,,,,
XCME.ZN1.01AUG25.111:25.P,.3437500,.3750000,111.2500000,P,.2857315,851.9424484,954.5660012,903.3161607
XCME.ZN1.01AUG25.112:5.P,1.3906250,1.4218750,112.5000000,P,1.3956274,,1190.0630163,1055.9757224
