Key,BID,ASK,STRIKE,ITYPE,ADJTHEOR,IVBID,IVASK,IVAVERAGE
XCME.ZN.SEP25,111.0156250,111.0312500,INVALID,F,,,,
XCME.ZN1.01AUG25.111:5.C,.0937500,.1093750,111.5000000,C,.0695169,738.2807755,792.8274587,765.7859859
XCME.ZN1.01AUG25.111.C,.2812500,.3125000,111,C,.2496197,746.5613540,832.6310233,789.5970935
XCME.ZN1.01AUG25.113.P,1.9687500,2,113,P,1.9808216,,1262.9417843,1083.6278641
