Key,BID,ASK,STRIKE,ITYPE,ADJTHEOR,IVBID,IVASK,IVAVERAGE
XCME.ZN.SEP25,111.0312500,111.0468750,INVALID,F,,,,
XCME.ZN1.01AUG25.111:75.C,.0468750,.0625000,111.7500000,C,.0293561,736.3724045,810.1555427,774.2146270
XCME.ZN1.01AUG25.110:5.C,.6093750,.6250000,110.5000000,C,.5768731,758.1677655,814.1527580,786.4153121
XCME.ZN1.01AUG25.110:75.C,.4218750,.4531250,110.7500000,C,.3943179,778.5875439,824.6350088,801.6563312
