Key,BID,ASK,STRIKE,ITYPE,ADJTHEOR,IVBID,IVASK,IVAVERAGE
XCME.ZN.SEP25,111.1250000,111.1406250,INVALID,F,,,,
XCME.ZN1.01AUG25.111:5.C,.0937500,.1250000,111.5000000,C,.0550322,828.5768174,959.2459902,894.7517633
XCME.ZN1.01AUG25.111.C,.3125000,.3437500,111,C,.2543036,865.9896164,977.4340769,921.7694968
