Key,BID,ASK,STRIKE,ITYPE,ADJTHEOR,IVBID,IVASK,IVAVERAGE
XCME.ZN.SEP25,110.9531250,110.9687500,INVALID,F,,,,
XCME.ZN1.01AUG25.112:5.C,.0069999,.0156250,112.5000000,C,.0019093,849.2149755,977.4448752,920.8367451
XCME.ZN1.01AUG25.112:25.P,1.2968750,1.3125000,112.2500000,P,1.2929302,745.5691668,923.2431991,847.4893056
XCME.ZN1.01AUG25.111:5.C,.0781250,.1093750,111.5000000,C,.0582898,725.2679839,838.9728517,783.2989228
