Key,BID,ASK,STRIKE,ITYPE,ADJTHEOR,IVBID,IVASK,IVAVERAGE
XCME.ZN.SEP25,111.2343750,111.2500000,INVALID,F,,,,
XCME.ZN1.01AUG25.111:25.C,.2500000,.2656250,111.2500000,C,.1789441,858.1954198,969.9628158,914.0796734
