Key,BID,ASK,STRIKE,ITYPE,ADJTHEOR,IVBID,IVASK,IVAVERAGE
XCME.ZN.SEP25,111.0156250,111.0312500,INVALID,F,,,,
XCME.ZN1.01AUG25.111:5.P,.5625000,.5937500,111.5000000,P,.5495784,717.0104347,825.0773906,771.9067734
XCME.WY5.30JUL25.111:25.C,INVALID,INVALID,111.2500000,C,0,,,
XCME.WY5.30JUL25.111:5.C,INVALID,INVALID,111.5000000,C,0,,,
