Key,BID,ASK,STRIKE,ITYPE,ADJTHEOR,IVBID,IVASK,IVAVERAGE
XCME.ZN.SEP25,111.0156250,111.0312500,INVALID,F,,,,
XCME.ZN1.01AUG25.111.P,.2656250,.2968750,111,P,.2339780,748.1296548,791.7846731,769.9571760
XCME.ZN1.01AUG25.113.C,INVALID,.0069999,113,C,.0006422,,1079.7188180,979.0770563
XCME.ZN1.01AUG25.112.C,.0156250,.0312500,112,C,.0098630,704.8524122,829.3506539,772.3372217
