Key,BID,ASK,STRIKE,ITYPE,ADJTHEOR,IVBID,IVASK,IVAVERAGE
XCME.ZN.SEP25,111.1718750,111.1875000,INVALID,F,,,,
XCME.ZN1.01AUG25.113.C,INVALID,.0069999,113,C,.0001057,,1212.2790115,1097.6143427
XCME.ZN1.01AUG25.110:75.C,.5156250,.5468750,110.7500000,C,.4501113,916.2084605,1036.7698374,977.0287873
