Key,BID,ASK,STRIKE,ITYPE,ADJTHEOR,IVBID,IVASK,IVAVERAGE
XCME.ZN.SEP25,111.0156250,111.0312500,INVALID,F,,,,
XCME.ZN1.01AUG25.110:5.P,.0781250,.0937500,110.5000000,P,.0545659,727.8510054,786.5858667,757.5643861
XCME.ZN1.01AUG25.112:25.C,.0069999,.0156250,112.2500000,C,.0042411,713.7906910,827.3833720,776.9477620
XCME.ZN1.01AUG25.112.P,.9843750,1.0156250,112,P,.9840011,646.1348343,884.1120617,783.0411680
