Key,BID,ASK,STRIKE,ITYPE,ADJTHEOR,IVBID,IVASK,IVAVERAGE
XCME.ZN.SEP25,111.0468750,111.0625000,INVALID,F,,,,
XCME.ZN1.01AUG25.112:5.C,.0069999,.0156250,112.5000000,C,.0022278,812.7882332,936.9213630,881.9760749
XCME.ZN1.01AUG25.112:25.P,1.1875000,1.2187500,112.2500000,P,1.1932788,,932.8849678,835.1667941
XCME.ZN1.01AUG25.111:5.C,.0937500,.1250000,111.5000000,C,.0779425,706.8578692,812.9731599,760.6707541
