Key,BID,ASK,STRIKE,ITYPE,ADJTHEOR,IVBID,IVASK,IVAVERAGE
XCME.ZN.SEP25,111.1250000,111.1406250,INVALID,F,,,,
XCME.ZN1.01AUG25.111:75.C,.0468750,.0625000,111.7500000,C,.0218204,809.9841104,896.1032122,854.0819741
XCME.ZN1.01AUG25.111.P,.1875000,.2031250,111,P,.1318166,851.9322375,906.4203451,879.1949668
