Key,BID,ASK,STRIKE,ITYPE,ADJTHEOR,IVBID,IVASK,IVAVERAGE
XCME.ZN.SEP25,111.1718750,111.1875000,INVALID,F,,,,
XCME.ZN1.01AUG25.111:5.C,.1250000,.1406250,111.5000000,C,.0745197,856.9589400,916.6048086,886.8985139
XCME.ZN1.01AUG25.111.C,.3437500,.3750000,111,C,.2980025,818.5836943,929.0885170,873.9781023
