Key,BID,ASK,STRIKE,ITYPE,ADJTHEOR,IVBID,IVASK,IVAVERAGE
XCME.ZN.SEP25,111.1093750,111.1250000,INVALID,F,,,,
XCME.ZN1.01AUG25.111:5.C,.1093750,.1250000,111.5000000,C,.0675566,818.9792212,877.6272883,848.4724112
XCME.ZN1.01AUG25.111.C,.3281250,.3593750,111,C,.2685104,849.6639590,950.2291919,899.9827077
