Key,BID,ASK,STRIKE,ITYPE,ADJTHEOR,IVBID,IVASK,IVAVERAGE
XCME.ZN.SEP25,111.1406250,111.1562500,INVALID,F,,,,
XCME.ZN1.01AUG25.111:25.C,.1875000,.2031250,111.2500000,C,.1308241,875.7276977,934.8236486,905.2891051
