Key,BID,ASK,STRIKE,ITYPE,ADJTHEOR,IVBID,IVASK,IVAVERAGE
XCME.ZN.SEP25,111.2031250,111.2187500,INVALID,F,,,,
XCME.ZN1.01AUG25.111:25.P,.2812500,.3125000,111.2500000,P,.2181339,873.2716162,978.6710188,925.9770538
XCME.ZN1.01AUG25.112:5.P,1.2812500,1.3125000,112.5000000,P,1.2932754,835.8614183,1098.3425913,994.2390188
