Key,BID,ASK,STRIKE,ITYPE,ADJTHEOR,IVBID,IVASK,IVAVERAGE
XCME.ZN.SEP25,111.2343750,111.2500000,INVALID,F,,,,
XCME.ZN1.01AUG25.111:25.P,.2500000,.2812500,111.2500000,P,.1903313,871.2048718,981.8512881,926.5283358
XCME.ZN1.01AUG25.112:5.P,1.2500000,1.2812500,112.5000000,P,1.2583161,,1171.7355958,1016.7464512
