Key,BID,ASK,STRIKE,ITYPE,ADJTHEOR,IVBID,IVASK,IVAVERAGE
XCME.ZN.SEP25,110.9687500,110.9843750,INVALID,F,,,,
XCME.ZN1.01AUG25.112:5.C,.0069999,.0156250,112.5000000,C,.0018264,849.6304799,977.8919047,921.2156783
XCME.ZN1.01AUG25.112:25.P,1.2656250,1.2968750,112.2500000,P,1.2936394,,732.2942078,
XCME.ZN1.01AUG25.111:5.C,.0937500,.1093750,111.5000000,C,.0583353,783.7936804,839.5033911,811.8966288
