Key,BID,ASK,STRIKE,ITYPE,ADJTHEOR,IVBID,IVASK,IVAVERAGE
XCME.ZN.SEP25,111.0781250,111.0937500,INVALID,F,,,,
XCME.ZN1.01AUG25.110:25.C,.8281250,.8593750,110.2500000,C,.8206436,754.9711107,1054.0049217,926.4968760
XCME.ZN1.01AUG25.112:75.C,INVALID,.0069999,112.7500000,C,.0000278,,1263.0117682,1141.8070394
