Key,BID,ASK,STRIKE,ITYPE,ADJTHEOR,IVBID,IVASK,IVAVERAGE
XCME.ZN.SEP25,111.2187500,111.2343750,INVALID,F,,,,
XCME.ZN1.01AUG25.110:5.P,.0312500,.0468750,110.5000000,P,.0119690,790.4445602,893.8783812,844.2484251
