Key,BID,ASK,STRIKE,ITYPE,ADJTHEOR,IVBID,IVASK,IVAVERAGE
XCME.ZN.SEP25,111.1718750,111.1875000,INVALID,F,,,,
XCME.ZN1.01AUG25.110.C,1.1718750,1.2031250,110,C,1.1844897,,785.7488607,
XCME.ZN1.01AUG25.111:25.C,.2187500,.2343750,111.2500000,C,.1571661,822.6554466,932.8252460,877.7595351
