Key,BID,ASK,STRIKE,ITYPE,ADJTHEOR,IVBID,IVASK,IVAVERAGE
XCME.ZN.SEP25,111.0468750,111.0625000,INVALID,F,,,,
XCME.ZN1.01AUG25.111.P,.2500000,.2656250,111,P,.2199636,742.6577800,786.1104638,764.3849426
XCME.ZN1.01AUG25.113.C,INVALID,.0069999,113,C,.0007052,,1059.3307220,960.7882352
XCME.ZN1.01AUG25.112.C,.0156250,.0312500,112,C,.0114421,683.9362912,805.4994702,749.7623082
