Key,BID,ASK,STRIKE,ITYPE,ADJTHEOR,IVBID,IVASK,IVAVERAGE
XCME.ZN.SEP25,111.0937500,111.1093750,INVALID,F,,,,
XCME.ZN1.01AUG25.112.P,.9062500,.9375000,112,P,.9015838,707.1786149,973.3282345,859.8444503
XCME.ZN1.01AUG25.112:25.C,.0069999,.0156250,112.2500000,C,.0018722,790.2962293,917.7474065,861.1473616
