Key,BID,ASK,STRIKE,ITYPE,ADJTHEOR,IVBID,IVASK,IVAVERAGE
XCME.ZN.SEP25,111.0625000,111.0781250,INVALID,F,,,,
XCME.ZN1.01AUG25.112:75.P,1.6718750,1.6875000,112.7500000,P,1.6832220,,,
XCME.ZN1.01AUG25.111:75.P,.7031250,.7187500,111.7500000,P,.6937123,541.0141336,873.5958459,745.0230404
