Key,BID,ASK,STRIKE,ITYPE,ADJTHEOR,IVBID,IVASK,IVAVERAGE
XCME.ZN.SEP25,111.0781250,111.0937500,INVALID,F,,,,
XCME.ZN1.01AUG25.111:25.P,.3593750,.3750000,111.2500000,P,.2838355,915.0534214,967.4238152,941.2542169
XCME.ZN1.01AUG25.112:5.P,1.4062500,1.4375000,112.5000000,P,1.3990055,958.0000766,1328.7884307,1220.9682289
