Key,BID,ASK,STRIKE,ITYPE,ADJTHEOR,IVBID,IVASK,IVAVERAGE
XCME.ZN.SEP25,111.1250000,111.1406250,INVALID,F,,,,
XCME.ZN1.01AUG25.111:5.C,.1250000,.1406250,111.5000000,C,.0764202,834.8135768,890.3309856,862.6971813
XCME.ZN1.01AUG25.111.C,.3437500,.3593750,111,C,.2849873,842.4007542,891.6221750,867.0239970
