Key,BID,ASK,STRIKE,ITYPE,ADJTHEOR,IVBID,IVASK,IVAVERAGE
XCME.ZN.SEP25,111.0468750,111.0625000,INVALID,F,,,,
XCME.ZN1.01AUG25.110.P,.0156250,.0312500,110,P,.0064648,726.8663296,853.1433589,795.3582475
XCME.ZN1.01AUG25.111:75.P,.7500000,.7656250,111.7500000,P,.7322810,733.6162957,804.9584512,770.1205308
XCME.ZN1.01AUG25.112:75.P,1.6875000,1.7187500,112.7500000,P,1.7008055,,1111.3952541,940.6893274
