Key,BID,ASK,STRIKE,ITYPE,ADJTHEOR,IVBID,IVASK,IVAVERAGE
XCME.ZN.SEP25,111.1406250,111.1562500,INVALID,F,,,,
XCME.ZN1.01AUG25.110.C,1.1250000,1.1562500,110,C,1.1457070,,913.6366814,846.0436121
XCME.ZN1.01AUG25.111:25.C,.1875000,.2187500,111.2500000,C,.1430104,816.9405952,926.4761605,871.7560797
