Key,BID,ASK,STRIKE,ITYPE,ADJTHEOR,IVBID,IVASK,IVAVERAGE
XCME.ZN.SEP25,111.0625000,111.0781250,INVALID,F,,,,
XCME.ZN1.01AUG25.111:25.P,.3593750,.3750000,111.2500000,P,.2960098,879.2362600,932.8253743,906.0558873
XCME.ZN1.01AUG25.112:5.P,1.4218750,1.4375000,112.5000000,P,1.4223223,436.4303351,1113.9814954,1055.2896435
