Key,BID,ASK,STRIKE,ITYPE,ADJTHEOR,IVBID,IVASK,IVAVERAGE
XCME.ZN.SEP25,111.1250000,111.1406250,INVALID,F,,,,
XCME.ZN1.01AUG25.111:5.C,.1093750,.1250000,111.5000000,C,.0583120,877.5545018,941.6164913,909.7645320
XCME.ZN1.01AUG25.111.C,.3125000,.3437500,111,C,.2631150,835.0564464,947.1532953,891.1858542
