Key,BID,ASK,STRIKE,ITYPE,ADJTHEOR,IVBID,IVASK,IVAVERAGE
XCME.ZN.SEP25,111.2031250,111.2187500,INVALID,F,,,,
XCME.ZN1.01AUG25.112:25.P,1.0312500,1.0625000,112.2500000,P,1.0438778,759.3967708,1012.0881124,910.9785905
XCME.ZN1.01AUG25.113.P,1.7812500,1.8125000,113,P,1.7925960,,1553.5148895,1327.8437318
