Key,BID,ASK,STRIKE,ITYPE,ADJTHEOR,IVBID,IVASK,IVAVERAGE
XCME.ZN.SEP25,110.9843750,111,INVALID,F,,,,
XCME.ZN1.01AUG25.112:5.C,.0069999,.0156250,112.5000000,C,.0019236,840.8528914,968.1882229,911.9261816
XCME.ZN1.01AUG25.112:25.P,1.2656250,1.2968750,112.2500000,P,1.2696549,329.6811748,975.7848032,837.5596069
XCME.ZN1.01AUG25.111:5.C,.0937500,.1093750,111.5000000,C,.0625640,765.9242645,821.1986753,793.8005670
