Key,BID,ASK,STRIKE,ITYPE,ADJTHEOR,IVBID,IVASK,IVAVERAGE
XCME.ZN.SEP25,111.1562500,111.1718750,INVALID,F,,,,
XCME.ZN1.01AUG25.113.P,1.8281250,1.8437500,113,P,1.8438649,,1,
XCME.ZN1.01AUG25.112.C,.0156250,.0312500,112,C,.0077514,738.9824264,876.4820860,813.3415173
