Key,BID,ASK,STRIKE,ITYPE,ADJTHEOR,IVBID,IVASK,IVAVERAGE
XCME.ZN.SEP25,111.1562500,111.1718750,INVALID,F,,,,
XCME.ZN1.01AUG25.112:75.C,INVALID,.0069999,112.7500000,C,.0001683,,1097.9022597,991.0380985
XCME.ZN1.01AUG25.110:25.C,.9218750,.9375000,110.2500000,C,.9207368,644.3967616,864.9411025,776.2560398
