Key,BID,ASK,STRIKE,ITYPE,ADJTHEOR,IVBID,IVASK,IVAVERAGE
XCME.ZN.SEP25,111.0468750,111.0625000,INVALID,F,,,,
XCME.ZN1.01AUG25.111:75.C,.0468750,.0625000,111.7500000,C,.0332378,713.2119593,786.0454064,750.5443470
XCME.ZN1.01AUG25.110:5.C,.6250000,.6562500,110.5000000,C,.6077170,704.0035636,824.0450210,765.5638461
XCME.ZN1.01AUG25.110:75.C,.4531250,.4687500,110.7500000,C,.4193751,752.3609549,800.0053029,776.2540135
