Key,BID,ASK,STRIKE,ITYPE,ADJTHEOR,IVBID,IVASK,IVAVERAGE
XCME.ZN.SEP25,111.0468750,111.0625000,INVALID,F,,,,
XCME.ZN1.01AUG25.111.C,.2968750,.3125000,111,C,.2650110,746.9997787,790.2636735,768.6333490
XCME.ZN1.01AUG25.113.P,1.9375000,1.9687500,113,P,1.9495746,,1250.7289004,1072.6499752
XCME.ZN1.01AUG25.110.C,1.0468750,1.0781250,110,C,1.0576278,,822.7280916,723.3068219
