Key,BID,ASK,STRIKE,ITYPE,ADJTHEOR,IVBID,IVASK,IVAVERAGE
XCME.ZN.SEP25,111.2031250,111.2187500,INVALID,F,,,,
XCME.ZN1.01AUG25.112:75.P,1.5312500,1.5625000,112.7500000,P,1.5426776,,,
XCME.ZN1.01AUG25.111:75.P,.5781250,.6093750,111.7500000,P,.5677237,718.4060481,897.6707609,812.6645822
