Key,BID,ASK,STRIKE,ITYPE,ADJTHEOR,IVBID,IVASK,IVAVERAGE
XCME.ZN.SEP25,111.1562500,111.1718750,INVALID,F,,,,
XCME.ZN1.01AUG25.111:5.C,.1250000,.1406250,111.5000000,C,.0747620,854.0929566,913.1430123,883.7384068
XCME.ZN1.01AUG25.111.C,.3593750,.3750000,111,C,.2958419,877.5515267,931.7348485,904.6708928
