Key,BID,ASK,STRIKE,ITYPE,ADJTHEOR,IVBID,IVASK,IVAVERAGE
XCME.ZN.SEP25,111,111.0156250,INVALID,F,,,,
XCME.ZN1.01AUG25.111:25.P,.4062500,.4218750,111.2500000,P,.3766325,746.3661767,838.6078339,792.6422452
XCME.ZN1.01AUG25.112:5.P,1.4843750,1.5156250,112.5000000,P,1.4940232,,1053.6032639,919.5352488
XCME.ZN1.01AUG25.111:5.P,.5781250,.5937500,111.5000000,P,.5571183,728.8129376,839.9452995,785.3395794
