Key,BID,ASK,STRIKE,ITYPE,ADJTHEOR,IVBID,IVASK,IVAVERAGE
XCME.ZN.SEP25,111.0937500,111.1093750,INVALID,F,,,,
XCME.ZN1.01AUG25.113.C,INVALID,.0069999,113,C,.0001263,,1205.2508442,1092.4896491
XCME.ZN1.01AUG25.110:75.C,.4687500,.5000000,110.7500000,C,.4052918,846.1958410,960.6069112,903.8433008
