Key,BID,ASK,STRIKE,ITYPE,ADJTHEOR,IVBID,IVASK,IVAVERAGE
XCME.ZN.SEP25,111.0156250,111.0312500,INVALID,F,,,,
XCME.ZN1.01AUG25.111.C,.2812500,.3125000,111,C,.2504281,745.3763064,832.4945860,788.9371814
XCME.ZN1.01AUG25.113.P,1.9687500,2,113,P,1.9737580,,1352.9095477,1212.2206168
XCME.ZN1.01AUG25.110.C,1.0312500,1.0625000,110,C,1.0336937,571.4890909,875.5283341,760.2235093
