Key,BID,ASK,STRIKE,ITYPE,ADJTHEOR,IVBID,IVASK,IVAVERAGE
XCME.ZN.SEP25,111.1562500,111.1718750,INVALID,F,,,,
XCME.ZN1.01AUG25.110:75.P,.1093750,.1250000,110.7500000,P,.0544217,893.5841547,956.0722235,925.0189093
