Key,BID,ASK,STRIKE,ITYPE,ADJTHEOR,IVBID,IVASK,IVAVERAGE
XCME.ZN.SEP25,111.1562500,111.1718750,INVALID,F,,,,
XCME.ZN1.01AUG25.111.P,.1562500,.1875000,111,P,.1018049,867.7310744,987.8562266,927.9528169
XCME.ZN1.01AUG25.110:75.C,.4843750,.5156250,110.7500000,C,.4668192,737.9238359,894.0505182,818.2344865
