Key,BID,ASK,STRIKE,ITYPE,ADJTHEOR,IVBID,IVASK,IVAVERAGE
XCME.ZN.SEP25,111.1093750,111.1250000,INVALID,F,,,,
XCME.ZN1.01AUG25.110:75.P,.1250000,.1406250,110.7500000,P,.0690507,881.8568789,940.2959502,911.2071305
