Key,BID,ASK,STRIKE,ITYPE,ADJTHEOR,IVBID,IVASK,IVAVERAGE
XCME.ZN.SEP25,111.1562500,111.1718750,INVALID,F,,,,
XCME.ZN1.01AUG25.111:25.P,.3125000,.3437500,111.2500000,P,.2607550,822.7761182,920.6312998,871.7264263
XCME.ZN1.01AUG25.112:5.P,1.3281250,1.3593750,112.5000000,P,1.3414652,,1033.6826570,866.0147379
