Key,BID,ASK,STRIKE,ITYPE,ADJTHEOR,IVBID,IVASK,IVAVERAGE
XCME.ZN.SEP25,111.0937500,111.1093750,INVALID,F,,,,
XCME.ZN1.01AUG25.113.C,INVALID,.0069999,113,C,.0000603,,1277.9627568,1158.3364031
XCME.ZN1.01AUG25.110:75.C,.4531250,.4843750,110.7500000,C,.4104458,888.8900440,950.4425254,919.8043758
