Key,BID,ASK,STRIKE,ITYPE,ADJTHEOR,IVBID,IVASK,IVAVERAGE
XCME.ZN.SEP25,111.2343750,111.2500000,INVALID,F,,,,
XCME.ZN1.01AUG25.112:5.C,INVALID,.0156250,112.5000000,C,.0007839,,1033.3646467,908.8107034
XCME.ZN1.01AUG25.111:5.P,.3906250,.4062500,111.5000000,P,.3408030,806.1602731,864.1989528,835.2714899
