Key,BID,ASK,STRIKE,ITYPE,ADJTHEOR,IVBID,IVASK,IVAVERAGE
XCME.ZN.SEP25,111.1562500,111.1718750,INVALID,F,,,,
XCME.ZN1.01AUG25.112.P,.8437500,.8750000,112,P,.8458156,597.9681748,941.9900330,810.6890443
XCME.ZN1.01AUG25.112:25.C,.0069999,.0156250,112.2500000,C,.0015758,807.3320982,940.5203997,881.3919408
