Key,BID,ASK,STRIKE,ITYPE,ADJTHEOR,IVBID,IVASK,IVAVERAGE
XCME.ZN.SEP25,111.1718750,111.1875000,INVALID,F,,,,
XCME.ZN1.01AUG25.113.P,1.8125000,1.8437500,113,P,1.8238836,,1491.0000072,1275.2046998
XCME.ZN1.01AUG25.112.C,.0156250,.0312500,112,C,.0070269,754.0719153,895.8977695,830.7732486
