Key,BID,ASK,STRIKE,ITYPE,ADJTHEOR,IVBID,IVASK,IVAVERAGE
XCME.ZN.SEP25,111.0312500,111.0468750,INVALID,F,,,,
XCME.ZN1.01AUG25.111:25.C,.1875000,.2031250,111.2500000,C,.1463634,778.8501695,824.1314823,801.5179520
XCME.ZN1.01AUG25.110:25.C,.8281250,.8593750,110.2500000,C,.8093914,737.5653772,892.4075736,819.1868145
XCME.ZN1.01AUG25.112:75.C,INVALID,.0069999,112.7500000,C,.0011127,,942.8306266,852.4395643
XCME.ZN1.01AUG25.111:75.C,.0468750,.0625000,111.7500000,C,.0306516,728.7941545,802.5150468,766.5982759
