Key,BID,ASK,STRIKE,ITYPE,ADJTHEOR,IVBID,IVASK,IVAVERAGE
XCME.ZN.SEP25,111.0781250,111.0937500,INVALID,F,,,,
XCME.ZN1.01AUG25.110:5.C,.6250000,.6562500,110.5000000,C,.6081476,768.9256184,965.4903807,873.0003770
XCME.ZN1.01AUG25.111:75.C,.0312500,.0468750,111.7500000,C,.0121789,817.6902889,927.0492372,874.5170298
