Key,BID,ASK,STRIKE,ITYPE,ADJTHEOR,IVBID,IVASK,IVAVERAGE
XCME.ZN.SEP25,111.1562500,111.1718750,INVALID,F,,,,
XCME.ZN1.01AUG25.112:5.C,.0069999,.0156250,112.5000000,C,.0012596,854.4471476,988.0223162,928.8971842
XCME.ZN1.01AUG25.111:5.P,.4687500,.4843750,111.5000000,P,.4231630,820.6242646,875.2632647,848.0533063
