Key,BID,ASK,STRIKE,ITYPE,ADJTHEOR,IVBID,IVASK,IVAVERAGE
XCME.ZN.SEP25,111.1875000,111.2031250,INVALID,F,,,,
XCME.ZN1.01AUG25.111:25.C,.2031250,.2187500,111.2500000,C,.1523165,847.9222990,905.5344488,876.7328084
