Key,BID,ASK,STRIKE,ITYPE,ADJTHEOR,IVBID,IVASK,IVAVERAGE
XCME.ZN.SEP25,111.0625000,111.0781250,INVALID,F,,,,
XCME.ZN1.01AUG25.112.P,.9218750,.9531250,112,P,.9311701,,900.7836482,788.9235716
XCME.ZN1.01AUG25.112:25.C,.0069999,.0156250,112.2500000,C,.0013460,825.2895445,957.4578280,898.7653285
