Key,BID,ASK,STRIKE,ITYPE,ADJTHEOR,IVBID,IVASK,IVAVERAGE
XCME.ZN.SEP25,111.1250000,111.1406250,INVALID,F,,,,
XCME.ZN1.01AUG25.111:25.P,.3125000,.3437500,111.2500000,P,.2543344,866.7230989,976.9663198,921.8961413
XCME.ZN1.01AUG25.112:5.P,1.3593750,1.3906250,112.5000000,P,1.3675489,,1227.0481888,1067.9716900
