Key,BID,ASK,STRIKE,ITYPE,ADJTHEOR,IVBID,IVASK,IVAVERAGE
XCME.ZN.SEP25,111.1093750,111.1250000,INVALID,F,,,,
XCME.ZN1.01AUG25.111:5.C,.1093750,.1406250,111.5000000,C,.0719006,796.2722461,908.7375522,853.0916734
XCME.ZN1.01AUG25.111.C,.3281250,.3593750,111,C,.2728987,829.1918894,926.3218724,877.7883373
