Key,BID,ASK,STRIKE,ITYPE,ADJTHEOR,IVBID,IVASK,IVAVERAGE
XCME.ZN.SEP25,111.1718750,111.1875000,INVALID,F,,,,
XCME.ZN1.01AUG25.113.C,INVALID,.0069999,113,C,.0000965,,1215.2500216,1099.9243900
XCME.ZN1.01AUG25.110:75.C,.5312500,.5468750,110.7500000,C,.4735244,900.4960828,964.7954428,932.8575115
