Key,BID,ASK,STRIKE,ITYPE,ADJTHEOR,IVBID,IVASK,IVAVERAGE
XCME.ZN.SEP25,111.1250000,111.1406250,INVALID,F,,,,
XCME.ZN1.01AUG25.110:25.P,.0069999,.0312500,110.2500000,P,.0025877,724.2178243,1007.1432531,890.9224964
XCME.ZN1.01AUG25.110:5.P,.0312500,.0468750,110.5000000,P,.0123560,794.3656797,901.3102777,849.9099021
