Key,BID,ASK,STRIKE,ITYPE,ADJTHEOR,IVBID,IVASK,IVAVERAGE
XCME.ZN.SEP25,111.1250000,111.1406250,INVALID,F,,,,
XCME.ZN1.01AUG25.110.C,1.1250000,1.1562500,110,C,1.1257868,302.8300740,1140.0441462,1021.3112310
XCME.ZN1.01AUG25.111:25.C,.2031250,.2187500,111.2500000,C,.1323172,914.5959595,970.3269731,942.4757225
