Key,BID,ASK,STRIKE,ITYPE,ADJTHEOR,IVBID,IVASK,IVAVERAGE
XCME.ZN.SEP25,111.0937500,111.1093750,INVALID,F,,,,
XCME.ZN1.01AUG25.112:75.C,INVALID,.0069999,112.7500000,C,.0002447,,1072.5357718,969.3244528
XCME.ZN1.01AUG25.110:25.C,.8593750,.8906250,110.2500000,C,.8552920,672.7850447,934.8429755,823.2511191
