Key,BID,ASK,STRIKE,ITYPE,ADJTHEOR,IVBID,IVASK,IVAVERAGE
XCME.ZN.SEP25,111.0781250,111.0937500,INVALID,F,,,,
XCME.ZN1.01AUG25.110:5.C,.6562500,.6718750,110.5000000,C,.6302911,846.0497208,987.4250993,918.6024040
XCME.ZN1.01AUG25.112:25.P,1.1562500,1.1875000,112.2500000,P,1.1469927,,860.3147271,797.3766353
