Key,BID,ASK,STRIKE,ITYPE,ADJTHEOR,IVBID,IVASK,IVAVERAGE
XCME.ZN.SEP25,111.1718750,111.1875000,INVALID,F,,,,
XCME.ZN1.01AUG25.111:5.C,.1406250,.1562500,111.5000000,C,.0907897,832.9383736,886.7705638,859.9373569
XCME.ZN1.01AUG25.111.C,.3750000,.3906250,111,C,.3190475,837.7185980,888.3214681,863.0480953
