Key,BID,ASK,STRIKE,ITYPE,ADJTHEOR,IVBID,IVASK,IVAVERAGE
XCME.ZN.SEP25,111.1250000,111.1406250,INVALID,F,,,,
XCME.ZN1.01AUG25.113.C,INVALID,.0069999,113,C,.0000230,,1355.6649220,1227.9363526
XCME.ZN1.01AUG25.111:5.C,.0937500,.1093750,111.5000000,C,.0501757,863.2014830,932.8216939,898.2556073
