Key,BID,ASK,STRIKE,ITYPE,ADJTHEOR,IVBID,IVASK,IVAVERAGE
XCME.ZN.SEP25,111.0937500,111.1093750,INVALID,F,,,,
XCME.ZN1.01AUG25.113.P,1.8906250,1.9218750,113,P,1.8984998,,1575.8077793,1386.3180483
XCME.ZN1.01AUG25.112.C,.0156250,.0312500,112,C,.0046647,802.6772753,947.9329055,881.2422984
