Key,BID,ASK,STRIKE,ITYPE,ADJTHEOR,IVBID,IVASK,IVAVERAGE
XCME.ZN.SEP25,111.1875000,111.2031250,INVALID,F,,,,
XCME.ZN1.01AUG25.110:5.C,.7343750,.7656250,110.5000000,C,.7028149,823.6910384,978.1788352,903.9111586
XCME.ZN1.01AUG25.112:25.P,1.0625000,1.0937500,112.2500000,P,1.0704843,,945.9123419,831.6961541
