Key,BID,ASK,STRIKE,ITYPE,ADJTHEOR,IVBID,IVASK,IVAVERAGE
XCME.ZN.SEP25,111.0781250,111.0937500,INVALID,F,,,,
XCME.ZN1.01AUG25.111:5.C,.1093750,.1250000,111.5000000,C,.0601974,854.2536774,914.2421471,884.4246360
XCME.ZN1.01AUG25.111.C,.3125000,.3281250,111,C,.2524349,853.1926083,903.8560251,878.5306023
