Key,BID,ASK,STRIKE,ITYPE,ADJTHEOR,IVBID,IVASK,IVAVERAGE
XCME.ZN.SEP25,111.2187500,111.2343750,INVALID,F,,,,
XCME.ZN1.01AUG25.111:75.C,.0625000,.0781250,111.7500000,C,.0304111,831.0990702,909.0134038,870.6619243
XCME.ZN1.01AUG25.111.P,.1562500,.1718750,111,P,.0909200,903.9666338,962.5557979,933.3187870
