Key,BID,ASK,STRIKE,ITYPE,ADJTHEOR,IVBID,IVASK,IVAVERAGE
XCME.ZN.SEP25,111.1250000,111.1406250,INVALID,F,,,,
XCME.ZN1.01AUG25.112:75.C,INVALID,.0069999,112.7500000,C,.0001694,,1101.9817480,995.6407305
XCME.ZN1.01AUG25.110:25.C,.8906250,.9218750,110.2500000,C,.8906554,614.3888296,961.9416090,829.7118688
