Key,BID,ASK,STRIKE,ITYPE,ADJTHEOR,IVBID,IVASK,IVAVERAGE
XCME.ZN.SEP25,111.1562500,111.1718750,INVALID,F,,,,
XCME.ZN1.01AUG25.110:25.P,.0069999,.0312500,110.2500000,P,.0022169,735.6687439,1016.4756642,901.1026619
XCME.ZN1.01AUG25.110:5.P,.0312500,.0468750,110.5000000,P,.0111802,807.2903122,914.2967049,862.9096944
