Key,BID,ASK,STRIKE,ITYPE,ADJTHEOR,IVBID,IVASK,IVAVERAGE
XCME.ZN.SEP25,110.9687500,110.9843750,INVALID,F,,,,
XCME.ZN1.01AUG25.111.P,.2968750,.3125000,111,P,.2494161,790.0611466,832.8487768,811.4551004
XCME.ZN1.01AUG25.113.C,INVALID,.0069999,113,C,.0008039,,1067.3212650,967.7693768
XCME.ZN1.01AUG25.112.C,.0156250,.0312500,112,C,.0102052,701.6001374,825.0384898,768.5500146
