Key,BID,ASK,STRIKE,ITYPE,ADJTHEOR,IVBID,IVASK,IVAVERAGE
XCME.ZN.SEP25,111.0468750,111.0625000,INVALID,F,,,,
XCME.ZN1.01AUG25.111:25.C,.1718750,.2031250,111.2500000,C,.1512587,718.8179120,809.0556289,764.0484171
XCME.ZN1.01AUG25.110:25.C,.8281250,.8593750,110.2500000,C,.8199387,675.0321655,845.9880924,766.9440647
XCME.ZN1.01AUG25.112:75.C,INVALID,.0069999,112.7500000,C,.0011504,,934.9802005,845.2989737
