Key,BID,ASK,STRIKE,ITYPE,ADJTHEOR,IVBID,IVASK,IVAVERAGE
XCME.ZN.SEP25,111.2187500,111.2343750,INVALID,F,,,,
XCME.ZN1.01AUG25.112:5.C,INVALID,.0156250,112.5000000,C,.0007129,,1044.4252234,918.9642261
XCME.ZN1.01AUG25.111:5.P,.4218750,.4531250,111.5000000,P,.3751330,837.1981147,953.0791789,895.5013365
