Key,BID,ASK,STRIKE,ITYPE,ADJTHEOR,IVBID,IVASK,IVAVERAGE
XCME.ZN.SEP25,111.1093750,111.1250000,INVALID,F,,,,
XCME.ZN1.01AUG25.110.C,1.1250000,1.1406250,110,C,1.1187255,786.8081992,982.0157925,898.5161854
XCME.ZN1.01AUG25.111:25.C,.2031250,.2187500,111.2500000,C,.1432789,859.6882710,911.4973782,885.6073055
