Key,BID,ASK,STRIKE,ITYPE,ADJTHEOR,IVBID,IVASK,IVAVERAGE
XCME.ZN.SEP25,111.1250000,111.1406250,INVALID,F,,,,
XCME.ZN1.01AUG25.111:75.C,.0468750,.0625000,111.7500000,C,.0233104,795.1151973,879.3317893,838.2404451
XCME.ZN1.01AUG25.111.P,.2031250,.2343750,111,P,.1394679,873.0955523,925.9634857,899.5435789
