Key,BID,ASK,STRIKE,ITYPE,ADJTHEOR,IVBID,IVASK,IVAVERAGE
XCME.ZN.SEP25,111.0937500,111.1093750,INVALID,F,,,,
XCME.ZN1.01AUG25.111:75.P,.6875000,.7187500,111.7500000,P,.6732165,743.1858744,917.6918966,835.2692157
