Key,BID,ASK,STRIKE,ITYPE,ADJTHEOR,IVBID,IVASK,IVAVERAGE
XCME.ZN.SEP25,111.1250000,111.1406250,INVALID,F,,,,
XCME.ZN1.01AUG25.112.P,.8750000,.9062500,112,P,.8774264,607.6143623,879.6850416,768.2520136
XCME.ZN1.01AUG25.112:25.C,.0069999,.0156250,112.2500000,C,.0032189,733.1553615,852.5215537,799.4897263
