Key,BID,ASK,STRIKE,ITYPE,ADJTHEOR,IVBID,IVASK,IVAVERAGE
XCME.ZN.SEP25,111.0781250,111.0937500,INVALID,F,,,,
XCME.ZN1.01AUG25.111:5.C,.0937500,.1093750,111.5000000,C,.0528179,836.2307086,901.4909493,869.1070683
XCME.ZN1.01AUG25.111.C,.2968750,.3125000,111,C,.2433574,843.0418280,896.9107713,869.9853803
