Key,BID,ASK,STRIKE,ITYPE,ADJTHEOR,IVBID,IVASK,IVAVERAGE
XCME.ZN.SEP25,111.1875000,111.2031250,INVALID,F,,,,
XCME.ZN1.01AUG25.111:5.P,.4218750,.4531250,111.5000000,P,.3770485,847.7850732,974.2679017,911.5472478
