Key,BID,ASK,STRIKE,ITYPE,ADJTHEOR,IVBID,IVASK,IVAVERAGE
XCME.ZN.SEP25,111.0312500,111.0468750,INVALID,F,,,,
XCME.ZN1.01AUG25.111.C,.2968750,.3125000,111,C,.2580436,766.8410653,810.1766810,788.5097624
XCME.ZN1.01AUG25.113.P,1.9531250,1.9843750,113,P,1.9616776,,1301.1706994,1145.4281864
XCME.ZN1.01AUG25.110.C,1.0468750,1.0781250,110,C,1.0457107,632.3648084,900.0522417,791.2523575
