Key,BID,ASK,STRIKE,ITYPE,ADJTHEOR,IVBID,IVASK,IVAVERAGE
XCME.ZN.SEP25,111.2343750,111.2500000,INVALID,F,,,,
XCME.ZN1.01AUG25.111.C,.3906250,.4218750,111,C,.3314019,884.9388863,1004.0048682,944.7288155
XCME.ZN1.01AUG25.111:25.P,.2500000,.2812500,111.2500000,P,.1876387,881.8232439,993.0156771,937.4195513
