Key,BID,ASK,STRIKE,ITYPE,ADJTHEOR,IVBID,IVASK,IVAVERAGE
XCME.ZN.SEP25,111.1875000,111.2031250,INVALID,F,,,,
XCME.ZN1.01AUG25.110.C,1.1875000,1.2187500,110,C,1.2078751,,872.2227485,552.6471109
XCME.ZN1.01AUG25.111:25.C,.2343750,.2656250,111.2500000,C,.1908078,796.4505639,845.2669734,820.8603326
