Key,BID,ASK,STRIKE,ITYPE,ADJTHEOR,IVBID,IVASK,IVAVERAGE
XCME.ZN.SEP25,111.1875000,111.2031250,INVALID,F,,,,
XCME.ZN1.01AUG25.110.C,1.2031250,1.2187500,110,C,1.1916370,940.0103059,1120.7842104,1082.1010538
XCME.ZN1.01AUG25.111:25.C,.2343750,.2500000,111.2500000,C,.1663769,892.3172191,945.5675686,918.9452847
