Key,BID,ASK,STRIKE,ITYPE,ADJTHEOR,IVBID,IVASK,IVAVERAGE
XCME.ZN.SEP25,111.1562500,111.1718750,INVALID,F,,,,
XCME.ZN1.01AUG25.112:5.C,INVALID,.0156250,112.5000000,C,.0011080,,1003.6821789,883.7975800
XCME.ZN1.01AUG25.111:5.P,.4531250,.4843750,111.5000000,P,.4109653,867.2284561,922.2849454,894.8467438
