Key,BID,ASK,STRIKE,ITYPE,ADJTHEOR,IVBID,IVASK,IVAVERAGE
XCME.ZN.SEP25,111.1250000,111.1406250,INVALID,F,,,,
XCME.ZN1.01AUG25.112:5.C,INVALID,.0156250,112.5000000,C,.0007786,,1044.9465192,921.4855432
XCME.ZN1.01AUG25.111:5.P,.4843750,.5000000,111.5000000,P,.4440368,753.3053055,872.4689304,813.6482748
