Key,BID,ASK,STRIKE,ITYPE,ADJTHEOR,IVBID,IVASK,IVAVERAGE
XCME.ZN.SEP25,111.2343750,111.2500000,INVALID,F,,,,
XCME.ZN1.01AUG25.110:5.C,.7656250,.7812500,110.5000000,C,.7510601,775.6917546,996.7599216,895.5826855
XCME.ZN1.01AUG25.112:25.P,1.0156250,1.0312500,112.2500000,P,1.0099785,,983.0870676,846.1532716
