Key,BID,ASK,STRIKE,ITYPE,ADJTHEOR,IVBID,IVASK,IVAVERAGE
XCME.ZN.SEP25,110.9687500,110.9843750,INVALID,F,,,,
XCME.ZN1.01AUG25.111:5.C,.0937500,.1093750,111.5000000,C,.0627045,764.4741608,819.6099406,792.2842008
XCME.ZN1.01AUG25.111.C,.2656250,.2968750,111,C,.2329786,749.4973691,835.0737048,792.2861310
XCME.ZN1.01AUG25.113.P,2.0156250,2.0468750,113,P,2.0172414,,1206.4670549,1144.7515980
