Key,BID,ASK,STRIKE,ITYPE,ADJTHEOR,IVBID,IVASK,IVAVERAGE
XCME.ZN.SEP25,111.0625000,111.0781250,INVALID,F,,,,
XCME.ZN1.01AUG25.113.P,1.9218750,1.9375000,113,P,1.9333195,,1132.7975809,870.3238346
XCME.ZN1.01AUG25.112.C,.0156250,.0312500,112,C,.0057217,775.3536591,914.1255406,850.4271873
