Key,BID,ASK,STRIKE,ITYPE,ADJTHEOR,IVBID,IVASK,IVAVERAGE
XCME.ZN.SEP25,111.1562500,111.1718750,INVALID,F,,,,
XCME.ZN1.01AUG25.113.P,1.8281250,1.8593750,113,P,1.8394978,,1515.4980315,1296.6232301
XCME.ZN1.01AUG25.112.C,.0156250,.0312500,112,C,.0060517,773.3954016,917.4981008,851.3259047
