Key,BID,ASK,STRIKE,ITYPE,ADJTHEOR,IVBID,IVASK,IVAVERAGE
XCME.ZN.SEP25,111.1562500,111.1718750,INVALID,F,,,,
XCME.ZN1.01AUG25.111.C,.3281250,.3593750,111,C,.2781724,902.3283068,960.4039696,931.3963762
XCME.ZN1.01AUG25.111:25.P,.2812500,.2968750,111.2500000,P,.2278467,854.5494254,911.2148702,882.8903165
