Key,BID,ASK,STRIKE,ITYPE,ADJTHEOR,IVBID,IVASK,IVAVERAGE
XCME.ZN.SEP25,111.0625000,111.0781250,INVALID,F,,,,
XCME.ZN1.01AUG25.113.P,1.9218750,1.9531250,113,P,1.9262861,,1576.6734162,1411.9298974
XCME.ZN1.01AUG25.112.C,.0156250,.0312500,112,C,.0051189,789.9700200,931.7271077,866.6761306
