Key,BID,ASK,STRIKE,ITYPE,ADJTHEOR,IVBID,IVASK,IVAVERAGE
XCME.ZN.SEP25,111.1562500,111.1718750,INVALID,F,,,,
XCME.ZN1.01AUG25.111:75.C,.0625000,.0781250,111.7500000,C,.0338888,793.4794989,864.7119728,829.6850990
XCME.ZN1.01AUG25.111.P,.1875000,.2187500,111,P,.1389569,811.5321100,911.3535386,861.5242259
