Key,BID,ASK,STRIKE,ITYPE,ADJTHEOR,IVBID,IVASK,IVAVERAGE
XCME.ZN.SEP25,111.2343750,111.2500000,INVALID,F,,,,
XCME.ZN1.01AUG25.110:25.C,.9843750,1.0156250,110.2500000,C,.9899315,,858.4989979,793.5596774
XCME.ZN1.01AUG25.112:75.C,INVALID,.0069999,112.7500000,C,.0000974,,1115.6920093,1006.4607584
