Key,BID,ASK,STRIKE,ITYPE,ADJTHEOR,IVBID,IVASK,IVAVERAGE
XCME.ZN.SEP25,111.0625000,111.0781250,INVALID,F,,,,
XCME.ZN1.01AUG25.111.C,.2656250,.2968750,111,C,.2129177,857.9126819,975.8905244,916.9266589
XCME.ZN1.01AUG25.111:25.P,.3281250,.3593750,111.2500000,P,.2799908,851.5644870,973.9844391,912.9531912
