Key,BID,ASK,STRIKE,ITYPE,ADJTHEOR,IVBID,IVASK,IVAVERAGE
XCME.ZN.SEP25,111.0468750,111.0625000,INVALID,F,,,,
XCME.ZN1.01AUG25.111:25.C,.1875000,.2031250,111.2500000,C,.1515585,717.9228787,808.1385276,763.1415124
XCME.ZN1.01AUG25.110:25.C,.8281250,.8593750,110.2500000,C,.8206869,670.2034306,842.6647442,763.0960346
XCME.ZN1.01AUG25.112:75.C,INVALID,.0069999,112.7500000,C,.0011545,,934.6428695,844.9634854
