Key,BID,ASK,STRIKE,ITYPE,ADJTHEOR,IVBID,IVASK,IVAVERAGE
XCME.ZN.SEP25,111.1875000,111.2031250,INVALID,F,,,,
XCME.ZN1.01AUG25.111:75.C,.0625000,.0781250,111.7500000,C,.0302556,827.0609763,903.0718539,865.6748772
XCME.ZN1.01AUG25.111.P,.1718750,.2031250,111,P,.1084412,882.1451546,992.4232316,937.4234167
