Key,BID,ASK,STRIKE,ITYPE,ADJTHEOR,IVBID,IVASK,IVAVERAGE
XCME.ZN.SEP25,111.1250000,111.1406250,INVALID,F,,,,
XCME.ZN1.01AUG25.113.P,1.8593750,1.8906250,113,P,1.8639625,,1436.5879824,1285.1161931
XCME.ZN1.01AUG25.112.C,.0156250,.0312500,112,C,.0102100,699.3914867,827.7716963,768.7948685
