Key,BID,ASK,STRIKE,ITYPE,ADJTHEOR,IVBID,IVASK,IVAVERAGE
XCME.ZN.SEP25,111.0781250,111.0937500,INVALID,F,,,,
XCME.ZN1.01AUG25.112:75.P,1.6562500,1.6875000,112.7500000,P,1.6677437,,1328.1477949,1132.9083100
