Key,BID,ASK,STRIKE,ITYPE,ADJTHEOR,IVBID,IVASK,IVAVERAGE
XCME.ZN.SEP25,111.2031250,111.2187500,INVALID,F,,,,
XCME.ZN1.01AUG25.111:75.C,.0625000,.0781250,111.7500000,C,.0303670,826.9526862,902.9744587,865.5716476
XCME.ZN1.01AUG25.111.P,.1718750,.1875000,111,P,.1082036,882.2008055,937.4751917,909.8765631
