Key,BID,ASK,STRIKE,ITYPE,ADJTHEOR,IVBID,IVASK,IVAVERAGE
XCME.ZN.SEP25,111.1718750,111.1875000,INVALID,F,,,,
XCME.ZN1.01AUG25.111:25.P,.2968750,.3125000,111.2500000,P,.2484037,814.3014897,863.8643253,839.0873549
XCME.ZN1.01AUG25.112:5.P,1.3125000,1.3437500,112.5000000,P,1.3249578,,,
