Key,BID,ASK,STRIKE,ITYPE,ADJTHEOR,IVBID,IVASK,IVAVERAGE
XCME.ZN.SEP25,111.1718750,111.1875000,INVALID,F,,,,
XCME.ZN1.01AUG25.111:25.P,.2968750,.3125000,111.2500000,P,.2421534,831.6636412,880.5491278,856.1088680
XCME.ZN1.01AUG25.112:5.P,1.3125000,1.3281250,112.5000000,P,1.3095230,781.8777236,1026.7588382,929.6654040
