Key,BID,ASK,STRIKE,ITYPE,ADJTHEOR,IVBID,IVASK,IVAVERAGE
XCME.ZN.SEP25,111.1718750,111.1875000,INVALID,F,,,,
XCME.ZN1.01AUG25.113.P,1.8125000,1.8437500,113,P,1.8170508,,1439.6079828,1286.8801357
XCME.ZN1.01AUG25.112.C,.0156250,.0468750,112,C,.0116268,682.6155997,912.7226584,811.3109251
