Key,BID,ASK,STRIKE,ITYPE,ADJTHEOR,IVBID,IVASK,IVAVERAGE
XCME.ZN.SEP25,111.2031250,111.2187500,INVALID,F,,,,
XCME.ZN1.01AUG25.110.P,.0069999,.0156250,110,P,.0006330,852.4641618,988.1580061,927.9017309
