Key,BID,ASK,STRIKE,ITYPE,ADJTHEOR,IVBID,IVASK,IVAVERAGE
XCME.ZN.SEP25,111.1250000,111.1406250,INVALID,F,,,,
XCME.ZN1.01AUG25.111.C,.3125000,.3281250,111,C,.2475456,905.8977145,965.4014994,935.6690498
XCME.ZN1.01AUG25.111:25.P,.2968750,.3125000,111.2500000,P,.2442988,861.7994466,921.2885427,891.5642463
