Key,BID,ASK,STRIKE,ITYPE,ADJTHEOR,IVBID,IVASK,IVAVERAGE
XCME.ZN.SEP25,111.1562500,111.1718750,INVALID,F,,,,
XCME.ZN1.01AUG25.112:5.C,INVALID,.0156250,112.5000000,C,.0004435,,1103.5798199,971.7952939
XCME.ZN1.01AUG25.111:5.P,.4375000,.4531250,111.5000000,P,.3990089,817.8503214,880.6868637,849.4378899
