Key,BID,ASK,STRIKE,ITYPE,ADJTHEOR,IVBID,IVASK,IVAVERAGE
XCME.ZN.SEP25,111.1875000,111.2031250,INVALID,F,,,,
XCME.ZN1.01AUG25.112:75.C,INVALID,.0069999,112.7500000,C,.0005262,,981.0847710,885.0424547
XCME.ZN1.01AUG25.110:25.C,.9531250,.9843750,110.2500000,C,.9461451,864.8580751,975.3070954,922.7728092
