Key,BID,ASK,STRIKE,ITYPE,ADJTHEOR,IVBID,IVASK,IVAVERAGE
XCME.ZN.SEP25,111.0781250,111.0937500,INVALID,F,,,,
XCME.ZN1.01AUG25.112:5.C,INVALID,.0069999,112.5000000,C,.0001230,,1075.1084143,968.5219133
XCME.ZN1.01AUG25.112.C,.0069999,.0156250,112,C,.0025714,748.9279895,1034.5023583,916.8576814
