Key,BID,ASK,STRIKE,ITYPE,ADJTHEOR,IVBID,IVASK,IVAVERAGE
XCME.ZN.SEP25,111.1250000,111.1406250,INVALID,F,,,,
XCME.ZN1.01AUG25.112:75.C,INVALID,.0069999,112.7500000,C,.0003234,,1040.9530067,940.5470124
XCME.ZN1.01AUG25.110:25.C,.9062500,.9218750,110.2500000,C,.8816621,863.8642512,969.3327024,918.8472084
