Key,BID,ASK,STRIKE,ITYPE,ADJTHEOR,IVBID,IVASK,IVAVERAGE
XCME.ZN.SEP25,111,111.0156250,INVALID,F,,,,
XCME.ZN1.01AUG25.110.P,.0156250,.0312500,110,P,.0079776,700.3218865,823.1372933,766.8674081
XCME.ZN1.01AUG25.111:75.P,.7812500,.7968750,111.7500000,P,.7734205,588.5531488,768.1437586,686.9522875
XCME.ZN1.01AUG25.112:75.P,1.7343750,1.7500000,112.7500000,P,1.7468168,,884.5810057,675.6640274
