Key,BID,ASK,STRIKE,ITYPE,ADJTHEOR,IVBID,IVASK,IVAVERAGE
XCME.ZN.SEP25,111.1718750,111.1875000,INVALID,F,,,,
XCME.ZN1.01AUG25.111:75.P,.6250000,.6562500,111.7500000,P,.5956665,792.3706492,927.5301194,861.6857827
