Key,BID,ASK,STRIKE,ITYPE,ADJTHEOR,IVBID,IVASK,IVAVERAGE
XCME.ZN.SEP25,111.1093750,111.1250000,INVALID,F,,,,
XCME.ZN1.01AUG25.112:75.C,INVALID,.0069999,112.7500000,C,.0001573,,1111.2168242,1004.1831282
XCME.ZN1.01AUG25.110:25.C,.8750000,.9062500,110.2500000,C,.8755227,,817.6361164,677.1430645
