Key,BID,ASK,STRIKE,ITYPE,ADJTHEOR,IVBID,IVASK,IVAVERAGE
XCME.ZN.SEP25,111.1875000,111.2031250,INVALID,F,,,,
XCME.ZN1.01AUG25.112:5.C,.0069999,.0156250,112.5000000,C,.0013294,844.1338047,976.9912767,918.1922326
XCME.ZN1.01AUG25.111:5.P,.4375000,.4687500,111.5000000,P,.3999321,790.6559097,898.7437520,845.0584735
