Key,BID,ASK,STRIKE,ITYPE,ADJTHEOR,IVBID,IVASK,IVAVERAGE
XCME.ZN.SEP25,111.2343750,111.2500000,INVALID,F,,,,
XCME.ZN1.01AUG25.112.P,.7656250,.7968750,112,P,.7673896,788.4728069,909.5429252,852.3567129
XCME.ZN1.01AUG25.112:25.C,.0069999,.0156250,112.2500000,C,.0021660,768.9395525,897.5537449,840.2931477
