Key,BID,ASK,STRIKE,ITYPE,ADJTHEOR,IVBID,IVASK,IVAVERAGE
XCME.ZN.SEP25,111.0312500,111.0468750,INVALID,F,,,,
XCME.ZN1.01AUG25.111.P,.2500000,.2812500,111,P,.2092249,772.4317344,859.4937630,815.9700174
XCME.ZN1.01AUG25.113.C,INVALID,.0069999,113,C,.0007434,,1049.1346688,951.3131942
XCME.ZN1.01AUG25.112.C,.0156250,.0312500,112,C,.0124994,671.6275921,791.6863124,736.6126962
