Key,BID,ASK,STRIKE,ITYPE,ADJTHEOR,IVBID,IVASK,IVAVERAGE
XCME.ZN.SEP25,111.1406250,111.1562500,INVALID,F,,,,
XCME.ZN1.01AUG25.111:5.C,.1250000,.1406250,111.5000000,C,.0675355,886.3209921,945.8852041,916.2309341
XCME.ZN1.01AUG25.111.C,.3437500,.3593750,111,C,.2773432,884.2358115,937.5519143,910.9111938
