Key,BID,ASK,STRIKE,ITYPE,ADJTHEOR,IVBID,IVASK,IVAVERAGE
XCME.ZN.SEP25,110.9531250,110.9687500,INVALID,F,,,,
XCME.ZN1.01AUG25.110:5.C,.5625000,.5781250,110.5000000,C,.5324362,744.3707373,797.3568892,771.0523526
XCME.ZN1.01AUG25.110:75.C,.3906250,.4218750,110.7500000,C,.3585316,745.2493555,834.5440800,790.0046226
XCME.ZN1.01AUG25.111.P,.2968750,.3281250,111,P,.2611821,758.0941664,843.7703098,800.9355037
XCME.ZN1.01AUG25.113.C,INVALID,.0069999,113,C,.0007665,,1077.4258800,977.1356139
