Key,BID,ASK,STRIKE,ITYPE,ADJTHEOR,IVBID,IVASK,IVAVERAGE
XCME.ZN.SEP25,111.2187500,111.2343750,INVALID,F,,,,
XCME.ZN1.01AUG25.110:5.C,.7500000,.7656250,110.5000000,C,.7347700,616.0466644,870.1646705,761.1754658
XCME.ZN1.01AUG25.112:25.P,1.0312500,1.0468750,112.2500000,P,1.0295143,694.3476862,925.6452023,832.9650351
