Key,BID,ASK,STRIKE,ITYPE,ADJTHEOR,IVBID,IVASK,IVAVERAGE
XCME.ZN.SEP25,111.0781250,111.0937500,INVALID,F,,,,
XCME.ZN1.01AUG25.110.C,1.0937500,1.1250000,110,C,1.0841100,831.7918181,1128.9740045,1003.3847075
XCME.ZN1.01AUG25.111:25.C,.1875000,.2187500,111.2500000,C,.1273803,866.0253052,972.0052255,919.1032820
