Key,BID,ASK,STRIKE,ITYPE,ADJTHEOR,IVBID,IVASK,IVAVERAGE
XCME.ZN.SEP25,110.9843750,111,INVALID,F,,,,
XCME.ZN1.01AUG25.111:75.C,.0312500,.0625000,111.7500000,C,.0259469,673.6537899,834.9408878,759.5740007
XCME.ZN1.01AUG25.110:5.C,.5781250,.6093750,110.5000000,C,.5594964,707.8325852,821.3000904,765.6799590
XCME.ZN1.01AUG25.110:75.C,.4062500,.4375000,110.7500000,C,.3790320,732.9253938,825.6743530,779.4744671
