Key,BID,ASK,STRIKE,ITYPE,ADJTHEOR,IVBID,IVASK,IVAVERAGE
XCME.ZN.SEP25,111.2031250,111.2187500,INVALID,F,,,,
XCME.ZN1.01AUG25.110.C,1.2031250,1.2343750,110,C,1.2078492,,1043.2320283,924.8953534
XCME.ZN1.01AUG25.111:25.C,.2500000,.2656250,111.2500000,C,.1900244,848.3457438,897.3285317,872.8384538
