Key,BID,ASK,STRIKE,ITYPE,ADJTHEOR,IVBID,IVASK,IVAVERAGE
XCME.ZN.SEP25,111.0468750,111.0625000,INVALID,F,,,,
XCME.ZN1.01AUG25.110.P,.0156250,.0312500,110,P,.0060285,735.1297303,862.4607547,804.2112271
XCME.ZN1.01AUG25.111:75.P,.7343750,.7656250,111.7500000,P,.7219618,706.7636448,846.8896576,779.8576780
XCME.ZN1.01AUG25.112:75.P,1.6875000,1.7031250,112.7500000,P,1.6895265,,1055.8555236,999.6524809
