Key,BID,ASK,STRIKE,ITYPE,ADJTHEOR,IVBID,IVASK,IVAVERAGE
XCME.ZN.SEP25,111.0468750,111.0625000,INVALID,F,,,,
XCME.ZN1.01AUG25.112:5.C,.0069999,.0156250,112.5000000,C,.0021918,814.4512641,938.7557887,883.7597674
XCME.ZN1.01AUG25.112:25.P,1.1875000,1.2187500,112.2500000,P,1.1966972,,908.1202887,801.9122756
XCME.ZN1.01AUG25.111:5.C,.0937500,.1250000,111.5000000,C,.0771466,709.8774571,816.1609781,763.7799042
