Key,BID,ASK,STRIKE,ITYPE,ADJTHEOR,IVBID,IVASK,IVAVERAGE
XCME.ZN.SEP25,111.0312500,111.0468750,INVALID,F,,,,
XCME.ZN1.01AUG25.110:5.P,.0781250,.0937500,110.5000000,P,.0515171,740.3909079,799.2495527,770.1617727
XCME.ZN1.01AUG25.112:25.C,.0069999,.0156250,112.2500000,C,.0049008,696.6224413,807.8335173,758.4348572
XCME.ZN1.01AUG25.112.P,.9687500,.9843750,112,P,.9625731,698.7269873,811.3108515,758.9781876
