Key,BID,ASK,STRIKE,ITYPE,ADJTHEOR,IVBID,IVASK,IVAVERAGE
XCME.ZN.SEP25,111.1406250,111.1562500,INVALID,F,,,,
XCME.ZN1.01AUG25.110.C,1.1250000,1.1562500,110,C,1.1483053,,879.5654807,942.9086507
XCME.ZN1.01AUG25.111:25.C,.2031250,.2187500,111.2500000,C,.1424313,875.7292268,930.9286780,903.3396491
