Key,BID,ASK,STRIKE,ITYPE,ADJTHEOR,IVBID,IVASK,IVAVERAGE
XCME.ZN.SEP25,111.1093750,111.1250000,INVALID,F,,,,
XCME.ZN1.01AUG25.112:75.C,INVALID,.0069999,112.7500000,C,.0003410,,1039.2333415,938.9795203
XCME.ZN1.01AUG25.110:25.C,.8906250,.9218750,110.2500000,C,.8777484,764.6709213,987.8650857,887.5243515
