Key,BID,ASK,STRIKE,ITYPE,ADJTHEOR,IVBID,IVASK,IVAVERAGE
XCME.ZN.SEP25,111.2187500,111.2343750,INVALID,F,,,,
XCME.ZN1.01AUG25.111:75.C,.0625000,.0781250,111.7500000,C,.0294200,838.1470518,916.1580655,877.7673358
XCME.ZN1.01AUG25.111.P,.1562500,.1718750,111,P,.0952429,884.3462620,942.4203394,913.4377669
