Key,BID,ASK,STRIKE,ITYPE,ADJTHEOR,IVBID,IVASK,IVAVERAGE
XCME.ZN.SEP25,111.0156250,111.0312500,INVALID,F,,,,
XCME.ZN1.01AUG25.111.C,.2812500,.2968750,111,C,.2522456,740.3296454,783.9002725,762.1155780
XCME.ZN1.01AUG25.113.P,1.9687500,2,113,P,1.9702720,,1386.0550312,1257.2404359
XCME.ZN1.01AUG25.110.C,1.0312500,1.0468750,110,C,1.0370817,462.8291382,730.6597949,643.4860820
