Key,BID,ASK,STRIKE,ITYPE,ADJTHEOR,IVBID,IVASK,IVAVERAGE
XCME.ZN.SEP25,111.2031250,111.2187500,INVALID,F,,,,
XCME.ZN1.01AUG25.111:25.P,.2812500,.2968750,111.2500000,P,.2253769,850.9774580,957.4925794,904.2473595
XCME.ZN1.01AUG25.112:5.P,1.2812500,1.3125000,112.5000000,P,1.3095926,826.5493087,1270.3254581,1109.0775420
