Key,BID,ASK,STRIKE,ITYPE,ADJTHEOR,IVBID,IVASK,IVAVERAGE
XCME.ZN.SEP25,111.0156250,111.0312500,INVALID,F,,,,
XCME.ZN1.01AUG25.110:5.P,.0781250,.0937500,110.5000000,P,.0539472,730.6923252,789.5255373,760.4454584
XCME.ZN1.01AUG25.112:25.C,.0069999,.0156250,112.2500000,C,.0043109,712.0460934,825.4803643,775.1399316
XCME.ZN1.01AUG25.112.P,.9843750,1.0156250,112,P,.9806608,680.8066450,902.0666145,805.4401129
