Key,BID,ASK,STRIKE,ITYPE,ADJTHEOR,IVBID,IVASK,IVAVERAGE
XCME.ZN.SEP25,111.0312500,111.0468750,INVALID,F,,,,
XCME.ZN1.01AUG25.111:25.C,.1875000,.2031250,111.2500000,C,.1451026,782.7304294,828.0566640,805.4212687
XCME.ZN1.01AUG25.110:25.C,.8281250,.8437500,110.2500000,C,.8061693,754.4668892,833.6789824,795.2536763
XCME.ZN1.01AUG25.112:75.C,INVALID,.0069999,112.7500000,C,.0010946,,944.3955366,853.8834667
