Key,BID,ASK,STRIKE,ITYPE,ADJTHEOR,IVBID,IVASK,IVAVERAGE
XCME.ZN.SEP25,111.1718750,111.1875000,INVALID,F,,,,
XCME.ZN1.01AUG25.112:5.P,1.3125000,1.3281250,112.5000000,P,1.3206349,,1241.2731561,1078.5526673
