Key,BID,ASK,STRIKE,ITYPE,ADJTHEOR,IVBID,IVASK,IVAVERAGE
XCME.ZN.SEP25,111.0781250,111.0937500,INVALID,F,,,,
XCME.ZN1.01AUG25.110:5.C,.6093750,.6406250,110.5000000,C,.5800904,842.5214335,1019.3658189,934.3835662
XCME.ZN1.01AUG25.111:75.C,.0312500,.0468750,111.7500000,C,.0100168,849.5708812,961.4644476,907.7431111
