Key,BID,ASK,STRIKE,ITYPE,ADJTHEOR,IVBID,IVASK,IVAVERAGE
XCME.ZN.SEP25,111.1406250,111.1562500,INVALID,F,,,,
XCME.ZN1.01AUG25.112.P,.8593750,.8906250,112,P,.8611448,603.6511113,946.3894039,815.4567826
XCME.ZN1.01AUG25.112:25.C,.0069999,.0156250,112.2500000,C,.0015267,810.3003987,943.0281059,884.0688281
