Key,BID,ASK,STRIKE,ITYPE,ADJTHEOR,IVBID,IVASK,IVAVERAGE
XCME.ZN.SEP25,111.1562500,111.1718750,INVALID,F,,,,
XCME.ZN1.01AUG25.113.C,INVALID,.0069999,113,C,.0002738,,1116.3429897,1010.2990097
XCME.ZN1.01AUG25.110:75.C,.5312500,.5468750,110.7500000,C,.4901098,809.6905285,869.8888977,840.0146450
