Key,BID,ASK,STRIKE,ITYPE,ADJTHEOR,IVBID,IVASK,IVAVERAGE
XCME.ZN.SEP25,111.0781250,111.0937500,INVALID,F,,,,
XCME.ZN1.01AUG25.110:75.P,.1250000,.1562500,110.7500000,P,.0717799,853.9267588,969.4377968,912.1182302
