Key,BID,ASK,STRIKE,ITYPE,ADJTHEOR,IVBID,IVASK,IVAVERAGE
XCME.ZN.SEP25,111.1406250,111.1562500,INVALID,F,,,,
XCME.ZN1.01AUG25.113.C,INVALID,.0069999,113,C,.0001862,,1158.8905773,1049.3852671
XCME.ZN1.01AUG25.110:75.C,.5000000,.5312500,110.7500000,C,.4538306,814.7944581,932.4806391,874.2955295
