Key,BID,ASK,STRIKE,ITYPE,ADJTHEOR,IVBID,IVASK,IVAVERAGE
XCME.ZN.SEP25,111.0937500,111.1093750,INVALID,F,,,,
XCME.ZN1.01AUG25.112:5.C,INVALID,.0156250,112.5000000,C,.0005408,,1097.0699417,968.1867620
XCME.ZN1.01AUG25.111:5.P,.5000000,.5312500,111.5000000,P,.4416757,848.7202441,971.3299696,910.7112804
