Key,BID,ASK,STRIKE,ITYPE,ADJTHEOR,IVBID,IVASK,IVAVERAGE
XCME.ZN.SEP25,111.1406250,111.1562500,INVALID,F,,,,
XCME.ZN1.01AUG25.111.C,.3125000,.3437500,111,C,.2585258,923.5960520,1042.3151360,983.0414377
XCME.ZN1.01AUG25.111:25.P,.2968750,.3125000,111.2500000,P,.2354014,833.9716183,892.8802107,863.4422639
