Key,BID,ASK,STRIKE,ITYPE,ADJTHEOR,IVBID,IVASK,IVAVERAGE
XCME.ZN.SEP25,110.9843750,111,INVALID,F,,,,
XCME.ZN1.01AUG25.111:25.P,.4375000,.4531250,111.2500000,P,.3952382,783.0617269,828.8495817,805.9981587
XCME.ZN1.01AUG25.112:5.P,1.5156250,1.5468750,112.5000000,P,1.5175486,363.5557423,1120.1110995,968.1882158
XCME.ZN1.01AUG25.111:5.P,.6093750,.6250000,111.5000000,P,.5781899,765.9219036,821.1926514,793.8038312
