Key,BID,ASK,STRIKE,ITYPE,ADJTHEOR,IVBID,IVASK,IVAVERAGE
XCME.ZN.SEP25,111.1718750,111.1875000,INVALID,F,,,,
XCME.ZN1.01AUG25.112.P,.8281250,.8593750,112,P,.8237560,704.7223935,981.7871144,863.6061502
XCME.ZN1.01AUG25.112:25.C,.0069999,.0156250,112.2500000,C,.0016771,800.5364594,933.4785261,874.4353973
