Key,BID,ASK,STRIKE,ITYPE,ADJTHEOR,IVBID,IVASK,IVAVERAGE
XCME.ZN.SEP25,111.0156250,111.0312500,INVALID,F,,,,
XCME.ZN1.01AUG25.111:5.C,.0937500,.1093750,111.5000000,C,.0675818,745.5416965,800.3042979,773.1596571
XCME.ZN1.01AUG25.111.C,.2812500,.2968750,111,C,.2453174,758.6538259,801.6775193,780.1657480
XCME.ZN1.01AUG25.113.P,1.9843750,2.0156250,113,P,1.9894638,,1145.0714377,1070.1279480
