Key,BID,ASK,STRIKE,ITYPE,ADJTHEOR,IVBID,IVASK,IVAVERAGE
XCME.ZN.SEP25,111.1093750,111.1250000,INVALID,F,,,,
XCME.ZN1.01AUG25.111:75.C,.0468750,.0625000,111.7500000,C,.0242523,785.4324565,868.3051040,827.8823785
XCME.ZN1.01AUG25.111.P,.2187500,.2343750,111,P,.1472211,894.3431389,945.9214831,920.1428644
