Key,BID,ASK,STRIKE,ITYPE,ADJTHEOR,IVBID,IVASK,IVAVERAGE
XCME.ZN.SEP25,111.1562500,111.1718750,INVALID,F,,,,
XCME.ZN1.01AUG25.112:25.C,.0069999,.0156250,112.2500000,C,.0010551,848.4741403,988.6905941,926.4351765
