Key,BID,ASK,STRIKE,ITYPE,ADJTHEOR,IVBID,IVASK,IVAVERAGE
XCME.ZN.SEP25,111.1562500,111.1718750,INVALID,F,,,,
XCME.ZN1.01AUG25.112:5.C,INVALID,.0156250,112.5000000,C,.0004311,,1108.9542229,976.7251527
XCME.ZN1.01AUG25.111:5.P,.4375000,.4687500,111.5000000,P,.4048347,794.8390441,921.0733586,858.6570821
