Key,BID,ASK,STRIKE,ITYPE,ADJTHEOR,IVBID,IVASK,IVAVERAGE
XCME.ZN.SEP25,111.1406250,111.1562500,INVALID,F,,,,
XCME.ZN1.01AUG25.110.C,1.1562500,1.1875000,110,C,1.1612670,,920.2839371,852.6169129
XCME.ZN1.01AUG25.111:25.C,.2031250,.2343750,111.2500000,C,.1504268,844.0515813,952.6144089,898.3637483
