Key,BID,ASK,STRIKE,ITYPE,ADJTHEOR,IVBID,IVASK,IVAVERAGE
XCME.ZN.SEP25,111.0937500,111.1093750,INVALID,F,,,,
XCME.ZN1.01AUG25.111:75.P,.6875000,.7187500,111.7500000,P,.6782204,697.5933210,853.1643461,779.2954911
XCME.ZN1.01AUG25.110.P,.0156250,.0312500,110,P,.0030130,820.1901630,961.1103613,896.7035018
XCME.ZN1.01AUG25.110:5.P,.0625000,.0781250,110.5000000,P,.0323872,781.0558491,850.4358654,816.3378667
