Key,BID,ASK,STRIKE,ITYPE,ADJTHEOR,IVBID,IVASK,IVAVERAGE
XCME.ZN.SEP25,111.1562500,111.1718750,INVALID,F,,,,
XCME.ZN1.01AUG25.111:75.P,.6093750,.6406250,111.7500000,P,.6052176,676.0079466,864.6514474,776.6595326
