Key,BID,ASK,STRIKE,ITYPE,ADJTHEOR,IVBID,IVASK,IVAVERAGE
XCME.ZN.SEP25,111.1406250,111.1562500,INVALID,F,,,,
XCME.ZN1.01AUG25.112:75.C,INVALID,.0069999,112.7500000,C,.0001400,,1116.8243794,1008.6210230
XCME.ZN1.01AUG25.110:25.C,.9062500,.9375000,110.2500000,C,.8985435,753.0606438,1038.4753691,916.9978097
