Key,BID,ASK,STRIKE,ITYPE,ADJTHEOR,IVBID,IVASK,IVAVERAGE
XCME.ZN.SEP25,111.2187500,111.2343750,INVALID,F,,,,
XCME.ZN1.01AUG25.111.P,.1562500,.1718750,111,P,.0971901,880.3708369,939.2847814,909.8784527
XCME.ZN1.01AUG25.110:75.C,.5312500,.5625000,110.7500000,C,.4931468,839.5197153,984.1769854,913.3259708
