Key,BID,ASK,STRIKE,ITYPE,ADJTHEOR,IVBID,IVASK,IVAVERAGE
XCME.ZN.SEP25,111.1093750,111.1250000,INVALID,F,,,,
XCME.ZN1.01AUG25.110.C,1.1250000,1.1562500,110,C,1.1200498,723.8614752,1025.3855141,903.4374213
XCME.ZN1.01AUG25.111:25.C,.2031250,.2343750,111.2500000,C,.1603729,790.8970896,886.1267885,838.5604532
XCME.ZN1.01AUG25.112.P,.8906250,.9218750,112,P,.8938370,599.1746386,865.2090208,756.2478082
