Key,BID,ASK,STRIKE,ITYPE,ADJTHEOR,IVBID,IVASK,IVAVERAGE
XCME.ZN.SEP25,111.0156250,111.0312500,INVALID,F,,,,
XCME.ZN1.01AUG25.111:5.C,.0937500,.1093750,111.5000000,C,.0697379,737.5376575,792.1611770,765.0747282
XCME.ZN1.01AUG25.111.C,.2812500,.3125000,111,C,.2507029,743.8466600,830.1883146,787.0187649
XCME.ZN1.01AUG25.113.P,1.9687500,2,113,P,1.9773109,,1305.6439692,1149.5876101
