Key,BID,ASK,STRIKE,ITYPE,ADJTHEOR,IVBID,IVASK,IVAVERAGE
XCME.ZN.SEP25,111.1718750,111.1875000,INVALID,F,,,,
XCME.ZN1.01AUG25.110:5.C,.7031250,.7343750,110.5000000,C,.6895360,743.5632661,945.1557726,851.6901581
XCME.ZN1.01AUG25.112:25.P,1.0781250,1.0937500,112.2500000,P,1.0755376,736.3104035,980.0113725,882.7881861
