Key,BID,ASK,STRIKE,ITYPE,ADJTHEOR,IVBID,IVASK,IVAVERAGE
XCME.ZN.SEP25,111.2031250,111.2187500,INVALID,F,,,,
XCME.ZN1.01AUG25.113.P,1.7656250,1.7968750,113,P,1.7856754,,1285.4896203,1199.1347557
XCME.ZN1.01AUG25.112.C,.0156250,.0468750,112,C,.0100203,705.4408496,947.6484190,840.8387425
