Key,BID,ASK,STRIKE,ITYPE,ADJTHEOR,IVBID,IVASK,IVAVERAGE
XCME.ZN.SEP25,111.1875000,111.2031250,INVALID,F,,,,
XCME.ZN1.01AUG25.113.P,1.7968750,1.8281250,113,P,1.8092680,,1006.5558706,
XCME.ZN1.01AUG25.112.C,.0312500,.0468750,112,C,.0128141,795.7567712,895.7233220,847.8372301
