Key,BID,ASK,STRIKE,ITYPE,ADJTHEOR,IVBID,IVASK,IVAVERAGE
XCME.ZN.SEP25,111.1406250,111.1562500,INVALID,F,,,,
XCME.ZN1.01AUG25.112:75.C,INVALID,.0069999,112.7500000,C,.0001323,,1121.8141037,1013.2087205
XCME.ZN1.01AUG25.110:25.C,.8906250,.9218750,110.2500000,C,.8984404,,921.1513611,805.1136183
