Key,BID,ASK,STRIKE,ITYPE,ADJTHEOR,IVBID,IVASK,IVAVERAGE
XCME.ZN.SEP25,111.0781250,111.0937500,INVALID,F,,,,
XCME.ZN1.01AUG25.110:5.P,.0625000,.0781250,110.5000000,P,.0239759,852.9710824,928.7897465,891.5225371
