Key,BID,ASK,STRIKE,ITYPE,ADJTHEOR,IVBID,IVASK,IVAVERAGE
XCME.ZN.SEP25,111.0312500,111.0468750,INVALID,F,,,,
XCME.ZN1.01AUG25.111:75.C,.0468750,.0625000,111.7500000,C,.0310375,726.3550683,799.9458080,764.0903103
XCME.ZN1.01AUG25.110:5.C,.6093750,.6406250,110.5000000,C,.5945782,693.6609203,813.1621773,754.9215483
XCME.ZN1.01AUG25.110:75.C,.4375000,.4687500,110.7500000,C,.4082131,738.8041778,786.3063693,762.6223802
