Key,BID,ASK,STRIKE,ITYPE,ADJTHEOR,IVBID,IVASK,IVAVERAGE
XCME.ZN.SEP25,111.1562500,111.1718750,INVALID,F,,,,
XCME.ZN1.01AUG25.112:75.P,1.5781250,1.6093750,112.7500000,P,1.5825067,1276.8640074,1513.8997138,1409.2589446
XCME.ZN1.01AUG25.111:75.P,.6250000,.6562500,111.7500000,P,.6007364,825.1448663,1006.2419176,919.6705951
