Key,BID,ASK,STRIKE,ITYPE,ADJTHEOR,IVBID,IVASK,IVAVERAGE
XCME.ZN.SEP25,111.1562500,111.1718750,INVALID,F,,,,
XCME.ZN1.01AUG25.110:5.C,.7187500,.7500000,110.5000000,C,.6768805,897.8502868,1054.4212930,978.6788491
XCME.ZN1.01AUG25.112:25.P,1.0781250,1.0937500,112.2500000,P,1.0923622,,694.0285944,
