Key,BID,ASK,STRIKE,ITYPE,ADJTHEOR,IVBID,IVASK,IVAVERAGE
XCME.ZN.SEP25,111.1093750,111.1250000,INVALID,F,,,,
XCME.ZN1.01AUG25.111:75.C,.0312500,.0625000,111.7500000,C,.0193047,735.1532434,923.7859454,835.2882149
XCME.ZN1.01AUG25.111.P,.1875000,.2187500,111,P,.1309119,859.8220356,970.9629266,915.4570235
