Key,BID,ASK,STRIKE,ITYPE,ADJTHEOR,IVBID,IVASK,IVAVERAGE
XCME.ZN.SEP25,111.2500000,111.2656250,INVALID,F,,,,
XCME.ZN1.01AUG25.112:5.C,INVALID,.0156250,112.5000000,C,.0004970,,1072.5121821,943.0307263
XCME.ZN1.01AUG25.112.C,.0156250,.0312500,112,C,.0097626,711.1454775,850.3913994,786.3253083
