Key,BID,ASK,STRIKE,ITYPE,ADJTHEOR,IVBID,IVASK,IVAVERAGE
XCME.ZN.SEP25,111.0937500,111.1093750,INVALID,F,,,,
XCME.ZN1.01AUG25.113.C,INVALID,.0069999,113,C,.0000175,,1384.9501979,1255.3905443
XCME.ZN1.01AUG25.111:5.C,.0781250,.1093750,111.5000000,C,.0426692,835.6106003,980.5720756,909.3524181
