Key,BID,ASK,STRIKE,ITYPE,ADJTHEOR,IVBID,IVASK,IVAVERAGE
XCME.ZN.SEP25,111.0312500,111.0468750,INVALID,F,,,,
XCME.ZN1.01AUG25.111:25.C,.1718750,.1875000,111.2500000,C,.1476403,729.1482088,774.4093192,751.8115328
XCME.ZN1.01AUG25.110:25.C,.8125000,.8437500,110.2500000,C,.8098642,636.8210337,814.5186325,733.3578830
XCME.ZN1.01AUG25.112:75.C,INVALID,.0069999,112.7500000,C,.0011723,,937.3969844,847.5262709
