Key,BID,ASK,STRIKE,ITYPE,ADJTHEOR,IVBID,IVASK,IVAVERAGE
XCME.ZN.SEP25,111.1406250,111.1562500,INVALID,F,,,,
XCME.ZN1.01AUG25.112.P,.8593750,.8906250,112,P,.8685485,198.6459798,846.3604332,714.5868615
XCME.ZN1.01AUG25.112:25.C,.0069999,.0312500,112.2500000,C,.0027196,750.3839205,1022.5962113,911.6415090
