Key,BID,ASK,STRIKE,ITYPE,ADJTHEOR,IVBID,IVASK,IVAVERAGE
XCME.ZN.SEP25,111,111.0156250,INVALID,F,,,,
XCME.ZN1.01AUG25.112:5.C,.0069999,.0156250,112.5000000,C,.0018357,842.3601275,970.2826038,913.7233224
XCME.ZN1.01AUG25.112:25.P,1.2343750,1.2656250,112.2500000,P,1.2461594,,912.9928568,791.7880039
XCME.ZN1.01AUG25.111:5.C,.0937500,.1093750,111.5000000,C,.0649303,757.3468912,812.8464580,785.3385220
