Key,BID,ASK,STRIKE,ITYPE,ADJTHEOR,IVBID,IVASK,IVAVERAGE
XCME.ZN.SEP25,111.1250000,111.1406250,INVALID,F,,,,
XCME.ZN1.01AUG25.111:75.C,.0468750,.0625000,111.7500000,C,.0214675,813.5214311,900.0145277,857.8089292
XCME.ZN1.01AUG25.111.P,.1875000,.2031250,111,P,.1310133,855.6510506,910.3770198,883.0327715
