Key,BID,ASK,STRIKE,ITYPE,ADJTHEOR,IVBID,IVASK,IVAVERAGE
XCME.ZN.SEP25,111.2187500,111.2343750,INVALID,F,,,,
XCME.ZN1.01AUG25.113.P,1.7656250,1.7812500,113,P,1.7770057,,1473.7730875,1259.3407994
XCME.ZN1.01AUG25.112.C,.0156250,.0312500,112,C,.0088229,724.5212371,864.3280099,800.0749262
