Key,BID,ASK,STRIKE,ITYPE,ADJTHEOR,IVBID,IVASK,IVAVERAGE
XCME.ZN.SEP25,111.0781250,111.0937500,INVALID,F,,,,
XCME.ZN1.01AUG25.112:5.C,INVALID,.0156250,112.5000000,C,.0004441,,1111.3389963,981.2444573
XCME.ZN1.01AUG25.111:5.P,.5156250,.5468750,111.5000000,P,.4716637,844.3994717,969.5914962,907.8015364
