Key,BID,ASK,STRIKE,ITYPE,ADJTHEOR,IVBID,IVASK,IVAVERAGE
XCME.ZN.SEP25,111.1562500,111.1718750,INVALID,F,,,,
XCME.ZN1.01AUG25.110.P,INVALID,.0156250,110,P,.0004389,,1029.1257444,903.1076663
XCME.ZN1.01AUG25.110:75.P,.0781250,.0937500,110.7500000,P,.0421490,821.6533441,893.3657837,857.8737886
