Key,BID,ASK,STRIKE,ITYPE,ADJTHEOR,IVBID,IVASK,IVAVERAGE
XCME.ZN.SEP25,111.0937500,111.1093750,INVALID,F,,,,
XCME.ZN1.01AUG25.110.C,1.0937500,1.1250000,110,C,1.1104570,,936.6947861,732.3457327
XCME.ZN1.01AUG25.111:25.C,.1875000,.2031250,111.2500000,C,.1311593,858.0722771,912.6253889,885.3687258
