Key,BID,ASK,STRIKE,ITYPE,ADJTHEOR,IVBID,IVASK,IVAVERAGE
XCME.ZN.SEP25,111.1562500,111.1718750,INVALID,F,,,,
XCME.ZN1.01AUG25.113.P,1.8281250,1.8593750,113,P,1.8473189,,1368.5033130,890.2640988
XCME.ZN1.01AUG25.112.C,.0156250,.0312500,112,C,.0062731,768.0828543,910.8267988,845.2904822
