Key,BID,ASK,STRIKE,ITYPE,ADJTHEOR,IVBID,IVASK,IVAVERAGE
XCME.ZN.SEP25,111.0625000,111.0781250,INVALID,F,,,,
XCME.ZN1.01AUG25.112:5.C,INVALID,.0156250,112.5000000,C,.0005493,,1091.2285390,963.7041849
XCME.ZN1.01AUG25.111:5.P,.5156250,.5468750,111.5000000,P,.4847256,786.2779945,911.8456640,850.0578631
