Key,BID,ASK,STRIKE,ITYPE,ADJTHEOR,IVBID,IVASK,IVAVERAGE
XCME.ZN.SEP25,111.2187500,111.2343750,INVALID,F,,,,
XCME.ZN1.01AUG25.113.C,INVALID,.0069999,113,C,.0001158,,1178.9171142,1066.9996786
XCME.ZN1.01AUG25.110:75.C,.5468750,.5781250,110.7500000,C,.5127233,806.1217371,943.3231062,876.1495505
