Key,BID,ASK,STRIKE,ITYPE,ADJTHEOR,IVBID,IVASK,IVAVERAGE
XCME.ZN.SEP25,111.2343750,111.2500000,INVALID,F,,,,
XCME.ZN1.01AUG25.113.C,INVALID,.0069999,113,C,.0000518,,1243.3819037,1125.2916656
XCME.ZN1.01AUG25.111:5.C,.1250000,.1562500,111.5000000,C,.0819010,832.0849018,954.0531461,893.4330981
