Key,BID,ASK,STRIKE,ITYPE,ADJTHEOR,IVBID,IVASK,IVAVERAGE
XCME.ZN.SEP25,111,111.0156250,INVALID,F,,,,
XCME.ZN1.01AUG25.110:5.P,.0937500,.1093750,110.5000000,P,.0599553,762.0226445,817.2211659,789.8637254
XCME.ZN1.01AUG25.112:25.C,.0069999,.0156250,112.2500000,C,.0044549,710.4764219,823.4831231,773.3944478
XCME.ZN1.01AUG25.112.P,1,1.0312500,112,P,.9998045,644.6151276,881.1932159,780.8306281
