Key,BID,ASK,STRIKE,ITYPE,ADJTHEOR,IVBID,IVASK,IVAVERAGE
XCME.ZN.SEP25,111.3125000,111.3281250,INVALID,F,,,,
XCME.ZN1.01AUG25.111.P,.1875000,.2187500,111,P,.1563557,722.5010850,797.8535509,760.3080817
XCME.ZN1.01AUG25.110:5.C,.8750000,.9062500,110.5000000,C,.8566869,693.9122622,807.3552308,752.6826461
XCME.ZN1.01AUG25.110:75.C,.6875000,.7031250,110.7500000,C,.6498323,741.3031576,785.1487203,763.3647063
XCME.ZN1.01AUG25.111:75.C,.1562500,.1718750,111.7500000,C,.1230710,738.2900594,778.3486623,758.3900717
XCME.ZN1.01AUG25.113.C,.0069999,.0156250,113,C,.0059537,753.0971844,863.7048779,814.8961266
