Key,BID,ASK,STRIKE,ITYPE,ADJTHEOR,IVBID,IVASK,IVAVERAGE
XCME.ZN.SEP25,111.3125000,111.3281250,INVALID,F,,,,
XCME.GY5.29JUL25.112.P,.6718750,.7031250,112,P,.6796874,,,
XCME.GY5.29JUL25.112:25.P,.9218750,.9531250,112.2500000,P,.9296875,,,
XCME.GY5.29JUL25.112:5.P,1.1718750,1.2031250,112.5000000,P,1.1796875,,,
XCME.GY5.29JUL25.111:5.C,INVALID,.0069999,111.5000000,C,.0000031,,1337.8072536,1125.4868722
XCME.GY5.29JUL25.110:5.C,.7968750,.8281250,110.5000000,C,.8203124,,,
