Key,BID,ASK,STRIKE,ITYPE,ADJTHEOR,IVBID,IVASK,IVAVERAGE
XCME.ZN.SEP25,111.3125000,111.3281250,INVALID,F,,,,
XCME.GY5.29JUL25.111:5.C,INVALID,.0069999,111.5000000,C,.0000031,,1337.8072536,1125.4868722
XCME.GY5.29JUL25.110:5.C,.8125000,.8281250,110.5000000,C,.8203124,,,
XCME.GY5.29JUL25.110.C,1.3125000,1.3281250,110,C,1.3203125,,,
XCME.GY5.29JUL25.112.C,INVALID,.0069999,112,C,0,,,
