Key,BID,ASK,STRIKE,ITYPE,ADJTHEOR,IVBID,IVASK,IVAVERAGE
XCME.ZN.SEP25,110.8437500,110.8593750,INVALID,F,,,,
XCME.ZN1.01AUG25.112:75.P,1.8906250,1.9218750,112.7500000,P,1.9175624,,,1541.8628193
XCME.ZN1.01AUG25.111:75.P,.9062500,.9375000,111.7500000,P,.9176032,,1433.0677529,1188.9874235
