Key,BID,ASK,STRIKE,ITYPE,ADJTHEOR,IVBID,IVASK,IVAVERAGE
XCME.ZN.SEP25,111.9843750,112,INVALID,F,,,,
XCME.ZN1.01AUG25.111:75.P,INVALID,.0156250,111.7500000,P,.0073041,,660.4002500,538.8128084
XCME.ZN1.01AUG25.110.P,INVALID,.0069999,110,P,0,,,
XCME.ZN1.01AUG25.110:5.P,INVALID,.0069999,110.5000000,P,0,,,
XCME.ZN1.01AUG25.112:75.P,.7500000,.7812500,112.7500000,P,.7700368,,1472.6642015,1351.5948031
XCME.ZN1.01AUG25.111:5.P,INVALID,.0069999,111.5000000,P,.0007123,,925.7038126,811.1745167
XCME.ZN1.01AUG25.111:25.P,INVALID,.0069999,111.2500000,P,.0001410,,1295.6723967,1148.5971571
