Key,BID,ASK,STRIKE,ITYPE,ADJTHEOR,IVBID,IVASK,IVAVERAGE
XCME.ZN.SEP25,111.9843750,112,INVALID,F,,,,
XCME.VY1.04AUG25.112:75.P,.7343750,.7656250,112.7500000,P,.7528052,636.0662198,814.6268166,737.3202432
XCME.VY1.04AUG25.111:25.P,INVALID,.0069999,111.2500000,P,.0060444,,639.5967143,567.5687824
XCME.VY1.04AUG25.111:5.P,.0069999,.0312500,111.5000000,P,.0172777,462.2852554,676.9003219,586.5205676
XCME.VY1.04AUG25.112:5.C,.0156250,.0312500,112.5000000,C,.0241133,543.7206610,662.7890939,607.4538777
XCME.VY1.04AUG25.110:25.P,INVALID,.0069999,110.2500000,P,.0030402,,1280.9648357,1158.4926558
XCME.VY1.04AUG25.111.P,INVALID,.0069999,111,P,.0031267,,804.1583042,718.1041286
