Key,BID,ASK,STRIKE,ITYPE,ADJTHEOR,IVBID,IVASK,IVAVERAGE
XCME.ZN.SEP25,110.9375000,110.9531250,INVALID,F,,,,
XCME.ZN1.01AUG25.110:5.C,.5000000,.5312500,110.5000000,C,.4661937,882.5594945,1066.8135627,977.3819169
XCME.ZN1.01AUG25.111:75.C,.0156250,.0312500,111.7500000,C,.0019685,924.0991659,1097.5225830,1017.7928871
