Key,BID,ASK,STRIKE,ITYPE,ADJTHEOR,IVBID,IVASK,IVAVERAGE
XCME.ZN.SEP25,112.0625000,112.0781250,INVALID,F,,,,
XCME.ZN1.01AUG25.111:25.C,.8125000,.8437500,111.2500000,C,.8455950,,.9900000,
XCME.ZN1.01AUG25.111:75.C,.3125000,.3437500,111.7500000,C,.3565850,,267.8831460,
XCME.ZN1.01AUG25.110:5.C,1.5625000,1.5937500,110.5000000,C,,,840.3415840,
XCME.ZN1.01AUG25.110:75.C,1.3125000,1.3437500,110.7500000,C,1.3466885,,816.4807528,
XCME.ZN1.01AUG25.111.P,INVALID,.0069999,111,P,.0018141,,1664.7537424,1492.0920495
XCME.ZN1.01AUG25.113.C,INVALID,.0069999,113,C,.0018534,,1416.9639795,1260.2645130
