Key,BID,ASK,STRIKE,ITYPE,ADJTHEOR,IVBID,IVASK,IVAVERAGE
XCME.ZN.SEP25,111.9531250,111.9687500,INVALID,F,,,,
XCME.VY1.04AUG25.112:25.P,.3281250,.3593750,112.2500000,P,.3428771,447.6685996,608.8890636,532.5448714
XCME.VY1.04AUG25.112.C,.1250000,.1562500,112,C,.1373377,542.7416378,657.3028862,600.0646741
XCME.VY1.04AUG25.112:75.C,.0069999,.0156250,112.7500000,C,.0116113,650.9844698,769.1883838,716.3701217
XCME.VY1.04AUG25.110:25.C,1.7031250,1.7343750,110.2500000,C,1.7196307,1141.8420168,1669.5946297,1529.6858089
XCME.WY1.06AUG25.110.C,1.9531250,1.9843750,110,C,1.9700465,,1014.5469907,973.9407490
XCME.WY1.06AUG25.113.P,1.0468750,1.0625000,113,P,1.0596782,543.4455210,656.1550675,605.9117097
