Key,BID,ASK,STRIKE,ITYPE,ADJTHEOR,IVBID,IVASK,IVAVERAGE
XCME.ZN.SEP25,110.8750000,110.8906250,INVALID,F,,,,
XCME.ZN1.01AUG25.111:5.C,.0156250,.0468750,111.5000000,C,.0006177,1117.2963555,1531.1780762,1346.9112681
XCME.ZN1.01AUG25.113.P,2.1093750,2.1406250,113,P,2.1136875,,,
XCME.ZN1.01AUG25.112:25.P,1.3593750,1.3906250,112.2500000,P,1.3636874,,,
XCME.ZN1.01AUG25.111.C,.1562500,.1718750,111,C,.0553658,1342.7784130,1445.8108074,1394.3368233
XCME.ZN1.01AUG25.112.C,INVALID,.0069999,112,C,0,,1531.4704946,1373.2892019
XCME.WY1.06AUG25.110.C,.9062500,.9375000,110,C,,,,
XCME.WY1.06AUG25.113.P,2.1093750,2.1406250,113,P,,,,
