Key,BID,ASK,STRIKE,ITYPE,ADJTHEOR,IVBID,IVASK,IVAVERAGE
XCME.ZN.SEP25,110.9375000,110.9531250,INVALID,F,,,,
XCME.ZN1.01AUG25.113.C,INVALID,.0069999,113,C,0,,1949.9742259,1770.0841995
XCME.ZN1.01AUG25.111:5.C,.0468750,.0625000,111.5000000,C,.0070335,1075.6868090,1195.4049892,1136.9020157
