Key,BID,ASK,STRIKE,ITYPE,ADJTHEOR,IVBID,IVASK,IVAVERAGE
XCME.ZN.SEP25,112.1250000,112.1406250,INVALID,F,,,,
XCME.ZN1.01AUG25.111:25.P,INVALID,.0069999,111.2500000,P,.0005079,,1371.0259658,1218.4528264
XCME.ZN1.01AUG25.112:5.P,.3593750,.3906250,112.5000000,P,.3857415,368.1334396,1065.4087829,859.7986526
XCME.ZN1.01AUG25.110.C,2.1093750,2.1406250,110,C,,,,
XCME.ZN1.01AUG25.112.P,.0312500,.0468750,112,P,.0401787,558.0894949,689.0848671,624.7095668
XCME.ZN1.01AUG25.112:25.C,.0312500,.0625000,112.2500000,C,.0460069,689.0446009,813.5010989,751.8523673
XCME.ZN1.01AUG25.111:25.C,.8593750,.8906250,111.2500000,C,.8755079,,1613.5303931,1516.4413513
XCME.ZN1.01AUG25.111:75.C,.3750000,.4062500,111.7500000,C,.3799933,,855.9153039,791.7161714
