Key,BID,ASK,STRIKE,ITYPE,ADJTHEOR,IVBID,IVASK,IVAVERAGE
XCME.ZN.SEP25,112.0781250,112.0937500,INVALID,F,,,,
XCME.ZN1.01AUG25.111:75.P,INVALID,.0069999,111.7500000,P,.0008312,,803.5274424,692.6113567
XCME.ZN1.01AUG25.110.P,INVALID,.0069999,110,P,0,,,
XCME.ZN1.01AUG25.110:5.P,INVALID,.0069999,110.5000000,P,0,,,
XCME.ZN1.01AUG25.112:75.P,.6562500,.6718750,112.7500000,P,.6640795,,1423.4154083,1254.4245561
XCME.ZN1.01AUG25.111:5.P,INVALID,.0069999,111.5000000,P,.0000302,,1256.8418376,1107.3560559
XCME.ZN1.01AUG25.111:25.P,INVALID,.0069999,111.2500000,P,.0000054,,1665.2056182,1479.6059851
