Key,BID,ASK,STRIKE,ITYPE,ADJTHEOR,IVBID,IVASK,IVAVERAGE
XCME.ZN.SEP25,111.8281250,111.8437500,INVALID,F,,,,
XCME.ZN1.01AUG25.113.P,1.1406250,1.1718750,113,P,1.1476571,,,1861.0405937
XCME.ZN1.01AUG25.112:25.P,.4062500,.4375000,112.2500000,P,.4157436,764.8720149,1148.5824652,979.6584831
XCME.ZN1.01AUG25.111.C,.8281250,.8593750,111,C,.8582348,,1170.3716422,871.2087339
XCME.ZN1.01AUG25.112.C,.0468750,.0781250,112,C,.0684928,688.7769422,922.0744038,807.3856606
XCME.GY1.05AUG25.110.P,INVALID,.0069999,110,P,.0033924,,963.5986547,872.7186722
XCME.GY1.05AUG25.110:5.C,1.3281250,1.3593750,110.5000000,C,1.3597594,,686.5657490,519.0618420
