Key,BID,ASK,STRIKE,ITYPE,ADJTHEOR,IVBID,IVASK,IVAVERAGE
XCME.ZN.SEP25,111.9843750,112,INVALID,F,,,,
XCME.GY1.05AUG25.111:25.P,.0156250,.0312500,111.2500000,P,.0222930,527.4267569,629.4689794,582.4630401
XCME.GY1.05AUG25.110:25.P,INVALID,.0069999,110.2500000,P,.0032061,,910.6761630,823.3402399
XCME.GY1.05AUG25.111:5.C,.5312500,.5468750,111.5000000,C,.5312442,503.7191780,684.4954404,599.1437666
XCME.GY1.05AUG25.110.C,1.9687500,2,110,C,1.9797733,,,
XCME.GY1.05AUG25.111:5.P,.0468750,.0625000,111.5000000,P,.0546818,537.1515982,599.1438495,568.8199383
XCME.GY1.05AUG25.110:25.C,1.7187500,1.7500000,110.2500000,C,1.7297686,,1130.6445768,1089.9968818
