Key,BID,ASK,STRIKE,ITYPE,ADJTHEOR,IVBID,IVASK,IVAVERAGE
XCME.ZN.SEP25,112.1406250,112.1562500,INVALID,F,,,,
XCME.GY1.05AUG25.111:25.P,.0156250,.0312500,111.2500000,P,.0219784,649.6216921,769.1378172,714.3430785
XCME.GY1.05AUG25.110:25.P,INVALID,.0156250,110.2500000,P,.0051961,,1187.1231920,1056.3397317
XCME.GY1.05AUG25.111:5.C,.6718750,.7031250,111.5000000,C,.6920358,534.8092473,709.5145274,630.5093733
XCME.GY1.05AUG25.110.C,2.1406250,2.1718750,110,C,2.1572133,,1362.4794673,1162.9398080
XCME.GY1.05AUG25.111:5.P,.0312500,.0468750,111.5000000,P,.0392863,611.0165110,692.7181082,653.4628963
XCME.GY1.05AUG25.110:25.C,1.8906250,1.9218750,110.2500000,C,1.9079461,,1232.6200875,1047.5600379
