Key,BID,ASK,STRIKE,ITYPE,ADJTHEOR,IVBID,IVASK,IVAVERAGE
XCME.ZN.SEP25,111.8750000,111.8906250,INVALID,F,,,,
XCME.GY1.05AUG25.111:5.C,.4375000,.4687500,111.5000000,C,.4554421,472.9733393,586.0574739,531.3725542
XCME.GY1.05AUG25.110.C,1.8906250,1.9218750,110,C,1.8929770,,1122.2203998,1066.6496546
XCME.GY1.05AUG25.111:5.P,.0625000,.0781250,111.5000000,P,.0648170,531.3728210,586.0574815,559.0825129
XCME.GY1.05AUG25.110:25.C,1.6406250,1.6718750,110.2500000,C,1.6426612,,999.9423470,948.8515309
XCME.GY1.05AUG25.112:75.C,.0156250,.0312500,112.7500000,C,.0260208,594.5304901,705.5010526,654.5764884
XCME.GY1.05AUG25.112:5.C,.0312500,.0625000,112.5000000,C,.0489768,553.9061978,696.2549710,629.4183492
XCME.GY1.05AUG25.110:5.P,INVALID,.0069999,110.5000000,P,.0021362,,758.2958583,683.2735988
