Key,BID,ASK,STRIKE,ITYPE,ADJTHEOR,IVBID,IVASK,IVAVERAGE
XCME.ZN.SEP25,111.9531250,111.9687500,INVALID,F,,,,
XCME.ZN1.01AUG25.112:75.P,.7812500,.8125000,112.7500000,P,.7859645,,1435.0359262,1317.3293407
XCME.ZN1.01AUG25.111:5.P,INVALID,.0069999,111.5000000,P,.0024223,,865.5592952,757.6233339
XCME.ZN1.01AUG25.111:25.P,INVALID,.0069999,111.2500000,P,.0006567,,1220.5714931,1081.5209966
XCME.ZN1.01AUG25.112:5.P,.5312500,.5625000,112.5000000,P,.5366678,,1346.2323647,1152.3729691
XCME.ZN1.01AUG25.110.C,1.9375000,1.9687500,110,C,1.9644638,,,1980.0844957
XCME.ZN1.01AUG25.112.P,.0937500,.1093750,112,P,.0952167,552.4679606,669.8796374,611.2575743
XCME.ZN1.01AUG25.112:25.C,.0069999,.0156250,112.2500000,C,.0075152,592.7840398,736.2551217,670.7045775
