Key,BID,ASK,STRIKE,ITYPE,ADJTHEOR,IVBID,IVASK,IVAVERAGE
XCME.ZN.SEP25,112.1562500,112.1718750,INVALID,F,,,,
XCME.GY1.05AUG25.110:5.P,INVALID,.0156250,110.5000000,P,.0060794,,1066.0845560,945.0526601
XCME.GY1.05AUG25.110:75.P,INVALID,.0156250,110.7500000,P,.0080218,,934.9905882,825.3693165
XCME.GY1.05AUG25.111:75.P,.0625000,.0781250,111.7500000,P,.0719068,581.4398423,639.9269246,611.0911914
XCME.GY1.05AUG25.112.P,.1406250,.1562500,112,P,.1421350,598.6057469,644.3328342,621.5075114
XCME.WY1.06AUG25.110.C,2.1562500,2.1718750,110,C,2.1734352,,886.1550139,682.9707685
XCME.WY1.06AUG25.113.P,.8750000,.9062500,113,P,.8815184,647.5337065,774.4995098,714.2330410
