Key,BID,ASK,STRIKE,ITYPE,ADJTHEOR,IVBID,IVASK,IVAVERAGE
XCME.ZN.SEP25,111.9687500,111.9843750,INVALID,F,,,,
XCME.VY1.04AUG25.110.C,1.9843750,2,110,C,1.9922274,,1550.6577530,1449.0187647
XCME.VY1.04AUG25.110:75.C,1.2343750,1.2500000,110.7500000,C,1.2414089,,1049.9081165,973.5548559
XCME.VY1.04AUG25.110.P,INVALID,.0069999,110,P,.0035399,,1436.5155085,1302.3154213
XCME.VY1.04AUG25.111:25.C,.7343750,.7500000,111.2500000,C,.7453730,,696.1088141,639.3668884
XCME.VY1.04AUG25.113.P,1,1.0312500,113,P,1.0160067,,1005.9564020,841.5355390
XCME.VY1.04AUG25.113.C,INVALID,.0069999,113,C,.0046942,,818.0001936,732.4735936
XCME.VY1.04AUG25.112:25.P,.2968750,.3281250,112.2500000,P,.3143403,466.6298554,617.9066506,545.0109784
