Key,BID,ASK,STRIKE,ITYPE,ADJTHEOR,IVBID,IVASK,IVAVERAGE
XCME.ZN.SEP25,112.1093750,112.1250000,INVALID,F,,,,
XCME.GY1.05AUG25.112:75.C,.0468750,.0625000,112.7500000,C,.0515271,678.1122472,749.0823122,714.4576303
XCME.GY1.05AUG25.112:5.C,.0781250,.1093750,112.5000000,C,.0922030,609.7259739,716.9259380,664.2328620
XCME.GY1.05AUG25.110:5.P,INVALID,.0156250,110.5000000,P,.0061856,,1032.5531457,914.7714019
XCME.GY1.05AUG25.110:75.P,.0069999,.0156250,110.7500000,P,.0086418,780.9567212,901.6573776,848.1814478
XCME.GY1.05AUG25.111:75.P,.0781250,.0937500,111.7500000,P,.0899381,589.4335228,643.3403140,616.6398140
XCME.GY1.05AUG25.112.P,.1562500,.1875000,112,P,.1715496,578.9367515,667.6511514,623.3589564
