Key,BID,ASK,STRIKE,ITYPE,ADJTHEOR,IVBID,IVASK,IVAVERAGE
XCME.ZN.SEP25,111.9375000,111.9531250,INVALID,F,,,,
XCME.VY1.04AUG25.111:5.C,.4531250,.4843750,111.5000000,C,.4847243,,589.1392272,468.4351849
XCME.VY1.04AUG25.112:25.C,.0468750,.0625000,112.2500000,C,.0564399,538.3145762,611.5247341,575.5385859
XCME.VY1.04AUG25.110:5.P,INVALID,.0069999,110.5000000,P,.0031169,,1062.9861902,958.2639979
XCME.VY1.04AUG25.112:5.P,.5781250,.6093750,112.5000000,P,.5662688,712.1830743,892.1731665,806.9342646
XCME.VY1.04AUG25.111.C,.8906250,.9218750,111,C,.9620699,,,
XCME.VY1.04AUG25.110:5.C,1.3906250,1.4218750,110.5000000,C,1.4597419,,,
