Key,BID,ASK,STRIKE,ITYPE,ADJTHEOR,IVBID,IVASK,IVAVERAGE
XCME.ZN.SEP25,111.8750000,111.8906250,INVALID,F,,,,
XCME.ZN1.01AUG25.112:5.P,.6093750,.6406250,112.5000000,P,.6314956,,1193.4305493,901.6212299
XCME.ZN1.01AUG25.110.C,1.8593750,1.8906250,110,C,,829.8113499,,
XCME.ZN1.01AUG25.112.P,.1718750,.2031250,112,P,.1961679,654.3761768,887.2961313,772.5535060
XCME.ZN1.01AUG25.112:25.C,.0156250,.0312500,112.2500000,C,.0214658,815.5544940,1011.3106748,919.8574424
XCME.ZN1.01AUG25.111:25.C,.6250000,.6562500,111.2500000,C,.6270805,466.5972183,1432.3275556,1258.4820917
XCME.ZN1.01AUG25.111:75.C,.1875000,.2187500,111.7500000,C,.1907266,772.5574328,999.9023498,887.2998852
