Key,BID,ASK,STRIKE,ITYPE,ADJTHEOR,IVBID,IVASK,IVAVERAGE
XCME.ZN.SEP25,110.9375000,110.9531250,INVALID,F,,,,
XCME.ZN1.01AUG25.112.P,1.0468750,1.0781250,112,P,1.0317328,1079.7031140,1416.1267087,1268.9414130
