Key,BID,ASK,STRIKE,ITYPE,ADJTHEOR,IVBID,IVASK,IVAVERAGE
XCME.ZN.SEP25,111.0937500,111.1093750,INVALID,F,,,,
XCME.ZN1.01AUG25.112:25.P,1.1406250,1.1718750,112.2500000,P,1.1523360,,1143.9061546,961.9130610
XCME.ZN1.01AUG25.113.P,1.8906250,1.9218750,113,P,1.9019477,,1702.5297280,1458.7404891
