Key,BID,ASK,STRIKE,ITYPE,ADJTHEOR,IVBID,IVASK,IVAVERAGE
XCME.ZN.SEP25,111.9687500,111.9843750,INVALID,F,,,,
XCME.VY1.04AUG25.112:75.P,.7656250,.7968750,112.7500000,P,.7765145,263.6916337,890.7639034,787.2768659
XCME.VY1.04AUG25.111:25.P,INVALID,.0156250,111.2500000,P,.0082779,,729.2135009,629.8931345
XCME.VY1.04AUG25.111:5.P,.0156250,.0312500,111.5000000,P,.0193458,532.1051382,649.2320904,594.8125635
XCME.VY1.04AUG25.112:5.C,.0156250,.0312500,112.5000000,C,.0227341,556.9161805,677.3624870,621.4960570
XCME.VY1.04AUG25.110:25.P,INVALID,.0069999,110.2500000,P,.0032904,,1254.2692915,1134.4084753
XCME.VY1.04AUG25.111.P,INVALID,.0069999,111,P,.0048935,,781.8845220,698.4962950
XCME.VY1.04AUG25.110:75.P,INVALID,.0069999,110.7500000,P,.0037032,,943.0970278,846.8197982
