Key,BID,ASK,STRIKE,ITYPE,ADJTHEOR,IVBID,IVASK,IVAVERAGE
XCME.ZN.SEP25,111.0468750,111.0625000,INVALID,F,,,,
XCME.ZN1.01AUG25.111:5.P,.5156250,.5312500,111.5000000,P,.4747124,800.4161720,961.4590142,883.1097376
