Key,BID,ASK,STRIKE,ITYPE,ADJTHEOR,IVBID,IVASK,IVAVERAGE
XCME.ZN.SEP25,112.1093750,112.1250000,INVALID,F,,,,
XCME.WY1.06AUG25.110:5.C,1.6250000,1.6406250,110.5000000,C,1.6289804,749.7021420,917.2462267,846.1833948
XCME.WY1.06AUG25.112.P,.2031250,.2187500,112,P,.2144037,585.8040837,621.9085697,603.8647341
XCME.WY1.06AUG25.110:75.C,1.3750000,1.4062500,110.7500000,C,1.3843117,651.9182418,905.8970544,803.8933218
XCME.WY1.06AUG25.111:5.P,.0625000,.0781250,111.5000000,P,.0743357,600.3347038,653.3619986,627.2969507
XCME.WY1.06AUG25.111.C,1.1250000,1.1562500,111,C,1.1437391,551.9553724,779.9649800,687.5702421
XCME.ZN1.01AUG25.112:75.C,INVALID,.0069999,112.7500000,C,.0000025,,1475.1216067,1302.7890905
XCME.ZN1.01AUG25.110:25.C,1.8593750,1.8906250,110.2500000,C,1.8671875,,,
