Key,BID,ASK,STRIKE,ITYPE,ADJTHEOR,IVBID,IVASK,IVAVERAGE
XCME.ZN.SEP25,112,112.0156250,INVALID,F,,,,
XCME.GY1.05AUG25.111:25.P,.0069999,.0312500,111.2500000,P,.0177265,462.2721897,650.1694815,572.4136989
XCME.GY1.05AUG25.110:25.P,INVALID,.0069999,110.2500000,P,.0034202,,927.7514042,839.0265259
XCME.GY1.05AUG25.111:5.C,.5781250,.6093750,111.5000000,C,.5466223,666.2027207,776.9611851,722.7719735
XCME.GY1.05AUG25.110.C,2.0468750,2.0625000,110,C,2.0076739,1454.9392975,1569.0750119,1514.1631379
XCME.GY1.05AUG25.111:5.P,.0312500,.0468750,111.5000000,P,.0423097,488.7311737,559.8070254,525.5410052
XCME.GY1.05AUG25.110:25.C,1.7500000,1.7812500,110.2500000,C,1.7577327,,1185.0049465,1058.0755344
XCME.GY1.05AUG25.112:75.C,.0156250,.0468750,112.7500000,C,.0369051,536.8363370,723.7201556,641.0350118
