Key,BID,ASK,STRIKE,ITYPE,ADJTHEOR,IVBID,IVASK,IVAVERAGE
XCME.ZN.SEP25,112.1093750,112.1250000,INVALID,F,,,,
XCME.GY1.05AUG25.111:25.P,.0156250,.0312500,111.2500000,P,.0234417,628.7429173,745.3575600,691.8260465
XCME.GY1.05AUG25.110:25.P,INVALID,.0069999,110.2500000,P,.0047758,,1018.4634079,922.7456662
XCME.GY1.05AUG25.111:5.C,.6406250,.6718750,111.5000000,C,.6658448,512.7700625,683.0289668,605.9090496
XCME.GY1.05AUG25.110.C,2.1093750,2.1406250,110,C,2.1256302,,1338.8862067,1142.2194638
XCME.GY1.05AUG25.111:5.P,.0312500,.0625000,111.5000000,P,.0443452,586.9209901,737.0942333,666.6246242
XCME.GY1.05AUG25.110:25.C,1.8593750,1.8906250,110.2500000,C,1.8762758,,1209.5591559,1027.3804055
XCME.GY1.05AUG25.112:75.C,.0468750,.0625000,112.7500000,C,.0530874,672.5566057,743.2189416,708.7498498
