Key,BID,ASK,STRIKE,ITYPE,ADJTHEOR,IVBID,IVASK,IVAVERAGE
XCME.ZN.SEP25,111.9843750,112,INVALID,F,,,,
XCME.ZN1.01AUG25.110:5.C,1.4843750,1.5156250,110.5000000,C,1.4886874,,,
XCME.ZN1.01AUG25.110:75.C,1.2343750,1.2656250,110.7500000,C,1.2386861,,,
XCME.ZN1.01AUG25.111.P,INVALID,.0069999,111,P,0,,1731.2300836,1545.8703151
XCME.ZN1.01AUG25.113.C,INVALID,.0069999,113,C,0,,1770.8039362,1585.4329842
XCME.ZN1.01AUG25.112:5.C,INVALID,.0069999,112.5000000,C,.0001285,,1016.8989737,892.2398666
XCME.ZN1.01AUG25.111:5.C,.4843750,.5156250,111.5000000,C,.4888580,,1376.8837279,1174.1259275
