Key,BID,ASK,STRIKE,ITYPE,ADJTHEOR,IVBID,IVASK,IVAVERAGE
XCME.ZN.SEP25,110.9218750,110.9375000,INVALID,F,,,,
XCME.ZN1.01AUG25.112:75.P,1.7968750,1.8281250,112.7500000,P,1.8203178,,1819.9760226,1598.5061644
XCME.ZN1.01AUG25.111:75.P,.8125000,.8593750,111.7500000,P,.8228030,,1127.6340717,939.6101174
