Key,BID,ASK,STRIKE,ITYPE,ADJTHEOR,IVBID,IVASK,IVAVERAGE
XCME.ZN.SEP25,111.8593750,111.8750000,INVALID,F,,,,
XCME.WY1.06AUG25.110.P,INVALID,.0069999,110,P,.0013101,,797.8188908,722.8193157
XCME.WY1.06AUG25.110:75.P,.0069999,.0156250,110.7500000,P,.0083555,515.9125485,600.1760197,562.7589839
XCME.WY1.06AUG25.112:25.P,.4843750,.5000000,112.2500000,P,.5107986,451.2884461,583.0622389,519.2020631
XCME.WY1.06AUG25.111:25.C,.6562500,.6718750,111.2500000,C,.6426897,513.0677082,618.9105081,568.1049419
XCME.WY1.06AUG25.110:5.P,INVALID,.0156250,110.5000000,P,.0038027,,706.8020490,623.0878002
XCME.WY1.06AUG25.110:25.C,1.6093750,1.6406250,110.2500000,C,1.5957920,272.6832559,1031.3783618,961.7769211
