Key,BID,ASK,STRIKE,ITYPE,ADJTHEOR,IVBID,IVASK,IVAVERAGE
XCME.ZN.SEP25,110.9375000,110.9531250,INVALID,F,,,,
XCME.ZN1.01AUG25.110.P,INVALID,.0156250,110,P,.0000834,,1219.2951047,1061.6048356
XCME.ZN1.01AUG25.110:75.P,.1406250,.1562500,110.7500000,P,.0595904,1106.8719866,1190.9124464,1148.9653121
