Key,BID,ASK,STRIKE,ITYPE,ADJTHEOR,IVBID,IVASK,IVAVERAGE
XCME.ZN.SEP25,110.8906250,110.9062500,INVALID,F,,,,
XCME.ZN1.01AUG25.111.C,.1718750,.1875000,111,C,.0648711,1343.4921232,1441.5218536,1392.5332697
XCME.ZN1.01AUG25.111:25.P,.4218750,.4531250,111.2500000,P,.3598253,1247.6607453,1483.2457284,1367.4700581
