Key,BID,ASK,STRIKE,ITYPE,ADJTHEOR,IVBID,IVASK,IVAVERAGE
XCME.ZN.SEP25,112,112.0156250,INVALID,F,,,,
XCME.WY1.06AUG25.111.P,.0069999,.0156250,111,P,.0119811,490.7843069,573.1821377,536.5451715
XCME.WY1.06AUG25.112:25.C,.1406250,.1562500,112.2500000,C,.1505837,527.9173236,565.1554136,546.5797331
XCME.WY1.06AUG25.112:5.C,.0781250,.0937500,112.5000000,C,.0842778,549.3013978,595.0722865,572.4366693
XCME.WY1.06AUG25.111:25.P,.0156250,.0312500,111.2500000,P,.0260971,461.9965608,549.7386785,509.3705680
XCME.WY1.06AUG25.111:75.C,.3750000,.4062500,111.7500000,C,.3973103,470.6435651,548.5290293,509.9232816
XCME.WY1.06AUG25.113.C,.0156250,.0312500,113,C,.0253234,554.1869198,652.2054460,607.2662648
