Key,BID,ASK,STRIKE,ITYPE,ADJTHEOR,IVBID,IVASK,IVAVERAGE
XCME.ZN.SEP25,112.1250000,112.1406250,INVALID,F,,,,
XCME.ZN1.01AUG25.112:5.C,INVALID,.0069999,112.5000000,C,.0001665,,1061.1419497,923.5834407
XCME.ZN1.01AUG25.111:5.C,.6093750,.6406250,111.5000000,C,.6207045,,1977.6393276,1871.8319703
XCME.ZN1.01AUG25.113.P,.8593750,.8906250,113,P,.8793130,,,
XCME.ZN1.01AUG25.112:25.P,.1250000,.1406250,112.2500000,P,.1392346,,562.3305144,413.0553326
XCME.ZN1.01AUG25.111.C,1.1093750,1.1406250,111,C,1.1206853,,,
XCME.ZN1.01AUG25.112.C,.1250000,.1562500,112,C,.1325473,395.6445491,873.2384734,719.9690905
