Key,BID,ASK,STRIKE,ITYPE,ADJTHEOR,IVBID,IVASK,IVAVERAGE
XCME.ZN.SEP25,112.1406250,112.1562500,INVALID,F,,,,
XCME.WY1.06AUG25.111.P,.0156250,.0312500,111,P,.0234862,645.1769166,754.3231199,704.4307695
XCME.WY1.06AUG25.112:25.C,.2187500,.2343750,112.2500000,C,.2201251,613.2386447,649.4055345,631.3280698
XCME.WY1.06AUG25.112:5.C,.1250000,.1406250,112.5000000,C,.1315865,607.8203738,648.6629909,628.3303345
XCME.WY1.06AUG25.111:25.P,.0312500,.0468750,111.2500000,P,.0398039,625.1977197,701.5134518,664.9936866
XCME.WY1.06AUG25.111:75.C,.5000000,.5156250,111.7500000,C,.5147849,584.3353126,627.0323501,605.8160680
XCME.WY1.06AUG25.113.C,.0312500,.0625000,113,C,.0450627,604.7216167,744.8851724,679.6376430
