Key,BID,ASK,STRIKE,ITYPE,ADJTHEOR,IVBID,IVASK,IVAVERAGE
XCME.ZN.SEP25,110.9687500,110.9843750,INVALID,F,,,,
XCME.ZN1.01AUG25.112:5.C,INVALID,.0069999,112.5000000,C,.0000359,,1211.8934832,1093.0460712
XCME.ZN1.01AUG25.112.C,.0069999,.0156250,112,C,.0008191,870.3417043,1016.1440290,951.3130188
