Key,BID,ASK,STRIKE,ITYPE,ADJTHEOR,IVBID,IVASK,IVAVERAGE
XCME.ZN.SEP25,112.1562500,112.1718750,INVALID,F,,,,
XCME.GY1.05AUG25.111.C,1.1562500,1.1875000,111,C,1.1888385,,757.7642607,702.2423181
XCME.GY1.05AUG25.112:25.C,.1718750,.1875000,112.2500000,C,.1812096,579.6404332,623.8756363,601.7657483
XCME.GY1.05AUG25.111:25.C,.9218750,.9531250,111.2500000,C,.9473330,,756.6847797,661.2302428
XCME.GY1.05AUG25.111:75.C,.4687500,.5000000,111.7500000,C,.4983124,508.5461545,633.1284920,573.2177696
XCME.GY1.05AUG25.112:5.P,.4218750,.4375000,112.5000000,P,.4211068,627.2129597,678.3478746,652.9349977
XCME.GY1.05AUG25.113.P,.8437500,.8750000,113,P,.8534686,641.8185459,833.8551426,747.3637502
XCME.GY1.05AUG25.112:75.P,.6250000,.6562500,112.7500000,P,.6257090,657.2223559,787.6364380,724.7657162
