Key,BID,ASK,STRIKE,ITYPE,ADJTHEOR,IVBID,IVASK,IVAVERAGE
XCME.ZN.SEP25,111.8750000,111.8906250,INVALID,F,,,,
XCME.VY1.04AUG25.111:75.P,.0937500,.1250000,111.7500000,P,.1088863,538.8959508,656.2442565,597.8619870
XCME.VY1.04AUG25.111:75.C,.2343750,.2500000,111.7500000,C,.2416988,568.4623033,627.1144376,597.8619243
XCME.VY1.04AUG25.112:75.P,.8593750,.8906250,112.7500000,P,.8769469,,886.1585022,756.6073037
XCME.VY1.04AUG25.111:25.P,.0069999,.0156250,111.2500000,P,.0139617,533.2301324,634.6434003,589.0938331
XCME.VY1.04AUG25.111:5.P,.0312500,.0468750,111.5000000,P,.0410655,541.3791833,627.6986913,585.9228249
XCME.VY1.04AUG25.112:5.C,.0156250,.0312500,112.5000000,C,.0208587,624.3382920,751.3259840,692.6145082
XCME.VY1.04AUG25.110:25.P,INVALID,.0069999,110.2500000,P,.0026724,,1165.6787777,1053.3258781
