Key,BID,ASK,STRIKE,ITYPE,ADJTHEOR,IVBID,IVASK,IVAVERAGE
XCME.ZN.SEP25,112.0625000,112.0781250,INVALID,F,,,,
XCME.GY1.05AUG25.111:25.P,.0069999,.0156250,111.2500000,P,.0132055,505.5712338,595.4331083,555.2843731
XCME.GY1.05AUG25.110:25.P,INVALID,.0069999,110.2500000,P,.0031180,,982.6353081,889.9509771
XCME.GY1.05AUG25.111:5.C,.5937500,.6093750,111.5000000,C,.6052903,482.1242642,569.7072098,528.5075129
XCME.GY1.05AUG25.110.C,2.0625000,2.0937500,110,C,2.0770650,,1306.4007302,1122.5468316
XCME.GY1.05AUG25.111:5.P,.0156250,.0312500,111.5000000,P,.0314778,452.9948850,547.4720130,503.7323440
XCME.GY1.05AUG25.110:25.C,1.8125000,1.8437500,110.2500000,C,1.8269305,,1177.6526074,1007.4950322
XCME.GY1.05AUG25.112:75.C,.0156250,.0312500,112.7500000,C,.0292190,513.9694162,615.6189278,568.7212058
