Key,BID,ASK,STRIKE,ITYPE,ADJTHEOR,IVBID,IVASK,IVAVERAGE
XCME.ZN.SEP25,112.0937500,112.1093750,INVALID,F,,,,
XCME.GY1.05AUG25.111.C,1.1093750,1.1406250,111,C,1.1295178,711.7559260,963.4843945,857.0026624
XCME.GY1.05AUG25.112:25.C,.1562500,.1875000,112.2500000,C,.1686670,623.1496303,712.8808514,668.1115517
XCME.GY1.05AUG25.111:25.C,.8593750,.8906250,111.2500000,C,.8916613,702.6396225,879.4366035,797.9380539
XCME.GY1.05AUG25.111:75.C,.4375000,.4687500,111.7500000,C,.4598567,614.4620220,717.4720675,666.6423651
XCME.GY1.05AUG25.112:5.P,.4687500,.5000000,112.5000000,P,.4786509,581.6499422,692.8498020,638.4439269
XCME.GY1.05AUG25.113.P,.9062500,.9375000,113,P,.9150388,506.1602086,793.2542375,684.2828467
XCME.GY1.05AUG25.112:75.P,.6718750,.7031250,112.7500000,P,.6862378,538.4282988,709.9932301,632.1281494
