Key,BID,ASK,STRIKE,ITYPE,ADJTHEOR,IVBID,IVASK,IVAVERAGE
XCME.ZN.SEP25,110.9531250,110.9687500,INVALID,F,,,,
XCME.ZN1.01AUG25.110.C,.9531250,.9687500,110,C,.9609676,,1089.0821498,970.8597259
