Key,BID,ASK,STRIKE,ITYPE,ADJTHEOR,IVBID,IVASK,IVAVERAGE
XCME.ZN.SEP25,111.8750000,111.8906250,INVALID,F,,,,
XCME.VY1.04AUG25.111.C,.8750000,.9062500,111,C,.8849621,,931.2454057,814.1974893
XCME.VY1.04AUG25.110:5.C,1.3750000,1.3906250,110.5000000,C,1.3818413,,1098.9334877,1021.2536875
XCME.VY1.04AUG25.110.C,1.8750000,1.8906250,110,C,1.8825029,,1417.5266993,1323.4565555
XCME.VY1.04AUG25.110:75.C,1.1250000,1.1406250,110.7500000,C,1.1323584,,934.5527219,865.5994669
XCME.VY1.04AUG25.110.P,INVALID,.0069999,110,P,.0031904,,1312.2202990,1189.2638518
XCME.VY1.04AUG25.111:25.C,.6250000,.6562500,111.2500000,C,.6443970,,728.3581692,628.0012862
