Key,BID,ASK,STRIKE,ITYPE,ADJTHEOR,IVBID,IVASK,IVAVERAGE
XCME.ZN.SEP25,110.8437500,110.8593750,INVALID,F,,,,
XCME.ZN1.01AUG25.112:25.P,1.3906250,1.4218750,112.2500000,P,1.3906249,830.2366801,,
XCME.ZN1.01AUG25.111.C,.1406250,.1718750,111,C,.0469598,1310.9847072,1519.2929551,1415.3907998
XCME.ZN1.01AUG25.112.C,INVALID,.0069999,112,C,0,,1562.0464827,1402.0940310
XCME.WY1.06AUG25.110.C,.8906250,.9218750,110,C,,,,
XCME.WY1.06AUG25.113.P,2.1406250,2.1718750,113,P,,,,
XCME.WY1.06AUG25.112:75.C,.0069999,.0156250,112.7500000,C,,,,
XCME.WY1.06AUG25.112.C,.0156250,.0312500,112,C,,,,
