Key,BID,ASK,STRIKE,ITYPE,ADJTHEOR,IVBID,IVASK,IVAVERAGE
XCME.ZN.SEP25,110.9687500,110.9843750,INVALID,F,,,,
XCME.ZN1.01AUG25.110:25.P,.0156250,.0312500,110.2500000,P,.0046994,791.2328964,946.3943183,874.9274248
XCME.ZN1.01AUG25.110:5.P,.0625000,.0781250,110.5000000,P,.0221685,905.2215334,992.6125361,949.5695228
