Key,BID,ASK,STRIKE,ITYPE,ADJTHEOR,IVBID,IVASK,IVAVERAGE
XCME.ZN.SEP25,111.9687500,111.9843750,INVALID,F,,,,
XCME.WY1.06AUG25.112:75.C,.0312500,.0625000,112.7500000,C,.0650832,542.5858272,672.8678839,612.0620791
XCME.WY1.06AUG25.112.C,.2343750,.2500000,112,C,.2468033,541.5900228,576.2586310,558.9245948
XCME.WY1.06AUG25.111.P,.0069999,.0312500,111,P,.0153919,472.5936872,650.5526567,577.6341493
XCME.WY1.06AUG25.112:25.C,.1406250,.1562500,112.2500000,C,.1571528,561.1113855,598.8317583,580.0235014
XCME.WY1.06AUG25.112:5.C,.0781250,.0937500,112.5000000,C,.1004363,574.9732863,621.5624691,598.5348233
XCME.WY1.06AUG25.111:25.P,.0312500,.0468750,111.2500000,P,.0355345,525.4790714,593.1134255,560.6637566
