Key,BID,ASK,STRIKE,ITYPE,ADJTHEOR,IVBID,IVASK,IVAVERAGE
XCME.ZN.SEP25,112.2031250,112.2187500,INVALID,F,,,,
XCME.WY1.06AUG25.110:5.C,1.6875000,1.7187500,110.5000000,C,1.7219744,,724.9619641,552.2878844
XCME.WY1.06AUG25.112.P,.1562500,.1718750,112,P,.1557841,570.6285944,608.4921018,589.5941722
XCME.WY1.06AUG25.110:75.C,1.4375000,1.4687500,110.7500000,C,1.4743657,,633.3709537,479.4841861
XCME.WY1.06AUG25.111:5.P,.0312500,.0468750,111.5000000,P,.0445267,535.0505345,604.3646657,571.0979474
XCME.WY1.06AUG25.111.C,1.2031250,1.2187500,111,C,1.2291090,,539.8918459,405.6251167
XCME.ZN1.01AUG25.112:75.C,INVALID,.0069999,112.7500000,C,.0000270,,1500.9779055,1315.2525111
XCME.ZN1.01AUG25.110:25.C,1.9375000,1.9687500,110.2500000,C,1.9687500,,1528.2556122,
