Key,BID,ASK,STRIKE,ITYPE,ADJTHEOR,IVBID,IVASK,IVAVERAGE
XCME.ZN.SEP25,112.0781250,112.0937500,INVALID,F,,,,
XCME.WY1.06AUG25.112.P,.1718750,.2031250,112,P,.1862614,483.3259977,554.8945583,519.1402547
XCME.WY1.06AUG25.110:75.C,1.3281250,1.3593750,110.7500000,C,1.3465068,,759.9070211,642.7537012
XCME.WY1.06AUG25.111:5.P,.0312500,.0468750,111.5000000,P,.0465645,460.1669687,523.6894572,493.1242295
XCME.WY1.06AUG25.111.C,1.0781250,1.1093750,111,C,1.1009482,,646.5208227,542.3874174
XCME.VY1.04AUG25.111:75.P,.0156250,.0312500,111.7500000,P,.0330560,424.9620895,531.6117281,481.6840440
XCME.VY1.04AUG25.111:75.C,.3593750,.3750000,111.7500000,C,.3724931,457.3767598,557.3193594,509.8596305
