Key,BID,ASK,STRIKE,ITYPE,ADJTHEOR,IVBID,IVASK,IVAVERAGE
XCME.ZN.SEP25,111.9375000,111.9531250,INVALID,F,,,,
XCME.ZN1.01AUG25.111:5.C,.4531250,.4687500,111.5000000,C,.4557329,327.1624374,1046.0094723,885.6241657
XCME.ZN1.01AUG25.113.P,1.0312500,1.0625000,113,P,1.0469651,,,1870.1954769
XCME.ZN1.01AUG25.112:25.P,.2812500,.3125000,112.2500000,P,.3021495,,771.5445522,710.4282200
XCME.ZN1.01AUG25.111.C,.9531250,.9687500,111,C,.9532910,903.4090207,1841.2288315,1606.3326867
XCME.ZN1.01AUG25.112.C,.0468750,.0625000,112,C,.0530798,511.4747112,633.1350050,572.5046218
XCME.GY1.05AUG25.110.P,INVALID,.0069999,110,P,.0007837,,1024.4663498,928.9010410
XCME.GY1.05AUG25.110:5.C,1.4375000,1.4687500,110.5000000,C,1.4544775,,920.4208898,731.1739226
