Key,BID,ASK,STRIKE,ITYPE,ADJTHEOR,IVBID,IVASK,IVAVERAGE
XCME.ZN.SEP25,112.1250000,112.1406250,INVALID,F,,,,
XCME.WY1.06AUG25.112:75.C,.0625000,.0781250,112.7500000,C,.0750816,608.3859642,661.5689098,635.4300838
XCME.WY1.06AUG25.112.C,.3281250,.3437500,112,C,.3310020,601.6154208,637.5534799,619.5921235
XCME.WY1.06AUG25.111.P,.0156250,.0312500,111,P,.0238552,627.0880836,733.7787322,685.0032770
XCME.WY1.06AUG25.112:25.C,.2031250,.2187500,112.2500000,C,.2093167,598.9216876,635.0157426,616.9786892
XCME.WY1.06AUG25.112:5.C,.1093750,.1406250,112.5000000,C,.1266398,581.7011413,664.4016983,623.4758689
XCME.WY1.06AUG25.111:25.P,.0312500,.0468750,111.2500000,P,.0409066,605.2695304,679.7859394,644.1190972
