Key,BID,ASK,STRIKE,ITYPE,ADJTHEOR,IVBID,IVASK,IVAVERAGE
XCME.ZN.SEP25,111.9687500,111.9843750,INVALID,F,,,,
XCME.VY1.04AUG25.112:25.P,.3281250,.3593750,112.2500000,P,.3416522,516.0978640,662.2243427,591.4285746
XCME.VY1.04AUG25.112.C,.1250000,.1562500,112,C,.1373906,516.8223002,630.9664696,573.9176183
XCME.VY1.04AUG25.112:75.C,.0069999,.0156250,112.7500000,C,.0107730,641.0084621,757.7983293,705.6088445
XCME.VY1.04AUG25.110:25.C,1.7031250,1.7343750,110.2500000,C,1.7180613,,1485.9628449,1424.4730120
XCME.GY1.05AUG25.110.P,INVALID,.0069999,110,P,.0035685,,1023.8629708,928.1112532
XCME.GY1.05AUG25.110:5.C,1.4687500,1.4843750,110.5000000,C,1.4689465,741.8774040,967.1772390,925.7582107
