Key,BID,ASK,STRIKE,ITYPE,ADJTHEOR,IVBID,IVASK,IVAVERAGE
XCME.ZN.SEP25,112.0625000,112.0781250,INVALID,F,,,,
XCME.ZN1.01AUG25.112:75.C,INVALID,.0069999,112.7500000,C,.0000246,,1418.5180686,1254.6901105
XCME.ZN1.01AUG25.110:25.C,1.8125000,1.8281250,110.2500000,C,1.8203124,,,
XCME.ZN1.01AUG25.110:25.P,INVALID,.0069999,110.2500000,P,0,,,
XCME.ZN1.01AUG25.110:75.P,INVALID,.0069999,110.7500000,P,0,,,
XCME.ZN1.01AUG25.111:75.P,INVALID,.0069999,111.7500000,P,.0011108,,776.6676010,668.9580080
XCME.ZN1.01AUG25.110.P,INVALID,.0069999,110,P,0,,,
XCME.ZN1.01AUG25.110:5.P,INVALID,.0069999,110.5000000,P,0,,,
