Key,BID,ASK,STRIKE,ITYPE,ADJTHEOR,IVBID,IVASK,IVAVERAGE
XCME.ZN.SEP25,112.0156250,112.0312500,INVALID,F,,,,
XCME.ZN1.01AUG25.110:25.P,INVALID,.0069999,110.2500000,P,0,,,
XCME.ZN1.01AUG25.110:75.P,INVALID,.0069999,110.7500000,P,0,,,1966.5969546
XCME.ZN1.01AUG25.111:75.P,INVALID,.0069999,111.7500000,P,.0015535,,648.6035464,556.7735066
XCME.ZN1.01AUG25.110.P,INVALID,.0069999,110,P,0,,,
XCME.ZN1.01AUG25.110:5.P,INVALID,.0069999,110.5000000,P,0,,,
XCME.ZN1.01AUG25.112:75.P,.7187500,.7500000,112.7500000,P,.7230765,,1858.1614336,1610.0252520
XCME.ZN1.01AUG25.111:5.P,INVALID,.0069999,111.5000000,P,.0000745,,1064.7167436,934.0207126
