Key,BID,ASK,STRIKE,ITYPE,ADJTHEOR,IVBID,IVASK,IVAVERAGE
XCME.ZN.SEP25,111.9843750,112,INVALID,F,,,,
XCME.ZN1.01AUG25.110:5.C,1.4687500,1.5000000,110.5000000,C,1.5164873,,811.4707952,
XCME.ZN1.01AUG25.110:75.C,1.2187500,1.2500000,110.7500000,C,1.2674832,,782.3091357,
XCME.ZN1.01AUG25.111.P,INVALID,.0069999,111,P,.0037051,,1487.6981479,1328.7283270
XCME.ZN1.01AUG25.113.C,INVALID,.0069999,113,C,.0007637,,1493.5825564,1336.9802028
XCME.ZN1.01AUG25.112:5.C,.0069999,.0156250,112.5000000,C,.0051590,850.4320426,1023.4164013,945.3411121
XCME.ZN1.01AUG25.111:5.C,.4687500,.5000000,111.5000000,C,.5313202,,423.8889186,
