Key,BID,ASK,STRIKE,ITYPE,ADJTHEOR,IVBID,IVASK,IVAVERAGE
XCME.ZN.SEP25,112.1406250,112.1562500,INVALID,F,,,,
XCME.GY1.05AUG25.113.P,.8593750,.8906250,113,P,.8853884,484.8824697,766.0677743,658.9687998
XCME.GY1.05AUG25.112:75.P,.6406250,.6718750,112.7500000,P,.6571484,511.3040531,678.8390575,602.6153449
XCME.GY1.05AUG25.110:75.C,1.3906250,1.4218750,110.7500000,C,1.4035814,868.6615145,1155.1336639,1035.0506865
XCME.GY1.05AUG25.112:25.P,.2656250,.2968750,112.2500000,P,.2799914,584.2489076,628.7726784,606.5260703
XCME.GY1.05AUG25.113.C,.0156250,.0468750,113,C,.0303259,622.5787493,830.7134725,739.1703861
XCME.GY1.05AUG25.111.P,.0069999,.0156250,111,P,.0130968,679.0904899,788.6269738,739.9221463
XCME.GY1.05AUG25.112.C,.2968750,.3281250,112,C,.3019675,606.2619882,696.3970936,651.4256495
