Key,BID,ASK,STRIKE,ITYPE,ADJTHEOR,IVBID,IVASK,IVAVERAGE
XCME.ZN.SEP25,112.1250000,112.1406250,INVALID,F,,,,
XCME.ZN1.01AUG25.111:25.P,INVALID,.0069999,111.2500000,P,0,,,1832.3310330
XCME.ZN1.01AUG25.112:5.P,.3750000,.4062500,112.5000000,P,.3673301,1060.8114063,1699.0389976,1426.0773591
XCME.ZN1.01AUG25.110.C,2.0937500,2.1250000,110,C,2.1328125,,,
XCME.ZN1.01AUG25.112.P,.0069999,.0156250,112,P,.0088852,485.8731523,638.1449055,567.1916987
XCME.ZN1.01AUG25.112:25.C,INVALID,.0156250,112.2500000,C,.0111335,,591.1867223,461.0370166
XCME.ZN1.01AUG25.111:25.C,.8437500,.8750000,111.2500000,C,.8828123,,,
XCME.ZN1.01AUG25.111:75.C,.3593750,.3906250,111.7500000,C,.3830607,,,
