Key,BID,ASK,STRIKE,ITYPE,ADJTHEOR,IVBID,IVASK,IVAVERAGE
XCME.ZN.SEP25,110.8750000,110.8906250,INVALID,F,,,,
XCME.ZN1.01AUG25.112:25.P,1.3593750,1.3906250,112.2500000,P,1.3601872,1868.3914204,,
XCME.ZN1.01AUG25.113.P,2.1093750,2.1406250,113,P,2.1101874,,,
