Key,BID,ASK,STRIKE,ITYPE,ADJTHEOR,IVBID,IVASK,IVAVERAGE
XCME.ZN.SEP25,111.8437500,111.8593750,INVALID,F,,,,
XCME.WY1.06AUG25.110.P,INVALID,.0069999,110,P,.0042786,,796.0484502,720.7618345
XCME.WY1.06AUG25.110:75.P,.0069999,.0156250,110.7500000,P,.0121872,513.7106755,597.9252600,560.4343249
XCME.WY1.06AUG25.112:25.P,.4843750,.5156250,112.2500000,P,.5099436,487.6238358,574.6286418,531.9534937
XCME.WY1.06AUG25.111:25.C,.6406250,.6562500,111.2500000,C,.6412674,526.3051985,579.8500916,553.6439514
XCME.WY1.06AUG25.110:5.P,INVALID,.0156250,110.5000000,P,.0072118,,704.7745443,620.8941271
XCME.WY1.06AUG25.110:25.C,1.5937500,1.6093750,110.2500000,C,1.5945986,654.2976214,848.4491331,771.9182567
