Key,BID,ASK,STRIKE,ITYPE,ADJTHEOR,IVBID,IVASK,IVAVERAGE
XCME.ZN.SEP25,112.1093750,112.1250000,INVALID,F,,,,
XCME.WY1.06AUG25.111.P,.0156250,.0312500,111,P,.0220195,628.6479788,735.4818347,686.6132692
XCME.WY1.06AUG25.112:25.C,.2031250,.2187500,112.2500000,C,.2083345,559.3620351,631.5782506,595.5125913
XCME.WY1.06AUG25.112:5.C,.1093750,.1406250,112.5000000,C,.1246913,579.0858553,661.6623901,620.7955089
XCME.WY1.06AUG25.111:25.P,.0312500,.0468750,111.2500000,P,.0386507,607.0655084,681.7327767,645.9882435
XCME.WY1.06AUG25.111:75.C,.4687500,.5000000,111.7500000,C,.4934576,541.3603999,625.0359715,583.6974648
XCME.WY1.06AUG25.113.C,.0312500,.0468750,113,C,.0433055,612.2133311,687.2342766,651.3375164
