Key,BID,ASK,STRIKE,ITYPE,ADJTHEOR,IVBID,IVASK,IVAVERAGE
XCME.ZN.SEP25,111.9531250,111.9687500,INVALID,F,,,,
XCME.ZN1.01AUG25.112:5.P,.5468750,.5625000,112.5000000,P,.5494011,319.1517903,1113.5179856,1038.7885097
XCME.ZN1.01AUG25.110.C,1.9375000,1.9687500,110,C,1.9534046,,,
XCME.ZN1.01AUG25.112.P,.1250000,.1562500,112,P,.1390370,698.1926746,919.7154298,809.1562264
XCME.ZN1.01AUG25.112:25.C,.0156250,.0312500,112.2500000,C,.0182905,714.8275789,900.6039099,813.3419932
XCME.ZN1.01AUG25.111:25.C,.6875000,.7187500,111.2500000,C,.7119224,,1347.7296433,1025.3139592
XCME.ZN1.01AUG25.111:75.C,.2187500,.2500000,111.7500000,C,.2546651,551.8313139,857.5354728,715.6142531
