Key,BID,ASK,STRIKE,ITYPE,ADJTHEOR,IVBID,IVASK,IVAVERAGE
XCME.ZN.SEP25,112.1093750,112.1250000,INVALID,F,,,,
XCME.GY1.05AUG25.112:75.P,.6718750,.7031250,112.7500000,P,.6846372,631.7487104,773.1226607,705.9447903
XCME.GY1.05AUG25.110:75.C,1.3593750,1.3906250,110.7500000,C,1.3746076,,974.4408525,848.2845953
XCME.GY1.05AUG25.112:25.P,.2968750,.3125000,112.2500000,P,.3020741,618.3904332,662.6180976,640.5241189
XCME.GY1.05AUG25.113.C,.0156250,.0312500,113,C,.0301676,630.4194312,747.0689077,693.5936469
XCME.GY1.05AUG25.111.P,.0069999,.0156250,111,P,.0117471,656.5347423,762.9730084,715.6709217
XCME.GY1.05AUG25.112.C,.2656250,.2968750,112,C,.2890200,556.0615361,644.2638753,600.2378744
