Key,BID,ASK,STRIKE,ITYPE,ADJTHEOR,IVBID,IVASK,IVAVERAGE
XCME.ZN.SEP25,112.1875000,112.2031250,INVALID,F,,,,
XCME.VY1.04AUG25.111:5.C,.6875000,.7187500,111.5000000,C,.6925344,579.7594816,932.9251776,833.8449118
XCME.VY1.04AUG25.112:25.C,.1093750,.1406250,112.2500000,C,.1162065,557.5741821,683.7426321,620.7588720
XCME.VY1.04AUG25.110:5.P,INVALID,.0069999,110.5000000,P,.0047718,,1330.3014177,1202.4913039
XCME.VY1.04AUG25.112:5.P,.3437500,.3750000,112.5000000,P,.3641989,505.7929470,684.5095014,599.9802935
XCME.VY1.04AUG25.111.C,1.1875000,1.2187500,111,C,1.1871934,916.6682607,1387.2960271,1259.8088245
XCME.VY1.04AUG25.110:5.C,1.6875000,1.7031250,110.5000000,C,1.6879593,1237.9560700,1811.8707526,1659.8867884
