Key,BID,ASK,STRIKE,ITYPE,ADJTHEOR,IVBID,IVASK,IVAVERAGE
XCME.ZN.SEP25,112.0312500,112.0468750,INVALID,F,,,,
XCME.WY1.06AUG25.112.P,.2031250,.2187500,112,P,.2070754,508.1148508,543.4464191,525.7824722
XCME.WY1.06AUG25.110:75.C,1.2812500,1.3125000,110.7500000,C,1.3035780,,452.9254511,
XCME.WY1.06AUG25.111:5.P,.0468750,.0625000,111.5000000,P,.0529899,496.1239330,550.8700305,524.1275365
XCME.WY1.06AUG25.111.C,1.0312500,1.0625000,111,C,1.0587811,,373.9597139,
XCME.VY1.04AUG25.111:75.P,.0312500,.0468750,111.7500000,P,.0416222,484.9052407,569.1055768,528.2149550
XCME.VY1.04AUG25.111:75.C,.3125000,.3437500,111.7500000,C,.3376849,390.9806818,573.2494941,489.5503941
