Key,BID,ASK,STRIKE,ITYPE,ADJTHEOR,IVBID,IVASK,IVAVERAGE
XCME.ZN.SEP25,111.4218750,111.4375000,INVALID,F,,,,
XCME.WY1.06AUG25.112:5.P,1.1093750,1.1406250,112.5000000,P,,,,
XCME.WY1.06AUG25.111:5.C,.1875000,.2031250,111.5000000,C,,,,
XCME.WY1.06AUG25.110:25.P,.0069999,.0156250,110.2500000,P,,,,
XCME.WY1.06AUG25.111:75.P,.4218750,.4531250,111.7500000,P,,,,
XCME.WY1.06AUG25.112:75.P,1.3593750,1.3906250,112.7500000,P,,,,
XCME.WY1.06AUG25.110:5.C,.8906250,.9218750,110.5000000,C,,,,
XCME.WY1.06AUG25.112.P,.6562500,.6875000,112,P,,,,
