Key,BID,ASK,STRIKE,ITYPE,ADJTHEOR,IVBID,IVASK,IVAVERAGE
XCME.ZN.SEP25,110.8281250,110.8437500,INVALID,F,,,,
XCME.WY1.06AUG25.112.P,1.1718750,1.2031250,112,P,,,,
XCME.WY1.06AUG25.110:75.C,.3437500,.3593750,110.7500000,C,,,,
XCME.WY1.06AUG25.111:5.P,.7343750,.7500000,111.5000000,P,,,,
XCME.WY1.06AUG25.111.C,.2187500,.2343750,111,C,,,,
XCME.VY1.04AUG25.111:75.P,.9218750,.9375000,111.7500000,P,,,,
XCME.VY1.04AUG25.111:75.C,.0156250,.0312500,111.7500000,C,,,,
