Key,BID,ASK,STRIKE,ITYPE,ADJTHEOR,IVBID,IVASK,IVAVERAGE
XCME.ZN.SEP25,112.1718750,112.1875000,INVALID,F,,,,
XCME.ZN1.01AUG25.111:5.C,.6562500,.6875000,111.5000000,C,.6718779,,,
XCME.ZN1.01AUG25.113.P,.8125000,.8437500,113,P,.8281239,,,1927.4687789
XCME.ZN1.01AUG25.112:25.P,.0781250,.1093750,112.2500000,P,.0962398,167.1541894,728.1790940,511.4092450
XCME.ZN1.01AUG25.111.C,1.1562500,1.1875000,111,C,1.1718741,,,
XCME.ZN1.01AUG25.112.C,.1562500,.1875000,112,C,.1766426,,817.9223740,741.4221572
XCME.VY1.04AUG25.111:75.P,.0156250,.0312500,111.7500000,P,.0302486,516.0798081,635.2405406,579.6575645
XCME.VY1.04AUG25.111:75.C,.4218750,.4531250,111.7500000,C,.4478109,385.4845261,663.7388091,582.7083587
