Key,BID,ASK,STRIKE,ITYPE,ADJTHEOR,IVBID,IVASK,IVAVERAGE
XCME.ZN.SEP25,110.8281250,110.8437500,INVALID,F,,,,
XCME.ZN1.01AUG25.110:5.C,.4062500,.4375000,110.5000000,C,.3467789,1238.0419527,1481.9745349,1362.1926946
XCME.ZN1.01AUG25.110:75.C,.2500000,.2812500,110.7500000,C,.1515346,1305.0387040,1507.2510130,1406.2331131
XCME.ZN1.01AUG25.111.P,.2968750,.3281250,111,P,.2052719,1306.9369280,1515.7165274,1411.6680158
XCME.ZN1.01AUG25.113.C,INVALID,.0069999,113,C,0,,,
XCME.ZN1.01AUG25.112:5.C,INVALID,.0069999,112.5000000,C,0,,,1915.1558752
XCME.ZN1.01AUG25.111:5.C,.0156250,.0312500,111.5000000,C,.0003489,1177.5686597,1413.0556767,1304.3725511
XCME.ZN1.01AUG25.113.P,2.1406250,2.1875000,113,P,2.1640625,,,
