Key,BID,ASK,STRIKE,ITYPE,ADJTHEOR,IVBID,IVASK,IVAVERAGE
XCME.ZN.SEP25,112.0625000,112.0781250,INVALID,F,,,,
XCME.GY1.05AUG25.112:75.P,.6875000,.7187500,112.7500000,P,.7105717,479.1030734,677.4868534,592.1224973
XCME.GY1.05AUG25.110:75.C,1.3125000,1.3437500,110.7500000,C,1.3276290,,915.1043432,773.5852801
XCME.GY1.05AUG25.112:25.P,.2812500,.3125000,112.2500000,P,.3056486,493.8965209,585.5841753,539.9918398
XCME.GY1.05AUG25.113.C,.0069999,.0312500,113,C,.0189907,558.3976766,773.5073407,685.3206343
XCME.GY1.05AUG25.111.P,INVALID,.0156250,111,P,.0059664,,737.1787549,645.3491441
XCME.GY1.05AUG25.112.C,.2187500,.2500000,112,C,.2377509,493.5162384,580.4569079,537.0269247
