Key,BID,ASK,STRIKE,ITYPE,ADJTHEOR,IVBID,IVASK,IVAVERAGE
XCME.ZN.SEP25,112.0156250,112.0312500,INVALID,F,,,,
XCME.GY1.05AUG25.110.P,INVALID,.0069999,110,P,.0033873,,1071.1088266,971.3747277
XCME.GY1.05AUG25.110:5.C,1.5156250,1.5468750,110.5000000,C,1.5308084,,1018.4868026,865.2451787
XCME.GY1.05AUG25.111.C,1.0156250,1.0468750,111,C,1.0351403,,745.5537485,622.8629705
XCME.GY1.05AUG25.112:25.C,.0937500,.1250000,112.2500000,C,.1092126,503.8584891,598.1684263,551.4095730
XCME.GY1.05AUG25.111:25.C,.7812500,.7968750,111.2500000,C,.7932461,443.9584612,703.4186687,603.8365103
XCME.GY1.05AUG25.111:75.C,.3437500,.3750000,111.7500000,C,.3639417,467.5062577,568.9439899,519.0753677
XCME.GY1.05AUG25.112:5.P,.5156250,.5468750,112.5000000,P,.5271464,530.3714486,655.6035634,595.5000686
