Key,BID,ASK,STRIKE,ITYPE,ADJTHEOR,IVBID,IVASK,IVAVERAGE
XCME.ZN.SEP25,112.0625000,112.0781250,INVALID,F,,,,
XCME.VY1.04AUG25.111.C,1.0468750,1.0781250,111,C,1.0809168,,381.8035639,762.0526956
XCME.VY1.04AUG25.110:5.C,1.5468750,1.5781250,110.5000000,C,1.5804182,,418.1310797,1052.7947938
XCME.VY1.04AUG25.110.C,2.0468750,2.0781250,110,C,2.0814435,,434.6732495,1334.2236643
XCME.VY1.04AUG25.110:75.C,1.2968750,1.3281250,110.7500000,C,1.3302800,,403.6914528,908.7798962
XCME.VY1.04AUG25.110.P,INVALID,.0069999,110,P,.0033185,,1448.6639354,1315.4405690
XCME.VY1.04AUG25.111:25.C,.7968750,.8281250,111.2500000,C,.8341627,,247.4551561,604.6026802
