Key,BID,ASK,STRIKE,ITYPE,ADJTHEOR,IVBID,IVASK,IVAVERAGE
XCME.ZN.SEP25,110.9218750,110.9375000,INVALID,F,,,,
XCME.ZN1.01AUG25.110.P,.0069999,.0156250,110,P,.0000726,1065.5645452,1249.7609160,1167.7618733
XCME.ZN1.01AUG25.110:75.P,.1406250,.1718750,110.7500000,P,.0584085,1127.1232052,1213.6265298,1170.4436951
