Key,BID,ASK,STRIKE,ITYPE,ADJTHEOR,IVBID,IVASK,IVAVERAGE
XCME.ZN.SEP25,112.0312500,112.0468750,INVALID,F,,,,
XCME.GY1.05AUG25.110:75.P,INVALID,.0069999,110.7500000,P,.0043563,,717.8713909,644.9949857
XCME.GY1.05AUG25.111:75.P,.0781250,.1093750,111.7500000,P,.0933012,506.4155121,604.5096616,556.1391387
XCME.GY1.05AUG25.112.P,.1718750,.2031250,112,P,.1921515,512.2722973,596.4282794,554.3594402
XCME.ZN1.01AUG25.112:75.C,INVALID,.0069999,112.7500000,C,.0004096,,1184.5128341,1047.9946653
XCME.ZN1.01AUG25.110:25.C,1.7656250,1.7968750,110.2500000,C,,,,
XCME.ZN1.01AUG25.110:25.P,INVALID,.0069999,110.2500000,P,,,,
XCME.ZN1.01AUG25.110:75.P,INVALID,.0069999,110.7500000,P,.0005317,,1940.4551850,1742.9238242
