Key,BID,ASK,STRIKE,ITYPE,ADJTHEOR,IVBID,IVASK,IVAVERAGE
XCME.ZN.SEP25,110.8437500,110.8593750,INVALID,F,,,,
XCME.ZN1.01AUG25.110:5.C,.4375000,.4687500,110.5000000,C,.3815671,1182.3981208,1300.9955031,1242.4048689
XCME.ZN1.01AUG25.111:75.C,.0069999,.0156250,111.7500000,C,.0000448,1146.4156048,1347.9754320,1258.0522230
