Key,BID,ASK,STRIKE,ITYPE,ADJTHEOR,IVBID,IVASK,IVAVERAGE
XCME.ZN.SEP25,112.0156250,112.0312500,INVALID,F,,,,
XCME.VY1.04AUG25.110.C,2,2.0312500,110,C,2.0148769,,1740.7299686,1493.9732881
XCME.VY1.04AUG25.110:75.C,1.2500000,1.2812500,110.7500000,C,1.2639699,,1199.1299060,1010.8990514
XCME.VY1.04AUG25.110.P,INVALID,.0069999,110,P,.0035644,,1457.5171615,1321.5777872
XCME.VY1.04AUG25.111:25.C,.7500000,.7812500,111.2500000,C,.7672733,,814.6358841,671.8065044
XCME.VY1.04AUG25.113.P,.9843750,1,113,P,.9936441,,881.4894008,814.7417373
XCME.VY1.04AUG25.113.C,INVALID,.0069999,113,C,.0049566,,806.7401086,721.7991194
XCME.VY1.04AUG25.112:25.P,.2812500,.3125000,112.2500000,P,.2955833,479.7461434,624.4934085,554.1246515
