Key,BID,ASK,STRIKE,ITYPE,ADJTHEOR,IVBID,IVASK,IVAVERAGE
XCME.ZN.SEP25,111.7968750,111.8125000,INVALID,F,,,,
XCME.GY1.05AUG25.111.C,.8125000,.8437500,111,C,.8218388,489.6441106,716.4638916,623.4314440
XCME.GY1.05AUG25.112:25.C,.0625000,.0781250,112.2500000,C,.0765047,572.3814031,628.7358238,600.9631112
XCME.GY1.05AUG25.111:25.C,.5937500,.6250000,111.2500000,C,.5966253,554.3311058,684.5040566,622.4885905
XCME.GY1.05AUG25.111:75.C,.2500000,.2656250,111.7500000,C,.2489408,587.3543944,628.9599268,608.1603702
XCME.GY1.05AUG25.112:5.P,.6875000,.7343750,112.5000000,P,.7357189,,644.8554949,581.1999641
XCME.GY1.05AUG25.113.P,1.1875000,1.2187500,113,P,1.2078127,,843.8452694,810.5884024
XCME.GY1.05AUG25.112:75.P,.9218750,.9687500,112.7500000,P,.9666683,,705.2441028,675.7046024
