Key,BID,ASK,STRIKE,ITYPE,ADJTHEOR,IVBID,IVASK,IVAVERAGE
XCME.ZN.SEP25,110.9531250,110.9687500,INVALID,F,,,,
XCME.ZN1.01AUG25.110:5.C,.5156250,.5468750,110.5000000,C,.4813883,946.5238903,1159.3702647,1056.7800453
XCME.ZN1.01AUG25.111:75.C,.0156250,.0312500,111.7500000,C,.0011486,995.2990404,1183.6129686,1096.9883534
