Key,BID,ASK,STRIKE,ITYPE,ADJTHEOR,IVBID,IVASK,IVAVERAGE
XCME.ZN.SEP25,112.1406250,112.1562500,INVALID,F,,,,
XCME.WY1.06AUG25.112:75.C,.0781250,.0937500,112.7500000,C,.0801500,645.8569819,695.6913558,671.0778552
XCME.WY1.06AUG25.112.C,.3281250,.3593750,112,C,.3480899,563.7627069,636.9599409,600.4179354
XCME.WY1.06AUG25.111.P,.0156250,.0312500,111,P,.0241344,645.4723027,754.5948051,704.7431768
XCME.WY1.06AUG25.112:25.C,.2031250,.2343750,112.2500000,C,.2207213,572.3733109,644.5703586,608.4966602
XCME.WY1.06AUG25.112:5.C,.1250000,.1406250,112.5000000,C,.1339993,603.8993074,644.6029909,624.3388992
XCME.WY1.06AUG25.111:25.P,.0312500,.0468750,111.2500000,P,.0400789,625.7899879,702.0903150,665.5875903
