Key,BID,ASK,STRIKE,ITYPE,ADJTHEOR,IVBID,IVASK,IVAVERAGE
XCME.ZN.SEP25,112.0937500,112.1093750,INVALID,F,,,,
XCME.WY1.06AUG25.112:5.P,.5000000,.5312500,112.5000000,P,.5238097,566.2074214,651.6363098,609.4657865
XCME.WY1.06AUG25.111:5.C,.6718750,.6875000,111.5000000,C,.6726163,630.2847839,680.5118910,655.7242977
XCME.WY1.06AUG25.110:25.P,.0069999,.0156250,110.2500000,P,.0083798,825.6351753,944.6615473,892.1304795
XCME.WY1.06AUG25.111:75.P,.1093750,.1406250,111.7500000,P,.1318008,557.3913027,639.3869806,598.7834419
XCME.WY1.06AUG25.112:75.P,.7031250,.7343750,112.7500000,P,.7246636,579.2941730,689.9290306,636.7346020
XCME.WY1.06AUG25.110:5.C,1.6093750,1.6406250,110.5000000,C,1.6085493,801.0667793,943.6210477,880.3047872
XCME.WY1.06AUG25.112.P,.2031250,.2187500,112,P,.2221295,566.9787300,638.9859556,603.0055408
