Key,BID,ASK,STRIKE,ITYPE,ADJTHEOR,IVBID,IVASK,IVAVERAGE
XCME.ZN.SEP25,112.0312500,112.0468750,INVALID,F,,,,
XCME.VY1.04AUG25.112:75.P,.7187500,.7500000,112.7500000,P,.7358154,,814.9502387,691.2300092
XCME.VY1.04AUG25.111:25.P,INVALID,.0069999,111.2500000,P,.0059717,,659.8267795,585.7263305
XCME.VY1.04AUG25.111:5.P,.0069999,.0156250,111.5000000,P,.0152975,480.2881895,577.1601203,533.5298613
XCME.VY1.04AUG25.112:5.C,.0156250,.0312500,112.5000000,C,.0215092,538.9477071,658.1436404,602.7138929
XCME.VY1.04AUG25.110:25.P,INVALID,.0069999,110.2500000,P,.0031556,,1309.9942945,1184.9742676
XCME.VY1.04AUG25.111.P,INVALID,.0069999,111,P,.0034450,,826.6556000,738.4555957
