Key,BID,ASK,STRIKE,ITYPE,ADJTHEOR,IVBID,IVASK,IVAVERAGE
XCME.ZN.SEP25,112.2031250,112.2187500,INVALID,F,,,,
XCME.ZN1.01AUG25.112:25.P,.0468750,.0625000,112.2500000,P,.0569687,331.9207763,524.6065628,429.5542384
XCME.ZN1.01AUG25.111.C,1.2031250,1.2343750,111,C,1.2187499,,,
XCME.ZN1.01AUG25.112.C,.2031250,.2343750,112,C,.2195230,,961.8419697,660.7954653
XCME.WY1.06AUG25.110.C,2.2031250,2.2343750,110,C,2.2199911,,1151.6234585,991.7167348
XCME.WY1.06AUG25.113.P,.8125000,.8437500,113,P,.8327613,546.8016820,688.2186479,622.8935097
XCME.WY1.06AUG25.112:75.C,.0781250,.0937500,112.7500000,C,.0796257,604.3204486,652.8901547,628.8939590
XCME.WY1.06AUG25.112.C,.3593750,.3750000,112,C,.3697012,543.0317764,581.1063128,562.1083403
