Key,BID,ASK,STRIKE,ITYPE,ADJTHEOR,IVBID,IVASK,IVAVERAGE
XCME.ZN.SEP25,112.1093750,112.1250000,INVALID,F,,,,
XCME.GY1.05AUG25.110:75.P,.0069999,.0156250,110.7500000,P,.0085234,782.6045523,903.4937422,849.9567486
XCME.GY1.05AUG25.111:75.P,.0781250,.0937500,111.7500000,P,.0907328,592.4721710,646.4845810,619.7353429
XCME.GY1.05AUG25.112.P,.1562500,.1875000,112,P,.1723438,583.0532761,671.8561450,627.5225012
XCME.ZN1.01AUG25.112:75.C,INVALID,.0069999,112.7500000,C,.0000112,,1527.9825224,1349.3465039
XCME.ZN1.01AUG25.110:25.C,1.8593750,1.8750000,110.2500000,C,1.8671874,,,
XCME.ZN1.01AUG25.110:25.P,INVALID,.0069999,110.2500000,P,0,,,
XCME.ZN1.01AUG25.110:75.P,INVALID,.0069999,110.7500000,P,0,,,
