Key,BID,ASK,STRIKE,ITYPE,ADJTHEOR,IVBID,IVASK,IVAVERAGE
XCME.ZN.SEP25,112.1250000,112.1406250,INVALID,F,,,,
XCME.GY1.05AUG25.112:75.P,.6406250,.6718750,112.7500000,P,.6661782,559.3554674,714.9512377,642.6076156
XCME.GY1.05AUG25.110:75.C,1.3906250,1.4218750,110.7500000,C,1.3949134,736.7362052,1096.3079848,962.3443656
XCME.GY1.05AUG25.112:25.P,.2656250,.2968750,112.2500000,P,.2920255,568.1907651,657.2223242,612.7758771
XCME.GY1.05AUG25.113.C,.0156250,.0468750,113,C,.0292279,626.0660826,834.5005793,742.8487654
XCME.GY1.05AUG25.111.P,.0069999,.0156250,111,P,.0122936,673.1493417,781.8342873,733.5187669
XCME.GY1.05AUG25.112.C,.2812500,.3125000,112,C,.3025697,574.3324654,664.1435208,619.3361585
