Key,BID,ASK,STRIKE,ITYPE,ADJTHEOR,IVBID,IVASK,IVAVERAGE
XCME.ZN.SEP25,112.1093750,112.1250000,INVALID,F,,,,
XCME.ZN1.01AUG25.112:25.P,.1250000,.1406250,112.2500000,P,.1419021,,464.9699798,382.3230595
XCME.ZN1.01AUG25.111.C,1.1093750,1.1406250,111,C,1.1171863,,,
XCME.ZN1.01AUG25.112.C,.1250000,.1562500,112,C,.1284845,427.6591712,838.5629331,651.7909020
XCME.WY1.06AUG25.110.C,2.1093750,2.1406250,110,C,2.1246853,940.4418961,1264.8342858,1136.9425725
XCME.WY1.06AUG25.113.P,.8906250,.9375000,113,P,.9234232,451.0717120,725.4479504,616.2967205
XCME.WY1.06AUG25.112:75.C,.0781250,.0937500,112.7500000,C,.0695482,664.0409847,714.3639833,689.5298337
XCME.WY1.06AUG25.112.C,.3281250,.3593750,112,C,.3327437,603.8647220,675.9533329,639.9371251
