Key,BID,ASK,STRIKE,ITYPE,ADJTHEOR,IVBID,IVASK,IVAVERAGE
XCME.ZN.SEP25,111.6562500,111.6718750,INVALID,F,,,,
XCME.WY1.06AUG25.110.C,1.6406250,1.6718750,110,C,1.6361443,743.0156662,1007.1434520,982.8700965
XCME.WY1.06AUG25.113.P,1.3437500,1.3750000,113,P,1.3790466,,618.9170371,
XCME.WY1.06AUG25.112:75.C,.0156250,.0312500,112.7500000,C,.0173104,608.6194278,712.6437981,665.0876237
XCME.WY1.06AUG25.112.C,.1093750,.1250000,112,C,.1046068,554.3433660,594.6609548,574.6134246
XCME.WY1.06AUG25.111.P,.0312500,.0468750,111,P,.0401468,470.9769638,534.2234288,503.8032054
XCME.WY1.06AUG25.112:25.C,.0468750,.0625000,112.2500000,C,.0561631,526.6650922,582.2992076,555.1548259
XCME.WY1.06AUG25.112:5.C,.0156250,.0468750,112.5000000,C,.0306498,496.8288864,661.6916141,589.1979036
