Key,BID,ASK,STRIKE,ITYPE,ADJTHEOR,IVBID,IVASK,IVAVERAGE
XCME.ZN.SEP25,111.9531250,111.9687500,INVALID,F,,,,
XCME.VY1.04AUG25.111:5.P,.0156250,.0312500,111.5000000,P,.0309420,505.7095423,618.7734834,566.1641037
XCME.VY1.04AUG25.112:5.C,.0156250,.0312500,112.5000000,C,.0282464,567.3762478,688.3945997,632.2983426
XCME.VY1.04AUG25.110:25.P,INVALID,.0069999,110.2500000,P,.0028362,,1222.4056406,1105.4692109
XCME.VY1.04AUG25.111.P,INVALID,.0069999,111,P,.0046176,,756.1857823,675.6225823
XCME.VY1.04AUG25.110:75.P,INVALID,.0069999,110.7500000,P,.0028570,,915.3047271,821.7992727
XCME.VY1.04AUG25.112.P,.1718750,.2031250,112,P,.1911919,546.0668154,659.1664792,602.6398540
