Key,BID,ASK,STRIKE,ITYPE,ADJTHEOR,IVBID,IVASK,IVAVERAGE
XCME.ZN.SEP25,111.7812500,111.7968750,INVALID,F,,,,
XCME.VY1.04AUG25.112:75.P,.9531250,.9843750,112.7500000,P,.9753997,,354.5708841,
XCME.VY1.04AUG25.111:25.P,.0156250,.0312500,111.2500000,P,.0198650,538.8627256,655.4411542,601.3614386
XCME.VY1.04AUG25.111:5.P,.0468750,.0781250,111.5000000,P,.0634448,501.5921839,639.2328807,572.2280319
XCME.VY1.04AUG25.112:5.C,.0069999,.0156250,112.5000000,C,.0148849,592.0590794,701.1897680,652.3455888
XCME.VY1.04AUG25.110:25.P,INVALID,.0069999,110.2500000,P,.0000548,,1083.0991741,976.4739165
XCME.VY1.04AUG25.111.P,INVALID,.0156250,111,P,.0049212,,726.3167476,627.4921692
XCME.VY1.04AUG25.110:75.P,INVALID,.0069999,110.7500000,P,.0010282,,775.4501266,692.5825744
