Key,BID,ASK,STRIKE,ITYPE,ADJTHEOR,IVBID,IVASK,IVAVERAGE
XCME.ZN.SEP25,112.1093750,112.1250000,INVALID,F,,,,
XCME.VY1.04AUG25.111.P,INVALID,.0069999,111,P,.0046181,,923.3809208,828.2909158
XCME.VY1.04AUG25.110:75.P,INVALID,.0069999,110.7500000,P,.0035661,,1091.8929573,983.3488802
XCME.VY1.04AUG25.112.P,.0937500,.1250000,112,P,.1121953,557.9236606,684.4873209,621.4682025
XCME.VY1.04AUG25.111:5.C,.6250000,.6406250,111.5000000,C,.6311759,626.3345602,779.0587077,710.2386698
XCME.VY1.04AUG25.112:25.C,.0937500,.1250000,112.2500000,C,.1062388,592.1877182,720.2423908,656.5428389
XCME.VY1.04AUG25.110:5.P,INVALID,.0069999,110.5000000,P,.0033102,,1257.1499311,1135.5502828
XCME.VY1.04AUG25.112:5.P,.4218750,.4375000,112.5000000,P,.4320249,620.6371979,711.7790822,667.4679881
