Key,BID,ASK,STRIKE,ITYPE,ADJTHEOR,IVBID,IVASK,IVAVERAGE
XCME.ZN.SEP25,112.0937500,112.1093750,INVALID,F,,,,
XCME.GY1.05AUG25.112:75.C,.0312500,.0468750,112.7500000,C,.0378816,597.1530752,677.0181762,638.6397226
XCME.GY1.05AUG25.112:5.C,.0625000,.0781250,112.5000000,C,.0756821,553.5306381,610.2771678,582.2912369
XCME.GY1.05AUG25.110:5.P,INVALID,.0069999,110.5000000,P,.0043452,,885.1885898,799.4039919
XCME.GY1.05AUG25.110:75.P,INVALID,.0156250,110.7500000,P,.0056599,,887.2587937,782.3284151
XCME.GY1.05AUG25.111:75.P,.0625000,.0937500,111.7500000,P,.0787727,519.8471018,575.2968750,547.9278946
XCME.GY1.05AUG25.112.P,.1562500,.1718750,112,P,.1603229,518.4985103,606.2853130,562.4643396
