Key,BID,ASK,STRIKE,ITYPE,ADJTHEOR,IVBID,IVASK,IVAVERAGE
XCME.ZN.SEP25,112.0468750,112.0625000,INVALID,F,,,,
XCME.WY1.06AUG25.112.P,.2031250,.2343750,112,P,.2090867,518.0214997,588.3958561,553.2185956
XCME.WY1.06AUG25.110:75.C,1.2968750,1.3281250,110.7500000,C,1.3161178,,738.8056014,624.0518491
XCME.WY1.06AUG25.111:5.P,.0468750,.0625000,111.5000000,P,.0549675,500.6467435,555.4616207,528.6880319
XCME.WY1.06AUG25.111.C,1.0468750,1.0781250,111,C,1.0715814,470.4474188,625.9560820,563.8013132
XCME.VY1.04AUG25.111:75.P,.0312500,.0468750,111.7500000,P,.0405865,488.5570136,572.5667777,531.7938846
XCME.VY1.04AUG25.111:75.C,.3281250,.3593750,111.7500000,C,.3487747,282.2451966,512.7839146,418.9067056
