Key,BID,ASK,STRIKE,ITYPE,ADJTHEOR,IVBID,IVASK,IVAVERAGE
XCME.ZN.SEP25,112.1250000,112.1406250,INVALID,F,,,,
XCME.ZN1.01AUG25.110:5.C,1.6093750,1.6406250,110.5000000,C,1.6336249,,,
XCME.ZN1.01AUG25.110:75.C,1.3593750,1.3906250,110.7500000,C,1.3836248,,,
XCME.ZN1.01AUG25.111.P,INVALID,.0069999,111,P,0,,,
XCME.ZN1.01AUG25.113.C,INVALID,.0069999,113,C,.0000037,,1948.3852512,1730.0475873
XCME.ZN1.01AUG25.112:5.C,INVALID,.0069999,112.5000000,C,.0003549,,992.2560574,862.7632249
XCME.ZN1.01AUG25.111:5.C,.6093750,.6406250,111.5000000,C,.6336481,,1524.2138450,1317.6884170
XCME.ZN1.01AUG25.113.P,.8593750,.8906250,113,P,.8663787,,,
