Key,BID,ASK,STRIKE,ITYPE,ADJTHEOR,IVBID,IVASK,IVAVERAGE
XCME.ZN.SEP25,110.9375000,110.9531250,INVALID,F,,,,
XCME.ZN1.01AUG25.111.P,.2500000,.2812500,111,P,.1483908,1167.2368314,1322.9916728,1245.1200101
XCME.ZN1.01AUG25.110:75.C,.3281250,.3593750,110.7500000,C,.2691423,992.4309874,1161.4102259,1077.4680423
