Key,BID,ASK,STRIKE,ITYPE,ADJTHEOR,IVBID,IVASK,IVAVERAGE
XCME.ZN.SEP25,112.0312500,112.0468750,INVALID,F,,,,
XCME.WY1.06AUG25.111:75.C,.3906250,.4218750,111.7500000,C,.4018936,486.3516631,565.7789656,526.4311931
XCME.WY1.06AUG25.113.C,.0156250,.0312500,113,C,.0241297,552.4828934,650.8713717,605.7668356
XCME.WY1.06AUG25.110.P,INVALID,.0069999,110,P,.0040190,,885.6744778,803.4546499
XCME.WY1.06AUG25.110:75.P,.0069999,.0156250,110.7500000,P,.0077941,601.7061258,696.6425315,654.6051214
XCME.WY1.06AUG25.112:25.P,.3437500,.3750000,112.2500000,P,.3561330,500.7481163,575.5686055,538.3199499
XCME.WY1.06AUG25.111:25.C,.8125000,.8281250,111.2500000,C,.8151313,522.5947137,600.6829087,563.7994932
