Key,BID,ASK,STRIKE,ITYPE,ADJTHEOR,IVBID,IVASK,IVAVERAGE
XCME.ZN.SEP25,112.0468750,112.0625000,INVALID,F,,,,
XCME.VY1.04AUG25.111.C,1.0468750,1.0781250,111,C,1.0614467,,1035.6717066,866.9772647
XCME.VY1.04AUG25.110:5.C,1.5468750,1.5625000,110.5000000,C,1.5609941,,1081.0291626,820.6018822
XCME.VY1.04AUG25.110.C,2.0468750,2.0625000,110,C,2.0617791,,1373.5117818,1056.3754173
XCME.VY1.04AUG25.110:75.C,1.2968750,1.3125000,110.7500000,C,1.3108887,,931.3057798,700.6054309
XCME.VY1.04AUG25.110.P,INVALID,.0069999,110,P,.0035916,,1472.1878021,1335.9341075
XCME.VY1.04AUG25.111:25.C,.7968750,.8281250,111.2500000,C,.8138376,,841.4562300,695.3994418
