Key,BID,ASK,STRIKE,ITYPE,ADJTHEOR,IVBID,IVASK,IVAVERAGE
XCME.ZN.SEP25,112.0781250,112.0937500,INVALID,F,,,,
XCME.WY1.06AUG25.111.P,.0069999,.0156250,111,P,.0115107,527.4002077,613.5864870,575.2846135
XCME.WY1.06AUG25.112:25.C,.1562500,.1718750,112.2500000,C,.1613157,514.8995194,551.5832680,533.2646946
XCME.WY1.06AUG25.112:5.C,.0781250,.0937500,112.5000000,C,.0893213,512.8219084,557.7703432,535.5230273
XCME.WY1.06AUG25.111:25.P,.0156250,.0312500,111.2500000,P,.0225739,497.6796205,590.7111705,547.9801055
XCME.WY1.06AUG25.111:75.C,.4218750,.4375000,111.7500000,C,.4364864,474.1646801,517.0188088,495.7697558
XCME.WY1.06AUG25.113.C,.0156250,.0312500,113,C,.0273277,531.0353552,627.9284382,583.5001291
