Key,BID,ASK,STRIKE,ITYPE,ADJTHEOR,IVBID,IVASK,IVAVERAGE
XCME.ZN.SEP25,112.0937500,112.1093750,INVALID,F,,,,
XCME.WY1.06AUG25.112.P,.2031250,.2343750,112,P,.2205843,572.3725769,608.4960927,590.4411525
XCME.WY1.06AUG25.110:75.C,1.3593750,1.3906250,110.7500000,C,1.3696596,648.1591352,901.5612581,799.7403043
XCME.WY1.06AUG25.111:5.P,.0625000,.0781250,111.5000000,P,.0778783,592.9319686,645.7399814,619.7813114
XCME.WY1.06AUG25.111.C,1.1250000,1.1562500,111,C,1.1295762,682.7182889,851.3162406,774.8751634
XCME.GY1.05AUG25.110.P,INVALID,.0069999,110,P,.0042440,,1125.1588394,1021.9020495
XCME.GY1.05AUG25.110:5.C,1.5937500,1.6250000,110.5000000,C,1.6046597,,1147.3694189,1022.1473276
