Key,BID,ASK,STRIKE,ITYPE,ADJTHEOR,IVBID,IVASK,IVAVERAGE
XCME.ZN.SEP25,111.7968750,111.8125000,INVALID,F,,,,
XCME.VY1.04AUG25.111.C,.7968750,.8281250,111,C,.8173132,,805.9580144,665.5543863
XCME.VY1.04AUG25.110:5.C,1.2968750,1.3281250,110.5000000,C,1.3113593,,1170.7631727,988.5660563
XCME.VY1.04AUG25.110.C,1.7968750,1.8281250,110,C,1.8112786,,1515.2305583,1295.5864340
XCME.VY1.04AUG25.110:75.C,1.0468750,1.0781250,110.7500000,C,1.0627330,,991.5998853,829.5945806
XCME.VY1.04AUG25.110.P,INVALID,.0069999,110,P,.0030911,,1263.1053159,1142.9092731
XCME.VY1.04AUG25.111:25.C,.5625000,.5937500,111.2500000,C,.5810088,437.1412393,724.1784391,611.8037059
XCME.VY1.04AUG25.113.P,1.1718750,1.2031250,113,P,1.1957820,,971.1812880,900.3141745
