Key,BID,ASK,STRIKE,ITYPE,ADJTHEOR,IVBID,IVASK,IVAVERAGE
XCME.ZN.SEP25,110.9531250,110.9687500,INVALID,F,,,,
XCME.ZN1.01AUG25.112:5.C,INVALID,.0069999,112.5000000,C,.0000059,,1376.4096128,1241.8115043
XCME.ZN1.01AUG25.112.C,INVALID,.0156250,112,C,.0002259,,1162.8760055,1016.7011984
