Key,BID,ASK,STRIKE,ITYPE,ADJTHEOR,IVBID,IVASK,IVAVERAGE
XCME.ZN.SEP25,110.9843750,111,INVALID,F,,,,
XCME.ZN1.01AUG25.110:5.C,.5312500,.5625000,110.5000000,C,.5031699,847.3531759,1035.5973068,944.9213123
XCME.ZN1.01AUG25.111:75.C,.0156250,.0312500,111.7500000,C,.0033308,858.1215229,1021.5702872,946.3372740
