Key,BID,ASK,STRIKE,ITYPE,ADJTHEOR,IVBID,IVASK,IVAVERAGE
XCME.ZN.SEP25,112.0312500,112.0468750,INVALID,F,,,,
XCME.GY1.05AUG25.111:25.P,.0069999,.0156250,111.2500000,P,.0155277,488.1929935,575.4093612,536.4360702
XCME.GY1.05AUG25.110:25.P,INVALID,.0069999,110.2500000,P,.0033125,,960.1323398,868.7961405
XCME.GY1.05AUG25.111:5.C,.5625000,.5937500,111.5000000,C,.5792644,458.7451970,615.1386982,543.7767367
XCME.GY1.05AUG25.110.C,2.0312500,2.0625000,110,C,2.0458778,,1279.9578838,1099.0024871
XCME.GY1.05AUG25.111:5.P,.0312500,.0468750,111.5000000,P,.0367017,522.1627116,596.3109155,560.5993102
XCME.GY1.05AUG25.110:25.C,1.7812500,1.8125000,110.2500000,C,1.7958750,,894.0938315,682.4015767
XCME.GY1.05AUG25.112:75.C,.0156250,.0312500,112.7500000,C,.0308428,525.6654717,628.7466685,581.2193469
