Key,BID,ASK,STRIKE,ITYPE,ADJTHEOR,IVBID,IVASK,IVAVERAGE
XCME.ZN.SEP25,111.7656250,111.7812500,INVALID,F,,,,
XCME.VY1.04AUG25.112:75.P,.9375000,.9687500,112.7500000,P,.9488350,800.0327898,1097.2328863,970.8528298
XCME.VY1.04AUG25.111:25.P,.0156250,.0312500,111.2500000,P,.0225451,571.7358613,692.3821333,636.5234990
XCME.VY1.04AUG25.111:5.P,.0468750,.0625000,111.5000000,P,.0605048,546.2446941,688.3963981,619.3770495
XCME.VY1.04AUG25.112:5.C,.0069999,.0156250,112.5000000,C,.0157253,565.3275154,670.8770815,623.5979202
XCME.VY1.04AUG25.110:25.P,INVALID,.0069999,110.2500000,P,.0027502,,1108.7710278,1000.1625690
XCME.VY1.04AUG25.111.P,INVALID,.0156250,111,P,.0087669,,757.7108178,656.0324096
