Key,BID,ASK,STRIKE,ITYPE,ADJTHEOR,IVBID,IVASK,IVAVERAGE
XCME.ZN.SEP25,110.9687500,110.9843750,INVALID,F,,,,
XCME.ZN1.01AUG25.110.P,.0069999,.0156250,110,P,.0002947,915.2024286,1069.6821128,1000.7910162
XCME.ZN1.01AUG25.110:75.P,.1250000,.1562500,110.7500000,P,.0689525,925.0354132,1070.9586395,998.3353060
