Key,BID,ASK,STRIKE,ITYPE,ADJTHEOR,IVBID,IVASK,IVAVERAGE
XCME.ZN.SEP25,112.0468750,112.0625000,INVALID,F,,,,
XCME.GY1.05AUG25.111:25.P,.0069999,.0156250,111.2500000,P,.0150921,495.3245742,583.8181815,544.2865484
XCME.GY1.05AUG25.110:25.P,INVALID,.0069999,110.2500000,P,.0033768,,972.1219188,879.9570360
XCME.GY1.05AUG25.111:5.C,.5781250,.5937500,111.5000000,C,.5863029,509.1601176,587.7391966,550.1491220
XCME.GY1.05AUG25.110.C,2.0468750,2.0625000,110,C,2.0545908,,1170.8983503,1094.5854269
XCME.GY1.05AUG25.111:5.P,.0156250,.0468750,111.5000000,P,.0351156,439.3833040,607.4219500,532.2917024
XCME.GY1.05AUG25.110:25.C,1.7968750,1.8125000,110.2500000,C,1.8045643,,1051.0294397,980.5948079
