Key,BID,ASK,STRIKE,ITYPE,ADJTHEOR,IVBID,IVASK,IVAVERAGE
XCME.ZN.SEP25,112.0937500,112.1093750,INVALID,F,,,,
XCME.WY1.06AUG25.110:5.P,.0069999,.0156250,110.5000000,P,.0109410,736.8973493,846.1300538,797.8539210
XCME.WY1.06AUG25.110:25.C,1.8437500,1.8750000,110.2500000,C,1.8788450,,774.7558430,594.2395886
XCME.WY1.06AUG25.112:5.P,.5000000,.5312500,112.5000000,P,.5070615,610.5471104,692.1502838,651.7055966
XCME.WY1.06AUG25.111:5.C,.6562500,.6875000,111.5000000,C,.6940437,497.8362229,616.4050916,560.3368249
XCME.WY1.06AUG25.110:25.P,.0069999,.0156250,110.2500000,P,.0081575,831.3587782,950.8568101,898.1373393
XCME.WY1.06AUG25.111:75.P,.1250000,.1406250,111.7500000,P,.1280827,614.8907837,655.7259968,635.4019445
