Key,BID,ASK,STRIKE,ITYPE,ADJTHEOR,IVBID,IVASK,IVAVERAGE
XCME.ZN.SEP25,112,112.0156250,INVALID,F,,,,
XCME.ZN1.01AUG25.112:25.P,.2343750,.2656250,112.2500000,P,.2810230,,.9900000,
XCME.ZN1.01AUG25.111.C,1,1.0312500,111,C,.9847999,1813.1841095,,
XCME.ZN1.01AUG25.112.C,.0781250,.1093750,112,C,.0784588,621.9623919,849.1674790,735.5988699
XCME.VY1.04AUG25.111:75.P,.0468750,.0625000,111.7500000,P,.0608734,489.2231884,560.3117561,525.3044436
XCME.VY1.04AUG25.111:75.C,.2968750,.3125000,111.7500000,C,.3022491,528.9940896,664.3233072,597.9917138
XCME.VY1.04AUG25.112:75.P,.7343750,.7656250,112.7500000,P,.7702308,,623.6440086,541.5241915
XCME.VY1.04AUG25.111:25.P,INVALID,.0069999,111.2500000,P,.0074987,,618.9508270,548.9919633
