Key,BID,ASK,STRIKE,ITYPE,ADJTHEOR,IVBID,IVASK,IVAVERAGE
XCME.ZN.SEP25,112.1093750,112.1250000,INVALID,F,,,,
XCME.VY1.04AUG25.111.C,1.1093750,1.1406250,111,C,1.1181559,,1191.5701770,1050.0596128
XCME.VY1.04AUG25.110:5.C,1.6093750,1.6250000,110.5000000,C,1.6169189,,1339.1731228,1247.8895057
XCME.VY1.04AUG25.110.C,2.0937500,2.1250000,110,C,2.1171810,,1674.6019504,1566.2980007
XCME.VY1.04AUG25.110:75.C,1.3593750,1.3906250,110.7500000,C,1.3671429,,1391.4861992,1233.8684012
XCME.VY1.04AUG25.110.P,INVALID,.0069999,110,P,.0034935,,1553.0884838,1410.5661458
XCME.VY1.04AUG25.111:25.C,.8593750,.8906250,111.2500000,C,.8717734,,979.2306699,853.7099951
