Key,BID,ASK,STRIKE,ITYPE,ADJTHEOR,IVBID,IVASK,IVAVERAGE
XCME.ZN.SEP25,112.0312500,112.0468750,INVALID,F,,,,
XCME.GY1.05AUG25.113.P,.9531250,.9843750,113,P,.9745289,,736.5033305,632.7840044
XCME.GY1.05AUG25.112:75.P,.7187500,.7500000,112.7500000,P,.7377525,457.3357998,677.3772777,586.5120273
XCME.GY1.05AUG25.110:75.C,1.2812500,1.3125000,110.7500000,C,1.2936614,,922.6776532,801.1431644
XCME.GY1.05AUG25.112:25.P,.3125000,.3281250,112.2500000,P,.3259535,515.8061038,608.8108723,562.6324974
XCME.GY1.05AUG25.113.C,.0069999,.0156250,113,C,.0135914,574.3702680,671.6732597,628.3397766
XCME.GY1.05AUG25.111.P,.0069999,.0156250,111,P,.0075655,611.5236802,713.5843562,668.2040049
XCME.GY1.05AUG25.112.C,.2031250,.2343750,112,C,.2194151,500.4040971,586.1534557,543.2892542
