Key,BID,ASK,STRIKE,ITYPE,ADJTHEOR,IVBID,IVASK,IVAVERAGE
XCME.ZN.SEP25,112.0937500,112.1093750,INVALID,F,,,,
XCME.GY1.05AUG25.110:5.P,INVALID,.0156250,110.5000000,P,.0062204,,1029.0814352,911.7183624
XCME.GY1.05AUG25.110:75.P,.0069999,.0156250,110.7500000,P,.0087885,777.2823934,897.6982906,844.3371379
XCME.GY1.05AUG25.111:75.P,.0781250,.1093750,111.7500000,P,.0958910,580.2171296,685.9175564,633.9162343
XCME.GY1.05AUG25.112.P,.1718750,.1875000,112,P,.1805358,610.4773268,654.7509738,632.6265855
XCME.VY1.04AUG25.111:75.P,.0312500,.0468750,111.7500000,P,.0447457,562.2526626,654.9277381,610.0406075
XCME.VY1.04AUG25.111:75.C,.3750000,.4062500,111.7500000,C,.3998093,484.7108234,678.7574028,589.0627667
