Key,BID,ASK,STRIKE,ITYPE,ADJTHEOR,IVBID,IVASK,IVAVERAGE
XCME.ZN.SEP25,112.1875000,112.2031250,INVALID,F,,,,
XCME.GY1.05AUG25.110.P,INVALID,.0069999,110,P,.0039821,,1173.8473151,1066.2285905
XCME.GY1.05AUG25.110:5.C,1.6875000,1.7187500,110.5000000,C,1.6970143,,1206.1294491,1076.0442944
XCME.GY1.05AUG25.111.C,1.1875000,1.2187500,111,C,1.2016316,,919.1284087,811.3568315
XCME.GY1.05AUG25.112:25.C,.1718750,.2031250,112.2500000,C,.1852003,559.8240762,647.9769447,603.9193472
XCME.GY1.05AUG25.111:25.C,.9375000,.9687500,111.2500000,C,.9585835,,766.6688432,670.4379124
XCME.GY1.05AUG25.111:75.C,.4843750,.5156250,111.7500000,C,.5053450,520.3455443,646.2095932,585.7216056
XCME.GY1.05AUG25.112:5.P,.3906250,.4218750,112.5000000,P,.4088383,560.4355111,663.2826738,612.5503059
