Key,BID,ASK,STRIKE,ITYPE,ADJTHEOR,IVBID,IVASK,IVAVERAGE
XCME.ZN.SEP25,112.0312500,112.0468750,INVALID,F,,,,
XCME.VY1.04AUG25.112.C,.1562500,.1718750,112,C,.1653139,506.4433365,565.0481822,535.7552725
XCME.VY1.04AUG25.112:75.C,.0069999,.0156250,112.7500000,C,.0100738,610.2799848,723.1254331,672.6006258
XCME.VY1.04AUG25.110:25.C,1.7812500,1.7968750,110.2500000,C,1.7921967,,1336.3294587,1206.6302827
XCME.WY1.06AUG25.110.C,2.0312500,2.0468750,110,C,2.0430429,,898.9669092,813.8500448
XCME.WY1.06AUG25.113.P,.9687500,1.0156250,113,P,.9888538,480.9837768,760.8423094,649.7170194
XCME.WY1.06AUG25.112:75.C,.0312500,.0468750,112.7500000,C,.0486222,520.8629181,588.7295117,556.1614817
XCME.WY1.06AUG25.112.C,.2500000,.2656250,112,C,.2572330,516.4381730,551.6068639,534.0237610
