Key,BID,ASK,STRIKE,ITYPE,ADJTHEOR,IVBID,IVASK,IVAVERAGE
XCME.ZN.SEP25,110.9218750,110.9375000,INVALID,F,,,,
XCME.ZN1.01AUG25.110:25.C,.6875000,.7187500,110.2500000,C,.6805847,874.4731791,1300.9562719,1124.4689548
XCME.ZN1.01AUG25.112:75.C,INVALID,.0069999,112.7500000,C,0,,1936.7083391,1752.8297616
