Key,BID,ASK,STRIKE,ITYPE,ADJTHEOR,IVBID,IVASK,IVAVERAGE
XCME.ZN.SEP25,111.9531250,111.9687500,INVALID,F,,,,
XCME.WY1.06AUG25.110:75.C,1.2031250,1.2343750,110.7500000,C,1.2190226,,806.4430627,684.5749398
XCME.WY1.06AUG25.111:5.P,.0625000,.0781250,111.5000000,P,.0744881,488.8792487,581.6621706,536.4412489
XCME.WY1.06AUG25.111.C,.9687500,.9843750,111,C,.9764266,474.5727422,680.8509547,596.7582401
XCME.ZN1.01AUG25.112:75.C,INVALID,.0069999,112.7500000,C,.0049800,,1235.9784604,1094.7235766
XCME.ZN1.01AUG25.110:25.C,1.7031250,1.7343750,110.2500000,C,,,,
XCME.ZN1.01AUG25.110:25.P,INVALID,.0069999,110.2500000,P,,,,
XCME.ZN1.01AUG25.110:75.P,INVALID,.0069999,110.7500000,P,.0029068,,1776.7727870,1595.2727687
