Key,BID,ASK,STRIKE,ITYPE,ADJTHEOR,IVBID,IVASK,IVAVERAGE
XCME.ZN.SEP25,112.1093750,112.1250000,INVALID,F,,,,
XCME.GY1.05AUG25.112:5.C,.0781250,.1093750,112.5000000,C,.0950094,603.0086090,709.7690222,657.2799311
XCME.GY1.05AUG25.110:5.P,INVALID,.0156250,110.5000000,P,.0059737,,1036.6096190,918.6871856
XCME.GY1.05AUG25.110:75.P,.0069999,.0156250,110.7500000,P,.0082709,784.6969914,905.8083132,852.1464065
XCME.GY1.05AUG25.111:75.P,.0781250,.0937500,111.7500000,P,.0883693,596.2097213,650.3532220,623.5389605
XCME.GY1.05AUG25.112.P,.1562500,.1875000,112,P,.1692789,588.1046729,677.0179930,632.6325621
XCME.VY1.04AUG25.111:75.P,.0312500,.0468750,111.7500000,P,.0407597,575.6809060,669.0581602,623.8594323
XCME.VY1.04AUG25.111:75.C,.3906250,.4218750,111.7500000,C,.4114479,497.3201468,693.0407877,602.7113731
