Key,BID,ASK,STRIKE,ITYPE,ADJTHEOR,IVBID,IVASK,IVAVERAGE
XCME.ZN.SEP25,110.9531250,110.9687500,INVALID,F,,,,
XCME.ZN1.01AUG25.110.P,INVALID,.0156250,110,P,.0000646,,1196.6449201,1044.2411356
XCME.ZN1.01AUG25.110:75.P,.1406250,.1562500,110.7500000,P,.0547953,1120.9897333,1202.0803515,1161.6197823
