Key,BID,ASK,STRIKE,ITYPE,ADJTHEOR,IVBID,IVASK,IVAVERAGE
XCME.ZN.SEP25,110.9218750,110.9375000,INVALID,F,,,,
XCME.ZN1.01AUG25.111.P,.2656250,.2812500,111,P,.1636960,1214.6459958,1298.9853839,1256.8267286
XCME.ZN1.01AUG25.110:75.C,.3125000,.3437500,110.7500000,C,.2299617,1139.9779046,1315.4544277,1228.0118828
