Key,BID,ASK,STRIKE,ITYPE,ADJTHEOR,IVBID,IVASK,IVAVERAGE
XCME.ZN.SEP25,111.0781250,111.0937500,INVALID,F,,,,
XCME.ZN1.01AUG25.111.C,.2812500,.2968750,111,C,.2188702,899.1445166,959.3204145,929.2420377
XCME.ZN1.01AUG25.111:25.P,.3281250,.3437500,111.2500000,P,.2671772,904.1972488,965.9420445,935.1057117
