Key,BID,ASK,STRIKE,ITYPE,ADJTHEOR,IVBID,IVASK,IVAVERAGE
XCME.ZN.SEP25,110.9375000,110.9531250,INVALID,F,,,,
XCME.ZN1.01AUG25.112:5.C,INVALID,.0069999,112.5000000,C,.0,,1629.1765331,1469.7497479
XCME.ZN1.01AUG25.112.C,INVALID,.0156250,112,C,.0000279,,1376.3743356,1203.3468920
