Key,BID,ASK,STRIKE,ITYPE,ADJTHEOR,IVBID,IVASK,IVAVERAGE
XCME.ZN.SEP25,110.9531250,110.9687500,INVALID,F,,,,
XCME.ZN1.01AUG25.110:25.C,.7031250,.7343750,110.2500000,C,.7080625,,1212.0573018,1048.9107766
XCME.ZN1.01AUG25.112:75.C,INVALID,.0069999,112.7500000,C,0,,1934.4180778,1749.7905234
