Key,BID,ASK,STRIKE,ITYPE,ADJTHEOR,IVBID,IVASK,IVAVERAGE
XCME.ZN.SEP25,111.0156250,111.0312500,INVALID,F,,,,
XCME.ZN1.01AUG25.113.C,INVALID,.0069999,113,C,.0000082,,1485.5071141,1346.9133244
XCME.ZN1.01AUG25.111:5.C,.0625000,.0781250,111.5000000,C,.0257158,880.2354133,964.2545731,922.8799277
