Key,BID,ASK,STRIKE,ITYPE,ADJTHEOR,IVBID,IVASK,IVAVERAGE
XCME.ZN.SEP25,112.0625000,112.0781250,INVALID,F,,,,
XCME.ZN1.01AUG25.112:75.P,.6718750,.6875000,112.7500000,P,.6797121,,1449.2179331,1277.8031561
XCME.ZN1.01AUG25.111:5.P,INVALID,.0069999,111.5000000,P,.0000546,,1230.0449831,1082.9008258
XCME.ZN1.01AUG25.111:25.P,INVALID,.0069999,111.2500000,P,.0000091,,1642.9025971,1459.4068389
XCME.ZN1.01AUG25.112:5.P,.4218750,.4375000,112.5000000,P,.4299762,,1004.5361343,871.7086081
XCME.ZN1.01AUG25.110.C,2.0625000,2.0781250,110,C,2.0703124,,,
XCME.ZN1.01AUG25.112.P,.0156250,.0312500,112,P,.0254830,372.7459372,536.2912270,456.8234449
XCME.ZN1.01AUG25.112:25.C,INVALID,.0156250,112.2500000,C,.0066088,,650.5532640,523.0660113
