Key,BID,ASK,STRIKE,ITYPE,ADJTHEOR,IVBID,IVASK,IVAVERAGE
XCME.ZN.SEP25,110.8281250,110.8437500,INVALID,F,,,,
XCME.ZN1.01AUG25.112:5.C,INVALID,.0069999,112.5000000,C,0,,,1911.6827661
XCME.ZN1.01AUG25.111:5.C,.0156250,.0312500,111.5000000,C,.0003677,1171.7281482,1406.5074218,1298.1312209
XCME.ZN1.01AUG25.113.P,2.1562500,2.1875000,113,P,2.1597500,,,
XCME.ZN1.01AUG25.112:25.P,1.4062500,1.4375000,112.2500000,P,1.4097499,,,
XCME.ZN1.01AUG25.111.C,.1250000,.1562500,111,C,.0423550,1348.4179700,1452.6188831,1400.6008979
XCME.ZN1.01AUG25.112.C,INVALID,.0069999,112,C,0,,1568.9127417,1408.6746162
