Key,BID,ASK,STRIKE,ITYPE,ADJTHEOR,IVBID,IVASK,IVAVERAGE
XCME.ZN.SEP25,110.8906250,110.9062500,INVALID,F,,,,
XCME.ZN1.01AUG25.110.P,INVALID,.0156250,110,P,.0000099,,1440.3433119,1253.1494113
XCME.ZN1.01AUG25.110:75.P,.1406250,.1562500,110.7500000,P,.0438195,1303.5813651,1502.0488532,1403.1112876
