Key,BID,ASK,STRIKE,ITYPE,ADJTHEOR,IVBID,IVASK,IVAVERAGE
XCME.ZN.SEP25,110.9218750,110.9375000,INVALID,F,,,,
XCME.ZN1.01AUG25.110.P,.0069999,.0156250,110,P,.0010971,803.2773577,939.6110818,878.7794864
XCME.ZN1.01AUG25.110:75.P,.1406250,.1562500,110.7500000,P,.0894255,868.3937429,932.5367919,900.5272723
