Key,BID,ASK,STRIKE,ITYPE,ADJTHEOR,IVBID,IVASK,IVAVERAGE
XCME.ZN.SEP25,112.1093750,112.1250000,INVALID,F,,,,
XCME.WY1.06AUG25.113.C,.0312500,.0625000,113,C,.0431178,615.6836837,756.7806805,691.1385148
XCME.WY1.06AUG25.110.P,INVALID,.0156250,110,P,.0078602,,1057.6622843,943.5406847
XCME.WY1.06AUG25.110:75.P,.0069999,.0312500,110.7500000,P,.0154268,642.8710378,861.4237650,772.9632710
XCME.WY1.06AUG25.112:25.P,.3281250,.3593750,112.2500000,P,.3396328,588.8708324,625.1633935,607.0272552
XCME.WY1.06AUG25.111:25.C,.8906250,.9218750,111.2500000,C,.9105601,544.7680408,704.3784993,632.6021146
XCME.WY1.06AUG25.110:5.P,.0069999,.0156250,110.5000000,P,.0113583,739.6663593,849.3112654,800.8134812
XCME.WY1.06AUG25.110:25.C,1.8593750,1.8906250,110.2500000,C,1.8798310,,999.0694355,855.7025145
