Key,BID,ASK,STRIKE,ITYPE,ADJTHEOR,IVBID,IVASK,IVAVERAGE
XCME.ZN.SEP25,112.0312500,112.0468750,INVALID,F,,,,
XCME.GY1.05AUG25.112:5.C,.0468750,.0625000,112.5000000,C,.0534256,552.6316394,616.2219209,585.1162652
XCME.GY1.05AUG25.110:5.P,INVALID,.0069999,110.5000000,P,.0038516,,837.2245975,755.0717577
XCME.GY1.05AUG25.110:75.P,INVALID,.0069999,110.7500000,P,.0050318,,720.2167253,646.7764967
XCME.GY1.05AUG25.111:75.P,.0781250,.0937500,111.7500000,P,.0889686,497.3535961,547.2755386,522.5026605
XCME.GY1.05AUG25.112.P,.1718750,.1875000,112,P,.1863593,495.5751269,538.2360476,516.9063563
XCME.WY1.06AUG25.110.C,2.0156250,2.0468750,110,C,2.0239649,,1113.1251458,997.7265024
XCME.WY1.06AUG25.113.P,.9843750,1.0156250,113,P,1.0037463,,592.3557301,494.6391340
