Key,BID,ASK,STRIKE,ITYPE,ADJTHEOR,IVBID,IVASK,IVAVERAGE
XCME.ZN.SEP25,110.9062500,110.9218750,INVALID,F,,,,
XCME.ZN1.01AUG25.110.P,.0069999,.0156250,110,P,.0000933,,1222.9498128,1063.8734300
XCME.ZN1.01AUG25.110:75.P,.1406250,.1718750,110.7500000,P,.0607710,1102.9382716,1187.5858396,1145.3310346
