Key,BID,ASK,STRIKE,ITYPE,ADJTHEOR,IVBID,IVASK,IVAVERAGE
XCME.ZN.SEP25,112.0781250,112.0937500,INVALID,F,,,,
XCME.WY1.06AUG25.112.P,.2031250,.2187500,112,P,.1992165,574.8544791,610.7008311,592.7852056
XCME.WY1.06AUG25.110:75.C,1.3437500,1.3750000,110.7500000,C,1.3732097,,731.7302861,579.5202498
XCME.WY1.06AUG25.111:5.P,.0468750,.0781250,111.5000000,P,.0623423,535.3199900,644.7791460,592.2573855
XCME.WY1.06AUG25.111.C,1.1093750,1.1406250,111,C,1.1307456,241.3657346,622.4952432,545.7398007
XCME.ZN1.01AUG25.112:75.C,INVALID,.0069999,112.7500000,C,.0000781,,1401.8288021,1238.5277818
XCME.ZN1.01AUG25.110:25.C,1.8437500,1.8593750,110.2500000,C,1.8558750,,,
