Key,BID,ASK,STRIKE,ITYPE,ADJTHEOR,IVBID,IVASK,IVAVERAGE
XCME.ZN.SEP25,112.1406250,112.1562500,INVALID,F,,,,
XCME.VY1.04AUG25.111.C,1.1406250,1.1718750,111,C,1.1497121,,1243.2263879,1096.3352864
XCME.VY1.04AUG25.110:5.C,1.6406250,1.6718750,110.5000000,C,1.6483449,,1644.9816855,1466.6280586
XCME.VY1.04AUG25.110.C,2.1406250,2.1718750,110,C,2.1484029,,,1822.0207269
XCME.VY1.04AUG25.110:75.C,1.3906250,1.4218750,110.7500000,C,1.3986750,,1446.7946335,1283.6860477
XCME.VY1.04AUG25.110.P,INVALID,.0069999,110,P,.0034654,,1606.7833808,1459.3603790
XCME.VY1.04AUG25.111:25.C,.8906250,.9218750,111.2500000,C,.9030412,,1027.3370240,896.5938960
XCME.VY1.04AUG25.113.P,.8437500,.8750000,113,P,.8661190,,921.1059925,761.0326727
