Key,BID,ASK,STRIKE,ITYPE,ADJTHEOR,IVBID,IVASK,IVAVERAGE
XCME.ZN.SEP25,110.9375000,110.9531250,INVALID,F,,,,
XCME.ZN1.01AUG25.110:5.C,.5000000,.5312500,110.5000000,C,.4582182,934.9024675,1116.0725761,1027.7153115
XCME.ZN1.01AUG25.111:75.C,.0156250,.0312500,111.7500000,C,.0016605,945.0230436,1121.8583849,1040.5775975
