Key,BID,ASK,STRIKE,ITYPE,ADJTHEOR,IVBID,IVASK,IVAVERAGE
XCME.ZN.SEP25,111.9687500,111.9843750,INVALID,F,,,,
XCME.ZN1.01AUG25.113.P,1.0156250,1.0312500,113,P,1.0234801,,1705.0304787,1522.6746835
XCME.ZN1.01AUG25.112:25.P,.2656250,.2968750,112.2500000,P,.2796563,,831.8117034,669.7149763
XCME.ZN1.01AUG25.111.C,.9687500,.9843750,111,C,.9766834,,1635.8319220,1456.9859881
XCME.ZN1.01AUG25.112.C,.0468750,.0781250,112,C,.0590117,436.6664792,674.6169120,555.8595332
XCME.VY1.04AUG25.111:75.P,.0468750,.0625000,111.7500000,P,.0623759,480.9292058,552.0366697,517.0073715
XCME.VY1.04AUG25.111:75.C,.2812500,.2968750,111.7500000,C,.2924381,500.9899639,571.0120166,536.4544363
