Key,BID,ASK,STRIKE,ITYPE,ADJTHEOR,IVBID,IVASK,IVAVERAGE
XCME.ZN.SEP25,110.9531250,110.9687500,INVALID,F,,,,
XCME.ZN1.01AUG25.111.C,.2031250,.2343750,111,C,.1193390,1067.1483623,1218.6972383,1142.9319269
XCME.ZN1.01AUG25.111:25.P,.3906250,.4218750,111.2500000,P,.3235630,1059.3763502,1229.3745340,1145.1117520
