Key,BID,ASK,STRIKE,ITYPE,ADJTHEOR,IVBID,IVASK,IVAVERAGE
XCME.ZN.SEP25,111.9062500,111.9218750,INVALID,F,,,,
XCME.VY1.04AUG25.111:75.P,.0625000,.0781250,111.7500000,P,.0719569,509.6664088,575.6780731,542.9528871
XCME.VY1.04AUG25.111:75.C,.2343750,.2656250,111.7500000,C,.2672692,404.6612666,542.9543336,475.6758552
XCME.VY1.04AUG25.112:75.P,.7968750,.8281250,112.7500000,P,.8130993,,859.6420298,731.1683868
XCME.VY1.04AUG25.111:25.P,.0069999,.0156250,111.2500000,P,.0096348,591.9040042,701.6989387,652.5450963
XCME.VY1.04AUG25.111:5.P,.0156250,.0312500,111.5000000,P,.0254584,502.4286203,616.1374454,563.1983146
XCME.VY1.04AUG25.112:5.C,.0069999,.0312500,112.5000000,C,.0181471,493.2439737,715.8308961,622.5239195
XCME.VY1.04AUG25.110:25.P,INVALID,.0069999,110.2500000,P,.0030331,,1236.7220436,1118.4666528
