Key,BID,ASK,STRIKE,ITYPE,ADJTHEOR,IVBID,IVASK,IVAVERAGE
XCME.ZN.SEP25,112.1406250,112.1562500,INVALID,F,,,,
XCME.VY1.04AUG25.111.P,INVALID,.0069999,111,P,.0045873,,951.5625927,853.9725639
XCME.VY1.04AUG25.110:75.P,INVALID,.0069999,110.7500000,P,.0036256,,1120.5825517,1009.6539388
XCME.VY1.04AUG25.112.P,.0781250,.1093750,112,P,.0972723,547.5071534,678.7684055,613.6449283
XCME.VY1.04AUG25.111:5.C,.6562500,.6718750,111.5000000,C,.6639284,608.0368979,784.3247571,707.7067532
XCME.VY1.04AUG25.112:25.C,.1093750,.1250000,112.2500000,C,.1161692,605.4862338,668.4888911,637.0350335
XCME.VY1.04AUG25.110:5.P,INVALID,.0069999,110.5000000,P,.0033594,,1286.3592908,1162.4960703
XCME.VY1.04AUG25.112:5.P,.3906250,.4218750,112.5000000,P,.4008702,608.3858076,776.0951756,695.4426737
