Key,BID,ASK,STRIKE,ITYPE,ADJTHEOR,IVBID,IVASK,IVAVERAGE
XCME.ZN.SEP25,110.8281250,110.8437500,INVALID,F,,,,
XCME.ZN1.01AUG25.112:5.C,INVALID,.0069999,112.5000000,C,0,,1902.9387984,1721.1867789
XCME.ZN1.01AUG25.112.C,INVALID,.0069999,112,C,0,,1411.3869826,1266.8815361
