Key,BID,ASK,STRIKE,ITYPE,ADJTHEOR,IVBID,IVASK,IVAVERAGE
XCME.ZN.SEP25,111.9531250,111.9687500,INVALID,F,,,,
XCME.ZN1.01AUG25.112:5.C,INVALID,.0069999,112.5000000,C,.0006227,,1008.7313566,886.1132329
XCME.ZN1.01AUG25.111:5.C,.4531250,.4687500,111.5000000,C,.4522262,779.2166072,1110.4614390,973.4866869
XCME.ZN1.01AUG25.113.P,1.0312500,1.0625000,113,P,1.0512721,,1863.4716481,1724.8908729
XCME.ZN1.01AUG25.112:25.P,.2812500,.3125000,112.2500000,P,.3061851,,710.8774584,637.9085430
XCME.ZN1.01AUG25.111.C,.9531250,.9687500,111,C,.9490664,1448.0426573,1937.0273081,1740.6140607
XCME.ZN1.01AUG25.112.C,.0468750,.0625000,112,C,.0505734,524.6253945,646.8031030,585.9382003
