Key,BID,ASK,STRIKE,ITYPE,ADJTHEOR,IVBID,IVASK,IVAVERAGE
XCME.ZN.SEP25,112.1250000,112.1406250,INVALID,F,,,,
XCME.ZN1.01AUG25.113.P,.8593750,.8750000,113,P,.8671979,,1922.1235169,1701.1949433
XCME.ZN1.01AUG25.112:25.P,.1250000,.1406250,112.2500000,P,.1324831,427.4041454,651.6353528,548.1180541
XCME.ZN1.01AUG25.111.C,1.1250000,1.1562500,111,C,1.1328084,,,
XCME.ZN1.01AUG25.112.C,.1250000,.1562500,112,C,.1454581,,698.5888335,532.3721993
XCME.WY1.06AUG25.110.C,2.1250000,2.1562500,110,C,2.1394159,,1143.6619237,1009.2326242
XCME.WY1.06AUG25.113.P,.9062500,.9218750,113,P,.9157078,646.9232576,716.2630522,682.7683992
