Key,BID,ASK,STRIKE,ITYPE,ADJTHEOR,IVBID,IVASK,IVAVERAGE
XCME.ZN.SEP25,110.9531250,110.9687500,INVALID,F,,,,
XCME.ZN1.01AUG25.112:25.P,1.2812500,1.3125000,112.2500000,P,1.2968999,,1383.8151921,1091.1803652
XCME.ZN1.01AUG25.113.P,2.0312500,2.0625000,113,P,2.0468753,,,1616.8638066
