Key,BID,ASK,STRIKE,ITYPE,ADJTHEOR,IVBID,IVASK,IVAVERAGE
XCME.ZN.SEP25,112.0937500,112.1093750,INVALID,F,,,,
XCME.ZN1.01AUG25.112:5.P,.3906250,.4062500,112.5000000,P,.4022753,844.4740803,1215.9421926,1061.3729747
XCME.ZN1.01AUG25.110.C,2.0937500,2.1093750,110,C,2.0980625,,,
XCME.ZN1.01AUG25.112.P,.0069999,.0312500,112,P,.0189572,332.0669344,622.1577990,489.5964035
XCME.ZN1.01AUG25.112:25.C,.0069999,.0156250,112.2500000,C,.0097069,450.4954719,584.5697994,522.2390599
XCME.ZN1.01AUG25.111:25.C,.8281250,.8593750,111.2500000,C,.8480710,,1847.3971700,1700.0635331
XCME.ZN1.01AUG25.111:75.C,.3281250,.3593750,111.7500000,C,.3489938,,929.6443287,836.2640610
