Key,BID,ASK,STRIKE,ITYPE,ADJTHEOR,IVBID,IVASK,IVAVERAGE
XCME.ZN.SEP25,111.9375000,111.9531250,INVALID,F,,,,
XCME.GY1.05AUG25.111:25.C,.7031250,.7343750,111.2500000,C,.7067087,534.8257211,629.0321600,584.9733815
XCME.GY1.05AUG25.111:75.C,.2968750,.3281250,111.7500000,C,.3050227,515.2330262,605.0936121,560.3907195
XCME.GY1.05AUG25.112:5.P,.5937500,.6250000,112.5000000,P,.6119238,514.9412993,660.2096505,592.4085664
XCME.GY1.05AUG25.113.P,1.0625000,1.0937500,113,P,1.0797776,,818.9809629,683.3151538
XCME.GY1.05AUG25.112:75.P,.8125000,.8437500,112.7500000,P,.8407091,547.3693203,667.1800907,613.2897124
XCME.GY1.05AUG25.110:75.C,1.1875000,1.2031250,110.7500000,C,1.1896921,604.5289281,815.1890234,777.2409152
