Key,BID,ASK,STRIKE,ITYPE,ADJTHEOR,IVBID,IVASK,IVAVERAGE
XCME.ZN.SEP25,111.9843750,112,INVALID,F,,,,
XCME.WY1.06AUG25.112:5.P,.5781250,.6093750,112.5000000,P,.5966135,542.1570739,634.7894655,589.5351258
XCME.WY1.06AUG25.111:5.C,.5468750,.5781250,111.5000000,C,.5645468,482.2222370,579.1869563,532.1942074
XCME.WY1.06AUG25.110:25.P,INVALID,.0069999,110.2500000,P,.0042537,,762.4512651,689.4748700
XCME.WY1.06AUG25.111:75.P,.1406250,.1562500,111.7500000,P,.1447995,499.7247077,574.6439592,537.3923948
XCME.WY1.06AUG25.112:75.P,.7968750,.8281250,112.7500000,P,.8090783,571.5526845,692.9989899,635.5056970
XCME.WY1.06AUG25.110:5.C,1.4843750,1.5156250,110.5000000,C,1.4975510,,837.2083210,730.5054540
