Key,BID,ASK,STRIKE,ITYPE,ADJTHEOR,IVBID,IVASK,IVAVERAGE
XCME.ZN.SEP25,112.2031250,112.2187500,INVALID,F,,,,
XCME.WY1.06AUG25.113.C,.0312500,.0468750,113,C,.0523340,569.3660459,641.7331628,607.0577625
XCME.WY1.06AUG25.110.P,INVALID,.0156250,110,P,.0054207,,1101.7010557,984.1297406
XCME.WY1.06AUG25.110:75.P,.0069999,.0156250,110.7500000,P,.0094208,682.2092716,786.3955169,740.3040351
XCME.WY1.06AUG25.112:25.P,.2656250,.2812500,112.2500000,P,.2689279,567.2723942,603.1495357,585.2118166
XCME.WY1.06AUG25.111:25.C,.9687500,.9843750,111.2500000,C,.9878457,,593.7312385,493.8300006
XCME.WY1.06AUG25.110:5.P,INVALID,.0156250,110.5000000,P,.0072482,,893.4745649,792.5850698
XCME.WY1.06AUG25.110:25.C,1.9531250,1.9687500,110.2500000,C,1.9705286,,815.2269836,625.4175209
