Key,BID,ASK,STRIKE,ITYPE,ADJTHEOR,IVBID,IVASK,IVAVERAGE
XCME.ZN.SEP25,111.7968750,111.8125000,INVALID,F,,,,
XCME.VY1.04AUG25.112:75.P,.9531250,.9843750,112.7500000,P,.9558359,678.5281587,1049.3617958,908.3088721
XCME.VY1.04AUG25.111:25.P,.0156250,.0312500,111.2500000,P,.0248891,566.3437120,686.3330567,630.7578600
XCME.VY1.04AUG25.111:5.P,.0468750,.0781250,111.5000000,P,.0664734,538.9760433,680.4047391,611.7069860
XCME.VY1.04AUG25.112:5.C,.0069999,.0156250,112.5000000,C,.0163329,569.9929029,676.0801266,628.5451057
XCME.VY1.04AUG25.110:25.P,INVALID,.0069999,110.2500000,P,.0027203,,1104.5843961,996.2633582
XCME.VY1.04AUG25.111.P,INVALID,.0156250,111,P,.0093561,,752.5917072,651.3862745
