Key,BID,ASK,STRIKE,ITYPE,ADJTHEOR,IVBID,IVASK,IVAVERAGE
XCME.ZN.SEP25,112.1406250,112.1562500,INVALID,F,,,,
XCME.VY1.04AUG25.110.C,2.1406250,2.1718750,110,C,2.1640202,,1742.3489420,1630.4179257
XCME.VY1.04AUG25.110:75.C,1.3906250,1.4218750,110.7500000,C,1.4142834,,1225.0034917,1138.8121105
XCME.VY1.04AUG25.110.P,INVALID,.0069999,110,P,.0034577,,1616.6108819,1468.2953354
XCME.VY1.04AUG25.111:25.C,.8906250,.9218750,111.2500000,C,.9181654,,853.5406610,786.0427715
XCME.VY1.04AUG25.113.P,.8437500,.8750000,113,P,.8509150,667.1320953,1056.2324478,907.7869976
XCME.VY1.04AUG25.113.C,.0069999,.0156250,113,C,.0114775,726.8242522,857.4484499,799.2026212
