Key,BID,ASK,STRIKE,ITYPE,ADJTHEOR,IVBID,IVASK,IVAVERAGE
XCME.ZN.SEP25,111.8437500,111.8593750,INVALID,F,,,,
XCME.WY1.06AUG25.112:5.P,.7031250,.7343750,112.5000000,P,.7248307,493.4669933,616.1717434,558.6914067
XCME.WY1.06AUG25.111:5.C,.4375000,.4531250,111.5000000,C,.4410854,526.7822807,566.5031184,546.7436084
XCME.WY1.06AUG25.110:25.P,INVALID,.0069999,110.2500000,P,.0051527,,700.7628203,632.3959073
XCME.WY1.06AUG25.111:75.P,.1875000,.2187500,111.7500000,P,.2093501,495.8900323,565.5338292,530.7312302
XCME.WY1.06AUG25.112:75.P,.9218750,.9531250,112.7500000,P,.9475863,129.3466468,619.5567542,524.6206596
XCME.WY1.06AUG25.110:5.C,1.3281250,1.3593750,110.5000000,C,1.3354560,165.3871492,815.1013153,733.7834410
