Key,BID,ASK,STRIKE,ITYPE,ADJTHEOR,IVBID,IVASK,IVAVERAGE
XCME.ZN.SEP25,110.9531250,110.9687500,INVALID,F,,,,
XCME.ZN1.01AUG25.110:5.C,.5000000,.5312500,110.5000000,C,.4678389,961.3089473,1192.0389564,1081.2593611
XCME.ZN1.01AUG25.111:75.C,.0156250,.0312500,111.7500000,C,.0005927,1075.1703854,1277.7323013,1184.5787735
