Key,BID,ASK,STRIKE,ITYPE,ADJTHEOR,IVBID,IVASK,IVAVERAGE
XCME.ZN.SEP25,112.1250000,112.1406250,INVALID,F,,,,
XCME.GY1.05AUG25.111:25.P,.0156250,.0312500,111.2500000,P,.0224721,635.6997948,753.0249065,699.2189266
XCME.GY1.05AUG25.110:25.P,INVALID,.0069999,110.2500000,P,.0046399,,1021.4764111,925.6997168
XCME.GY1.05AUG25.111:5.C,.6562500,.6875000,111.5000000,C,.6832594,496.0755835,676.4465496,596.2425509
XCME.GY1.05AUG25.110.C,2.1093750,2.1406250,110,C,2.1446647,,345.2810316,
XCME.GY1.05AUG25.111:5.P,.0312500,.0625000,111.5000000,P,.0426335,596.2401957,747.2609770,676.4433255
XCME.GY1.05AUG25.110:25.C,1.8593750,1.8906250,110.2500000,C,1.8952649,,418.0965513,
XCME.GY1.05AUG25.112:75.C,.0468750,.0625000,112.7500000,C,.0558221,654.8479546,724.4054968,690.4613985
