Key,BID,ASK,STRIKE,ITYPE,ADJTHEOR,IVBID,IVASK,IVAVERAGE
XCME.ZN.SEP25,112.0468750,112.0625000,INVALID,F,,,,
XCME.GY1.05AUG25.112:75.C,.0312500,.0468750,112.7500000,C,.0412831,604.8042366,684.3891453,646.1772857
XCME.GY1.05AUG25.112:5.C,.0625000,.0937500,112.5000000,C,.0755199,568.8936530,679.2758500,625.4328719
XCME.GY1.05AUG25.110:5.P,INVALID,.0069999,110.5000000,P,.0032336,,843.8185634,761.5105208
XCME.GY1.05AUG25.110:75.P,INVALID,.0069999,110.7500000,P,.0040604,,729.5988901,655.7806393
XCME.GY1.05AUG25.111:75.P,.0781250,.0937500,111.7500000,P,.0843841,475.8433698,578.8735740,528.4013794
XCME.GY1.05AUG25.112.P,.1562500,.2031250,112,P,.1778912,502.8598667,587.2753921,545.0958064
