Key,BID,ASK,STRIKE,ITYPE,ADJTHEOR,IVBID,IVASK,IVAVERAGE
XCME.ZN.SEP25,112.1562500,112.1718750,INVALID,F,,,,
XCME.GY1.05AUG25.112:5.C,.0781250,.1093750,112.5000000,C,.0928288,562.1562938,666.6569178,615.2006272
XCME.GY1.05AUG25.110:5.P,INVALID,.0156250,110.5000000,P,.0060879,,1068.3324477,947.1211585
XCME.GY1.05AUG25.110:75.P,INVALID,.0156250,110.7500000,P,.0081148,,937.2535152,827.4465442
XCME.GY1.05AUG25.111:75.P,.0625000,.0781250,111.7500000,P,.0742762,584.9522161,643.5905636,614.6832548
XCME.GY1.05AUG25.112.P,.1250000,.1562500,112,P,.1430061,557.2178783,649.1780299,603.3762675
XCME.ZN1.01AUG25.112:75.C,INVALID,.0069999,112.7500000,C,.0000046,,1620.6250382,1426.3348922
XCME.ZN1.01AUG25.110:25.C,1.8906250,1.9218750,110.2500000,C,1.9183750,,,
