Key,BID,ASK,STRIKE,ITYPE,ADJTHEOR,IVBID,IVASK,IVAVERAGE
XCME.ZN.SEP25,112.1250000,112.1406250,INVALID,F,,,,
XCME.WY1.06AUG25.110:5.P,.0069999,.0156250,110.5000000,P,.0112569,744.1368937,854.2320805,805.5774958
XCME.WY1.06AUG25.110:25.C,1.8750000,1.9062500,110.2500000,C,1.8946778,,1003.8404929,860.0369114
XCME.WY1.06AUG25.112:5.P,.4843750,.5156250,112.5000000,P,.4965176,599.6791924,680.9132219,640.6392630
XCME.WY1.06AUG25.111:5.C,.6875000,.7187500,111.5000000,C,.7084963,570.5877030,679.7917315,627.2313396
XCME.WY1.06AUG25.110:25.P,.0069999,.0156250,110.2500000,P,.0083653,838.7277061,958.9197917,905.9165694
XCME.WY1.06AUG25.111:75.P,.1093750,.1250000,111.7500000,P,.1248313,586.2090854,628.2324904,607.3413897
XCME.WY1.06AUG25.112:75.P,.6875000,.7031250,112.7500000,P,.6920086,637.2413559,687.8737244,662.8929613
