Key,BID,ASK,STRIKE,ITYPE,ADJTHEOR,IVBID,IVASK,IVAVERAGE
XCME.ZN.SEP25,110.8281250,110.8437500,INVALID,F,,,,
XCME.VY1.04AUG25.112:25.P,1.4062500,1.4375000,112.2500000,P,1.4142430,,1274.1743171,1110.4350756
XCME.VY1.04AUG25.112.C,.0069999,.0156250,112,C,.0007448,864.7964357,1003.7104409,942.0198265
XCME.VY1.04AUG25.112:75.C,INVALID,.0069999,112.7500000,C,.0000221,,1311.1158643,1188.5513836
XCME.VY1.04AUG25.110:25.C,.6250000,.6562500,110.2500000,C,.6026070,762.8821458,938.3885438,854.8619807
XCME.GY1.05AUG25.110.P,.0312500,.0468750,110,P,,,,
XCME.GY1.05AUG25.110:5.C,.4687500,.5000000,110.5000000,C,,,,
