Key,BID,ASK,STRIKE,ITYPE,ADJTHEOR,IVBID,IVASK,IVAVERAGE
XCME.ZN.SEP25,111.9375000,111.9531250,INVALID,F,,,,
XCME.WY1.06AUG25.112.P,.2656250,.2812500,112,P,.2730827,520.5900348,555.6821435,538.1391499
XCME.WY1.06AUG25.110:75.C,1.1875000,1.2031250,110.7500000,C,1.1910972,300.4900069,756.9461963,648.3545244
XCME.WY1.06AUG25.111:5.P,.0625000,.0937500,111.5000000,P,.0712536,477.3068998,569.6079457,524.5910652
XCME.WY1.06AUG25.111.C,.9531250,.9687500,111,C,.9477401,538.1512552,634.5482919,590.3280984
XCME.ZN1.01AUG25.112:75.C,INVALID,.0069999,112.7500000,C,.0001431,,1372.1541845,1215.7735418
XCME.ZN1.01AUG25.110:25.C,1.6875000,1.7031250,110.2500000,C,1.6831871,,,
