Key,BID,ASK,STRIKE,ITYPE,ADJTHEOR,IVBID,IVASK,IVAVERAGE
XCME.ZN.SEP25,110.8750000,110.8906250,INVALID,F,,,,
XCME.ZN1.01AUG25.112:75.P,1.8593750,1.8750000,112.7500000,P,1.8636874,,,
XCME.ZN1.01AUG25.111:75.P,.8593750,.8906250,111.7500000,P,.8637246,,1560.2870236,1360.8622631
