Key,BID,ASK,STRIKE,ITYPE,ADJTHEOR,IVBID,IVASK,IVAVERAGE
XCME.ZN.SEP25,110.9687500,110.9843750,INVALID,F,,,,
XCME.ZN1.01AUG25.111:5.P,.5781250,.6093750,111.5000000,P,.5625210,783.4717562,992.8145483,894.2867536
