Key,BID,ASK,STRIKE,ITYPE,ADJTHEOR,IVBID,IVASK,IVAVERAGE
XCME.ZN.SEP25,112,112.0156250,INVALID,F,,,,
XCME.GY1.05AUG25.112:5.C,.0625000,.0781250,112.5000000,C,.0688868,619.4857753,678.0123474,649.1965779
XCME.GY1.05AUG25.110:5.P,INVALID,.0069999,110.5000000,P,.0041179,,807.1005477,727.7193447
XCME.GY1.05AUG25.110:75.P,INVALID,.0069999,110.7500000,P,.0049864,,692.5474181,621.7146489
XCME.GY1.05AUG25.111:75.P,.0937500,.1250000,111.7500000,P,.1041019,512.7705086,605.7367722,559.6796692
XCME.GY1.05AUG25.112.P,.2031250,.2343750,112,P,.2139936,536.5110811,619.7723384,578.1417752
XCME.WY1.06AUG25.110.C,2,2.0156250,110,C,1.9961523,,881.9219615,937.9576993
XCME.WY1.06AUG25.113.P,1.0156250,1.0312500,113,P,1.0337319,613.6155783,772.3329215,700.4074039
