Key,BID,ASK,STRIKE,ITYPE,ADJTHEOR,IVBID,IVASK,IVAVERAGE
XCME.ZN.SEP25,112.1406250,112.1562500,INVALID,F,,,,
XCME.WY1.06AUG25.110:75.C,1.4062500,1.4218750,110.7500000,C,1.4142595,667.8543645,822.7638038,756.7592214
XCME.WY1.06AUG25.111:5.P,.0468750,.0781250,111.5000000,P,.0670314,564.2211244,677.1959601,623.0553939
XCME.WY1.06AUG25.111.C,1.1562500,1.1875000,111,C,1.1726107,567.4842492,800.3380907,706.1087180
XCME.ZN1.01AUG25.112:75.C,INVALID,.0069999,112.7500000,C,.0000210,,1593.2112073,1404.5636981
XCME.ZN1.01AUG25.110:25.C,1.8906250,1.9218750,110.2500000,C,1.8984375,,,
XCME.ZN1.01AUG25.110:25.P,INVALID,.0069999,110.2500000,P,0,,,
XCME.ZN1.01AUG25.110:75.P,INVALID,.0069999,110.7500000,P,0,,,
