Key,BID,ASK,STRIKE,ITYPE,ADJTHEOR,IVBID,IVASK,IVAVERAGE
XCME.ZN.SEP25,112.2031250,112.2187500,INVALID,F,,,,
XCME.GY1.05AUG25.113.P,.8125000,.8437500,113,P,.8270209,668.8838783,841.8702984,761.9812381
XCME.GY1.05AUG25.112:75.P,.5937500,.6250000,112.7500000,P,.6024968,658.3797755,782.5305455,722.3095079
XCME.GY1.05AUG25.110:75.C,1.4375000,1.4687500,110.7500000,C,1.4693038,,774.7913953,586.4828474
XCME.GY1.05AUG25.112:25.P,.2343750,.2500000,112.2500000,P,.2354610,606.1206692,650.0282325,628.0759964
XCME.GY1.05AUG25.113.C,.0156250,.0468750,113,C,.0414584,584.4818017,785.0078167,696.4942678
XCME.GY1.05AUG25.111.P,INVALID,.0156250,111,P,.0069136,,827.8141268,727.0500632
XCME.GY1.05AUG25.112.C,.3125000,.3281250,112,C,.3353036,521.4241388,569.7045507,545.6681831
