Key,BID,ASK,STRIKE,ITYPE,ADJTHEOR,IVBID,IVASK,IVAVERAGE
XCME.ZN.SEP25,112.1250000,112.1406250,INVALID,F,,,,
XCME.WY1.06AUG25.110:5.C,1.6093750,1.6406250,110.5000000,C,1.6435996,,757.1051063,682.8064864
XCME.WY1.06AUG25.112.P,.2031250,.2187500,112,P,.2073357,602.3256913,638.6245415,620.4851376
XCME.WY1.06AUG25.110:75.C,1.3750000,1.3906250,110.7500000,C,1.3983285,,659.3016445,592.4110822
XCME.WY1.06AUG25.111:5.P,.0625000,.0781250,111.5000000,P,.0699735,611.1129722,664.6525019,638.3345147
XCME.WY1.06AUG25.111.C,1.1250000,1.1562500,111,C,1.1569457,,696.1695870,602.0995260
XCME.ZN1.01AUG25.112:75.C,INVALID,.0069999,112.7500000,C,.0000156,,1496.4104252,1320.5583825
XCME.ZN1.01AUG25.110:25.C,1.8593750,1.8906250,110.2500000,C,1.8828124,,,
