Key,BID,ASK,STRIKE,ITYPE,ADJTHEOR,IVBID,IVASK,IVAVERAGE
XCME.ZN.SEP25,110.8593750,110.8750000,INVALID,F,,,,
XCME.ZN1.01AUG25.111.C,.1718750,.1875000,111,C,.0599379,1347.3310277,1440.7044835,1394.0545357
XCME.ZN1.01AUG25.111:25.P,.4531250,.4843750,111.2500000,P,.3906883,1234.9567644,1461.3737582,1350.2166520
