Key,BID,ASK,STRIKE,ITYPE,ADJTHEOR,IVBID,IVASK,IVAVERAGE
XCME.ZN.SEP25,112.1093750,112.1250000,INVALID,F,,,,
XCME.VY1.04AUG25.111.C,1.1093750,1.1406250,111,C,1.1215366,,1175.1175077,1015.9221190
XCME.VY1.04AUG25.110:5.C,1.5937500,1.6250000,110.5000000,C,1.6202817,,1281.4440411,1155.2790370
XCME.VY1.04AUG25.110.C,2.0937500,2.1250000,110,C,2.1205175,,1607.2636389,1456.4432610
XCME.VY1.04AUG25.110:75.C,1.3437500,1.3750000,110.7500000,C,1.3705094,,1114.2249402,1001.0097899
XCME.VY1.04AUG25.110.P,INVALID,.0069999,110,P,.0033300,,1580.9121956,1436.0802741
XCME.VY1.04AUG25.111:25.C,.8593750,.8906250,111.2500000,C,.8752163,,963.6596140,822.9291164
