Key,BID,ASK,STRIKE,ITYPE,ADJTHEOR,IVBID,IVASK,IVAVERAGE
XCME.ZN.SEP25,112.1093750,112.1250000,INVALID,F,,,,
XCME.GY1.05AUG25.110.P,INVALID,.0069999,110,P,.0042062,,1129.4267372,1026.0142556
XCME.GY1.05AUG25.110:5.C,1.6093750,1.6406250,110.5000000,C,1.6278760,,1074.8880879,908.2623780
XCME.GY1.05AUG25.111.C,1.1250000,1.1562500,111,C,1.1358532,594.2526920,924.7524883,803.1646607
XCME.GY1.05AUG25.112:25.C,.1562500,.1875000,112.2500000,C,.1752729,594.5415127,683.3825181,639.0389920
XCME.GY1.05AUG25.111:25.C,.8750000,.9062500,111.2500000,C,.8974588,473.6366968,765.1523300,656.6917512
XCME.GY1.05AUG25.111:75.C,.4531250,.4687500,111.7500000,C,.4657145,606.7766251,660.3175298,633.7849584
XCME.GY1.05AUG25.112:5.P,.4687500,.4843750,112.5000000,P,.4764907,643.4450523,696.1359262,669.9934080
