Key,BID,ASK,STRIKE,ITYPE,ADJTHEOR,IVBID,IVASK,IVAVERAGE
XCME.ZN.SEP25,110.9531250,110.9687500,INVALID,F,,,,
XCME.ZN1.01AUG25.112:25.P,1.2812500,1.3125000,112.2500000,P,1.2847671,,1605.2134752,1425.2235656
XCME.ZN1.01AUG25.113.P,2.0156250,2.0468750,113,P,2.0347501,,1968.7384926,1848.9616397
