Key,BID,ASK,STRIKE,ITYPE,ADJTHEOR,IVBID,IVASK,IVAVERAGE
XCME.ZN.SEP25,111.5625000,111.5781250,INVALID,F,,,,
XCME.GY1.05AUG25.112:75.P,1.2031250,1.2343750,112.7500000,P,,,,
XCME.GY1.05AUG25.110:75.C,.7812500,.8281250,110.7500000,C,,,,
XCME.GY1.05AUG25.112:25.P,.7187500,.7656250,112.2500000,P,,,,
XCME.GY1.05AUG25.113.C,INVALID,.0156250,113,C,,,,
XCME.GY1.05AUG25.111.P,.0468750,.0625000,111,P,,,,
XCME.GY1.05AUG25.112.C,.0468750,.0625000,112,C,,,,
