Key,BID,ASK,STRIKE,ITYPE,ADJTHEOR,IVBID,IVASK,IVAVERAGE
XCME.ZN.SEP25,110.8281250,110.8437500,INVALID,F,,,,
XCME.VY1.04AUG25.112.P,1.1562500,1.1875000,112,P,1.1690749,,1210.7531128,1003.9443642
XCME.VY1.04AUG25.111:5.C,.0312500,.0625000,111.5000000,C,.0136962,782.1684639,977.6011341,886.0761525
XCME.VY1.04AUG25.112:25.C,INVALID,.0156250,112.2500000,C,.0001690,,1178.3649456,1040.3802122
XCME.VY1.04AUG25.110:5.P,.1093750,.1250000,110.5000000,P,.0574422,843.7379723,907.1553782,875.6063253
XCME.VY1.04AUG25.112:5.P,1.6406250,1.6875000,112.5000000,P,1.6684268,,1396.6499639,1181.1441611
XCME.VY1.04AUG25.111.C,.1718750,.1875000,111,C,.1101359,869.8965705,926.8729566,898.4166228
XCME.VY1.04AUG25.110:5.C,.4375000,.4843750,110.5000000,C,.3890668,829.3409319,1017.0933877,924.4418086
