Key,BID,ASK,STRIKE,ITYPE,ADJTHEOR,IVBID,IVASK,IVAVERAGE
XCME.ZN.SEP25,112.1093750,112.1250000,INVALID,F,,,,
XCME.WY1.06AUG25.112:75.C,.0625000,.0937500,112.7500000,C,.0717048,613.9900686,718.0652226,667.5661053
XCME.WY1.06AUG25.112.C,.3281250,.3437500,112,C,.3301897,609.6381962,645.7420159,627.6971586
XCME.WY1.06AUG25.111.P,.0156250,.0312500,111,P,.0274827,629.0998850,736.2060232,687.2154846
XCME.WY1.06AUG25.112:25.C,.2031250,.2187500,112.2500000,C,.2067045,605.7424460,642.0702491,623.9168346
XCME.WY1.06AUG25.112:5.C,.1250000,.1406250,112.5000000,C,.1231337,629.7094240,670.9261737,650.4122734
XCME.WY1.06AUG25.111:25.P,.0312500,.0468750,111.2500000,P,.0455884,606.8867593,681.7260712,645.8958850
XCME.WY1.06AUG25.111:75.C,.4843750,.5000000,111.7500000,C,.4939052,600.3502005,641.4291618,620.9865841
