Key,BID,ASK,STRIKE,ITYPE,ADJTHEOR,IVBID,IVASK,IVAVERAGE
XCME.ZN.SEP25,110.8125000,110.8281250,INVALID,F,,,,
XCME.WY1.06AUG25.112:75.P,1.9375000,1.9687500,112.7500000,P,,,,
XCME.WY1.06AUG25.110:5.C,.4843750,.5000000,110.5000000,C,,,,
XCME.WY1.06AUG25.112.P,1.1875000,1.2187500,112,P,,,,
XCME.WY1.06AUG25.110:75.C,.3281250,.3593750,110.7500000,C,,,,
XCME.WY1.06AUG25.111:5.P,.7500000,.7656250,111.5000000,P,,,,
XCME.WY1.06AUG25.111.C,.2187500,.2343750,111,C,,,,
