Key,BID,ASK,STRIKE,ITYPE,ADJTHEOR,IVBID,IVASK,IVAVERAGE
XCME.ZN.SEP25,112.0156250,112.0312500,INVALID,F,,,,
XCME.ZN1.01AUG25.110:5.C,1.5156250,1.5312500,110.5000000,C,1.5156304,836.8472082,,
XCME.ZN1.01AUG25.110:75.C,1.2656250,1.2812500,110.7500000,C,1.2656249,841.4409403,,
XCME.ZN1.01AUG25.111.P,INVALID,.0069999,111,P,0,,1811.3851229,1617.6449953
XCME.ZN1.01AUG25.113.C,INVALID,.0069999,113,C,0,,1771.5684205,1583.8049801
XCME.ZN1.01AUG25.112:5.C,INVALID,.0069999,112.5000000,C,.0000651,,998.4623585,875.0827722
XCME.ZN1.01AUG25.111:5.C,.5156250,.5312500,111.5000000,C,.5156228,424.3714737,1258.3894441,1172.6050058
