Key,BID,ASK,STRIKE,ITYPE,ADJTHEOR,IVBID,IVASK,IVAVERAGE
XCME.ZN.SEP25,110.9218750,110.9375000,INVALID,F,,,,
XCME.ZN1.01AUG25.110:5.C,.4843750,.5156250,110.5000000,C,.4507550,884.1397615,1070.7212712,980.1036758
XCME.ZN1.01AUG25.111:75.C,.0156250,.0312500,111.7500000,C,.0014945,958.1741002,1137.2225495,1054.9357208
