Key,BID,ASK,STRIKE,ITYPE,ADJTHEOR,IVBID,IVASK,IVAVERAGE
XCME.ZN.SEP25,112.1406250,112.1562500,INVALID,F,,,,
XCME.GY1.05AUG25.112:25.P,.2500000,.2812500,112.2500000,P,.2717470,539.5873556,628.7726784,584.2489076
XCME.GY1.05AUG25.113.C,.0156250,.0312500,113,C,.0279613,622.5787512,739.1703845,685.6771395
XCME.GY1.05AUG25.111.P,.0069999,.0156250,111,P,.0136783,679.0904931,788.6269682,739.9221365
XCME.GY1.05AUG25.112.C,.2812500,.3125000,112,C,.2948671,560.8569526,651.4256495,606.2619882
XCME.GY1.05AUG25.111:25.P,.0156250,.0312500,111.2500000,P,.0230171,645.1993469,764.1745163,709.6102586
XCME.GY1.05AUG25.110:25.P,INVALID,.0156250,110.2500000,P,.0053434,,1183.1140128,1052.7099748
