Key,BID,ASK,STRIKE,ITYPE,ADJTHEOR,IVBID,IVASK,IVAVERAGE
XCME.ZN.SEP25,110.9375000,110.9531250,INVALID,F,,,,
XCME.ZN1.01AUG25.112:5.C,INVALID,.0069999,112.5000000,C,.0000019,,1452.3681569,1310.2098176
XCME.ZN1.01AUG25.112.C,INVALID,.0156250,112,C,.0001251,,1226.1201450,1071.8624256
