Key,BID,ASK,STRIKE,ITYPE,ADJTHEOR,IVBID,IVASK,IVAVERAGE
XCME.ZN.SEP25,110.9531250,110.9687500,INVALID,F,,,,
XCME.ZN1.01AUG25.111.P,.2500000,.2812500,111,P,.1912411,896.9129882,1022.5329825,959.7375003
XCME.ZN1.01AUG25.110:75.C,.3281250,.3750000,110.7500000,C,.2820630,855.4110157,1054.1318219,955.3581703
