Key,BID,ASK,STRIKE,ITYPE,ADJTHEOR,IVBID,IVASK,IVAVERAGE
XCME.ZN.SEP25,110.9375000,110.9531250,INVALID,F,,,,
XCME.ZN1.01AUG25.110.P,INVALID,.0156250,110,P,.0000086,,1357.8698457,1183.7618605
XCME.ZN1.01AUG25.110:75.P,.1406250,.1562500,110.7500000,P,.0448510,1254.9755399,1347.6763864,1301.4162694
