Key,BID,ASK,STRIKE,ITYPE,ADJTHEOR,IVBID,IVASK,IVAVERAGE
XCME.ZN.SEP25,110.8593750,110.8750000,INVALID,F,,,,
XCME.ZN1.01AUG25.111:25.C,.0781250,.0937500,111.2500000,C,.0104835,1291.0687106,1406.8440299,1349.5194330
