Key,BID,ASK,STRIKE,ITYPE,ADJTHEOR,IVBID,IVASK,IVAVERAGE
XCME.ZN.SEP25,112.0156250,112.0312500,INVALID,F,,,,
XCME.WY1.06AUG25.112:5.P,.5468750,.5625000,112.5000000,P,.5586609,519.9702805,568.1420012,544.3928388
XCME.WY1.06AUG25.111:5.C,.5625000,.5937500,111.5000000,C,.5782193,466.3498489,571.8839558,521.2868516
XCME.WY1.06AUG25.110:25.P,INVALID,.0069999,110.2500000,P,.0045399,,785.0395117,710.1043303
XCME.WY1.06AUG25.111:75.P,.1093750,.1250000,111.7500000,P,.1201427,490.8585660,530.1690179,510.5988145
XCME.WY1.06AUG25.112:75.P,.7500000,.7812500,112.7500000,P,.7740212,466.8731635,614.3689273,547.8818462
XCME.WY1.06AUG25.110:5.C,1.5156250,1.5312500,110.5000000,C,1.5247563,,895.2494301,798.8319341
XCME.WY1.06AUG25.112.P,.2187500,.2343750,112,P,.2232613,513.4040308,548.5778447,530.9912435
