Key,BID,ASK,STRIKE,ITYPE,ADJTHEOR,IVBID,IVASK,IVAVERAGE
XCME.ZN.SEP25,112.1093750,112.1250000,INVALID,F,,,,
XCME.WY1.06AUG25.112:75.P,.7031250,.7187500,112.7500000,P,.7056617,648.6996013,699.7806164,674.5950894
XCME.WY1.06AUG25.110:5.C,1.6093750,1.6406250,110.5000000,C,1.6314128,,890.5751113,758.7343620
XCME.WY1.06AUG25.112.P,.2031250,.2187500,112,P,.2122606,590.4033859,626.6049630,608.5129185
XCME.WY1.06AUG25.110:75.C,1.3750000,1.3906250,110.7500000,C,1.3861187,596.5885243,779.6926201,707.0531969
XCME.WY1.06AUG25.111:5.P,.0625000,.0781250,111.5000000,P,.0710261,603.6573848,656.8761215,630.7222918
XCME.WY1.06AUG25.111.C,1.1250000,1.1562500,111,C,1.1448090,503.4769593,764.2846615,665.9006497
