Key,BID,ASK,STRIKE,ITYPE,ADJTHEOR,IVBID,IVASK,IVAVERAGE
XCME.ZN.SEP25,112.1093750,112.1250000,INVALID,F,,,,
XCME.VY1.04AUG25.110:75.P,INVALID,.0069999,110.7500000,P,.0035045,,1091.8929573,983.3488802
XCME.VY1.04AUG25.112.P,.0937500,.1250000,112,P,.1089095,557.9236606,684.4873209,621.4682025
XCME.VY1.04AUG25.111:5.C,.6093750,.6406250,111.5000000,C,.6300727,,779.0587077,670.9494465
XCME.VY1.04AUG25.112:25.C,.0937500,.1093750,112.2500000,C,.1035896,592.1877182,656.5428389,624.4600298
XCME.VY1.04AUG25.110:5.P,INVALID,.0069999,110.5000000,P,.0032998,,1257.1499311,1135.5502828
XCME.VY1.04AUG25.112:5.P,.4218750,.4531250,112.5000000,P,.4309338,620.6371979,795.1889237,711.7790822
