Key,BID,ASK,STRIKE,ITYPE,ADJTHEOR,IVBID,IVASK,IVAVERAGE
XCME.ZN.SEP25,110.8437500,110.8593750,INVALID,F,,,,
XCME.ZN1.01AUG25.111:25.C,.0625000,.0937500,111.2500000,C,.0088351,1197.6580857,1433.0057177,1318.1513613
