Key,BID,ASK,STRIKE,ITYPE,ADJTHEOR,IVBID,IVASK,IVAVERAGE
XCME.ZN.SEP25,112.1093750,112.1250000,INVALID,F,,,,
XCME.VY1.04AUG25.112:25.P,.2187500,.2500000,112.2500000,P,.2419159,551.4210448,679.2218449,615.6927213
XCME.VY1.04AUG25.112.C,.2187500,.2500000,112,C,.2289141,591.8796097,717.4498951,654.8957008
XCME.VY1.04AUG25.112:75.C,.0156250,.0312500,112.7500000,C,.0223706,688.8468591,827.8872751,763.6331863
XCME.VY1.04AUG25.110:25.C,1.8593750,1.8906250,110.2500000,C,1.8705416,,1747.2851467,1535.9946266
XCME.WY1.06AUG25.110.C,2.1093750,2.1406250,110,C,2.1246853,,1136.9425725,1003.1195219
XCME.WY1.06AUG25.113.P,.8906250,.9375000,113,P,.9234232,451.0717120,725.4479504,616.2967205
