Key,BID,ASK,STRIKE,ITYPE,ADJTHEOR,IVBID,IVASK,IVAVERAGE
XCME.ZN.SEP25,112.0625000,112.0781250,INVALID,F,,,,
XCME.VY1.04AUG25.112:75.P,.6562500,.6875000,112.7500000,P,.6798930,,741.0694449,626.9101349
XCME.VY1.04AUG25.111:25.P,INVALID,.0069999,111.2500000,P,.0060151,,673.9465926,598.8638669
XCME.VY1.04AUG25.111:5.P,.0069999,.0156250,111.5000000,P,.0152578,508.6292965,607.3193338,562.9252397
XCME.VY1.04AUG25.112:5.C,.0312500,.0468750,112.5000000,C,.0386192,578.0777310,667.9091383,624.4844249
XCME.VY1.04AUG25.110:25.P,INVALID,.0069999,110.2500000,P,.0031411,,1304.3120630,1181.6321896
XCME.VY1.04AUG25.111.P,INVALID,.0069999,111,P,.0030551,,841.6045652,754.2357365
XCME.VY1.04AUG25.110:75.P,INVALID,.0069999,110.7500000,P,.0024912,,999.1209490,898.9305027
