Key,BID,ASK,STRIKE,ITYPE,ADJTHEOR,IVBID,IVASK,IVAVERAGE
XCME.ZN.SEP25,111.6718750,111.6875000,INVALID,F,,,,
XCME.VY1.04AUG25.111.C,.6718750,.7031250,111,C,.6307541,922.4257064,1154.8953934,1043.0805639
XCME.VY1.04AUG25.110:5.C,1.1406250,1.1718750,110.5000000,C,1.1111017,1134.1890148,1373.2900807,1346.7740929
XCME.VY1.04AUG25.110.C,1.6406250,1.6718750,110,C,1.6094161,1505.7255183,1788.5626714,1757.7163696
XCME.VY1.04AUG25.110:75.C,.8906250,.9218750,110.7500000,C,.8662011,939.0409708,1153.8053042,1129.7503121
XCME.VY1.04AUG25.110.P,INVALID,.0069999,110,P,.0000411,,1136.1454928,1026.3911531
XCME.VY1.04AUG25.111:25.C,.4375000,.4687500,111.2500000,C,.4160767,744.6768168,878.1713798,812.4827493
