Key,BID,ASK,STRIKE,ITYPE,ADJTHEOR,IVBID,IVASK,IVAVERAGE
XCME.ZN.SEP25,112.1093750,112.1250000,INVALID,F,,,,
XCME.ZN1.01AUG25.111:5.C,.6093750,.6406250,111.5000000,C,.6207068,1397.8588617,,
XCME.ZN1.01AUG25.113.P,.8593750,.8906250,113,P,.8793133,,,
XCME.ZN1.01AUG25.112:25.P,.1250000,.1406250,112.2500000,P,.1394862,,,
XCME.ZN1.01AUG25.111.C,1.1093750,1.1406250,111,C,1.1206852,,,
XCME.ZN1.01AUG25.112.C,.1250000,.1562500,112,C,.1328108,615.5392727,1004.8465350,817.5731111
XCME.VY1.04AUG25.111:75.P,.0312500,.0468750,111.7500000,P,.0399250,563.4706602,656.1782570,611.2851227
XCME.VY1.04AUG25.111:75.C,.4062500,.4375000,111.7500000,C,.4114255,675.5755098,836.1267892,758.1693021
