Key,BID,ASK,STRIKE,ITYPE,ADJTHEOR,IVBID,IVASK,IVAVERAGE
XCME.ZN.SEP25,112.0312500,112.0468750,INVALID,F,,,,
XCME.WY1.06AUG25.111:25.P,.0156250,.0312500,111.2500000,P,.0257126,466.1198595,554.7231608,513.9567316
XCME.WY1.06AUG25.111:75.C,.3750000,.4062500,111.7500000,C,.3918343,473.4297850,552.1220819,513.1217187
XCME.WY1.06AUG25.113.C,.0156250,.0312500,113,C,.0265615,558.5069593,657.5103332,612.1293792
XCME.WY1.06AUG25.110.P,INVALID,.0069999,110,P,.0038080,,878.3433320,796.6618632
XCME.WY1.06AUG25.110:75.P,.0069999,.0156250,110.7500000,P,.0071126,594.5858573,688.6836313,647.0018795
XCME.WY1.06AUG25.112:25.P,.3593750,.3906250,112.2500000,P,.3715358,513.0892501,588.2281935,550.8333552
XCME.WY1.06AUG25.111:25.C,.7812500,.8125000,111.2500000,C,.7991501,403.3367888,591.2310218,534.9847699
