Key,BID,ASK,STRIKE,ITYPE,ADJTHEOR,IVBID,IVASK,IVAVERAGE
XCME.ZN.SEP25,110.9375000,110.9531250,INVALID,F,,,,
XCME.ZN1.01AUG25.110.P,.0069999,.0156250,110,P,.0000142,1136.4408104,1329.1701845,1243.2075407
XCME.ZN1.01AUG25.110:75.P,.1406250,.1562500,110.7500000,P,.0462594,1232.2920495,1322.8861739,1277.6788379
