Key,BID,ASK,STRIKE,ITYPE,ADJTHEOR,IVBID,IVASK,IVAVERAGE
XCME.ZN.SEP25,110.9687500,110.9843750,INVALID,F,,,,
XCME.ZN1.01AUG25.110.P,INVALID,.0156250,110,P,.0000662,,1180.0648107,1030.8096340
XCME.ZN1.01AUG25.110:75.P,.1250000,.1562500,110.7500000,P,.0515731,1050.0248938,1208.9673099,1129.9237497
