Key,BID,ASK,STRIKE,ITYPE,ADJTHEOR,IVBID,IVASK,IVAVERAGE
XCME.ZN.SEP25,111.8437500,111.8593750,INVALID,F,,,,
XCME.WY1.06AUG25.112:5.P,.6875000,.7187500,112.5000000,P,.6969054,541.5504059,650.1017300,598.0609362
XCME.WY1.06AUG25.111:5.C,.4375000,.4687500,111.5000000,C,.4594908,466.0252925,549.9894230,508.6838612
XCME.WY1.06AUG25.110:25.P,INVALID,.0069999,110.2500000,P,.0045703,,712.6534827,643.4960830
XCME.WY1.06AUG25.111:75.P,.1875000,.2187500,111.7500000,P,.1909591,526.3862970,596.4738160,561.4625040
XCME.WY1.06AUG25.112:75.P,.9218750,.9375000,112.7500000,P,.9184668,603.6329043,677.0087254,641.9074831
XCME.WY1.06AUG25.110:5.C,1.3437500,1.3750000,110.5000000,C,1.3656938,,714.5825492,565.7675819
XCME.WY1.06AUG25.112.P,.3281250,.3437500,112,P,.3243995,555.9570124,591.3023776,573.6424243
