Key,BID,ASK,STRIKE,ITYPE,ADJTHEOR,IVBID,IVASK,IVAVERAGE
XCME.ZN.SEP25,112.1250000,112.1406250,INVALID,F,,,,
XCME.GY1.05AUG25.111:5.C,.6562500,.6875000,111.5000000,C,.6744766,564.1359324,720.0517638,647.6230623
XCME.GY1.05AUG25.110.C,2.1093750,2.1406250,110,C,2.1333954,,1218.0440345,1139.3772424
XCME.GY1.05AUG25.111:5.P,.0312500,.0625000,111.5000000,P,.0451636,588.7742008,738.8169448,668.4383945
XCME.GY1.05AUG25.110:25.C,1.8750000,1.9062500,110.2500000,C,1.8840443,,1292.5094967,1156.6760979
XCME.GY1.05AUG25.112:75.C,.0312500,.0625000,112.7500000,C,.0532373,583.7289226,732.8951046,662.8849597
XCME.GY1.05AUG25.112:5.C,.0781250,.1093750,112.5000000,C,.0973228,592.9869416,698.7054451,646.7160221
