Key,BID,ASK,STRIKE,ITYPE,ADJTHEOR,IVBID,IVASK,IVAVERAGE
XCME.ZN.SEP25,112.1093750,112.1250000,INVALID,F,,,,
XCME.GY1.05AUG25.110.P,INVALID,.0069999,110,P,.0042227,,1132.2424794,1028.4558891
XCME.GY1.05AUG25.110:5.C,1.6093750,1.6406250,110.5000000,C,1.6271322,,1086.5291756,925.7454987
XCME.GY1.05AUG25.111.C,1.1250000,1.1562500,111,C,1.1350777,614.2184307,932.4407311,812.3939172
XCME.GY1.05AUG25.112:25.C,.1562500,.1875000,112.2500000,C,.1719464,597.1957474,686.3140576,641.8326786
XCME.GY1.05AUG25.111:25.C,.8750000,.9062500,111.2500000,C,.8964515,664.6456454,859.3696415,771.7908062
XCME.GY1.05AUG25.111:75.C,.4375000,.4687500,111.7500000,C,.4632438,610.6543650,716.1738378,664.2271094
XCME.GY1.05AUG25.112:5.P,.4531250,.4843750,112.5000000,P,.4747576,588.3213150,696.1703714,643.2205608
