Key,BID,ASK,STRIKE,ITYPE,ADJTHEOR,IVBID,IVASK,IVAVERAGE
XCME.ZN.SEP25,112.1093750,112.1250000,INVALID,F,,,,
XCME.WY1.06AUG25.112:75.P,.6875000,.7187500,112.7500000,P,.7095052,629.1494805,681.7701368,655.8790212
XCME.WY1.06AUG25.110:5.C,1.6093750,1.6406250,110.5000000,C,1.6247980,,945.0254402,842.1406207
XCME.WY1.06AUG25.112.P,.2031250,.2187500,112,P,.2125420,583.4610600,619.6085570,601.5428037
XCME.WY1.06AUG25.110:75.C,1.3593750,1.3906250,110.7500000,C,1.3797120,,829.1431363,735.2237287
XCME.WY1.06AUG25.111:5.P,.0625000,.0781250,111.5000000,P,.0717340,599.3324048,652.3708577,626.2999197
XCME.WY1.06AUG25.111.C,1.1250000,1.1562500,111,C,1.1385962,590.0689938,797.8449391,710.0043065
