Key,BID,ASK,STRIKE,ITYPE,ADJTHEOR,IVBID,IVASK,IVAVERAGE
XCME.ZN.SEP25,111.9375000,111.9531250,INVALID,F,,,,
XCME.VY1.04AUG25.111.C,.9531250,.9687500,111,C,.9545040,665.7053483,911.8035397,866.8782941
XCME.VY1.04AUG25.110:5.C,1.4531250,1.4687500,110.5000000,C,1.4522175,953.9186983,1270.4945522,1213.9202767
XCME.VY1.04AUG25.110.C,1.9531250,1.9687500,110,C,1.9529477,1231.6056620,1611.7378844,1545.0051614
XCME.VY1.04AUG25.110:75.C,1.2031250,1.2187500,110.7500000,C,1.2025542,811.4312001,1093.8944146,1043.0689610
XCME.VY1.04AUG25.110.P,INVALID,.0069999,110,P,.0033227,,1358.7934835,1231.6056620
XCME.VY1.04AUG25.111:25.C,.7031250,.7343750,111.2500000,C,.7114319,514.8040849,849.4233952,758.0120691
XCME.VY1.04AUG25.113.P,1.0312500,1.0625000,113,P,1.0563653,,897.4242471,566.3275823
