Key,BID,ASK,STRIKE,ITYPE,ADJTHEOR,IVBID,IVASK,IVAVERAGE
XCME.ZN.SEP25,112.1250000,112.1406250,INVALID,F,,,,
XCME.VY1.04AUG25.111.C,1.1250000,1.1562500,111,C,1.1264188,849.4616527,1289.5791769,1169.7420032
XCME.VY1.04AUG25.110:5.C,1.6093750,1.6406250,110.5000000,C,1.6243026,,1502.7387421,1440.0741991
XCME.VY1.04AUG25.110.C,2.1093750,2.1406250,110,C,2.1240562,,1864.4741632,1792.8837390
XCME.VY1.04AUG25.110:75.C,1.3593750,1.3906250,110.7500000,C,1.3749230,,1315.5336391,1258.4811559
XCME.VY1.04AUG25.110.P,INVALID,.0069999,110,P,.0033687,,1565.9417210,1422.2117061
XCME.VY1.04AUG25.111:25.C,.8593750,.8906250,111.2500000,C,.8806235,,918.8636480,873.5224765
