Key,BID,ASK,STRIKE,ITYPE,ADJTHEOR,IVBID,IVASK,IVAVERAGE
XCME.ZN.SEP25,110.9687500,110.9843750,INVALID,F,,,,
XCME.ZN1.01AUG25.112:25.P,1.2656250,1.2968750,112.2500000,P,1.2812526,,1518.7294340,1197.1869095
XCME.ZN1.01AUG25.113.P,2.0156250,2.0468750,113,P,2.0312499,,,1779.1650827
