Key,BID,ASK,STRIKE,ITYPE,ADJTHEOR,IVBID,IVASK,IVAVERAGE
XCME.ZN.SEP25,112.1875000,112.2031250,INVALID,F,,,,
XCME.GY1.05AUG25.110:75.C,1.4375000,1.4687500,110.7500000,C,1.4391867,364.7358453,1101.8615293,994.0808405
XCME.GY1.05AUG25.112:25.P,.2343750,.2500000,112.2500000,P,.2434494,566.9981071,611.2598207,589.1348501
XCME.GY1.05AUG25.113.C,.0156250,.0312500,113,C,.0279689,601.4843724,715.7308187,663.2462598
XCME.GY1.05AUG25.111.P,INVALID,.0156250,111,P,.0056477,,815.7477028,716.1014095
XCME.GY1.05AUG25.112.C,.3125000,.3281250,112,C,.3192673,577.1811255,623.9282436,600.6106700
XCME.GY1.05AUG25.111:25.P,.0069999,.0156250,111.2500000,P,.0149355,573.9979262,673.8513346,629.4267868
XCME.GY1.05AUG25.110:25.P,INVALID,.0069999,110.2500000,P,.0000770,,1060.2981642,960.8542759
