Key,BID,ASK,STRIKE,ITYPE,ADJTHEOR,IVBID,IVASK,IVAVERAGE
XCME.ZN.SEP25,112.1093750,112.1250000,INVALID,F,,,,
XCME.VY1.04AUG25.112:75.P,.6406250,.6718750,112.7500000,P,.6557098,241.4102242,826.1870673,687.8672538
XCME.VY1.04AUG25.111:25.P,INVALID,.0069999,111.2500000,P,.0084022,,726.5582262,645.5977587
XCME.VY1.04AUG25.111:5.P,.0069999,.0156250,111.5000000,P,.0172494,554.1136676,660.7826178,612.8597004
XCME.VY1.04AUG25.112:5.C,.0156250,.0468750,112.5000000,C,.0365776,475.7069188,681.0878907,588.0488327
XCME.VY1.04AUG25.110:25.P,INVALID,.0069999,110.2500000,P,.0009950,,1393.2760296,1262.3320416
XCME.VY1.04AUG25.111.P,INVALID,.0069999,111,P,.0041382,,905.5376308,812.2553874
XCME.VY1.04AUG25.110:75.P,INVALID,.0069999,110.7500000,P,.0023036,,1071.3925245,964.8724188
