Key,BID,ASK,STRIKE,ITYPE,ADJTHEOR,IVBID,IVASK,IVAVERAGE
XCME.ZN.SEP25,111.9843750,112,INVALID,F,,,,
XCME.GY1.05AUG25.113.P,1,1.0312500,113,P,1.0261804,,734.0560729,614.0655334
XCME.GY1.05AUG25.112:75.P,.7656250,.7968750,112.7500000,P,.7888055,428.9284771,685.4523779,586.8068116
XCME.GY1.05AUG25.110:75.C,1.2343750,1.2656250,110.7500000,C,1.2442814,,918.3512317,811.5347794
XCME.GY1.05AUG25.112:25.P,.3437500,.3750000,112.2500000,P,.3655697,501.6733199,598.8698275,550.8450866
XCME.GY1.05AUG25.113.C,.0069999,.0312500,113,C,.0148679,596.9065135,817.7864623,727.2610156
XCME.GY1.05AUG25.111.P,.0069999,.0156250,111,P,.0096128,583.5921573,682.2376896,638.3203804
XCME.GY1.05AUG25.112.C,.1875000,.2187500,112,C,.1976757,525.3954196,610.4402993,567.9186067
