Key,BID,ASK,STRIKE,ITYPE,ADJTHEOR,IVBID,IVASK,IVAVERAGE
XCME.ZN.SEP25,112.1093750,112.1250000,INVALID,F,,,,
XCME.VY1.04AUG25.111:5.C,.6250000,.6406250,111.5000000,C,.6326178,616.2383780,766.4617532,698.7521037
XCME.VY1.04AUG25.112:25.C,.0937500,.1250000,112.2500000,C,.1106644,582.6080572,708.5911442,645.9222374
XCME.VY1.04AUG25.110:5.P,INVALID,.0069999,110.5000000,P,.0032782,,1236.8170635,1117.2079983
XCME.VY1.04AUG25.112:5.P,.4218750,.4375000,112.5000000,P,.4344799,610.6001338,700.2714016,656.6722978
XCME.VY1.04AUG25.111.C,1.1093750,1.1406250,111,C,1.1184696,,1191.5701770,1050.0596128
XCME.VY1.04AUG25.110:5.C,1.6093750,1.6250000,110.5000000,C,1.6169657,,1339.1731228,1247.8895057
