Key,BID,ASK,STRIKE,ITYPE,ADJTHEOR,IVBID,IVASK,IVAVERAGE
XCME.ZN.SEP25,112.0312500,112.0468750,INVALID,F,,,,
XCME.WY1.06AUG25.110:75.C,1.2812500,1.3125000,110.7500000,C,1.2854593,537.3321631,828.2838516,752.2138991
XCME.WY1.06AUG25.111:5.P,.0468750,.0625000,111.5000000,P,.0546902,485.2338309,539.3843804,512.9240137
XCME.WY1.06AUG25.111.C,1.0312500,1.0625000,111,C,1.0406854,446.1422351,704.2429958,635.7439256
XCME.ZN1.01AUG25.112:75.C,INVALID,.0069999,112.7500000,C,.0000144,,1400.4891059,1239.9996451
XCME.ZN1.01AUG25.110:25.C,1.7812500,1.7968750,110.2500000,C,1.7812499,,,
XCME.ZN1.01AUG25.110:25.P,INVALID,.0069999,110.2500000,P,0,,,
XCME.ZN1.01AUG25.110:75.P,INVALID,.0069999,110.7500000,P,0,,,
