Key,BID,ASK,STRIKE,ITYPE,ADJTHEOR,IVBID,IVASK,IVAVERAGE
XCME.ZN.SEP25,112.1406250,112.1562500,INVALID,F,,,,
XCME.GY1.05AUG25.112:75.C,.0468750,.0625000,112.7500000,C,.0547560,651.8042376,721.5322407,687.5056957
XCME.GY1.05AUG25.112:5.C,.0937500,.1093750,112.5000000,C,.0994736,631.6694494,683.4951558,657.7598758
XCME.GY1.05AUG25.110:5.P,INVALID,.0156250,110.5000000,P,.0056569,,1055.0333135,935.1095659
XCME.GY1.05AUG25.110:75.P,INVALID,.0156250,110.7500000,P,.0076953,,924.1460606,815.6234057
XCME.GY1.05AUG25.111:75.P,.0625000,.0937500,111.7500000,P,.0796827,566.8137921,679.7669278,624.6170201
XCME.GY1.05AUG25.112.P,.1406250,.1718750,112,P,.1548478,579.6236473,670.0204974,624.9419581
