Key,BID,ASK,STRIKE,ITYPE,ADJTHEOR,IVBID,IVASK,IVAVERAGE
XCME.ZN.SEP25,110.9843750,111,INVALID,F,,,,
XCME.ZN1.01AUG25.113.C,INVALID,.0069999,113,C,.0000074,,1502.5871570,1362.5883832
XCME.ZN1.01AUG25.111:5.C,.0468750,.0625000,111.5000000,C,.0228200,814.7313221,906.5848718,861.6861836
