Key,BID,ASK,STRIKE,ITYPE,ADJTHEOR,IVBID,IVASK,IVAVERAGE
XCME.ZN.SEP25,110.9218750,110.9375000,INVALID,F,,,,
XCME.ZN1.01AUG25.113.C,INVALID,.0069999,113,C,.0000064,,1548.6923494,1404.7968607
XCME.ZN1.01AUG25.111:5.C,.0468750,.0625000,111.5000000,C,.0172854,869.8882699,965.2258487,918.6612727
