Key,BID,ASK,STRIKE,ITYPE,ADJTHEOR,IVBID,IVASK,IVAVERAGE
XCME.ZN.SEP25,112.0312500,112.0468750,INVALID,F,,,,
XCME.WY1.06AUG25.110:5.P,INVALID,.0156250,110.5000000,P,.0055275,,803.4340796,710.6071943
XCME.WY1.06AUG25.110:25.C,1.7812500,1.8125000,110.2500000,C,1.7935736,,982.2582749,862.4135617
XCME.WY1.06AUG25.112:5.P,.5312500,.5468750,112.5000000,P,.5411294,520.4605860,567.4236920,544.2355830
XCME.WY1.06AUG25.111:5.C,.5781250,.6093750,111.5000000,C,.5949426,461.5765113,571.0525735,518.8726113
XCME.WY1.06AUG25.110:25.P,INVALID,.0069999,110.2500000,P,.0045111,,792.6500242,717.2165843
XCME.WY1.06AUG25.111:75.P,.0937500,.1250000,111.7500000,P,.1139632,465.9670738,546.1853785,506.4959755
XCME.WY1.06AUG25.112:75.P,.7343750,.7656250,112.7500000,P,.7543453,482.4019313,620.4176389,557.1493358
