Key,BID,ASK,STRIKE,ITYPE,ADJTHEOR,IVBID,IVASK,IVAVERAGE
XCME.ZN.SEP25,110.9843750,111,INVALID,F,,,,
XCME.ZN1.01AUG25.112:25.P,1.2656250,1.2968750,112.2500000,P,1.2588102,1013.1402311,1437.7220204,1268.9790119
XCME.ZN1.01AUG25.113.P,2.0156250,2.0312500,113,P,2.0086312,1500.9822635,1836.4445652,1697.4002558
