Key,BID,ASK,STRIKE,ITYPE,ADJTHEOR,IVBID,IVASK,IVAVERAGE
XCME.ZN.SEP25,112.0312500,112.0468750,INVALID,F,,,,
XCME.VY1.04AUG25.112.C,.1406250,.1718750,112,C,.1636540,522.2716325,580.7394183,551.5111907
XCME.VY1.04AUG25.112:75.C,.0069999,.0156250,112.7500000,C,.0104345,614.0827685,727.6750226,676.8188894
XCME.VY1.04AUG25.110:25.C,1.7656250,1.7968750,110.2500000,C,1.7819242,382.8842476,1498.8952251,1331.2493298
XCME.GY1.05AUG25.110.P,INVALID,.0069999,110,P,.0021062,,1067.3006125,967.9576556
XCME.GY1.05AUG25.110:5.C,1.5156250,1.5468750,110.5000000,C,1.5335638,,967.4440159,769.5258452
XCME.GY1.05AUG25.111.C,1.0156250,1.0468750,111,C,1.0372309,,705.2941681,548.8320256
XCME.GY1.05AUG25.112:25.C,.1093750,.1250000,112.2500000,C,.1173066,544.1798068,590.5892372,567.4677040
