Key,BID,ASK,STRIKE,ITYPE,ADJTHEOR,IVBID,IVASK,IVAVERAGE
XCME.ZN.SEP25,110.8906250,110.9062500,INVALID,F,,,,
XCME.ZN1.01AUG25.111.C,.1718750,.1875000,111,C,.0638871,1342.1812565,1438.9369160,1390.5877867
XCME.ZN1.01AUG25.111:25.P,.4218750,.4531250,111.2500000,P,.3668320,1187.6758341,1308.5270119,1248.7984446
