Key,BID,ASK,STRIKE,ITYPE,ADJTHEOR,IVBID,IVASK,IVAVERAGE
XCME.ZN.SEP25,112.0781250,112.0937500,INVALID,F,,,,
XCME.WY1.06AUG25.112:75.C,.0312500,.0468750,112.7500000,C,.0480938,499.7030489,566.0106268,534.1571007
XCME.WY1.06AUG25.112.C,.2656250,.2812500,112,C,.2757510,493.2174527,529.0138806,511.1235235
XCME.WY1.06AUG25.111.P,.0069999,.0156250,111,P,.0116100,527.4002077,613.5864870,575.2846135
XCME.WY1.06AUG25.112:25.C,.1562500,.1718750,112.2500000,C,.1612158,514.8995194,551.5832680,533.2646946
XCME.WY1.06AUG25.112:5.C,.0781250,.0937500,112.5000000,C,.0891171,512.8219084,557.7703432,535.5230273
XCME.WY1.06AUG25.111:25.P,.0156250,.0312500,111.2500000,P,.0227218,497.6796205,590.7111705,547.9801055
XCME.WY1.06AUG25.111:75.C,.4218750,.4375000,111.7500000,C,.4366490,474.1646801,517.0188088,495.7697558
