Key,BID,ASK,STRIKE,ITYPE,ADJTHEOR,IVBID,IVASK,IVAVERAGE
XCME.ZN.SEP25,110.9843750,111,INVALID,F,,,,
XCME.ZN1.01AUG25.113.C,INVALID,.0069999,113,C,.0000010,,1649.3097138,1495.4355444
XCME.ZN1.01AUG25.111:5.C,.0468750,.0781250,111.5000000,C,.0167014,888.3406415,1082.4762826,989.0185967
