Key,BID,ASK,STRIKE,ITYPE,ADJTHEOR,IVBID,IVASK,IVAVERAGE
XCME.ZN.SEP25,112,112.0156250,INVALID,F,,,,
XCME.GY1.05AUG25.110:5.P,INVALID,.0069999,110.5000000,P,.0036886,,805.3673493,726.0499754
XCME.GY1.05AUG25.110:75.P,INVALID,.0069999,110.7500000,P,.0051441,,690.6950136,620.2098178
XCME.GY1.05AUG25.111:75.P,.0937500,.1250000,111.7500000,P,.1141245,508.6188409,601.3995104,555.4286631
XCME.GY1.05AUG25.112.P,.2031250,.2343750,112,P,.2232226,530.7142396,613.9825290,572.3487046
XCME.WY1.06AUG25.110.C,2,2.0156250,110,C,1.9960531,868.8027024,1053.1580054,975.2542402
XCME.WY1.06AUG25.113.P,1.0156250,1.0312500,113,P,1.0371117,493.7805320,618.3822921,564.8184113
