Key,BID,ASK,STRIKE,ITYPE,ADJTHEOR,IVBID,IVASK,IVAVERAGE
XCME.ZN.SEP25,112.0937500,112.1093750,INVALID,F,,,,
XCME.WY1.06AUG25.110.P,INVALID,.0156250,110,P,.0068791,,1047.3322390,934.1500159
XCME.WY1.06AUG25.110:75.P,.0069999,.0312500,110.7500000,P,.0172415,634.3827744,850.7536778,763.1286955
XCME.WY1.06AUG25.112:25.P,.3437500,.3593750,112.2500000,P,.3512634,565.4085115,638.0922646,601.8028141
XCME.WY1.06AUG25.111:25.C,.8750000,.9062500,111.2500000,C,.9008531,622.2879299,756.0874808,693.2601556
XCME.WY1.06AUG25.110:5.P,.0069999,.0156250,110.5000000,P,.0118306,730.9153630,839.5256963,791.4988190
XCME.WY1.06AUG25.110:25.C,1.8437500,1.8750000,110.2500000,C,1.8637969,769.1842736,1115.8369046,988.6062484
