Key,BID,ASK,STRIKE,ITYPE,ADJTHEOR,IVBID,IVASK,IVAVERAGE
XCME.ZN.SEP25,111.8593750,111.8750000,INVALID,F,,,,
XCME.WY1.06AUG25.111:75.C,.2968750,.3281250,111.7500000,C,.3208485,464.7231563,535.6067624,500.2304996
XCME.WY1.06AUG25.113.C,.0156250,.0312500,113,C,.0208534,611.8703529,716.4289404,668.6451458
XCME.WY1.06AUG25.110.P,INVALID,.0069999,110,P,.0039288,,812.3112744,736.1386961
XCME.WY1.06AUG25.110:75.P,.0069999,.0156250,110.7500000,P,.0105951,530.7313972,616.6249767,578.4858756
XCME.WY1.06AUG25.112:25.P,.4843750,.5000000,112.2500000,P,.4885873,569.5426564,609.8091920,589.7814099
XCME.WY1.06AUG25.111:25.C,.6562500,.6875000,111.2500000,C,.6776046,450.8565336,575.3905034,517.5342234
