Key,BID,ASK,STRIKE,ITYPE,ADJTHEOR,IVBID,IVASK,IVAVERAGE
XCME.ZN.SEP25,112.0625000,112.0781250,INVALID,F,,,,
XCME.VY1.04AUG25.110.C,2.0781250,2.1093750,110,C,2.0546794,1813.3476842,,
XCME.VY1.04AUG25.110:75.C,1.3281250,1.3593750,110.7500000,C,1.3038240,1269.7602897,1546.2572218,1419.9637844
XCME.VY1.04AUG25.110.P,INVALID,.0069999,110,P,.0034919,,1432.6460940,1300.3713693
XCME.VY1.04AUG25.111:25.C,.8281250,.8593750,111.2500000,C,.8069082,878.6120949,1103.0790639,999.4431982
XCME.VY1.04AUG25.113.P,.9062500,.9375000,113,P,.9565346,,,
XCME.VY1.04AUG25.113.C,INVALID,.0156250,113,C,.0077221,,878.4894917,764.8934576
