Key,BID,ASK,STRIKE,ITYPE,ADJTHEOR,IVBID,IVASK,IVAVERAGE
XCME.ZN.SEP25,112.0625000,112.0781250,INVALID,F,,,,
XCME.WY1.06AUG25.113.C,.0156250,.0312500,113,C,.0249380,537.7068452,635.0860944,590.4556084
XCME.WY1.06AUG25.110.P,INVALID,.0069999,110,P,.0040554,,902.1827657,818.9479321
XCME.WY1.06AUG25.110:75.P,.0069999,.0156250,110.7500000,P,.0077244,618.3311444,714.8090796,672.0694329
XCME.WY1.06AUG25.112:25.P,.3281250,.3437500,112.2500000,P,.3356410,517.9099273,554.7764557,536.3709639
XCME.WY1.06AUG25.111:25.C,.8281250,.8593750,111.2500000,C,.8492233,382.5004335,603.4615923,518.8943738
XCME.WY1.06AUG25.110:5.P,INVALID,.0156250,110.5000000,P,.0055029,,821.4988532,727.2954881
XCME.WY1.06AUG25.110:25.C,1.8125000,1.8437500,110.2500000,C,1.8283355,,969.6329558,829.5403951
