Key,BID,ASK,STRIKE,ITYPE,ADJTHEOR,IVBID,IVASK,IVAVERAGE
XCME.ZN.SEP25,112.0312500,112.0468750,INVALID,F,,,,
XCME.WY1.06AUG25.110.P,INVALID,.0069999,110,P,.0040187,,888.6372640,806.1170459
XCME.WY1.06AUG25.110:75.P,.0069999,.0156250,110.7500000,P,.0078963,604.2282517,699.4889130,657.3113148
XCME.WY1.06AUG25.112:25.P,.3437500,.3593750,112.2500000,P,.3551994,507.1543452,544.6657361,525.9523886
XCME.WY1.06AUG25.111:25.C,.8125000,.8281250,111.2500000,C,.8193798,504.7076223,587.5429432,548.8044203
XCME.WY1.06AUG25.110:5.P,INVALID,.0156250,110.5000000,P,.0055194,,806.4408375,713.2599449
XCME.WY1.06AUG25.110:25.C,1.7812500,1.8125000,110.2500000,C,1.7970542,,954.3029782,815.6521395
