Key,BID,ASK,STRIKE,ITYPE,ADJTHEOR,IVBID,IVASK,IVAVERAGE
XCME.ZN.SEP25,111.8281250,111.8437500,INVALID,F,,,,
XCME.GY1.05AUG25.111:25.P,.0312500,.0468750,111.2500000,P,.0383637,534.6163851,608.7159269,573.0570380
XCME.GY1.05AUG25.110:25.P,INVALID,.0069999,110.2500000,P,.0034844,,842.4584085,760.2913918
XCME.GY1.05AUG25.111:5.C,.4218750,.4531250,111.5000000,C,.4208301,573.1466444,670.4117198,622.3889363
XCME.GY1.05AUG25.110.C,1.8437500,1.8750000,110,C,1.8356813,1030.3446154,1344.7614094,1214.2610866
XCME.GY1.05AUG25.111:5.P,.0781250,.0937500,111.5000000,P,.0883927,536.4934625,586.8809337,561.9089029
XCME.GY1.05AUG25.110:25.C,1.5781250,1.6093750,110.2500000,C,1.5859219,,1082.0863584,963.5461462
XCME.GY1.05AUG25.112:75.C,.0156250,.0312500,112.7500000,C,.0218973,626.9622785,740.6289956,688.5230246
