Key,BID,ASK,STRIKE,ITYPE,ADJTHEOR,IVBID,IVASK,IVAVERAGE
XCME.ZN.SEP25,111.9687500,111.9843750,INVALID,F,,,,
XCME.VY1.04AUG25.110:75.P,INVALID,.0069999,110.7500000,P,.0027026,,959.6815500,861.8787446
XCME.VY1.04AUG25.112.P,.1406250,.1562500,112,P,.1448499,534.5193306,591.6658633,563.0932366
XCME.VY1.04AUG25.111:5.C,.5000000,.5312500,111.5000000,C,.5302506,,590.3754610,476.1113152
XCME.VY1.04AUG25.112:25.C,.0468750,.0781250,112.2500000,C,.0641400,488.6269584,627.7759346,559.9065992
XCME.VY1.04AUG25.110:5.P,INVALID,.0069999,110.5000000,P,.0026559,,1116.6905905,1007.0629458
XCME.VY1.04AUG25.112:5.P,.5156250,.5312500,112.5000000,P,.5131301,623.7676334,723.8469563,675.8891251
