Key,BID,ASK,STRIKE,ITYPE,ADJTHEOR,IVBID,IVASK,IVAVERAGE
XCME.ZN.SEP25,110.9062500,110.9218750,INVALID,F,,,,
XCME.ZN1.01AUG25.111.C,.1875000,.2031250,111,C,.0867444,1210.1498607,1294.6431065,1252.4103788
XCME.ZN1.01AUG25.111:25.P,.4218750,.4375000,111.2500000,P,.3533770,1161.7160957,1261.0247767,1211.7214513
