Key,BID,ASK,STRIKE,ITYPE,ADJTHEOR,IVBID,IVASK,IVAVERAGE
XCME.ZN.SEP25,112.1250000,112.1406250,INVALID,F,,,,
XCME.VY1.04AUG25.113.C,.0069999,.0156250,113,C,.0128587,735.4003343,866.3697965,808.0262439
XCME.VY1.04AUG25.112:25.P,.2187500,.2500000,112.2500000,P,.2301617,588.7902591,713.7117057,651.4815914
XCME.VY1.04AUG25.112.C,.2187500,.2500000,112,C,.2367343,548.5645731,675.6945103,612.4990926
XCME.VY1.04AUG25.112:75.C,.0156250,.0312500,112.7500000,C,.0232482,671.8772817,808.6609486,745.4111923
XCME.VY1.04AUG25.110:25.C,1.8750000,1.9062500,110.2500000,C,1.8861891,,1749.7255004,1538.5096527
XCME.WY1.06AUG25.110.C,2.1250000,2.1562500,110,C,2.1393937,,1141.5925964,1007.4067969
XCME.WY1.06AUG25.113.P,.8906250,.9218750,113,P,.9103967,563.0724508,714.9657042,645.7513734
