Key,BID,ASK,STRIKE,ITYPE,ADJTHEOR,IVBID,IVASK,IVAVERAGE
XCME.ZN.SEP25,112.1406250,112.1562500,INVALID,F,,,,
XCME.VY1.04AUG25.112.C,.2343750,.2500000,112,C,.2440507,574.2277365,640.5769292,607.5447254
XCME.VY1.04AUG25.112:75.C,.0156250,.0312500,112.7500000,C,.0210264,670.0582291,807.9911946,744.1784227
XCME.VY1.04AUG25.110:25.C,1.8906250,1.9218750,110.2500000,C,1.9053489,,1746.1752003,1496.4008395
XCME.GY1.05AUG25.110.P,INVALID,.0069999,110,P,.0044303,,1152.7296335,1047.0144367
XCME.GY1.05AUG25.110:5.C,1.6406250,1.6718750,110.5000000,C,1.6582475,,1109.3064658,945.5250864
XCME.GY1.05AUG25.111.C,1.1406250,1.1718750,111,C,1.1648605,,834.4285514,701.5344918
XCME.GY1.05AUG25.112:25.C,.1718750,.1875000,112.2500000,C,.1782632,608.0003612,652.3636537,630.1938299
