Key,BID,ASK,STRIKE,ITYPE,ADJTHEOR,IVBID,IVASK,IVAVERAGE
XCME.ZN.SEP25,112.1562500,112.1718750,INVALID,F,,,,
XCME.VY1.04AUG25.112:25.P,.1875000,.2187500,112.2500000,P,.2008498,560.2703161,685.8373460,623.1913784
XCME.VY1.04AUG25.112.C,.2343750,.2656250,112,C,.2538155,527.8925948,663.4935194,596.4558436
XCME.VY1.04AUG25.112:75.C,.0156250,.0312500,112.7500000,C,.0211032,656.3557146,792.8162613,729.6592386
XCME.VY1.04AUG25.110:25.C,1.9062500,1.9218750,110.2500000,C,1.9209701,,1369.8642092,1050.9114234
XCME.WY1.06AUG25.110.C,2.1562500,2.1875000,110,C,2.1737369,,1129.6594476,972.3135681
XCME.WY1.06AUG25.113.P,.8750000,.9062500,113,P,.8861974,647.5337065,774.4995098,714.2330410
