Key,BID,ASK,STRIKE,ITYPE,ADJTHEOR,IVBID,IVASK,IVAVERAGE
XCME.ZN.SEP25,110.9687500,110.9843750,INVALID,F,,,,
XCME.ZN1.01AUG25.110:25.P,.0156250,.0312500,110.2500000,P,.0051392,778.3881299,930.5160207,860.4702396
XCME.ZN1.01AUG25.110:5.P,.0625000,.0781250,110.5000000,P,.0231825,891.8945424,977.5191713,935.3503500
