Key,BID,ASK,STRIKE,ITYPE,ADJTHEOR,IVBID,IVASK,IVAVERAGE
XCME.ZN.SEP25,112.1093750,112.1250000,INVALID,F,,,,
XCME.GY1.05AUG25.111.C,1.1093750,1.1406250,111,C,1.1335070,,807.8910833,678.6773407
XCME.GY1.05AUG25.112:25.C,.1562500,.1875000,112.2500000,C,.1748856,593.8810522,682.5046773,638.2702310
XCME.GY1.05AUG25.111:25.C,.8750000,.9062500,111.2500000,C,.8946525,488.0933744,767.5065147,660.9553507
XCME.GY1.05AUG25.111:75.C,.4531250,.4843750,111.7500000,C,.4634980,607.2648398,712.1987452,660.5402864
XCME.GY1.05AUG25.112:5.P,.4687500,.4843750,112.5000000,P,.4767861,639.6506967,692.3063810,666.1843088
XCME.GY1.05AUG25.113.P,.8906250,.9218750,113,P,.9098155,587.9802417,814.7617355,718.3230055
XCME.GY1.05AUG25.112:75.P,.6718750,.7031250,112.7500000,P,.6825332,648.6053926,787.0389100,720.9537295
