Key,BID,ASK,STRIKE,ITYPE,ADJTHEOR,IVBID,IVASK,IVAVERAGE
XCME.ZN.SEP25,112.1093750,112.1250000,INVALID,F,,,,
XCME.VY1.04AUG25.112.P,.0937500,.1093750,112,P,.1039180,563.2927039,626.9591175,595.2040941
XCME.VY1.04AUG25.111:5.C,.6250000,.6406250,111.5000000,C,.6327734,581.5923068,752.6097717,678.1598482
XCME.VY1.04AUG25.112:25.C,.0937500,.1093750,112.2500000,C,.1010901,586.9470585,651.1752432,619.1535438
XCME.VY1.04AUG25.110:5.P,INVALID,.0069999,110.5000000,P,.0033488,,1259.4399006,1137.7409345
XCME.VY1.04AUG25.112:5.P,.4218750,.4375000,112.5000000,P,.4257921,638.3020244,727.0598812,683.7764805
XCME.VY1.04AUG25.111.C,1.1093750,1.1406250,111,C,1.1216970,,1175.1175077,1015.9221190
XCME.VY1.04AUG25.110:5.C,1.6093750,1.6406250,110.5000000,C,1.6205363,,1567.6798957,1372.1752102
