Key,BID,ASK,STRIKE,ITYPE,ADJTHEOR,IVBID,IVASK,IVAVERAGE
XCME.ZN.SEP25,111.9375000,111.9531250,INVALID,F,,,,
XCME.VY1.04AUG25.111.C,.9218750,.9531250,111,C,.9498247,,772.6459024,688.3858254
XCME.VY1.04AUG25.110:5.C,1.4218750,1.4531250,110.5000000,C,1.4481187,,1096.3127390,985.6884729
XCME.VY1.04AUG25.110.C,1.9218750,1.9531250,110,C,1.9486601,,1406.4303277,1271.9913345
XCME.VY1.04AUG25.110:75.C,1.1718750,1.2031250,110.7500000,C,1.1983890,,936.4866847,838.6025804
XCME.VY1.04AUG25.110.P,INVALID,.0069999,110,P,.0033476,,1382.7537265,1253.5638178
XCME.VY1.04AUG25.111:25.C,.6875000,.7031250,111.2500000,C,.7048011,,601.8172727,530.9767370
