Key,BID,ASK,STRIKE,ITYPE,ADJTHEOR,IVBID,IVASK,IVAVERAGE
XCME.ZN.SEP25,112.0781250,112.0937500,INVALID,F,,,,
XCME.WY1.06AUG25.110:5.P,INVALID,.0069999,110.5000000,P,.0003219,,692.9607328,625.2224396
XCME.WY1.06AUG25.110:25.C,1.8125000,1.8437500,110.2500000,C,1.7813011,900.0834872,1136.6221568,1062.2382511
XCME.WY1.06AUG25.112:5.P,.5000000,.5312500,112.5000000,P,.5579688,434.1926298,532.5136336,485.0890055
XCME.WY1.06AUG25.111:5.C,.6093750,.6406250,111.5000000,C,.5872871,543.5216520,640.7460327,593.4746174
XCME.WY1.06AUG25.110:25.P,INVALID,.0069999,110.2500000,P,.0000511,,785.9665950,711.6608097
XCME.WY1.06AUG25.111:75.P,.0937500,.1250000,111.7500000,P,.1207675,465.0152806,544.6727173,505.2745197
XCME.WY1.06AUG25.112:75.P,.7187500,.7656250,112.7500000,P,.7699316,428.9162171,579.5046883,512.7494695
