Key,BID,ASK,STRIKE,ITYPE,ADJTHEOR,IVBID,IVASK,IVAVERAGE
XCME.ZN.SEP25,112.1406250,112.1562500,INVALID,F,,,,
XCME.GY1.05AUG25.110:5.P,INVALID,.0156250,110.5000000,P,.0055495,,1051.4091796,931.7814806
XCME.GY1.05AUG25.110:75.P,INVALID,.0156250,110.7500000,P,.0075581,,920.4651850,812.2736650
XCME.GY1.05AUG25.111:75.P,.0625000,.0937500,111.7500000,P,.0829702,561.0705262,673.5685614,618.6252573
XCME.GY1.05AUG25.112.P,.1406250,.1718750,112,P,.1606191,571.7514719,661.9278846,616.9524699
XCME.VY1.04AUG25.111:75.P,.0156250,.0468750,111.7500000,P,.0369133,488.9832391,700.3204498,604.7255315
XCME.VY1.04AUG25.111:75.C,.4218750,.4531250,111.7500000,C,.4318512,675.1287691,763.3992357,720.2604171
