Key,BID,ASK,STRIKE,ITYPE,ADJTHEOR,IVBID,IVASK,IVAVERAGE
XCME.ZN.SEP25,112.0156250,112.0312500,INVALID,F,,,,
XCME.WY1.06AUG25.111:25.P,.0156250,.0312500,111.2500000,P,.0271898,472.5233268,561.8071272,520.7459196
XCME.WY1.06AUG25.111:75.C,.3906250,.4062500,111.7500000,C,.4088919,484.6331669,524.5710472,504.7061614
XCME.WY1.06AUG25.113.C,.0156250,.0312500,113,C,.0291547,550.5337699,648.5702438,603.6175852
XCME.WY1.06AUG25.110.P,INVALID,.0069999,110,P,.0039342,,882.5339409,800.5378269
XCME.WY1.06AUG25.110:75.P,.0069999,.0156250,110.7500000,P,.0076536,599.5866751,694.1847732,652.2985520
XCME.WY1.06AUG25.112:25.P,.3593750,.3750000,112.2500000,P,.3673627,536.4177653,573.5347952,555.0121452
XCME.WY1.06AUG25.111:25.C,.7968750,.8281250,111.2500000,C,.8162523,409.1683605,598.5596271,520.7459196
