Key,BID,ASK,STRIKE,ITYPE,ADJTHEOR,IVBID,IVASK,IVAVERAGE
XCME.ZN.SEP25,111.9531250,111.9687500,INVALID,F,,,,
XCME.GY1.05AUG25.111:25.P,.0156250,.0312500,111.2500000,P,.0202977,524.2221474,626.6092072,579.4148821
XCME.GY1.05AUG25.110:25.P,INVALID,.0069999,110.2500000,P,.0032603,,916.5533368,828.7586309
XCME.GY1.05AUG25.111:5.C,.5000000,.5312500,111.5000000,C,.5065953,513.4755168,636.1546331,577.2352429
XCME.GY1.05AUG25.110.C,1.9531250,1.9843750,110,C,1.9606723,,1305.9343803,1169.9148975
XCME.GY1.05AUG25.111:5.P,.0468750,.0625000,111.5000000,P,.0491580,531.7086427,593.8877503,563.4598205
XCME.GY1.05AUG25.110:25.C,1.6875000,1.7187500,110.2500000,C,1.7106978,,991.9374182,924.7705324
XCME.GY1.05AUG25.112:75.C,.0156250,.0312500,112.7500000,C,.0265378,567.4070779,676.1625619,626.1803434
