Key,BID,ASK,STRIKE,ITYPE,ADJTHEOR,IVBID,IVASK,IVAVERAGE
XCME.ZN.SEP25,110.9531250,110.9687500,INVALID,F,,,,
XCME.ZN1.01AUG25.111.C,.2031250,.2343750,111,C,.1440365,897.8486744,1023.3533778,960.6117521
XCME.ZN1.01AUG25.111:25.P,.3906250,.4218750,111.2500000,P,.3506060,851.1943099,993.7266196,923.1739058
