Key,BID,ASK,STRIKE,ITYPE,ADJTHEOR,IVBID,IVASK,IVAVERAGE
XCME.ZN.SEP25,112.1406250,112.1562500,INVALID,F,,,,
XCME.WY1.06AUG25.112.P,.1718750,.1875000,112,P,.1835169,549.7635578,586.5935122,568.1962246
XCME.WY1.06AUG25.110:75.C,1.3906250,1.4218750,110.7500000,C,1.4150106,,796.5066147,674.9537733
XCME.WY1.06AUG25.111:5.P,.0468750,.0625000,111.5000000,P,.0578244,566.2613576,625.2043683,596.4636098
XCME.WY1.06AUG25.111.C,1.1562500,1.1875000,111,C,1.1717831,516.8650507,782.8424043,682.6829419
XCME.VY1.04AUG25.111:75.P,.0156250,.0312500,111.7500000,P,.0317384,498.1208177,615.3228195,560.6663077
XCME.VY1.04AUG25.111:75.C,.4218750,.4375000,111.7500000,C,.4336754,533.9193264,643.3595118,591.5648465
