Key,BID,ASK,STRIKE,ITYPE,ADJTHEOR,IVBID,IVASK,IVAVERAGE
XCME.ZN.SEP25,112.1718750,112.1875000,INVALID,F,,,,
XCME.GY1.05AUG25.110:75.P,INVALID,.0156250,110.7500000,P,.0072260,,943.8259007,833.2640078
XCME.GY1.05AUG25.111:75.P,.0625000,.0781250,111.7500000,P,.0668953,592.9831888,652.0444965,622.9331788
XCME.GY1.05AUG25.112.P,.1250000,.1406250,112,P,.1342476,567.0037745,613.4618705,590.2864580
XCME.WY1.06AUG25.110.C,2.1718750,2.2031250,110,C,2.1854745,,1172.5610156,1035.4306421
XCME.WY1.06AUG25.113.P,.8437500,.8750000,113,P,.8653311,544.4096534,694.2321729,625.8493841
XCME.WY1.06AUG25.112:75.C,.0625000,.0781250,112.7500000,C,.0752891,575.4839701,627.6926197,602.0199260
XCME.WY1.06AUG25.112.C,.3437500,.3593750,112,C,.3516141,557.9028618,595.2215615,576.5869385
