Key,BID,ASK,STRIKE,ITYPE,ADJTHEOR,IVBID,IVASK,IVAVERAGE
XCME.ZN.SEP25,110.9062500,110.9218750,INVALID,F,,,,
XCME.ZN1.01AUG25.111:5.P,.6093750,.6406250,111.5000000,P,.5965866,906.0509622,1244.5647242,1093.6327746
