Key,BID,ASK,STRIKE,ITYPE,ADJTHEOR,IVBID,IVASK,IVAVERAGE
XCME.ZN.SEP25,111.9687500,111.9843750,INVALID,F,,,,
XCME.ZN1.01AUG25.110:25.P,INVALID,.0069999,110.2500000,P,.0000019,,,
XCME.ZN1.01AUG25.110:75.P,INVALID,.0069999,110.7500000,P,.0000815,,1939.3229374,1743.5475759
XCME.ZN1.01AUG25.111:75.P,.0069999,.0156250,111.7500000,P,.0140008,512.3108918,646.2122983,584.7545650
XCME.ZN1.01AUG25.110.P,INVALID,.0069999,110,P,0,,,
XCME.ZN1.01AUG25.110:5.P,INVALID,.0069999,110.5000000,P,.0000157,,,
XCME.ZN1.01AUG25.112:75.P,.7656250,.7812500,112.7500000,P,.7703930,,1441.0170127,1322.5482305
