Key,BID,ASK,STRIKE,ITYPE,ADJTHEOR,IVBID,IVASK,IVAVERAGE
XCME.ZN.SEP25,112.0312500,112.0468750,INVALID,F,,,,
XCME.VY1.04AUG25.110.C,2.0312500,2.0625000,110,C,2.0391324,,1864.0311544,1672.2807973
XCME.VY1.04AUG25.110:75.C,1.2812500,1.3125000,110.7500000,C,1.2883558,,1301.5129073,1151.5648504
XCME.VY1.04AUG25.110.P,INVALID,.0069999,110,P,.0035699,,1472.8105700,1335.9689326
XCME.VY1.04AUG25.111:25.C,.7812500,.8125000,111.2500000,C,.7909669,,899.1922373,782.3327714
XCME.VY1.04AUG25.113.P,.9531250,.9687500,113,P,.9696857,,727.7796335,540.8174367
XCME.VY1.04AUG25.113.C,INVALID,.0069999,113,C,.0052482,,789.1226860,704.7922172
