Key,BID,ASK,STRIKE,ITYPE,ADJTHEOR,IVBID,IVASK,IVAVERAGE
XCME.ZN.SEP25,110.9218750,110.9375000,INVALID,F,,,,
XCME.ZN1.01AUG25.110:25.P,.0156250,.0312500,110.2500000,P,.0012604,972.5208616,1165.3226029,1076.3504536
XCME.ZN1.01AUG25.110:5.P,.0625000,.0781250,110.5000000,P,.0115929,1095.8347611,1205.1083949,1151.2502864
