Key,BID,ASK,STRIKE,ITYPE,ADJTHEOR,IVBID,IVASK,IVAVERAGE
XCME.ZN.SEP25,111.5781250,111.5937500,INVALID,F,,,,
XCME.VY1.04AUG25.111.C,.5781250,.6093750,111,C,.5986157,230.7884856,707.3114219,733.2449159
XCME.VY1.04AUG25.110:5.C,1.0625000,1.0937500,110.5000000,C,1.0820937,,946.8735407,1074.0234665
XCME.VY1.04AUG25.110.C,1.5625000,1.5937500,110,C,1.5809294,,1283.9461670,1439.5218056
XCME.VY1.04AUG25.110:75.C,.8281250,.8593750,110.7500000,C,.8360100,271.1981511,913.6944051,943.8491310
XCME.VY1.04AUG25.110.P,INVALID,.0069999,110,P,.0028044,,1116.8826739,1008.1763972
XCME.VY1.04AUG25.111:25.C,.3593750,.3906250,111.2500000,C,.3839506,486.9525676,640.8525101,586.2743232
XCME.VY1.04AUG25.113.P,1.4062500,1.4375000,113,P,1.4255908,,1179.7139109,366.4796207
