Key,BID,ASK,STRIKE,ITYPE,ADJTHEOR,IVBID,IVASK,IVAVERAGE
XCME.ZN.SEP25,110.8593750,110.8750000,INVALID,F,,,,
XCME.ZN1.01AUG25.110.P,.0069999,.0156250,110,P,.0000054,1105.5572157,1299.2867115,1212.7733095
XCME.ZN1.01AUG25.110:75.P,.1718750,.1875000,110.7500000,P,.0660548,1291.2882246,1383.0404797,1337.1949916
