Key,BID,ASK,STRIKE,ITYPE,ADJTHEOR,IVBID,IVASK,IVAVERAGE
XCME.ZN.SEP25,112.0156250,112.0312500,INVALID,F,,,,
XCME.WY1.06AUG25.112:5.P,.5468750,.5781250,112.5000000,P,.5578121,547.5401922,637.6239346,593.4408787
XCME.WY1.06AUG25.111:5.C,.5625000,.5937500,111.5000000,C,.5864420,424.0271622,538.6386551,484.6636037
XCME.WY1.06AUG25.110:25.P,INVALID,.0069999,110.2500000,P,.0026352,,786.8107818,711.8031010
XCME.WY1.06AUG25.111:75.P,.1093750,.1250000,111.7500000,P,.1153415,498.6308040,538.0317385,518.4189477
XCME.WY1.06AUG25.112:75.P,.7656250,.7812500,112.7500000,P,.7713732,591.3303939,651.1783759,622.0132361
XCME.WY1.06AUG25.110:5.C,1.5000000,1.5312500,110.5000000,C,1.5350141,,226.7597659,
