Key,BID,ASK,STRIKE,ITYPE,ADJTHEOR,IVBID,IVASK,IVAVERAGE
XCME.ZN.SEP25,110.9218750,110.9375000,INVALID,F,,,,
XCME.ZN1.01AUG25.110:25.C,.6875000,.7031250,110.2500000,C,.6771183,940.4044873,1163.1618871,1063.0391791
XCME.ZN1.01AUG25.112:75.C,INVALID,.0069999,112.7500000,C,0,,1939.8552379,1755.7379627
