Key,BID,ASK,STRIKE,ITYPE,ADJTHEOR,IVBID,IVASK,IVAVERAGE
XCME.ZN.SEP25,112.0312500,112.0468750,INVALID,F,,,,
XCME.GY1.05AUG25.111:25.P,.0069999,.0156250,111.2500000,P,.0152391,485.5329437,681.0517498,600.2710061
XCME.GY1.05AUG25.110:25.P,INVALID,.0069999,110.2500000,P,.0032625,,960.5226583,869.1437040
XCME.GY1.05AUG25.111:5.C,.5625000,.5937500,111.5000000,C,.5684643,420.8566611,588.3475814,513.7436853
XCME.GY1.05AUG25.110.C,2.0312500,2.0625000,110,C,2.0353575,,1213.2616259,1151.4131857
XCME.GY1.05AUG25.111:5.P,.0312500,.0468750,111.5000000,P,.0364021,517.9358024,591.9541572,556.2958224
XCME.GY1.05AUG25.110:25.C,1.7812500,1.8125000,110.2500000,C,1.7853250,,1089.4559425,1032.3077472
