Key,BID,ASK,STRIKE,ITYPE,ADJTHEOR,IVBID,IVASK,IVAVERAGE
XCME.ZN.SEP25,110.9531250,110.9687500,INVALID,F,,,,
XCME.ZN1.01AUG25.111.P,.2500000,.2812500,111,P,.1687117,1017.2940352,1085.8599567,1051.5788485
XCME.ZN1.01AUG25.110:75.C,.3437500,.3750000,110.7500000,C,.2807141,961.5663350,1107.9004307,1035.0797236
