Key,BID,ASK,STRIKE,ITYPE,ADJTHEOR,IVBID,IVASK,IVAVERAGE
XCME.ZN.SEP25,110.9843750,111,INVALID,F,,,,
XCME.ZN1.01AUG25.113.C,INVALID,.0069999,113,C,.000001,,1667.2678218,1511.8630961
XCME.ZN1.01AUG25.111:5.C,.0468750,.0781250,111.5000000,C,.0154713,904.6012558,1101.1289955,1006.5493340
