Key,BID,ASK,STRIKE,ITYPE,ADJTHEOR,IVBID,IVASK,IVAVERAGE
XCME.ZN.SEP25,111.9843750,112,INVALID,F,,,,
XCME.GY1.05AUG25.111.C,.9843750,1.0156250,111,C,1.0007425,,749.8697546,644.6697102
XCME.GY1.05AUG25.112:25.C,.0937500,.1093750,112.2500000,C,.1056324,534.1295228,629.6460284,582.3433285
XCME.GY1.05AUG25.111:25.C,.7500000,.7812500,111.2500000,C,.7605526,473.1263352,604.2376702,547.4571551
XCME.GY1.05AUG25.111:75.C,.3281250,.3593750,111.7500000,C,.3441357,495.0898958,590.7712418,543.4281454
XCME.GY1.05AUG25.112:5.P,.5468750,.5781250,112.5000000,P,.5612526,536.4322241,666.2975553,604.3181925
XCME.GY1.05AUG25.113.P,1,1.0312500,113,P,1.0228292,606.7959211,759.9797915,694.1011008
