Key,BID,ASK,STRIKE,ITYPE,ADJTHEOR,IVBID,IVASK,IVAVERAGE
XCME.ZN.SEP25,110.9375000,110.9531250,INVALID,F,,,,
XCME.ZN1.01AUG25.112:5.C,INVALID,.0069999,112.5000000,C,.0000287,,1239.5663287,1117.8512672
XCME.ZN1.01AUG25.112.C,INVALID,.0156250,112,C,.0006752,,1041.0203959,909.2932138
