Key,BID,ASK,STRIKE,ITYPE,ADJTHEOR,IVBID,IVASK,IVAVERAGE
XCME.ZN.SEP25,110.9843750,111,INVALID,F,,,,
XCME.ZN1.01AUG25.110:25.P,.0156250,.0312500,110.2500000,P,.0030318,848.8740588,1013.9882494,937.9643588
XCME.ZN1.01AUG25.110:5.P,.0468750,.0625000,110.5000000,P,.0163596,876.9126097,976.8249687,927.9769421
