Key,BID,ASK,STRIKE,ITYPE,ADJTHEOR,IVBID,IVASK,IVAVERAGE
XCME.ZN.SEP25,110.9218750,110.9375000,INVALID,F,,,,
XCME.ZN1.01AUG25.110:25.C,.6875000,.7343750,110.2500000,C,.6858675,654.6027479,1103.6794602,923.9364520
XCME.ZN1.01AUG25.112:75.C,INVALID,.0069999,112.7500000,C,.0000047,,1478.8020082,1338.7646744
