Key,BID,ASK,STRIKE,ITYPE,ADJTHEOR,IVBID,IVASK,IVAVERAGE
XCME.ZN.SEP25,110.9531250,110.9687500,INVALID,F,,,,
XCME.ZN1.01AUG25.110:25.P,.0156250,.0312500,110.2500000,P,.0012602,968.1637511,1158.9843596,1070.9996316
XCME.ZN1.01AUG25.110:5.P,.0625000,.0781250,110.5000000,P,.0108492,1101.4146765,1209.2252628,1156.1171048
