Key,BID,ASK,STRIKE,ITYPE,ADJTHEOR,IVBID,IVASK,IVAVERAGE
XCME.ZN.SEP25,110.9843750,111,INVALID,F,,,,
XCME.ZN1.01AUG25.111.P,.2343750,.2500000,111,P,.1730041,897.0054525,957.3643236,927.1849141
XCME.ZN1.01AUG25.110:75.C,.3750000,.3906250,110.7500000,C,.3190412,828.6732818,960.7536899,895.1517468
