Key,BID,ASK,STRIKE,ITYPE,ADJTHEOR,IVBID,IVASK,IVAVERAGE
XCME.ZN.SEP25,112.0312500,112.0468750,INVALID,F,,,,
XCME.VY1.04AUG25.112.C,.1562500,.1718750,112,C,.1629250,529.2544581,587.6743237,558.4685100
XCME.VY1.04AUG25.112:75.C,.0069999,.0156250,112.7500000,C,.0098084,618.1959214,731.9352605,680.9946120
XCME.VY1.04AUG25.110:25.C,1.7812500,1.8125000,110.2500000,C,1.7825715,1182.1711450,1763.0092033,1613.8863331
XCME.WY1.06AUG25.110.C,2.0312500,2.0625000,110,C,2.0395026,,1118.0857557,1002.3743329
XCME.WY1.06AUG25.113.P,.9687500,1,113,P,.9908297,436.3042469,674.1194018,583.8029030
XCME.WY1.06AUG25.112:75.C,.0312500,.0468750,112.7500000,C,.0470898,522.7056339,590.7061298,558.0720201
XCME.WY1.06AUG25.112.C,.2500000,.2656250,112,C,.2572094,520.5792922,555.7340867,538.1576986
