Key,BID,ASK,STRIKE,ITYPE,ADJTHEOR,IVBID,IVASK,IVAVERAGE
XCME.ZN.SEP25,110.9531250,110.9687500,INVALID,F,,,,
XCME.ZN1.01AUG25.110.P,INVALID,.0156250,110,P,.0000301,,1247.9812940,1089.0821498
XCME.ZN1.01AUG25.110:75.P,.1406250,.1562500,110.7500000,P,.0496929,1172.5534067,1256.9961058,1214.8661992
