Key,BID,ASK,STRIKE,ITYPE,ADJTHEOR,IVBID,IVASK,IVAVERAGE
XCME.ZN.SEP25,111.9843750,112,INVALID,F,,,,
XCME.ZN1.01AUG25.111:25.P,INVALID,.0069999,111.2500000,P,.0001246,,1308.9691413,1160.9175800
XCME.ZN1.01AUG25.112:5.P,.5000000,.5156250,112.5000000,P,.5117713,,885.0939011,635.5876903
XCME.ZN1.01AUG25.110.C,1.9843750,2,110,C,1.9886874,,,
XCME.ZN1.01AUG25.112.P,.0625000,.0781250,112,P,.0680296,437.2015041,558.0575989,497.6476909
XCME.ZN1.01AUG25.112:25.C,INVALID,.0069999,112.2500000,C,.0047737,,577.8123817,494.4650665
XCME.ZN1.01AUG25.111:25.C,.7343750,.7500000,111.2500000,C,.7388121,,1440.4544541,1323.0316204
XCME.ZN1.01AUG25.111:75.C,.2343750,.2656250,111.7500000,C,.2450532,,819.7895302,672.4807453
