Key,BID,ASK,STRIKE,ITYPE,ADJTHEOR,IVBID,IVASK,IVAVERAGE
XCME.ZN.SEP25,111.9375000,111.9531250,INVALID,F,,,,
XCME.VY1.04AUG25.110.C,1.9375000,1.9531250,110,C,1.9564478,,1592.6973895,1282.4658663
XCME.VY1.04AUG25.110:75.C,1.1875000,1.2187500,110.7500000,C,1.2062696,,1076.9006080,847.2707566
XCME.VY1.04AUG25.110.P,INVALID,.0069999,110,P,.0033228,,1393.9798388,1264.1085892
XCME.VY1.04AUG25.111:25.C,.6875000,.7187500,111.2500000,C,.7132686,,707.7047048,538.3854605
XCME.VY1.04AUG25.113.P,1.0468750,1.0781250,113,P,1.0490508,464.3674649,1132.3306188,1012.5784206
XCME.VY1.04AUG25.113.C,INVALID,.0069999,113,C,.0021758,,828.2084058,742.0277053
