Key,BID,ASK,STRIKE,ITYPE,ADJTHEOR,IVBID,IVASK,IVAVERAGE
XCME.ZN.SEP25,110.9375000,110.9531250,INVALID,F,,,,
XCME.ZN1.01AUG25.111.C,.1875000,.2187500,111,C,.1068316,1061.7014704,1216.5553361,1139.1550659
XCME.ZN1.01AUG25.111:25.P,.4062500,.4218750,111.2500000,P,.3401842,1076.9625799,1166.1326447,1121.8047064
