Key,BID,ASK,STRIKE,ITYPE,ADJTHEOR,IVBID,IVASK,IVAVERAGE
XCME.ZN.SEP25,111.0625000,111.0781250,INVALID,F,,,,
XCME.ZN1.01AUG25.111.P,.2031250,.2187500,111,P,.1432329,890.7799366,951.3048762,921.0470923
XCME.ZN1.01AUG25.110:75.C,.4062500,.4375000,110.7500000,C,.3648669,842.1520132,980.1848744,911.8766665
