Key,BID,ASK,STRIKE,ITYPE,ADJTHEOR,IVBID,IVASK,IVAVERAGE
XCME.ZN.SEP25,110.9218750,110.9375000,INVALID,F,,,,
XCME.ZN1.01AUG25.110:5.C,.4843750,.5156250,110.5000000,C,.4520207,937.4305692,1101.6455303,1021.1144860
XCME.ZN1.01AUG25.111:75.C,.0156250,.0312500,111.7500000,C,.0023069,901.9976827,1070.3164698,992.9716479
