Key,BID,ASK,STRIKE,ITYPE,ADJTHEOR,IVBID,IVASK,IVAVERAGE
XCME.ZN.SEP25,110.8906250,110.9062500,INVALID,F,,,,
XCME.ZN1.01AUG25.111:5.P,.6093750,.6406250,111.5000000,P,.6061306,798.1349015,1309.5933450,1110.3411326
