Key,BID,ASK,STRIKE,ITYPE,ADJTHEOR,IVBID,IVASK,IVAVERAGE
XCME.ZN.SEP25,110.9531250,110.9687500,INVALID,F,,,,
XCME.ZN1.01AUG25.113.C,INVALID,.0069999,113,C,.000001,,1711.2270032,1551.9207047
XCME.ZN1.01AUG25.111:5.C,.0468750,.0625000,111.5000000,C,.0123051,949.4160473,1054.5213332,1003.1654727
