Key,BID,ASK,STRIKE,ITYPE,ADJTHEOR,IVBID,IVASK,IVAVERAGE
XCME.ZN.SEP25,110.9687500,110.9843750,INVALID,F,,,,
XCME.ZN1.01AUG25.113.C,INVALID,.0069999,113,C,.0000014,,1648.4725557,1494.7534074
XCME.ZN1.01AUG25.111:5.C,.0468750,.0625000,111.5000000,C,.0156570,899.6881776,1000.5934116,951.2748560
