Key,BID,ASK,STRIKE,ITYPE,ADJTHEOR,IVBID,IVASK,IVAVERAGE
XCME.ZN.SEP25,111.0468750,111.0625000,INVALID,F,,,,
XCME.ZN1.01AUG25.110:25.C,.8125000,.8437500,110.2500000,C,.7965217,856.8994043,1116.7852148,999.6529314
XCME.ZN1.01AUG25.112:75.C,INVALID,.0069999,112.7500000,C,.0000162,,1306.5280128,1181.4540192
