Key,BID,ASK,STRIKE,ITYPE,ADJTHEOR,IVBID,IVASK,IVAVERAGE
XCME.ZN.SEP25,110.9531250,110.9687500,INVALID,F,,,,
XCME.ZN1.01AUG25.112.P,1.0312500,1.0625000,112,P,1.0395125,948.8716465,1353.2170222,1189.1818708
