Key,BID,ASK,STRIKE,ITYPE,ADJTHEOR,IVBID,IVASK,IVAVERAGE
XCME.ZN.SEP25,110.9375000,110.9531250,INVALID,F,,,,
XCME.ZN1.01AUG25.111.P,.2500000,.2812500,111,P,.1662176,1081.8774185,1238.3464676,1160.1423363
XCME.ZN1.01AUG25.110:75.C,.3281250,.3593750,110.7500000,C,.2458536,1104.1778937,1267.6965311,1186.2170963
