Key,BID,ASK,STRIKE,ITYPE,ADJTHEOR,IVBID,IVASK,IVAVERAGE
XCME.ZN.SEP25,111.9843750,112,INVALID,F,,,,
XCME.ZN1.01AUG25.112:5.P,.4843750,.5156250,112.5000000,P,.4923453,,1269.5770193,1058.2669995
XCME.ZN1.01AUG25.110.C,2,2.0156250,110,C,2.0078124,,,
XCME.ZN1.01AUG25.112.P,.0468750,.0781250,112,P,.0509598,391.0491578,632.4614574,511.7922625
XCME.ZN1.01AUG25.112:25.C,INVALID,.0069999,112.2500000,C,.0034412,,545.3343881,465.0124656
XCME.ZN1.01AUG25.111:25.C,.7500000,.7656250,111.2500000,C,.7578305,,1364.8768937,1207.2304538
XCME.ZN1.01AUG25.111:75.C,.2500000,.2656250,111.7500000,C,.2605294,,588.8778380,501.6652560
