Key,BID,ASK,STRIKE,ITYPE,ADJTHEOR,IVBID,IVASK,IVAVERAGE
XCME.ZN.SEP25,110.8906250,110.9062500,INVALID,F,,,,
XCME.ZN1.01AUG25.111.P,.2812500,.2968750,111,P,.1760951,1278.5496770,1368.8615142,1323.7305842
XCME.ZN1.01AUG25.110:75.C,.2968750,.3125000,110.7500000,C,.2019275,1232.5803562,1324.4308275,1278.5591551
