Key,BID,ASK,STRIKE,ITYPE,ADJTHEOR,IVBID,IVASK,IVAVERAGE
XCME.ZN.SEP25,111.9843750,112,INVALID,F,,,,
XCME.GY1.05AUG25.111:5.C,.5312500,.5468750,111.5000000,C,.5440451,491.0693031,562.6521908,528.1371286
XCME.GY1.05AUG25.110.C,1.9843750,2.0156250,110,C,2.0034284,,1196.0961300,963.9963302
XCME.GY1.05AUG25.111:5.P,.0312500,.0468750,111.5000000,P,.0440451,491.0695171,562.6528981,528.1375731
XCME.GY1.05AUG25.110:25.C,1.7343750,1.7656250,110.2500000,C,1.7535898,,1072.3631306,858.9965414
XCME.GY1.05AUG25.112:75.C,.0156250,.0312500,112.7500000,C,.0284874,544.2119511,649.9622232,601.2764049
XCME.GY1.05AUG25.112:5.C,.0468750,.0625000,112.5000000,C,.0565900,562.6380428,626.5467070,595.3028981
XCME.GY1.05AUG25.110:5.P,INVALID,.0069999,110.5000000,P,.0041382,,821.6697076,740.7762010
