Key,BID,ASK,STRIKE,ITYPE,ADJTHEOR,IVBID,IVASK,IVAVERAGE
XCME.ZN.SEP25,110.9531250,110.9687500,INVALID,F,,,,
XCME.ZN1.01AUG25.113.C,INVALID,.0069999,113,C,.000,,1758.1828257,1594.3810612
XCME.ZN1.01AUG25.111:5.C,.0468750,.0625000,111.5000000,C,.0113379,969.4168953,1077.2659193,1024.5691504
