Key,BID,ASK,STRIKE,ITYPE,ADJTHEOR,IVBID,IVASK,IVAVERAGE
XCME.ZN.SEP25,111.7187500,111.7343750,INVALID,F,,,,
XCME.VY1.04AUG25.110:75.P,INVALID,.0069999,110.7500000,P,.0046300,,764.1553335,682.8519363
XCME.VY1.04AUG25.112.P,.3593750,.3750000,112,P,.3372162,735.6194238,797.3076942,766.5993676
XCME.VY1.04AUG25.111:5.C,.2656250,.2968750,111.5000000,C,.3269864,344.1386711,500.1484953,427.0173137
XCME.VY1.04AUG25.112:25.C,.0156250,.0312500,112.2500000,C,.0344334,530.7905081,646.1461570,592.5914822
XCME.VY1.04AUG25.110:5.P,INVALID,.0069999,110.5000000,P,.0028700,,919.7885256,826.4226536
XCME.VY1.04AUG25.112:5.P,.7812500,.8125000,112.5000000,P,.7689610,818.2228961,1033.1604514,933.8044243
