Key,BID,ASK,STRIKE,ITYPE,ADJTHEOR,IVBID,IVASK,IVAVERAGE
XCME.ZN.SEP25,111.9375000,111.9531250,INVALID,F,,,,
XCME.GY1.05AUG25.111:25.C,.7187500,.7500000,111.2500000,C,.7276603,537.2184511,708.3034343,631.0906853
XCME.GY1.05AUG25.111:75.C,.3281250,.3437500,111.7500000,C,.3328479,568.9707345,613.3886891,591.2338448
XCME.GY1.05AUG25.112:5.P,.5781250,.6093750,112.5000000,P,.6078601,498.2442734,640.2208594,573.9147750
XCME.GY1.05AUG25.113.P,1.0468750,1.0625000,113,P,1.0671245,,666.6854930,557.2288106
XCME.GY1.05AUG25.112:75.P,.8125000,.8281250,112.7500000,P,.8311942,532.0710852,649.0966256,596.3951013
XCME.GY1.05AUG25.110:75.C,1.1875000,1.2187500,110.7500000,C,1.2065961,,812.7241522,774.9599067
