Key,BID,ASK,STRIKE,ITYPE,ADJTHEOR,IVBID,IVASK,IVAVERAGE
XCME.ZN.SEP25,111.8437500,111.8593750,INVALID,F,,,,
XCME.ZN1.01AUG25.111:25.C,.5937500,.6093750,111.2500000,C,.6057728,,1307.9050102,1125.4591060
XCME.ZN1.01AUG25.111:75.C,.1718750,.1875000,111.7500000,C,.1839653,773.2594040,882.4004217,828.0082186
XCME.ZN1.01AUG25.110:5.C,1.3281250,1.3593750,110.5000000,C,1.3509287,,,1865.4463020
XCME.ZN1.01AUG25.110:75.C,1.0781250,1.1093750,110.7500000,C,1.1004669,,1700.4910464,1574.3396810
XCME.ZN1.01AUG25.111.P,INVALID,.0069999,111,P,.0032123,,1262.1792807,1125.1079013
XCME.ZN1.01AUG25.113.C,INVALID,.0069999,113,C,.0027508,,1617.8580247,1449.6365484
XCME.ZN1.01AUG25.112:5.C,INVALID,.0069999,112.5000000,C,.0071208,,1019.9865568,901.2064534
