Key,BID,ASK,STRIKE,ITYPE,ADJTHEOR,IVBID,IVASK,IVAVERAGE
XCME.ZN.SEP25,112.0625000,112.0781250,INVALID,F,,,,
XCME.ZN1.01AUG25.110:5.C,1.5625000,1.5937500,110.5000000,C,,,,
XCME.ZN1.01AUG25.110:75.C,1.3125000,1.3437500,110.7500000,C,1.3298070,,,1785.0050923
XCME.ZN1.01AUG25.111.P,INVALID,.0069999,111,P,.0010644,,1644.1151941,1472.3943366
XCME.ZN1.01AUG25.113.C,INVALID,.0069999,113,C,.0005940,,1439.6927099,1281.8656275
XCME.ZN1.01AUG25.112:5.C,INVALID,.0156250,112.5000000,C,.0036964,,934.7609881,788.0630876
XCME.ZN1.01AUG25.111:5.C,.5625000,.5937500,111.5000000,C,.5809485,,1182.3210386,887.9575471
XCME.ZN1.01AUG25.113.P,.9218750,.9375000,113,P,.9224690,467.1049812,1688.7466823,1589.1083521
