Key,BID,ASK,STRIKE,ITYPE,ADJTHEOR,IVBID,IVASK,IVAVERAGE
XCME.ZN.SEP25,111.9531250,111.9687500,INVALID,F,,,,
XCME.ZN1.01AUG25.110:5.C,1.4531250,1.4687500,110.5000000,C,1.4609445,,,
XCME.ZN1.01AUG25.110:75.C,1.2031250,1.2187500,110.7500000,C,1.2109996,,,1787.6122484
XCME.ZN1.01AUG25.111.P,INVALID,.0069999,111,P,.0002544,,1619.1310044,1446.7407538
XCME.ZN1.01AUG25.113.C,INVALID,.0069999,113,C,.0000870,,1730.1412735,1549.8177861
XCME.ZN1.01AUG25.112:5.C,INVALID,.0069999,112.5000000,C,.0007050,,1012.4748238,888.7609208
XCME.ZN1.01AUG25.111:5.C,.4531250,.4687500,111.5000000,C,.4639796,,917.9690215,800.2459167
