Key,BID,ASK,STRIKE,ITYPE,ADJTHEOR,IVBID,IVASK,IVAVERAGE
XCME.ZN.SEP25,112.0468750,112.0625000,INVALID,F,,,,
XCME.WY1.06AUG25.111:75.C,.4375000,.4687500,111.7500000,C,.4298053,544.9827696,623.1253208,584.3630408
XCME.WY1.06AUG25.113.C,.0312500,.0468750,113,C,.0353554,627.3512426,702.3761903,666.4904412
XCME.WY1.06AUG25.110.P,INVALID,.0069999,110,P,.0034332,,885.8630545,803.8962054
XCME.WY1.06AUG25.110:75.P,INVALID,.0156250,110.7500000,P,.0056824,,701.1751427,617.5329526
XCME.WY1.06AUG25.112:25.P,.3593750,.3750000,112.2500000,P,.3522896,539.6741254,611.8481036,575.8489767
XCME.WY1.06AUG25.111:25.C,.8125000,.8593750,111.2500000,C,.8416797,,612.1150737,486.8413383
