Key,BID,ASK,STRIKE,ITYPE,ADJTHEOR,IVBID,IVASK,IVAVERAGE
XCME.ZN.SEP25,111.7968750,111.8125000,INVALID,F,,,,
XCME.ZN1.01AUG25.112:75.C,INVALID,.0069999,112.7500000,C,.0034864,,1334.7073516,1189.9508750
XCME.ZN1.01AUG25.110:25.C,1.5625000,1.5937500,110.2500000,C,1.5936816,,,
XCME.ZN1.01AUG25.110:25.P,INVALID,.0069999,110.2500000,P,.0042441,,,1913.9548123
XCME.ZN1.01AUG25.110:75.P,INVALID,.0069999,110.7500000,P,.0023884,,1545.8437972,1383.5549766
XCME.ZN1.01AUG25.111:75.P,.0781250,.1093750,111.7500000,P,.0824285,780.8149215,996.1999469,888.9799373
XCME.ZN1.01AUG25.110.P,INVALID,.0069999,110,P,,,,
XCME.ZN1.01AUG25.110:5.P,INVALID,.0069999,110.5000000,P,.0029247,,1834.7608712,1650.6361135
