Key,BID,ASK,STRIKE,ITYPE,ADJTHEOR,IVBID,IVASK,IVAVERAGE
XCME.ZN.SEP25,110.8437500,110.8593750,INVALID,F,,,,
XCME.VY1.04AUG25.111:75.P,.8906250,.9687500,111.7500000,P,.8982534,,1254.0556767,1026.1368376
XCME.VY1.04AUG25.111:75.C,.0156250,.0468750,111.7500000,C,.0041304,812.3188085,1079.2404671,961.9161836
XCME.VY1.04AUG25.112:75.P,1.8750000,1.9375000,112.7500000,P,1.8941481,,,1714.1926623
XCME.VY1.04AUG25.111:25.P,.4843750,.5312500,111.2500000,P,.4425185,834.6836711,1031.9031862,935.1431325
XCME.VY1.04AUG25.111:5.P,.6875000,.7187500,111.5000000,P,.6596587,842.3319825,1019.4795788,934.8954632
XCME.VY1.04AUG25.112:5.C,INVALID,.0156250,112.5000000,C,.0000601,,1327.5413798,1176.8916474
XCME.VY1.04AUG25.110:25.P,.0468750,.0625000,110.2500000,P,.0147048,831.0790529,919.4945871,876.3415343
