Key,BID,ASK,STRIKE,ITYPE,ADJTHEOR,IVBID,IVASK,IVAVERAGE
XCME.ZN.SEP25,111.9531250,111.9687500,INVALID,F,,,,
XCME.WY1.06AUG25.110.P,INVALID,.0069999,110,P,.0039401,,837.5353943,759.2234520
XCME.WY1.06AUG25.110:75.P,INVALID,.0156250,110.7500000,P,.0091979,,645.3266953,566.7138452
XCME.WY1.06AUG25.112:25.P,.4062500,.4375000,112.2500000,P,.4384894,484.4284944,563.8304444,524.5382655
XCME.WY1.06AUG25.111:25.C,.7187500,.7500000,111.2500000,C,.7302298,484.5599776,668.7763716,584.9409237
XCME.WY1.06AUG25.110:5.P,INVALID,.0156250,110.5000000,P,.0058308,,751.4655931,663.6732144
XCME.WY1.06AUG25.110:25.C,1.6875000,1.7187500,110.2500000,C,1.6962830,,1058.7007080,923.0037523
