Key,BID,ASK,STRIKE,ITYPE,ADJTHEOR,IVBID,IVASK,IVAVERAGE
XCME.ZN.SEP25,110.9375000,110.9531250,INVALID,F,,,,
XCME.ZN1.01AUG25.110.P,.0069999,.0156250,110,P,.0000702,1035.3380536,1210.7810228,1132.5652562
XCME.ZN1.01AUG25.110:75.P,.1406250,.1562500,110.7500000,P,.0552005,1126.0221781,1208.4194942,1167.3032719
