Key,BID,ASK,STRIKE,ITYPE,ADJTHEOR,IVBID,IVASK,IVAVERAGE
XCME.ZN.SEP25,111.8750000,111.8906250,INVALID,F,,,,
XCME.WY1.06AUG25.110:5.P,INVALID,.0156250,110.5000000,P,.0062161,,729.5748211,643.7703429
XCME.WY1.06AUG25.110:25.C,1.6406250,1.6562500,110.2500000,C,1.6495601,,785.9421275,732.3442482
XCME.WY1.06AUG25.112:5.P,INVALID,.7187500,112.5000000,P,.6698456,,734.5302436,550.8040939
XCME.WY1.06AUG25.111:5.C,.4375000,INVALID,111.5000000,C,.4885620,381.7562311,,
XCME.WY1.06AUG25.110:25.P,INVALID,.0069999,110.2500000,P,.0046226,,725.9668775,656.2170900
XCME.WY1.06AUG25.111:75.P,.1718750,.1875000,111.7500000,P,.1792667,524.4703525,559.9722538,542.2374172
