Key,BID,ASK,STRIKE,ITYPE,ADJTHEOR,IVBID,IVASK,IVAVERAGE
XCME.ZN.SEP25,110.9375000,110.9531250,INVALID,F,,,,
XCME.ZN1.01AUG25.113.C,INVALID,.0069999,113,C,0,,,1969.2138404
XCME.ZN1.01AUG25.111:5.C,.0312500,.0468750,111.5000000,C,.0034289,1069.1736348,1353.3074713,1219.6153571
