Key,BID,ASK,STRIKE,ITYPE,ADJTHEOR,IVBID,IVASK,IVAVERAGE
XCME.ZN.SEP25,111.9218750,111.9375000,INVALID,F,,,,
XCME.GY1.05AUG25.111:5.C,.4843750,.5156250,111.5000000,C,.4787688,578.5423463,687.7044114,634.3222861
XCME.GY1.05AUG25.110.C,1.9375000,1.9531250,110,C,1.9216411,1209.8870834,1364.2765002,1292.9464580
XCME.GY1.05AUG25.111:5.P,.0468750,.0625000,111.5000000,P,.0612063,501.9943663,562.5920545,532.9138561
XCME.GY1.05AUG25.110:25.C,1.6718750,1.7031250,110.2500000,C,1.6712729,836.4688127,1224.6759159,1121.7133403
XCME.GY1.05AUG25.112:75.C,.0156250,.0312500,112.7500000,C,.0265535,589.7956853,701.1573718,650.0135183
XCME.GY1.05AUG25.112:5.C,.0312500,.0468750,112.5000000,C,.0501218,545.8580165,688.6004041,621.5113902
