Key,BID,ASK,STRIKE,ITYPE,ADJTHEOR,IVBID,IVASK,IVAVERAGE
XCME.ZN.SEP25,110.9375000,110.9531250,INVALID,F,,,,
XCME.ZN1.01AUG25.112:5.C,INVALID,.0069999,112.5000000,C,0,,1664.8458725,1502.1047539
XCME.ZN1.01AUG25.112.C,INVALID,.0156250,112,C,.0000199,,1406.5756867,1229.7791795
