Key,BID,ASK,STRIKE,ITYPE,ADJTHEOR,IVBID,IVASK,IVAVERAGE
XCME.ZN.SEP25,111.9062500,111.9218750,INVALID,F,,,,
XCME.WY1.06AUG25.110:5.P,INVALID,.0156250,110.5000000,P,.0060165,,729.5748424,643.7703304
XCME.WY1.06AUG25.110:25.C,1.6406250,1.6718750,110.2500000,C,1.6494188,,930.0018507,829.2188154
XCME.WY1.06AUG25.112:5.P,.6406250,.6718750,112.5000000,P,.6733166,476.6397439,590.8985310,536.8313452
XCME.WY1.06AUG25.111:5.C,.4843750,.5156250,111.5000000,C,.4913347,521.9881990,605.6391681,564.4085920
XCME.WY1.06AUG25.110:25.P,INVALID,.0069999,110.2500000,P,.0044813,,725.9669145,656.2170708
XCME.WY1.06AUG25.111:75.P,.1718750,.1875000,111.7500000,P,.1839481,524.4703525,559.9722538,542.2374172
XCME.WY1.06AUG25.112:75.P,.8750000,.9062500,112.7500000,P,.8932681,521.2040827,674.9556637,605.7998188
