Key,BID,ASK,STRIKE,ITYPE,ADJTHEOR,IVBID,IVASK,IVAVERAGE
XCME.ZN.SEP25,111.9843750,112,INVALID,F,,,,
XCME.GY1.05AUG25.111.C,.9843750,1.0156250,111,C,.9862193,576.9224589,827.3748230,753.3255924
XCME.GY1.05AUG25.112:25.C,.1093750,.1250000,112.2500000,C,.1172582,584.8899500,631.5647858,608.3294298
XCME.GY1.05AUG25.111:25.C,.7500000,.7656250,111.2500000,C,.7488555,455.4584536,747.0725865,651.0333720
XCME.GY1.05AUG25.111:75.C,.3437500,.3593750,111.7500000,C,.3480389,563.3348662,608.6384112,586.0603957
XCME.GY1.05AUG25.112:5.P,.5625000,.5937500,112.5000000,P,.5854107,535.0642597,663.6721889,602.3434720
XCME.GY1.05AUG25.113.P,1.0156250,1.0468750,113,P,1.0407170,,752.9478728,601.6880494
