Key,BID,ASK,STRIKE,ITYPE,ADJTHEOR,IVBID,IVASK,IVAVERAGE
XCME.ZN.SEP25,110.9375000,110.9531250,INVALID,F,,,,
XCME.ZN1.01AUG25.112:5.P,1.5468750,1.5781250,112.5000000,P,1.5546912,,1764.7725386,1542.1291720
