Key,BID,ASK,STRIKE,ITYPE,ADJTHEOR,IVBID,IVASK,IVAVERAGE
XCME.ZN.SEP25,112.1406250,112.1562500,INVALID,F,,,,
XCME.GY1.05AUG25.110:5.P,INVALID,.0156250,110.5000000,P,.0056569,,1055.0333135,935.1095659
XCME.GY1.05AUG25.110:75.P,INVALID,.0156250,110.7500000,P,.0076953,,924.1460606,815.6234057
XCME.GY1.05AUG25.111:75.P,.0625000,.0937500,111.7500000,P,.0796828,566.8137921,679.7669278,624.6170201
XCME.GY1.05AUG25.112.P,.1406250,.1718750,112,P,.1548481,579.6236473,670.0204974,624.9419581
XCME.WY1.06AUG25.110.C,2.1406250,2.1718750,110,C,2.1550514,,1154.6795033,1019.1440367
XCME.WY1.06AUG25.113.P,.8906250,.9062500,113,P,.9000797,640.6355900,709.7643168,676.3650520
