Key,BID,ASK,STRIKE,ITYPE,ADJTHEOR,IVBID,IVASK,IVAVERAGE
XCME.ZN.SEP25,112.1250000,112.1406250,INVALID,F,,,,
XCME.GY1.05AUG25.110:75.P,INVALID,.0156250,110.7500000,P,.0075353,,916.0161969,808.2306223
XCME.GY1.05AUG25.111:75.P,.0781250,.0937500,111.7500000,P,.0848832,610.9377531,665.6499585,638.5595587
XCME.GY1.05AUG25.112.P,.1562500,.1718750,112,P,.1640814,606.9367732,651.7939179,629.3884921
XCME.ZN1.01AUG25.112:75.C,INVALID,.0069999,112.7500000,C,.0000050,,1549.3872139,1367.0691496
XCME.ZN1.01AUG25.110:25.C,1.8750000,1.8906250,110.2500000,C,1.8871250,,,
XCME.ZN1.01AUG25.110:25.P,INVALID,.0069999,110.2500000,P,0,,,
XCME.ZN1.01AUG25.110:75.P,INVALID,.0069999,110.7500000,P,0,,,
