Key,BID,ASK,STRIKE,ITYPE,ADJTHEOR,IVBID,IVASK,IVAVERAGE
XCME.ZN.SEP25,111.6250000,111.6406250,INVALID,F,,,,
XCME.VY1.04AUG25.112:25.P,.6562500,.6875000,112.2500000,P,.6560234,699.1907912,906.0811913,810.9350946
XCME.VY1.04AUG25.112.C,.0468750,.0625000,112,C,.0537858,623.2320516,700.4345058,662.5872095
XCME.VY1.04AUG25.112:75.C,INVALID,.0156250,112.7500000,C,.0061548,,987.8044863,865.4465881
XCME.VY1.04AUG25.110:25.C,1.3593750,1.3906250,110.2500000,C,1.3699622,,1249.9483900,1202.2200451
XCME.GY1.05AUG25.110.P,INVALID,.0069999,110,P,.0032036,,859.5489511,776.4112677
XCME.GY1.05AUG25.110:5.C,1.1093750,1.1406250,110.5000000,C,1.1312127,,735.3241229,694.4403506
