Key,BID,ASK,STRIKE,ITYPE,ADJTHEOR,IVBID,IVASK,IVAVERAGE
XCME.ZN.SEP25,110.9375000,110.9531250,INVALID,F,,,,
XCME.ZN1.01AUG25.113.C,INVALID,.0069999,113,C,.0000,,1754.4664454,1591.5416257
XCME.ZN1.01AUG25.111:5.C,.0468750,.0625000,111.5000000,C,.0099057,991.3545555,1099.5025619,1046.6902114
