Key,BID,ASK,STRIKE,ITYPE,ADJTHEOR,IVBID,IVASK,IVAVERAGE
XCME.ZN.SEP25,111.6093750,111.6250000,INVALID,F,,,,
XCME.ZN1.01AUG25.112:25.P,.6250000,.6562500,112.2500000,P,.6604725,,918.6869667,
XCME.ZN1.01AUG25.111.C,.6093750,.6406250,111,C,.6057547,1036.8300332,1482.3772528,1340.9578362
XCME.ZN1.01AUG25.112.C,.0156250,.0312500,112,C,.0235627,834.4046997,1028.8085920,938.1312080
XCME.VY1.04AUG25.111:75.P,.2500000,.2812500,111.7500000,P,.2606399,585.4767717,701.9912820,644.0130821
XCME.VY1.04AUG25.111:75.C,.0937500,.1250000,111.7500000,C,.1122023,555.9380147,673.0626691,614.8261649
XCME.VY1.04AUG25.112:75.P,1.1250000,1.1562500,112.7500000,P,1.1539663,,875.4901135,
XCME.VY1.04AUG25.111:25.P,.0468750,.0625000,111.2500000,P,.0521186,593.5845385,668.6998787,631.8277624
