Key,BID,ASK,STRIKE,ITYPE,ADJTHEOR,IVBID,IVASK,IVAVERAGE
XCME.ZN.SEP25,110.9375000,110.9531250,INVALID,F,,,,
XCME.ZN1.01AUG25.110:5.C,.5000000,.5312500,110.5000000,C,.4604113,1081.4507045,1327.3540485,1208.7556888
XCME.ZN1.01AUG25.111:75.C,.0069999,.0312500,111.7500000,C,.0002460,1000.3710511,1400.6427738,1235.4158715
