Key,BID,ASK,STRIKE,ITYPE,ADJTHEOR,IVBID,IVASK,IVAVERAGE
XCME.ZN.SEP25,111.9375000,111.9531250,INVALID,F,,,,
XCME.ZN1.01AUG25.111:5.P,INVALID,.0069999,111.5000000,P,.0016170,,836.7031333,730.7775356
XCME.ZN1.01AUG25.111:25.P,INVALID,.0069999,111.2500000,P,.0002989,,1193.0210948,1055.9968604
XCME.ZN1.01AUG25.112:5.P,.5468750,.5781250,112.5000000,P,.5558027,,1326.2481867,1111.4615518
XCME.ZN1.01AUG25.110.C,1.9218750,1.9531250,110,C,,,,
XCME.ZN1.01AUG25.112.P,.0937500,.1250000,112,P,.1089212,463.7597894,704.5379023,585.1396183
XCME.ZN1.01AUG25.112:25.C,.0069999,.0156250,112.2500000,C,.0074331,622.6071276,770.3763509,702.9718876
