Key,BID,ASK,STRIKE,ITYPE,ADJTHEOR,IVBID,IVASK,IVAVERAGE
XCME.ZN.SEP25,110.9843750,111,INVALID,F,,,,
XCME.ZN1.01AUG25.112:75.P,1.7500000,1.7812500,112.7500000,P,1.7621249,,,1713.2234103
XCME.ZN1.01AUG25.111:75.P,.7656250,.7968750,111.7500000,P,.7632272,753.8028028,1229.9761863,1051.2611000
