Key,BID,ASK,STRIKE,ITYPE,ADJTHEOR,IVBID,IVASK,IVAVERAGE
XCME.ZN.SEP25,110.9218750,110.9375000,INVALID,F,,,,
XCME.ZN1.01AUG25.111.C,.1875000,.2187500,111,C,.0940348,1162.0072696,1328.6740732,1245.3767596
XCME.ZN1.01AUG25.111:25.P,.4062500,.4375000,111.2500000,P,.3415537,1118.5998400,1311.5281878,1216.2350800
