Key,BID,ASK,STRIKE,ITYPE,ADJTHEOR,IVBID,IVASK,IVAVERAGE
XCME.ZN.SEP25,111.8437500,111.8593750,INVALID,F,,,,
XCME.GY1.05AUG25.110:5.P,INVALID,.0069999,110.5000000,P,.0042293,,744.2680552,670.2379790
XCME.GY1.05AUG25.110:75.P,INVALID,.0156250,110.7500000,P,.0067886,,731.5197887,641.2493568
XCME.GY1.05AUG25.111:75.P,.1562500,.1718750,111.7500000,P,.1659539,551.8070878,594.1477208,572.9947576
XCME.GY1.05AUG25.112.P,.2812500,.3125000,112,P,.2982934,545.9314276,631.3012370,588.7096245
XCME.ZN1.01AUG25.112:75.C,INVALID,.0069999,112.7500000,C,.0037578,,1303.5510319,1158.3490122
XCME.ZN1.01AUG25.110:25.C,1.5937500,1.6250000,110.2500000,C,1.6133338,,,
