Key,BID,ASK,STRIKE,ITYPE,ADJTHEOR,IVBID,IVASK,IVAVERAGE
XCME.ZN.SEP25,110.9218750,110.9375000,INVALID,F,,,,
XCME.ZN1.01AUG25.110:5.C,.4843750,.5156250,110.5000000,C,.4433587,1057.3319202,1290.8430841,1177.8091932
XCME.ZN1.01AUG25.111:75.C,.0069999,.0312500,111.7500000,C,.0002596,994.5326198,1390.1512198,1226.9746920
