Key,BID,ASK,STRIKE,ITYPE,ADJTHEOR,IVBID,IVASK,IVAVERAGE
XCME.ZN.SEP25,110.9062500,110.9218750,INVALID,F,,,,
XCME.ZN1.01AUG25.110:25.C,.6718750,.7031250,110.2500000,C,.6492644,1144.0108785,1479.8022288,1325.4674689
XCME.ZN1.01AUG25.112:75.C,INVALID,.0069999,112.7500000,C,0,,,1868.2394722
