Key,BID,ASK,STRIKE,ITYPE,ADJTHEOR,IVBID,IVASK,IVAVERAGE
XCME.ZN.SEP25,111.7343750,111.7500000,INVALID,F,,,,
XCME.VY1.04AUG25.112:75.P,.9687500,1,112.7500000,P,1.0023760,,707.9758567,533.8545027
XCME.VY1.04AUG25.111:25.P,.0156250,.0312500,111.2500000,P,.0299343,530.4738901,645.7536734,592.2174829
XCME.VY1.04AUG25.111:5.P,.0625000,.0781250,111.5000000,P,.0780374,559.6279154,626.0460112,593.1725591
XCME.VY1.04AUG25.112:5.C,.0069999,.0156250,112.5000000,C,.0148419,597.3908072,707.7285607,658.3274310
XCME.VY1.04AUG25.110:25.P,INVALID,.0069999,110.2500000,P,.0028303,,1076.6210848,971.0443337
XCME.VY1.04AUG25.111.P,INVALID,.0156250,111,P,.0113085,,718.3978110,620.8560288
XCME.VY1.04AUG25.110:75.P,INVALID,.0069999,110.7500000,P,.0050607,,768.9673335,687.0768774
