Key,BID,ASK,STRIKE,ITYPE,ADJTHEOR,IVBID,IVASK,IVAVERAGE
XCME.ZN.SEP25,111,111.0156250,INVALID,F,,,,
XCME.ZN1.01AUG25.110.P,INVALID,.0156250,110,P,.0006305,,985.2744081,861.3594211
XCME.ZN1.01AUG25.110:75.P,.1250000,.1406250,110.7500000,P,.0698258,893.9412683,960.1126527,927.1344119
