Key,BID,ASK,STRIKE,ITYPE,ADJTHEOR,IVBID,IVASK,IVAVERAGE
XCME.ZN.SEP25,112.0312500,112.0468750,INVALID,F,,,,
XCME.GY1.05AUG25.111:25.P,.0069999,.0312500,111.2500000,P,.0152950,486.4371536,681.7759391,601.0993162
XCME.GY1.05AUG25.110:25.P,INVALID,.0069999,110.2500000,P,.0032630,,958.5522559,867.3814785
XCME.GY1.05AUG25.111:5.C,.5625000,.5937500,111.5000000,C,.5755191,477.4768833,627.4557505,558.1718285
XCME.GY1.05AUG25.110.C,2.0312500,2.0625000,110,C,2.0423511,,1318.7301286,1162.4413981
XCME.GY1.05AUG25.111:5.P,.0312500,.0468750,111.5000000,P,.0364564,519.8276678,593.8017327,558.1711269
XCME.GY1.05AUG25.110:25.C,1.7812500,1.8125000,110.2500000,C,1.7923255,,1187.8493176,1042.8738822
XCME.GY1.05AUG25.112:75.C,.0156250,.0312500,112.7500000,C,.0296168,527.6645113,630.9685170,583.3432950
