Key,BID,ASK,STRIKE,ITYPE,ADJTHEOR,IVBID,IVASK,IVAVERAGE
XCME.ZN.SEP25,112.1093750,112.1250000,INVALID,F,,,,
XCME.WY1.06AUG25.112.P,.2031250,.2187500,112,P,.2140539,585.8040837,621.9085697,603.8647341
XCME.WY1.06AUG25.110:75.C,1.3750000,1.3906250,110.7500000,C,1.3837831,651.9182418,905.8970544,803.8933218
XCME.WY1.06AUG25.111:5.P,.0625000,.0781250,111.5000000,P,.0732735,600.3347038,653.3619986,627.2969507
XCME.WY1.06AUG25.111.C,1.1250000,1.1562500,111,C,1.1429519,551.9553724,779.9649800,687.5702421
XCME.GY1.05AUG25.110.P,INVALID,.0069999,110,P,.0042168,,1129.0472198,1025.6513543
XCME.GY1.05AUG25.110:5.C,1.6093750,1.6406250,110.5000000,C,1.6270801,,1083.4066128,923.0019288
