Key,BID,ASK,STRIKE,ITYPE,ADJTHEOR,IVBID,IVASK,IVAVERAGE
XCME.ZN.SEP25,110.9843750,111,INVALID,F,,,,
XCME.ZN1.01AUG25.112:5.C,INVALID,.0069999,112.5000000,C,.0000082,,1306.5933129,1178.2319048
XCME.ZN1.01AUG25.112.C,INVALID,.0156250,112,C,.0004008,,1090.9418724,952.4583451
