Key,BID,ASK,STRIKE,ITYPE,ADJTHEOR,IVBID,IVASK,IVAVERAGE
XCME.ZN.SEP25,112.0937500,112.1093750,INVALID,F,,,,
XCME.VY1.04AUG25.111:5.C,.6093750,.6406250,111.5000000,C,.6241404,506.5528051,828.5780255,702.9497073
XCME.VY1.04AUG25.112:25.C,.0937500,.1093750,112.2500000,C,.1042373,598.5169580,662.4859634,630.6014598
XCME.VY1.04AUG25.110:5.P,INVALID,.0069999,110.5000000,P,.0034243,,1237.9852686,1118.0127930
XCME.VY1.04AUG25.112:5.P,.4218750,.4531250,112.5000000,P,.4397765,566.8387397,751.3832966,664.5877702
XCME.VY1.04AUG25.111.C,1.0937500,1.1250000,111,C,1.1101388,,1111.4595274,933.1383481
XCME.VY1.04AUG25.110:5.C,1.5937500,1.6250000,110.5000000,C,1.6084868,,1491.2638558,1270.1843223
