Key,BID,ASK,STRIKE,ITYPE,ADJTHEOR,IVBID,IVASK,IVAVERAGE
XCME.ZN.SEP25,112.1250000,112.1406250,INVALID,F,,,,
XCME.VY1.04AUG25.111.P,INVALID,.0069999,111,P,.0039456,,943.6240401,846.8393667
XCME.VY1.04AUG25.110:75.P,INVALID,.0069999,110.7500000,P,.0031963,,1112.7467404,1002.4215132
XCME.VY1.04AUG25.112.P,.1093750,.1250000,112,P,.1068958,660.0634995,724.1008738,692.1522729
XCME.VY1.04AUG25.111:5.C,.6093750,.6406250,111.5000000,C,.6519642,,535.7510604,386.9036410
XCME.VY1.04AUG25.112:25.C,.0937500,.1093750,112.2500000,C,.1190572,560.9004766,624.7855086,592.9199753
XCME.VY1.04AUG25.110:5.P,INVALID,.0069999,110.5000000,P,.0031649,,1278.6230530,1155.3726812
XCME.VY1.04AUG25.112:5.P,.4218750,.4531250,112.5000000,P,.4168573,727.9858953,884.7063932,808.2363145
