Key,BID,ASK,STRIKE,ITYPE,ADJTHEOR,IVBID,IVASK,IVAVERAGE
XCME.ZN.SEP25,112.1093750,112.1250000,INVALID,F,,,,
XCME.WY1.06AUG25.111:75.C,.4843750,.5156250,111.7500000,C,.4816493,616.2132460,696.6979769,656.7568721
XCME.WY1.06AUG25.113.C,.0312500,.0625000,113,C,.0520529,624.1600754,766.1728315,700.1237576
XCME.WY1.06AUG25.110.P,INVALID,.0156250,110,P,.0063008,,1051.2314716,937.6540306
XCME.WY1.06AUG25.110:75.P,.0069999,.0312500,110.7500000,P,.0146132,636.7692565,853.9554987,765.9877442
XCME.WY1.06AUG25.112:25.P,.3281250,.3593750,112.2500000,P,.3512386,567.5306019,640.4871901,604.0615038
XCME.WY1.06AUG25.111:25.C,.8750000,.9218750,111.2500000,C,.8948537,537.6042136,758.9221207,661.5552675
