Key,BID,ASK,STRIKE,ITYPE,ADJTHEOR,IVBID,IVASK,IVAVERAGE
XCME.ZN.SEP25,112.2031250,112.2187500,INVALID,F,,,,
XCME.GY1.05AUG25.111:25.C,.9687500,1,111.2500000,C,.9712384,647.5139493,882.3723544,782.0480983
XCME.GY1.05AUG25.111:75.C,.5156250,.5468750,111.7500000,C,.5177304,600.7419663,719.2133536,661.5740232
XCME.GY1.05AUG25.112:5.P,.3750000,.4062500,112.5000000,P,.3988350,544.1529952,646.3016448,595.8989657
XCME.GY1.05AUG25.113.P,.7968750,.8281250,113,P,.8238744,442.0772794,722.8181620,617.7646717
XCME.GY1.05AUG25.112:75.P,.5781250,.5937500,112.7500000,P,.5989981,556.1074793,630.3143402,594.4268076
XCME.GY1.05AUG25.110:75.C,1.4531250,1.4843750,110.7500000,C,1.4622406,,1080.0758794,962.6080541
