Key,BID,ASK,STRIKE,ITYPE,ADJTHEOR,IVBID,IVASK,IVAVERAGE
XCME.ZN.SEP25,111.9843750,112,INVALID,F,,,,
XCME.ZN1.01AUG25.111:5.C,.4843750,.5156250,111.5000000,C,.5029173,,1130.2909919,942.0160035
XCME.ZN1.01AUG25.113.P,1,1.0312500,113,P,1.0108822,,1919.3522693,1652.9173357
XCME.ZN1.01AUG25.112:25.P,.2812500,.3125000,112.2500000,P,.2949330,728.5391844,1027.5748792,886.4073924
XCME.ZN1.01AUG25.111.C,.9843750,1,111,C,.9949040,,1507.2319667,1342.3794334
XCME.ZN1.01AUG25.112.C,.1093750,.1250000,112,C,.1169844,778.0213323,885.4109580,831.7172972
XCME.WY1.06AUG25.110.C,1.9843750,2,110,C,1.9960298,,868.8027024,786.0042108
XCME.WY1.06AUG25.113.P,1.0312500,1.0468750,113,P,1.0361916,493.7805320,704.0240626,618.3822921
