Key,BID,ASK,STRIKE,ITYPE,ADJTHEOR,IVBID,IVASK,IVAVERAGE
XCME.ZN.SEP25,110.9531250,110.9687500,INVALID,F,,,,
XCME.ZN1.01AUG25.110:25.P,.0156250,.0312500,110.2500000,P,.0017789,923.6162296,1105.7543434,1021.8074639
XCME.ZN1.01AUG25.110:5.P,.0625000,.0781250,110.5000000,P,.0131272,1050.7985765,1153.6511565,1102.9741208
