Key,BID,ASK,STRIKE,ITYPE,ADJTHEOR,IVBID,IVASK,IVAVERAGE
XCME.ZN.SEP25,111.0468750,111.0625000,INVALID,F,,,,
XCME.ZN1.01AUG25.110:5.C,.5937500,.6093750,110.5000000,C,.5696073,808.4922388,902.8351428,856.8922613
XCME.ZN1.01AUG25.111:75.C,.0156250,.0312500,111.7500000,C,.0090945,722.6289525,864.7535651,799.2322793
