Key,BID,ASK,STRIKE,ITYPE,ADJTHEOR,IVBID,IVASK,IVAVERAGE
XCME.ZN.SEP25,111.9531250,111.9687500,INVALID,F,,,,
XCME.VY1.04AUG25.112:25.P,.3437500,.3750000,112.2500000,P,.3524212,595.1767317,730.2926972,664.0210791
XCME.VY1.04AUG25.112.C,.1406250,.1718750,112,C,.1565302,559.9004646,672.2782023,616.1036196
XCME.VY1.04AUG25.112:75.C,.0069999,.0156250,112.7500000,C,.0130731,628.9418221,744.0568655,692.6332963
XCME.VY1.04AUG25.110:25.C,1.7031250,1.7343750,110.2500000,C,1.7208456,,1413.4638518,1151.1730002
XCME.ZN1.01AUG25.112:75.C,INVALID,.0069999,112.7500000,C,.0051370,,1185.0446059,1048.8545726
XCME.ZN1.01AUG25.110:25.C,1.7031250,1.7343750,110.2500000,C,,,1794.4536392,
