Key,BID,ASK,STRIKE,ITYPE,ADJTHEOR,IVBID,IVASK,IVAVERAGE
XCME.ZN.SEP25,111.9531250,111.9687500,INVALID,F,,,,
XCME.VY1.04AUG25.111.C,.9531250,.9687500,111,C,.9437524,,869.1717986,816.3830088
XCME.VY1.04AUG25.110:5.C,1.4531250,1.4687500,110.5000000,C,1.4411009,,1216.4023654,1149.6620655
XCME.VY1.04AUG25.110.C,1.9531250,1.9687500,110,C,1.9415974,,1547.8970119,1467.8570998
XCME.VY1.04AUG25.110:75.C,1.2031250,1.2187500,110.7500000,C,1.1915793,,1045.3970164,985.2899088
XCME.VY1.04AUG25.110.P,INVALID,.0069999,110,P,.0032849,,1367.8425825,1239.9673069
XCME.VY1.04AUG25.111:25.C,.7031250,.7343750,111.2500000,C,.7011020,,825.1784462,726.0778579
XCME.VY1.04AUG25.113.P,1.0312500,1.0625000,113,P,1.0676219,,956.4323287,761.6435208
