Key,BID,ASK,STRIKE,ITYPE,ADJTHEOR,IVBID,IVASK,IVAVERAGE
XCME.ZN.SEP25,110.9531250,110.9687500,INVALID,F,,,,
XCME.ZN1.01AUG25.110.P,INVALID,.0156250,110,P,.0001266,,1144.5494360,998.7640467
XCME.ZN1.01AUG25.110:75.P,.1250000,.1562500,110.7500000,P,.0598536,1072.1907380,1149.7521485,1111.0538859
