Key,BID,ASK,STRIKE,ITYPE,ADJTHEOR,IVBID,IVASK,IVAVERAGE
XCME.ZN.SEP25,111.0937500,111.1093750,INVALID,F,,,,
XCME.ZN1.01AUG25.112:5.P,1.3906250,1.4062500,112.5000000,P,1.3864100,1012.1429853,1322.7407187,1199.8004226
