Key,BID,ASK,STRIKE,ITYPE,ADJTHEOR,IVBID,IVASK,IVAVERAGE
XCME.ZN.SEP25,110.9218750,110.9375000,INVALID,F,,,,
XCME.ZN1.01AUG25.111:25.C,.0937500,.1093750,111.2500000,C,.0223174,1178.0243166,1276.5523279,1227.6148264
