Key,BID,ASK,STRIKE,ITYPE,ADJTHEOR,IVBID,IVASK,IVAVERAGE
XCME.ZN.SEP25,110.9375000,110.9531250,INVALID,F,,,,
XCME.ZN1.01AUG25.110:25.P,.0156250,.0312500,110.2500000,P,.0013128,962.2609060,1151.7222563,1064.4200573
XCME.ZN1.01AUG25.110:5.P,.0625000,.0781250,110.5000000,P,.0110319,1095.5858923,1202.5449525,1149.8632961
