Key,BID,ASK,STRIKE,ITYPE,ADJTHEOR,IVBID,IVASK,IVAVERAGE
XCME.ZN.SEP25,110.9375000,110.9531250,INVALID,F,,,,
XCME.ZN1.01AUG25.110:25.C,.7031250,.7343750,110.2500000,C,.7000591,749.5192388,1206.7696073,1030.0369407
XCME.ZN1.01AUG25.112:75.C,INVALID,.0069999,112.7500000,C,0,,1798.2503250,1627.9812440
