Key,BID,ASK,STRIKE,ITYPE,ADJTHEOR,IVBID,IVASK,IVAVERAGE
XCME.ZN.SEP25,110.8437500,110.8593750,INVALID,F,,,,
XCME.VY1.04AUG25.111:5.P,.6718750,.7031250,111.5000000,P,,,,
XCME.VY1.04AUG25.112:5.C,INVALID,.0069999,112.5000000,C,,,,
XCME.VY1.04AUG25.110:25.P,.0468750,.0625000,110.2500000,P,,,,
XCME.VY1.04AUG25.111.P,.3125000,.3437500,111,P,,,,
XCME.VY1.04AUG25.110:75.P,.1875000,.2187500,110.7500000,P,,,,
XCME.VY1.04AUG25.112.P,1.1406250,1.1718750,112,P,,,,
