Key,BID,ASK,STRIKE,ITYPE,ADJTHEOR,IVBID,IVASK,IVAVERAGE
XCME.ZN.SEP25,112,112.0156250,INVALID,F,,,,
XCME.VY1.04AUG25.111.C,.9843750,1.0156250,111,C,.9931974,,,
XCME.VY1.04AUG25.110:5.C,1.4843750,1.5156250,110.5000000,C,1.4912193,,,
XCME.VY1.04AUG25.110.C,1.9843750,2.0156250,110,C,1.9920347,,,
XCME.VY1.04AUG25.110:75.C,1.2343750,1.2656250,110.7500000,C,1.2414637,,,
XCME.VY1.04AUG25.110.P,INVALID,.0069999,110,P,.0033472,,1381.6081318,1252.5292237
XCME.VY1.04AUG25.111:25.C,.7343750,.7656250,111.2500000,C,.7493529,,,
XCME.VY1.04AUG25.113.P,1,1.0312500,113,P,1.0179088,,1612.2234708,1261.8203497
