Key,BID,ASK,STRIKE,ITYPE,ADJTHEOR,IVBID,IVASK,IVAVERAGE
XCME.ZN.SEP25,111.0156250,111.0312500,INVALID,F,,,,
XCME.ZN1.01AUG25.110:25.P,.0156250,.0312500,110.2500000,P,.0044602,794.3919375,947.9751180,877.3811844
XCME.ZN1.01AUG25.110:5.P,.0468750,.0625000,110.5000000,P,.0197540,826.9270913,919.5155995,874.2754450
