Key,BID,ASK,STRIKE,ITYPE,ADJTHEOR,IVBID,IVASK,IVAVERAGE
XCME.ZN.SEP25,111.7968750,111.8125000,INVALID,F,,,,
XCME.GY1.05AUG25.111:25.P,.0312500,.0468750,111.2500000,P,.0368341,539.1005296,613.5298839,577.7195143
XCME.GY1.05AUG25.110:25.P,INVALID,.0069999,110.2500000,P,.0034434,,845.5922249,763.1906417
XCME.GY1.05AUG25.111:5.C,.3906250,.4218750,111.5000000,C,.4248654,449.4334806,556.5204902,504.4375064
XCME.GY1.05AUG25.110.C,1.8281250,1.8593750,110,C,1.8426612,,1146.0946072,980.7171170
XCME.GY1.05AUG25.111:5.P,.0781250,.1093750,111.5000000,P,.0854277,542.3726306,642.0109880,592.9643476
XCME.GY1.05AUG25.110:25.C,1.5781250,1.6093750,110.2500000,C,1.5928809,,1019.4885096,867.8165422
