Key,BID,ASK,STRIKE,ITYPE,ADJTHEOR,IVBID,IVASK,IVAVERAGE
XCME.ZN.SEP25,111.8281250,111.8437500,INVALID,F,,,,
XCME.GY1.05AUG25.111:25.C,.6093750,.6406250,111.2500000,C,.5983993,625.2869461,744.9269339,687.0246730
XCME.GY1.05AUG25.111:75.C,.2500000,.2812500,111.7500000,C,.2525851,588.5209778,671.6968362,630.1201787
XCME.GY1.05AUG25.112:5.P,.6875000,.7187500,112.5000000,P,.7372621,,554.8758620,427.0049951
XCME.GY1.05AUG25.113.P,1.1562500,1.1875000,113,P,1.2087492,,,
XCME.GY1.05AUG25.112:75.P,.9218750,.9531250,112.7500000,P,.9679580,,549.2337122,
XCME.GY1.05AUG25.110:75.C,1.0781250,1.1093750,110.7500000,C,1.0622695,771.5214841,961.7442865,875.2020832
