Key,BID,ASK,STRIKE,ITYPE,ADJTHEOR,IVBID,IVASK,IVAVERAGE
XCME.ZN.SEP25,112.1093750,112.1250000,INVALID,F,,,,
XCME.VY1.04AUG25.111.C,1.0937500,1.1250000,111,C,1.1255783,,849.5300239,641.3305322
XCME.VY1.04AUG25.110:5.C,1.5937500,1.6250000,110.5000000,C,1.6240511,,1161.0164525,885.7788314
XCME.VY1.04AUG25.110.C,2.0937500,2.1250000,110,C,2.1241274,,1462.0135054,1126.4498516
XCME.VY1.04AUG25.110:75.C,1.3437500,1.3750000,110.7500000,C,1.3744026,,1006.6827738,763.7435466
XCME.VY1.04AUG25.110.P,INVALID,.0069999,110,P,.0034399,,1566.0377246,1422.4736723
XCME.VY1.04AUG25.111:25.C,.8437500,.8750000,111.2500000,C,.8794041,,678.9030497,498.3581501
XCME.VY1.04AUG25.113.P,.8906250,.9218750,113,P,.8901338,817.8374790,1133.2029004,999.0818080
