Key,BID,ASK,STRIKE,ITYPE,ADJTHEOR,IVBID,IVASK,IVAVERAGE
XCME.ZN.SEP25,111.9218750,111.9375000,INVALID,F,,,,
XCME.WY1.06AUG25.110:75.C,1.1875000,1.2187500,110.7500000,C,1.1938049,300.4898327,756.9461975,648.3545262
XCME.WY1.06AUG25.111:5.P,.0625000,.0937500,111.5000000,P,.0726474,477.3068999,569.6079455,524.5910650
XCME.WY1.06AUG25.111.C,.9375000,.9687500,111,C,.9505837,224.3400092,634.5482950,538.1512534
XCME.VY1.04AUG25.111:75.P,.0625000,.0781250,111.7500000,P,.0746223,508.9793493,574.9181716,542.2276899
XCME.VY1.04AUG25.111:75.C,.2500000,.2656250,111.7500000,C,.2691219,478.6015220,545.6506008,512.4683036
XCME.VY1.04AUG25.112:75.P,.7968750,.8281250,112.7500000,P,.8150956,,852.8149855,813.8158776
XCME.VY1.04AUG25.111:25.P,.0069999,.0156250,111.2500000,P,.0097760,590.9125736,700.7726942,651.5615061
