Key,BID,ASK,STRIKE,ITYPE,ADJTHEOR,IVBID,IVASK,IVAVERAGE
XCME.ZN.SEP25,111.5781250,111.5937500,INVALID,F,,,,
XCME.GY1.05AUG25.112:25.P,.6875000,.7343750,112.2500000,P,,,,
XCME.GY1.05AUG25.113.C,INVALID,.0156250,113,C,,,,
XCME.GY1.05AUG25.111.P,.0312500,.0468750,111,P,,,,
XCME.GY1.05AUG25.112.C,.0625000,.0781250,112,C,,,,
XCME.GY1.05AUG25.111:25.P,.0781250,.1093750,111.2500000,P,,,,
XCME.GY1.05AUG25.110:25.P,INVALID,.0156250,110.2500000,P,,,,
