Key,BID,ASK,STRIKE,ITYPE,ADJTHEOR,IVBID,IVASK,IVAVERAGE
XCME.ZN.SEP25,112.0312500,112.0468750,INVALID,F,,,,
XCME.WY1.06AUG25.110:5.P,INVALID,.0156250,110.5000000,P,.0055779,,800.1705509,707.5684645
XCME.WY1.06AUG25.110:25.C,1.7656250,1.7968750,110.2500000,C,1.7824571,,940.3725841,900.4457025
XCME.WY1.06AUG25.112:5.P,.5468750,.5625000,112.5000000,P,.5465091,542.2003590,588.9070901,565.8267455
XCME.WY1.06AUG25.111:5.C,.5625000,.5937500,111.5000000,C,.5824379,438.8605428,550.9133646,497.8108550
XCME.WY1.06AUG25.110:25.P,INVALID,.0069999,110.2500000,P,.0047071,,789.9037270,714.6424892
XCME.WY1.06AUG25.111:75.P,.0937500,.1250000,111.7500000,P,.1130725,458.2255492,538.1333582,498.5837054
XCME.WY1.06AUG25.112:75.P,.7343750,.7656250,112.7500000,P,.7618810,417.9374878,582.8439806,511.5577889
