Key,BID,ASK,STRIKE,ITYPE,ADJTHEOR,IVBID,IVASK,IVAVERAGE
XCME.ZN.SEP25,112.1250000,112.1406250,INVALID,F,,,,
XCME.ZN1.01AUG25.112:75.P,.6093750,.6250000,112.7500000,P,.6172293,,1476.3850359,1298.5788663
XCME.ZN1.01AUG25.111:5.P,INVALID,.0069999,111.5000000,P,.0000465,,1470.0718649,1296.7292781
XCME.ZN1.01AUG25.111:25.P,INVALID,.0069999,111.2500000,P,.0000067,,1909.7268263,1698.9297903
XCME.ZN1.01AUG25.112:5.P,.3593750,.3906250,112.5000000,P,.3677331,,983.5085512,851.5729243
XCME.ZN1.01AUG25.110.C,2.1250000,2.1406250,110,C,2.1328125,,,
XCME.ZN1.01AUG25.112.P,.0069999,.0156250,112,P,.0126455,450.4664860,591.6470542,525.8618459
XCME.ZN1.01AUG25.112:25.C,.0069999,.0312500,112.2500000,C,.0152963,412.9300332,747.3141196,595.8094046
