Key,BID,ASK,STRIKE,ITYPE,ADJTHEOR,IVBID,IVASK,IVAVERAGE
XCME.ZN.SEP25,111.7187500,111.7343750,INVALID,F,,,,
XCME.ZN1.01AUG25.110:5.C,1.1875000,1.2187500,110.5000000,C,1.2450312,,,
XCME.ZN1.01AUG25.110:75.C,.9375000,.9687500,110.7500000,C,.9949351,,,
XCME.ZN1.01AUG25.111.P,INVALID,.0069999,111,P,.0047876,,1112.3139655,988.1049882
XCME.ZN1.01AUG25.113.C,INVALID,.0069999,113,C,.0027359,,1718.5570460,1545.4908275
XCME.ZN1.01AUG25.112:5.C,INVALID,.0069999,112.5000000,C,.0049093,,1118.9684343,990.0930607
XCME.ZN1.01AUG25.111:5.C,.2343750,.2656250,111.5000000,C,.2892587,,667.6069606,534.2646585
