Key,BID,ASK,STRIKE,ITYPE,ADJTHEOR,IVBID,IVASK,IVAVERAGE
XCME.ZN.SEP25,112.1093750,112.1250000,INVALID,F,,,,
XCME.GY1.05AUG25.112:75.P,.6562500,.7031250,112.7500000,P,.6750861,585.3230386,798.8586934,700.2646078
XCME.GY1.05AUG25.110:75.C,1.3593750,1.3906250,110.7500000,C,1.3808046,,900.0605215,713.3790915
XCME.GY1.05AUG25.112:25.P,.2968750,.3125000,112.2500000,P,.3024388,631.4315369,675.4873724,653.4759346
XCME.GY1.05AUG25.113.C,.0156250,.0312500,113,C,.0261071,626.0047917,742.1718538,688.9136207
XCME.GY1.05AUG25.111.P,.0069999,.0312500,111,P,.0097744,660.2921399,897.4555679,800.6716578
XCME.GY1.05AUG25.112.C,.2812500,.3125000,112,C,.2996138,587.2288947,675.4876579,631.4318102
