Key,BID,ASK,STRIKE,ITYPE,ADJTHEOR,IVBID,IVASK,IVAVERAGE
XCME.ZN.SEP25,110.9843750,111,INVALID,F,,,,
XCME.ZN1.01AUG25.110.P,INVALID,.0156250,110,P,.0005925,,991.2412791,866.7048243
XCME.ZN1.01AUG25.110:75.P,.1250000,.1406250,110.7500000,P,.0677366,904.8513720,971.2455867,938.1605296
