Key,BID,ASK,STRIKE,ITYPE,ADJTHEOR,IVBID,IVASK,IVAVERAGE
XCME.ZN.SEP25,111.0781250,111.0937500,INVALID,F,,,,
XCME.ZN1.01AUG25.110:25.P,.0156250,.0312500,110.2500000,P,.0027083,838.0217408,995.4982471,923.2003871
XCME.ZN1.01AUG25.110:5.P,.0312500,.0468750,110.5000000,P,.0128579,776.9188405,978.7428523,883.9233759
