Key,BID,ASK,STRIKE,ITYPE,ADJTHEOR,IVBID,IVASK,IVAVERAGE
XCME.ZN.SEP25,110.9375000,110.9531250,INVALID,F,,,,
XCME.ZN1.01AUG25.111.C,.2031250,.2187500,111,C,.1158484,1061.4666052,1133.0190749,1097.2491519
XCME.ZN1.01AUG25.111:25.P,.4062500,.4375000,111.2500000,P,.3510419,978.3874483,1142.7938927,1061.5077352
