Key,BID,ASK,STRIKE,ITYPE,ADJTHEOR,IVBID,IVASK,IVAVERAGE
XCME.ZN.SEP25,112.1093750,112.1250000,INVALID,F,,,,
XCME.GY1.05AUG25.111.C,1.1250000,1.1562500,111,C,1.1365724,595.9792037,927.4116420,805.4701410
XCME.GY1.05AUG25.112:25.C,.1562500,.1875000,112.2500000,C,.1718659,596.2532680,685.3501526,640.8788237
XCME.GY1.05AUG25.111:25.C,.8750000,.9062500,111.2500000,C,.8982198,658.5761497,855.6579371,767.3532796
XCME.GY1.05AUG25.111:75.C,.4531250,.4687500,111.7500000,C,.4648683,552.5286349,714.2591126,635.6096109
XCME.GY1.05AUG25.112:5.P,.4687500,.4843750,112.5000000,P,.4732560,590.5420047,698.1401045,645.2974912
XCME.GY1.05AUG25.113.P,.8906250,.9218750,113,P,.9084224,599.4227459,823.3419025,727.4032419
