Key,BID,ASK,STRIKE,ITYPE,ADJTHEOR,IVBID,IVASK,IVAVERAGE
XCME.ZN.SEP25,112.1250000,112.1406250,INVALID,F,,,,
XCME.GY1.05AUG25.111.C,1.1250000,1.1562500,111,C,1.1492837,,825.7332013,694.0086408
XCME.GY1.05AUG25.112:25.C,.1718750,.1875000,112.2500000,C,.1742424,626.8756852,671.4182622,649.1615577
XCME.GY1.05AUG25.111:25.C,.8906250,.9218750,111.2500000,C,.9095657,500.5506465,786.0730775,677.3594583
XCME.GY1.05AUG25.111:75.C,.4531250,.4843750,111.7500000,C,.4722514,571.4390694,682.3836327,628.0810175
XCME.GY1.05AUG25.112:5.P,.4531250,.4687500,112.5000000,P,.4584770,578.2378319,685.7579080,632.9422958
XCME.GY1.05AUG25.113.P,.8750000,.9062500,113,P,.8923618,,716.2527922,624.1983730
