Key,BID,ASK,STRIKE,ITYPE,ADJTHEOR,IVBID,IVASK,IVAVERAGE
XCME.ZN.SEP25,112.1093750,112.1250000,INVALID,F,,,,
XCME.VY1.04AUG25.111:75.P,.0312500,.0468750,111.7500000,P,.0467149,565.9311125,658.0441391,613.4498502
XCME.VY1.04AUG25.111:75.C,.4062500,.4218750,111.7500000,C,.4139025,613.4500740,700.4996546,658.0436865
XCME.VY1.04AUG25.112:75.P,.6406250,.6718750,112.7500000,P,.6536176,588.6271083,881.1585239,759.6544968
XCME.VY1.04AUG25.111:25.P,.0069999,.0156250,111.2500000,P,.0088974,736.0753794,866.2150279,808.1463032
XCME.VY1.04AUG25.111:5.P,.0156250,.0312500,111.5000000,P,.0186394,670.8562236,807.8071480,744.5053727
XCME.VY1.04AUG25.112:5.C,.0312500,.0625000,112.5000000,C,.0475421,583.4705733,760.4241067,676.4166620
XCME.VY1.04AUG25.110:25.P,INVALID,.0069999,110.2500000,P,.0033439,,1405.9079512,1273.9108732
