Key,BID,ASK,STRIKE,ITYPE,ADJTHEOR,IVBID,IVASK,IVAVERAGE
XCME.ZN.SEP25,112.1250000,112.1406250,INVALID,F,,,,
XCME.WY1.06AUG25.110:75.C,1.3750000,1.4062500,110.7500000,C,1.4021606,,760.6962503,613.9090982
XCME.WY1.06AUG25.111:5.P,.0468750,.0781250,111.5000000,P,.0602412,559.1807967,671.6639474,617.7375435
XCME.WY1.06AUG25.111.C,1.1406250,1.1718750,111,C,1.1589978,414.6536334,756.7028325,649.8544997
XCME.GY1.05AUG25.110.P,INVALID,.0069999,110,P,.0044250,,1145.6872723,1040.6176586
XCME.GY1.05AUG25.110:5.C,1.6250000,1.6562500,110.5000000,C,1.6425454,,1101.0026166,938.2108249
XCME.GY1.05AUG25.111.C,1.1250000,1.1562500,111,C,1.1489245,624.7770303,947.3066334,825.7332013
XCME.GY1.05AUG25.112:25.C,.1562500,.1718750,112.2500000,C,.1671719,582.2023147,671.4182622,626.8756852
