Key,BID,ASK,STRIKE,ITYPE,ADJTHEOR,IVBID,IVASK,IVAVERAGE
XCME.ZN.SEP25,112.1093750,112.1250000,INVALID,F,,,,
XCME.WY1.06AUG25.110.C,2.0937500,2.1250000,110,C,2.1424086,,863.1585471,665.0457025
XCME.WY1.06AUG25.113.P,.9218750,.9531250,113,P,.9140798,669.0349069,797.5338494,736.6028355
XCME.WY1.06AUG25.112:75.C,.0625000,.0781250,112.7500000,C,.0815619,607.4066173,660.6117748,634.4566732
XCME.WY1.06AUG25.112.C,.3125000,.3437500,112,C,.3438783,562.0366136,634.2045554,598.1570786
XCME.WY1.06AUG25.111.P,.0156250,.0312500,111,P,.0214666,629.8589755,736.8986113,687.9334239
XCME.WY1.06AUG25.112:25.C,.2031250,.2187500,112.2500000,C,.2204280,596.6564576,632.7913816,614.7336235
XCME.WY1.06AUG25.112:5.C,.1093750,.1406250,112.5000000,C,.1353554,580.1981302,662.9332996,621.9878645
