Key,BID,ASK,STRIKE,ITYPE,ADJTHEOR,IVBID,IVASK,IVAVERAGE
XCME.ZN.SEP25,112.0781250,112.0937500,INVALID,F,,,,
XCME.GY1.05AUG25.112:25.P,.3125000,.3281250,112.2500000,P,.3275929,549.7280850,594.2247631,572.0297271
XCME.GY1.05AUG25.113.C,.0156250,.0312500,113,C,.0136649,643.8241795,759.9570737,706.7364398
XCME.GY1.05AUG25.111.P,INVALID,.0156250,111,P,.0067750,,711.8209711,622.9413628
XCME.GY1.05AUG25.112.C,.2343750,.2656250,112,C,.2503828,539.8635954,624.1098031,582.0068859
XCME.GY1.05AUG25.111:25.P,.0069999,.0156250,111.2500000,P,.0158919,488.0917363,575.1911048,536.2777346
XCME.GY1.05AUG25.110:25.P,INVALID,.0069999,110.2500000,P,.0029735,,954.4259220,864.3170373
