Key,BID,ASK,STRIKE,ITYPE,ADJTHEOR,IVBID,IVASK,IVAVERAGE
XCME.ZN.SEP25,110.9843750,111,INVALID,F,,,,
XCME.ZN1.01AUG25.110:25.P,.0156250,.0312500,110.2500000,P,.0010090,990.8103283,1183.6070781,1094.8865634
XCME.ZN1.01AUG25.110:5.P,.0468750,.0625000,110.5000000,P,.0086119,1023.5840350,1140.1890482,1083.1842632
