Key,BID,ASK,STRIKE,ITYPE,ADJTHEOR,IVBID,IVASK,IVAVERAGE
XCME.ZN.SEP25,110.8125000,110.8281250,INVALID,F,,,,
XCME.ZN1.01AUG25.113.P,2.1718750,2.1875000,113,P,2.1910000,,,1939.4157776
XCME.ZN1.01AUG25.112:25.P,1.4218750,1.4531250,112.2500000,P,1.4409999,,,1332.4734178
XCME.ZN1.01AUG25.111.C,.1406250,.1562500,111,C,.0341281,1327.8267905,1540.7904097,1434.7727312
XCME.ZN1.01AUG25.112.C,INVALID,.0069999,112,C,0,,1611.9914785,1447.4761009
XCME.GY1.05AUG25.110.P,.0312500,.0468750,110,P,,,,
XCME.GY1.05AUG25.110:5.C,.4531250,.4843750,110.5000000,C,,,,
