Key,BID,ASK,STRIKE,ITYPE,ADJTHEOR,IVBID,IVASK,IVAVERAGE
XCME.ZN.SEP25,112.0468750,112.0625000,INVALID,F,,,,
XCME.ZN1.01AUG25.112:25.P,.1875000,.2187500,112.2500000,P,.2026308,627.9936995,892.9559102,764.4919916
XCME.ZN1.01AUG25.111.C,1.0781250,1.0937500,111,C,1.0964553,,1936.6302883,1516.6395661
XCME.ZN1.01AUG25.112.C,.1250000,.1406250,112,C,.1582542,484.8006041,610.1539762,548.3349246
XCME.WY1.06AUG25.110.C,2.0781250,2.1093750,110,C,2.1042954,,,
XCME.WY1.06AUG25.113.P,.9375000,.9531250,113,P,.9374119,776.3908929,833.1405636,805.2486544
XCME.WY1.06AUG25.112:75.C,.0468750,.0625000,112.7500000,C,.0625452,549.4265338,606.4941247,578.6628218
XCME.WY1.06AUG25.112.C,.2812500,.2968750,112,C,.2935929,469.7721697,505.0754138,487.4345977
