Key,BID,ASK,STRIKE,ITYPE,ADJTHEOR,IVBID,IVASK,IVAVERAGE
XCME.ZN.SEP25,111.9062500,111.9218750,INVALID,F,,,,
XCME.VY1.04AUG25.113.C,INVALID,.0156250,113,C,.0054733,,969.3176932,848.8539620
XCME.VY1.04AUG25.112:25.P,.3750000,.4062500,112.2500000,P,.3963436,542.5328029,694.5920934,621.4021950
XCME.VY1.04AUG25.112.C,.1250000,.1406250,112,C,.1363907,589.5736523,646.7268118,618.1761121
XCME.VY1.04AUG25.112:75.C,.0069999,.0156250,112.7500000,C,.0110791,664.5041240,784.0587985,730.7088836
XCME.VY1.04AUG25.110:25.C,1.6562500,1.6875000,110.2500000,C,1.6668788,,1478.6089992,1424.7070628
XCME.ZN1.01AUG25.112:75.C,INVALID,.0069999,112.7500000,C,.0032104,,1277.4881404,1132.9200302
XCME.ZN1.01AUG25.110:25.C,1.6562500,1.6875000,110.2500000,C,,,,
