Key,BID,ASK,STRIKE,ITYPE,ADJTHEOR,IVBID,IVASK,IVAVERAGE
XCME.ZN.SEP25,112.0312500,112.0468750,INVALID,F,,,,
XCME.VY1.04AUG25.112:25.P,.2656250,.2812500,112.2500000,P,.2764047,480.2731106,552.4035420,516.8495094
XCME.VY1.04AUG25.112.C,.1406250,.1718750,112,C,.1478036,468.4876640,586.6714285,527.6061241
XCME.VY1.04AUG25.112:75.C,INVALID,.0156250,112.7500000,C,.0084986,,736.6530361,635.3236625
XCME.VY1.04AUG25.110:25.C,1.7812500,1.8125000,110.2500000,C,1.7812997,1,1514.4661699,1438.5587025
XCME.GY1.05AUG25.110.P,INVALID,.0069999,110,P,.0032950,,1073.6235749,973.8108190
XCME.GY1.05AUG25.110:5.C,1.5312500,1.5625000,110.5000000,C,1.5356018,,963.3703089,910.7475307
