Key,BID,ASK,STRIKE,ITYPE,ADJTHEOR,IVBID,IVASK,IVAVERAGE
XCME.ZN.SEP25,112.0781250,112.0937500,INVALID,F,,,,
XCME.GY1.05AUG25.112:75.P,.7031250,.7343750,112.7500000,P,.7276529,508.2373921,687.9969929,608.2456470
XCME.GY1.05AUG25.110:75.C,1.3125000,1.3437500,110.7500000,C,1.3165742,293.2940735,979.0362018,881.2277426
XCME.GY1.05AUG25.112:25.P,.3125000,.3281250,112.2500000,P,.3238277,504.7436323,594.2247631,549.7280850
XCME.GY1.05AUG25.113.C,.0156250,.0312500,113,C,.0232383,643.8241795,759.9570737,706.7364398
XCME.GY1.05AUG25.111.P,INVALID,.0156250,111,P,.0066534,,711.8209711,622.9413628
XCME.GY1.05AUG25.112.C,.2343750,.2656250,112,C,.2414879,539.8635954,624.1098031,582.0068859
