Key,BID,ASK,STRIKE,ITYPE,ADJTHEOR,IVBID,IVASK,IVAVERAGE
XCME.ZN.SEP25,112.1093750,112.1250000,INVALID,F,,,,
XCME.GY1.05AUG25.111.C,1.1093750,1.1406250,111,C,1.1347744,,767.1677598,602.1156664
XCME.GY1.05AUG25.112:25.C,.1562500,.1875000,112.2500000,C,.1774388,587.2285318,675.4873724,631.4315386
XCME.GY1.05AUG25.111:25.C,.8750000,.9062500,111.2500000,C,.8951611,210.9587551,741.3280305,625.4293165
XCME.GY1.05AUG25.111:75.C,.4531250,.4843750,111.7500000,C,.4654094,594.2194514,700.0337779,648.0131469
XCME.GY1.05AUG25.112:5.P,.4531250,.4843750,112.5000000,P,.4720747,594.9654523,700.6366342,648.6775380
XCME.GY1.05AUG25.113.P,.8906250,.9218750,113,P,.9011071,626.0047917,833.2564868,742.1718538
