Key,BID,ASK,STRIKE,ITYPE,ADJTHEOR,IVBID,IVASK,IVAVERAGE
XCME.ZN.SEP25,112.1406250,112.1562500,INVALID,F,,,,
XCME.WY1.06AUG25.111:75.C,.5000000,.5312500,111.7500000,C,.5146831,576.0747415,660.9284171,619.0053688
XCME.WY1.06AUG25.113.C,.0312500,.0625000,113,C,.0485172,601.7430975,741.3915101,676.3650520
XCME.WY1.06AUG25.110.P,INVALID,.0156250,110,P,.0066139,,1070.8961948,955.6903034
XCME.WY1.06AUG25.110:75.P,.0069999,.0312500,110.7500000,P,.0159033,654.6123235,876.1969661,786.6183148
XCME.WY1.06AUG25.112:25.P,.3125000,.3281250,112.2500000,P,.3199108,590.4418191,626.5391599,608.4966957
XCME.WY1.06AUG25.111:25.C,.9218750,.9531250,111.2500000,C,.9384785,581.1578839,736.1628909,665.5875903
