Key,BID,ASK,STRIKE,ITYPE,ADJTHEOR,IVBID,IVASK,IVAVERAGE
XCME.ZN.SEP25,110.9531250,110.9687500,INVALID,F,,,,
XCME.ZN1.01AUG25.112:5.C,INVALID,.0069999,112.5000000,C,.0000091,,1328.9709990,1198.7196967
XCME.ZN1.01AUG25.112.C,INVALID,.0156250,112,C,.0003409,,1117.1783732,975.9517546
