Key,BID,ASK,STRIKE,ITYPE,ADJTHEOR,IVBID,IVASK,IVAVERAGE
XCME.ZN.SEP25,112.1406250,112.1562500,INVALID,F,,,,
XCME.WY1.06AUG25.110:75.C,1.4062500,1.4218750,110.7500000,C,1.4142607,666.5508930,821.1600723,755.2851427
XCME.WY1.06AUG25.111:5.P,.0468750,.0781250,111.5000000,P,.0670336,563.1227029,675.8785711,621.8432005
XCME.WY1.06AUG25.111.C,1.1562500,1.1875000,111,C,1.1726115,566.3943542,798.7842198,704.7431768
XCME.GY1.05AUG25.110.P,INVALID,.0069999,110,P,.0040169,,1147.7927236,1042.5105667
XCME.GY1.05AUG25.110:5.C,1.6406250,1.6718750,110.5000000,C,1.6540177,,1141.2752838,999.4787419
XCME.GY1.05AUG25.111.C,1.1406250,1.1718750,111,C,1.1601675,,860.5590612,744.5529086
XCME.GY1.05AUG25.112:25.C,.1718750,.1875000,112.2500000,C,.1797446,610.4786553,654.7520458,632.6277057
