Key,BID,ASK,STRIKE,ITYPE,ADJTHEOR,IVBID,IVASK,IVAVERAGE
XCME.ZN.SEP25,111.8593750,111.8750000,INVALID,F,,,,
XCME.GY1.05AUG25.111:25.C,.6406250,.6718750,111.2500000,C,.6591651,462.4635750,636.2238866,559.2484966
XCME.GY1.05AUG25.111:75.C,.2656250,.2968750,111.7500000,C,.2869665,521.7253098,607.1296578,564.5181022
XCME.GY1.05AUG25.112:5.P,.6562500,.6875000,112.5000000,P,.6706239,567.9711512,710.5882882,643.5598255
XCME.GY1.05AUG25.113.P,1.1093750,1.1406250,113,P,1.1379716,,745.4361359,594.2726545
XCME.GY1.05AUG25.112:75.P,.8750000,.9218750,112.7500000,P,.8988921,370.9883518,806.8379899,669.3229018
XCME.GY1.05AUG25.110:75.C,1.1250000,1.1562500,110.7500000,C,1.1325716,,859.6150133,768.4165356
