Key,BID,ASK,STRIKE,ITYPE,ADJTHEOR,IVBID,IVASK,IVAVERAGE
XCME.ZN.SEP25,112,112.0156250,INVALID,F,,,,
XCME.WY1.06AUG25.112:5.P,.5468750,.5625000,112.5000000,P,.5638651,499.6239481,549.5139317,524.9836300
XCME.WY1.06AUG25.111:5.C,.5625000,.5937500,111.5000000,C,.5722076,489.7739616,590.8796814,542.0403497
XCME.WY1.06AUG25.110:25.P,INVALID,.0069999,110.2500000,P,.0043725,,782.0688228,707.3350453
XCME.WY1.06AUG25.111:75.P,.1093750,.1250000,111.7500000,P,.1239239,484.4657616,523.6408816,504.1358509
XCME.WY1.06AUG25.112:75.P,.7656250,.7968750,112.7500000,P,.7792723,513.3719236,648.6311470,586.0572475
XCME.WY1.06AUG25.110:5.C,1.5000000,1.5312500,110.5000000,C,1.5167295,,830.8446788,705.4979918
