Key,BID,ASK,STRIKE,ITYPE,ADJTHEOR,IVBID,IVASK,IVAVERAGE
XCME.ZN.SEP25,111.9531250,111.9687500,INVALID,F,,,,
XCME.GY1.05AUG25.111:5.C,.5000000,.5312500,111.5000000,C,.5093377,582.8230195,639.8484279,611.7490513
XCME.GY1.05AUG25.110.C,1.9531250,1.9843750,110,C,1.9564250,324.3954059,1327.6494460,1207.0231815
XCME.GY1.05AUG25.111:5.P,.0468750,.0625000,111.5000000,P,.0562127,521.6259705,582.8229982,552.8725824
XCME.GY1.05AUG25.110:25.C,1.7031250,1.7343750,110.2500000,C,1.7065264,340.9739837,1192.8536834,1080.9227531
XCME.GY1.05AUG25.112:75.C,.0156250,.0468750,112.7500000,C,.0496146,562.4102519,754.8625626,669.9686229
XCME.GY1.05AUG25.112:5.C,.0468750,.0625000,112.5000000,C,.0782115,588.3996014,653.2993672,621.5951361
XCME.GY1.05AUG25.110:5.P,INVALID,.0069999,110.5000000,P,.0039397,,790.0605799,712.0805858
