Key,BID,ASK,STRIKE,ITYPE,ADJTHEOR,IVBID,IVASK,IVAVERAGE
XCME.ZN.SEP25,111.8593750,111.8750000,INVALID,F,,,,
XCME.VY1.04AUG25.112:75.P,.8750000,.9062500,112.7500000,P,.9158076,,252.8266657,
XCME.VY1.04AUG25.111:25.P,.0069999,.0312500,111.2500000,P,.0177361,504.6650708,726.5268275,633.6948723
XCME.VY1.04AUG25.111:5.P,.0312500,.0625000,111.5000000,P,.0482618,502.6087249,661.0745301,585.6501489
XCME.VY1.04AUG25.112:5.C,.0156250,.0312500,112.5000000,C,.0187472,651.3704298,781.3101773,721.3336699
XCME.VY1.04AUG25.110:25.P,INVALID,.0069999,110.2500000,P,.0029142,,1137.0596148,1026.9064066
XCME.VY1.04AUG25.111.P,INVALID,.0069999,111,P,.0071747,,672.7641163,600.0440093
