Key,BID,ASK,STRIKE,ITYPE,ADJTHEOR,IVBID,IVASK,IVAVERAGE
XCME.ZN.SEP25,112.0156250,112.0312500,INVALID,F,,,,
XCME.GY1.05AUG25.111.C,1.0156250,1.0468750,111,C,1.0130478,,782.7882977,753.7187197
XCME.GY1.05AUG25.112:25.C,.0937500,.1093750,112.2500000,C,.1086484,522.7599145,570.6435511,546.8258398
XCME.GY1.05AUG25.111:25.C,.7656250,.7968750,111.2500000,C,.7724975,516.4422807,722.6319094,658.0793615
XCME.GY1.05AUG25.111:75.C,.3437500,.3750000,111.7500000,C,.3525789,517.7982581,613.6070609,566.1880320
XCME.GY1.05AUG25.112:5.P,.5156250,.5468750,112.5000000,P,.5507284,579.9147855,701.2332005,642.6043414
XCME.GY1.05AUG25.113.P,.9843750,1,113,P,1.0109388,543.6171831,725.1377195,652.3156024
XCME.GY1.05AUG25.112:75.P,.7500000,.7656250,112.7500000,P,.7739541,579.1388235,757.0388521,676.6446390
