Key,BID,ASK,STRIKE,ITYPE,ADJTHEOR,IVBID,IVASK,IVAVERAGE
XCME.ZN.SEP25,111.9843750,112,INVALID,F,,,,
XCME.VY1.04AUG25.112:25.P,.3281250,.3593750,112.2500000,P,.3429116,565.6963451,700.9296867,634.6666342
XCME.VY1.04AUG25.112.C,.1562500,.1718750,112,C,.1614367,595.3867226,651.4776213,623.4335144
XCME.VY1.04AUG25.112:75.C,.0069999,.0156250,112.7500000,C,.0132835,622.3302787,736.0440456,685.2031344
XCME.VY1.04AUG25.110:25.C,1.7187500,1.7343750,110.2500000,C,1.7329683,,1142.9448781,1259.5322257
XCME.GY1.05AUG25.110.P,INVALID,.0069999,110,P,.0032107,,1021.1830605,925.6653951
XCME.GY1.05AUG25.110:5.C,1.4687500,1.5000000,110.5000000,C,1.4801845,,999.2422630,961.7682492
