Key,BID,ASK,STRIKE,ITYPE,ADJTHEOR,IVBID,IVASK,IVAVERAGE
XCME.ZN.SEP25,112,112.0156250,INVALID,F,,,,
XCME.WY1.06AUG25.112:75.C,.0312500,.0625000,112.7500000,C,.0446709,519.4368881,646.4822566,587.0804040
XCME.WY1.06AUG25.112.C,.2343750,.2656250,112,C,.2578329,486.1154065,555.7727665,520.9474065
XCME.WY1.06AUG25.111.P,.0069999,.0156250,111,P,.0093051,494.1789525,576.9738410,540.1687936
XCME.WY1.06AUG25.112:25.C,.1406250,.1562500,112.2500000,C,.1533768,520.6434030,557.7572668,539.2418560
XCME.WY1.06AUG25.112:5.C,.0781250,.0937500,112.5000000,C,.0845801,543.5995271,589.1703551,566.6321038
XCME.WY1.06AUG25.111:25.P,.0156250,.0312500,111.2500000,P,.0222533,465.9705623,623.9171669,554.1505861
XCME.WY1.06AUG25.111:75.C,.3906250,.4062500,111.7500000,C,.4017389,455.1157492,534.1594260,495.0418662
