Key,BID,ASK,STRIKE,ITYPE,ADJTHEOR,IVBID,IVASK,IVAVERAGE
XCME.ZN.SEP25,111.9062500,111.9218750,INVALID,F,,,,
XCME.ZN1.01AUG25.111:25.C,.6562500,.6875000,111.2500000,C,.6805026,,1568.0230224,1219.2930896
XCME.ZN1.01AUG25.111:75.C,.1718750,.2031250,111.7500000,C,.1984743,441.6314706,795.9620214,638.6866865
XCME.ZN1.01AUG25.110:5.C,1.4062500,1.4375000,110.5000000,C,1.4296870,,,
XCME.ZN1.01AUG25.110:75.C,1.1562500,1.1875000,110.7500000,C,1.1797066,,,1913.7178137
XCME.ZN1.01AUG25.111.P,INVALID,.0069999,111,P,.0001332,,1545.9241461,1382.0765385
XCME.ZN1.01AUG25.113.C,INVALID,.0069999,113,C,.0000470,,1731.3593766,1550.6491629
