Key,BID,ASK,STRIKE,ITYPE,ADJTHEOR,IVBID,IVASK,IVAVERAGE
XCME.ZN.SEP25,110.9843750,111,INVALID,F,,,,
XCME.ZN1.01AUG25.112:5.C,INVALID,.0069999,112.5000000,C,0,,1510.0487300,1361.8193872
XCME.ZN1.01AUG25.112.C,INVALID,.0156250,112,C,.0000562,,1262.9452493,1102.8909745
