Key,BID,ASK,STRIKE,ITYPE,ADJTHEOR,IVBID,IVASK,IVAVERAGE
XCME.ZN.SEP25,111.6875000,111.7031250,INVALID,F,,,,
XCME.GY1.05AUG25.112:75.C,.0069999,.0156250,112.7500000,C,.0160944,599.1789993,698.1945400,654.1353467
XCME.GY1.05AUG25.112:5.C,.0156250,.0312500,112.5000000,C,.0301682,561.1329180,668.2822216,619.0591467
XCME.GY1.05AUG25.110:5.P,INVALID,.0069999,110.5000000,P,.0054363,,665.2552546,597.5461311
XCME.GY1.05AUG25.110:75.P,.0069999,.0156250,110.7500000,P,.0103638,548.5857278,641.1295929,599.9067979
XCME.GY1.05AUG25.111:75.P,.2343750,.2656250,111.7500000,P,.2466257,544.2967392,627.3192006,585.8223007
XCME.GY1.05AUG25.112.P,.3906250,.4218750,112,P,.4108135,536.2562551,632.4772398,584.9692246
