Key,BID,ASK,STRIKE,ITYPE,ADJTHEOR,IVBID,IVASK,IVAVERAGE
XCME.ZN.SEP25,112.0312500,112.0468750,INVALID,F,,,,
XCME.WY1.06AUG25.110:75.C,1.2812500,1.3125000,110.7500000,C,1.3003082,,735.5878673,620.8642257
XCME.WY1.06AUG25.111:5.P,.0468750,.0625000,111.5000000,P,.0548760,494.0474348,548.6811401,521.9912420
XCME.WY1.06AUG25.111.C,1.0312500,1.0625000,111,C,1.0557207,,621.8018275,519.9626130
XCME.GY1.05AUG25.110.P,INVALID,.0069999,110,P,.0032858,,1078.3230750,978.1426812
XCME.GY1.05AUG25.110:5.C,1.5312500,1.5625000,110.5000000,C,1.5460663,,789.8429022,598.6040321
XCME.GY1.05AUG25.111.C,1.0312500,1.0625000,111,C,1.0498705,,754.5660484,630.9811975
XCME.GY1.05AUG25.112:25.C,.1093750,.1250000,112.2500000,C,.1191082,535.7966621,582.1963995,559.0753367
