Key,BID,ASK,STRIKE,ITYPE,ADJTHEOR,IVBID,IVASK,IVAVERAGE
XCME.ZN.SEP25,111.9375000,111.9531250,INVALID,F,,,,
XCME.VY1.04AUG25.112.C,.1093750,.1406250,112,C,.1280009,493.3820185,608.8421198,551.1764237
XCME.VY1.04AUG25.112:75.C,.0069999,.0156250,112.7500000,C,.0096413,656.2654776,775.5516263,722.2793540
XCME.VY1.04AUG25.110:25.C,1.6718750,1.7031250,110.2500000,C,1.6982642,,1252.5052286,1129.9161958
XCME.GY1.05AUG25.110.P,INVALID,.0069999,110,P,.0031887,,1018.2448322,923.1315977
XCME.GY1.05AUG25.110:5.C,1.4375000,1.4531250,110.5000000,C,1.4489400,,807.3253219,725.8792562
XCME.GY1.05AUG25.111.C,.9375000,.9687500,111,C,.9547883,,715.6716413,614.6121627
XCME.GY1.05AUG25.112:25.C,.0937500,.1093750,112.2500000,C,.0989828,571.2633932,620.1900955,595.8780189
