Key,BID,ASK,STRIKE,ITYPE,ADJTHEOR,IVBID,IVASK,IVAVERAGE
XCME.ZN.SEP25,111.9843750,112,INVALID,F,,,,
XCME.ZN1.01AUG25.111:5.P,INVALID,.0156250,111.5000000,P,.0107489,,1006.0024036,853.9974950
XCME.ZN1.01AUG25.111:25.P,INVALID,.0069999,111.2500000,P,.0041502,,1170.1394011,1037.0721439
XCME.ZN1.01AUG25.112:5.P,INVALID,INVALID,112.5000000,P,.5340068,,,
XCME.ZN1.01AUG25.110.C,INVALID,INVALID,110,C,,,,
XCME.ZN1.01AUG25.112.P,.1250000,.1562500,112,P,.1293404,789.6764276,1008.8542994,899.3013616
XCME.ZN1.01AUG25.112:25.C,.0312500,.0468750,112.2500000,C,.0326163,855.5884355,1008.6262136,934.2141802
