Key,BID,ASK,STRIKE,ITYPE,ADJTHEOR,IVBID,IVASK,IVAVERAGE
XCME.ZN.SEP25,111.9375000,111.9531250,INVALID,F,,,,
XCME.GY1.05AUG25.111:25.C,.7031250,.7343750,111.2500000,C,.7298869,,603.8507212,493.0169221
XCME.GY1.05AUG25.111:75.C,.2968750,.3281250,111.7500000,C,.3329090,470.8930199,563.4920101,517.5785443
XCME.GY1.05AUG25.112:5.P,.5937500,.6250000,112.5000000,P,.5993679,607.4211340,731.3507014,671.5860164
XCME.GY1.05AUG25.113.P,1.0625000,1.0781250,113,P,1.0588960,738.7790125,853.1156311,800.0175690
XCME.GY1.05AUG25.112:75.P,.8125000,.8437500,112.7500000,P,.8226413,594.0922696,778.1313426,695.4749132
XCME.GY1.05AUG25.110:75.C,1.1875000,1.2187500,110.7500000,C,1.2115588,,754.6386057,478.1748710
