Key,BID,ASK,STRIKE,ITYPE,ADJTHEOR,IVBID,IVASK,IVAVERAGE
XCME.ZN.SEP25,112.0937500,112.1093750,INVALID,F,,,,
XCME.GY1.05AUG25.110.P,INVALID,.0069999,110,P,.0032902,,1106.5817076,1005.0456296
XCME.GY1.05AUG25.110:5.C,1.5937500,1.6093750,110.5000000,C,1.6013400,,952.4248875,887.4291125
XCME.GY1.05AUG25.111.C,1.0937500,1.1250000,111,C,1.1041020,,701.9504216,650.0102063
XCME.GY1.05AUG25.112:25.C,.1250000,.1406250,112.2500000,C,.1361951,525.1007498,569.9796571,547.5824821
XCME.GY1.05AUG25.111:25.C,.8437500,.8750000,111.2500000,C,.8607753,,692.9521307,603.8519049
XCME.GY1.05AUG25.111:75.C,.4062500,.4375000,111.7500000,C,.4191449,496.8476463,605.9905390,552.7173259
XCME.GY1.05AUG25.112:5.P,.4531250,.4843750,112.5000000,P,.4698282,514.1543885,629.6416775,573.6333517
