Key,BID,ASK,STRIKE,ITYPE,ADJTHEOR,IVBID,IVASK,IVAVERAGE
XCME.ZN.SEP25,110.9531250,110.9687500,INVALID,F,,,,
XCME.ZN1.01AUG25.111.C,.2187500,.2343750,111,C,.1510963,923.9349814,984.7734221,954.3561409
XCME.ZN1.01AUG25.111:25.P,.3906250,.4218750,111.2500000,P,.3511959,839.4257825,976.6712431,908.6829737
