Key,BID,ASK,STRIKE,ITYPE,ADJTHEOR,IVBID,IVASK,IVAVERAGE
XCME.ZN.SEP25,111.8750000,111.8906250,INVALID,F,,,,
XCME.VY1.04AUG25.111:5.C,.3750000,.4062500,111.5000000,C,.4002613,469.5397396,638.1435223,559.0711025
XCME.VY1.04AUG25.112:25.C,.0312500,.0468750,112.2500000,C,.0438701,556.4959959,644.0389599,601.7043325
XCME.VY1.04AUG25.110:5.P,INVALID,.0069999,110.5000000,P,.0032237,,994.3424773,895.4030604
XCME.VY1.04AUG25.112:5.P,.6562500,.6875000,112.5000000,P,.6665001,546.1225748,827.4594331,712.1943577
XCME.VY1.04AUG25.111.C,.8593750,.8906250,111,C,.8581623,706.9131742,1011.1122725,919.1530286
XCME.VY1.04AUG25.110:5.C,1.3593750,1.3906250,110.5000000,C,1.3539737,1029.7214620,1416.0769118,1302.1292705
