Key,BID,ASK,STRIKE,ITYPE,ADJTHEOR,IVBID,IVASK,IVAVERAGE
XCME.ZN.SEP25,110.9531250,110.9687500,INVALID,F,,,,
XCME.ZN1.01AUG25.112:75.P,1.7656250,1.7968750,112.7500000,P,1.7968752,,588.6913121,
XCME.ZN1.01AUG25.111:75.P,.7812500,.8125000,111.7500000,P,.7979471,,1001.6815017,768.7288487
