Key,BID,ASK,STRIKE,ITYPE,ADJTHEOR,IVBID,IVASK,IVAVERAGE
XCME.ZN.SEP25,112.0156250,112.0312500,INVALID,F,,,,
XCME.WY1.06AUG25.110:5.P,INVALID,.0156250,110.5000000,P,.0053012,,792.4162506,700.4952000
XCME.WY1.06AUG25.110:25.C,1.7656250,1.7812500,110.2500000,C,1.7742582,,846.4713441,789.4858799
XCME.WY1.06AUG25.112:5.P,.5468750,.5781250,112.5000000,P,.5619062,520.1757518,613.6436958,568.0171417
XCME.WY1.06AUG25.111:5.C,.5625000,.5937500,111.5000000,C,.5795033,462.1663182,567.8478033,517.2242356
XCME.WY1.06AUG25.110:25.P,INVALID,.0069999,110.2500000,P,.0043207,,782.5915321,707.9080009
XCME.WY1.06AUG25.111:75.P,.1093750,.1250000,111.7500000,P,.1222117,489.7635919,567.5391462,528.9505657
XCME.WY1.06AUG25.112:75.P,.7656250,.7812500,112.7500000,P,.7760350,549.2222483,614.9315501,583.2329527
