Key,BID,ASK,STRIKE,ITYPE,ADJTHEOR,IVBID,IVASK,IVAVERAGE
XCME.ZN.SEP25,112,112.0156250,INVALID,F,,,,
XCME.GY1.05AUG25.111:25.P,.0069999,.0312500,111.2500000,P,.0177265,462.2721771,650.1694756,572.4136946
XCME.GY1.05AUG25.110:25.P,INVALID,.0069999,110.2500000,P,.0034202,,927.7513593,839.0264451
XCME.GY1.05AUG25.111:5.C,.5781250,.6093750,111.5000000,C,.5466223,666.2027209,776.9611855,722.7719740
XCME.GY1.05AUG25.110.C,2.0468750,2.0625000,110,C,2.0076739,1454.9392918,1569.0750105,1514.1631351
XCME.GY1.05AUG25.111:5.P,.0312500,.0468750,111.5000000,P,.0423097,488.7311752,559.8070250,525.5410056
XCME.GY1.05AUG25.110:25.C,1.7968750,1.8125000,110.2500000,C,1.7577327,1314.0251868,1421.1283497,1369.5695783
XCME.GY1.05AUG25.112:75.C,.0312500,.0468750,112.7500000,C,.0369081,641.0396371,723.7066569,684.0580578
