Key,BID,ASK,STRIKE,ITYPE,ADJTHEOR,IVBID,IVASK,IVAVERAGE
XCME.ZN.SEP25,112.0156250,112.0312500,INVALID,F,,,,
XCME.VY1.04AUG25.112.P,.1250000,.1406250,112,P,.1278377,489.2702210,547.8478092,518.5598968
XCME.VY1.04AUG25.111:5.C,.5156250,.5312500,111.5000000,C,.5257758,429.3813327,605.0834553,532.8541887
XCME.VY1.04AUG25.112:25.C,.0468750,.0625000,112.2500000,C,.0515145,500.8107438,573.8685647,537.8890100
XCME.VY1.04AUG25.110:5.P,INVALID,.0069999,110.5000000,P,.0001247,,1144.5367516,1032.1697282
XCME.VY1.04AUG25.112:5.P,.5000000,.5156250,112.5000000,P,.5080183,506.8894227,639.3284870,579.2449462
XCME.VY1.04AUG25.111.C,1,1.0312500,111,C,1.0130770,,1009.0876397,842.4678749
XCME.VY1.04AUG25.110:5.C,1.5000000,1.5312500,110.5000000,C,1.5114372,,1383.6389553,1174.9190534
