Key,BID,ASK,STRIKE,ITYPE,ADJTHEOR,IVBID,IVASK,IVAVERAGE
XCME.ZN.SEP25,111.9687500,111.9843750,INVALID,F,,,,
XCME.VY1.04AUG25.111:75.P,.0468750,.0625000,111.7500000,P,.0671794,480.9287658,552.0361934,517.0082637
XCME.VY1.04AUG25.111:75.C,.2812500,.3125000,111.7500000,C,.2972423,500.9899651,638.1090060,571.0120158
XCME.VY1.04AUG25.112:75.P,.7656250,.7812500,112.7500000,P,.7803309,,701.0421372,643.4202755
XCME.VY1.04AUG25.111:25.P,INVALID,.0069999,111.2500000,P,.0087252,,616.8017719,546.8597951
XCME.VY1.04AUG25.111:5.P,.0156250,.0312500,111.5000000,P,.0236770,531.0958876,648.3341478,593.8364553
XCME.VY1.04AUG25.112:5.C,.0156250,.0312500,112.5000000,C,.0235018,563.0326175,684.4934566,628.1584965
XCME.VY1.04AUG25.110:25.P,INVALID,.0069999,110.2500000,P,.0030888,,1257.6263254,1137.2707378
