Key,BID,ASK,STRIKE,ITYPE,ADJTHEOR,IVBID,IVASK,IVAVERAGE
XCME.ZN.SEP25,110.8750000,110.8906250,INVALID,F,,,,
XCME.ZN1.01AUG25.111:5.P,.6406250,.6718750,111.5000000,P,.6219337,1084.5625960,1438.6677863,1277.7763900
