Key,BID,ASK,STRIKE,ITYPE,ADJTHEOR,IVBID,IVASK,IVAVERAGE
XCME.ZN.SEP25,112.0156250,112.0312500,INVALID,F,,,,
XCME.VY1.04AUG25.111.C,1,1.0312500,111,C,1.0164400,322.8719456,959.6741434,904.4987970
XCME.VY1.04AUG25.110:5.C,1.5000000,1.5312500,110.5000000,C,1.5156772,375.3740044,1321.3168355,1252.1910546
XCME.VY1.04AUG25.110.C,2,2.0312500,110,C,2.0156353,1,1666.5188331,1585.3795742
XCME.VY1.04AUG25.110:75.C,1.2500000,1.2812500,110.7500000,C,1.2658271,381.2491842,1143.0004996,1080.8032875
XCME.VY1.04AUG25.110.P,INVALID,.0069999,110,P,.0000103,,1460.2890016,1324.1936345
XCME.VY1.04AUG25.111:25.C,.7656250,.7812500,111.2500000,C,.7687365,241.7507369,919.3636890,813.9203331
XCME.VY1.04AUG25.113.P,.9687500,1,113,P,.9894723,,938.0816921,730.3781073
