Key,BID,ASK,STRIKE,ITYPE,ADJTHEOR,IVBID,IVASK,IVAVERAGE
XCME.ZN.SEP25,111.6250000,111.6406250,INVALID,F,,,,
XCME.GY1.05AUG25.111:25.P,.0781250,.1093750,111.2500000,P,.0764622,572.4204401,673.3619733,623.7102135
XCME.GY1.05AUG25.110:25.P,INVALID,.0069999,110.2500000,P,.0038924,,747.2096739,673.0180263
XCME.GY1.05AUG25.111:5.C,.2812500,.3125000,111.5000000,C,.2838325,564.8236108,649.1863173,607.0661567
XCME.GY1.05AUG25.110.C,1.6093750,1.6406250,110,C,1.6282036,,987.0138892,936.5955670
XCME.GY1.05AUG25.111:5.P,.1406250,.1718750,111.5000000,P,.1588325,522.4279047,607.0661544,564.8236046
XCME.GY1.05AUG25.110:25.C,1.3437500,1.3750000,110.2500000,C,1.3788924,,256.2455398,683.4895160
