Key,BID,ASK,STRIKE,ITYPE,ADJTHEOR,IVBID,IVASK,IVAVERAGE
XCME.ZN.SEP25,112.1093750,112.1250000,INVALID,F,,,,
XCME.VY1.04AUG25.111:5.P,.0069999,.0312500,111.5000000,P,.0163853,566.4649443,813.3424618,710.2372606
XCME.VY1.04AUG25.112:5.C,.0312500,.0625000,112.5000000,C,.0446209,593.3513969,772.7287037,687.5845859
XCME.VY1.04AUG25.110:25.P,INVALID,.0069999,110.2500000,P,.0033800,,1418.9761854,1285.5066124
XCME.VY1.04AUG25.111.P,INVALID,.0069999,111,P,.0044458,,923.3809208,828.2909158
XCME.VY1.04AUG25.110:75.P,INVALID,.0069999,110.7500000,P,.0035045,,1091.8929573,983.3488802
XCME.VY1.04AUG25.112.P,.0937500,.1250000,112,P,.1089100,557.9236606,684.4873209,621.4682025
