Key,BID,ASK,STRIKE,ITYPE,ADJTHEOR,IVBID,IVASK,IVAVERAGE
XCME.ZN.SEP25,111.8750000,111.8906250,INVALID,F,,,,
XCME.VY1.04AUG25.112:75.P,.8593750,.8906250,112.7500000,P,.8794810,,875.9290829,836.9714629
XCME.VY1.04AUG25.111:25.P,.0069999,.0156250,111.2500000,P,.0158931,530.5565405,631.3560441,586.0358461
XCME.VY1.04AUG25.111:5.P,.0312500,.0468750,111.5000000,P,.0459188,538.3840782,624.1895993,582.6633768
XCME.VY1.04AUG25.112:5.C,.0156250,.0312500,112.5000000,C,.0244013,621.2801780,748.0628204,689.4877156
XCME.VY1.04AUG25.110:25.P,INVALID,.0069999,110.2500000,P,.0024376,,1159.9640097,1047.8648004
XCME.VY1.04AUG25.111.P,INVALID,.0069999,111,P,.0057735,,697.3122495,622.5411297
XCME.VY1.04AUG25.110:75.P,INVALID,.0069999,110.7500000,P,.0029343,,855.2741928,767.2871321
