Key,BID,ASK,STRIKE,ITYPE,ADJTHEOR,IVBID,IVASK,IVAVERAGE
XCME.ZN.SEP25,112,112.0156250,INVALID,F,,,,
XCME.GY1.05AUG25.110.P,INVALID,.0069999,110,P,.0031930,,1058.2857875,959.8963328
XCME.GY1.05AUG25.110:5.C,1.5000000,1.5312500,110.5000000,C,1.5461921,,,
XCME.GY1.05AUG25.111.C,1.0156250,1.0468750,111,C,1.0508158,,555.2242294,
XCME.GY1.05AUG25.112:25.C,.1093750,.1406250,112.2500000,C,.1301982,525.9581962,616.5107540,571.5073182
XCME.GY1.05AUG25.111:25.C,.7812500,.8125000,111.2500000,C,.8097991,,601.7154138,443.1582855
XCME.GY1.05AUG25.111:75.C,.3593750,.3906250,111.7500000,C,.3858085,472.2308141,572.7964345,523.3899662
XCME.GY1.05AUG25.112:5.P,.5312500,.5468750,112.5000000,P,.5271521,631.1545833,686.5047948,659.1528364
