Key,BID,ASK,STRIKE,ITYPE,ADJTHEOR,IVBID,IVASK,IVAVERAGE
XCME.ZN.SEP25,111.9687500,111.9843750,INVALID,F,,,,
XCME.ZN1.01AUG25.112:5.C,INVALID,.0069999,112.5000000,C,.0002137,,1001.2537247,878.9622941
XCME.ZN1.01AUG25.111:5.C,.4687500,.5000000,111.5000000,C,.4698885,456.9648684,1340.0261455,1164.2462107
XCME.ZN1.01AUG25.113.P,1,1.0312500,113,P,1.0312463,,813.1570566,
XCME.ZN1.01AUG25.112:25.P,.2656250,.2968750,112.2500000,P,.2849363,,759.4429571,536.5913991
XCME.ZN1.01AUG25.111.C,.9687500,1,111,C,.9687832,897.4271904,,
XCME.ZN1.01AUG25.112.C,.0468750,.0625000,112,C,.0521281,472.4536241,595.0183628,533.8526143
