Key,BID,ASK,STRIKE,ITYPE,ADJTHEOR,IVBID,IVASK,IVAVERAGE
XCME.ZN.SEP25,112,112.0156250,INVALID,F,,,,
XCME.GY1.05AUG25.111:5.C,.5312500,.5625000,111.5000000,C,.5294127,547.0299695,668.1957078,609.8199504
XCME.GY1.05AUG25.110.C,1.9843750,2.0156250,110,C,1.9878623,321.3362893,1351.4337308,1229.1345136
XCME.GY1.05AUG25.111:5.P,.0312500,.0625000,111.5000000,P,.0450376,476.7991908,609.8199314,547.0305226
XCME.GY1.05AUG25.110:25.C,1.7343750,1.7656250,110.2500000,C,1.7379580,348.7745320,1216.2114826,1102.5616140
XCME.GY1.05AUG25.112:75.C,.0156250,.0468750,112.7500000,C,.0393481,548.7369536,738.5240891,654.6507349
XCME.GY1.05AUG25.112:5.C,.0468750,.0625000,112.5000000,C,.0640724,569.4445671,633.4665938,602.1747513
XCME.GY1.05AUG25.110:5.P,INVALID,.0069999,110.5000000,P,.0040539,,808.1027304,728.4940036
