Key,BID,ASK,STRIKE,ITYPE,ADJTHEOR,IVBID,IVASK,IVAVERAGE
XCME.ZN.SEP25,110.8906250,110.9062500,INVALID,F,,,,
XCME.ZN1.01AUG25.110:25.C,.6562500,.6875000,110.2500000,C,.6566144,368.8615299,1358.3741968,1132.4426870
XCME.ZN1.01AUG25.112:75.C,INVALID,.0069999,112.7500000,C,0,,,
