Key,BID,ASK,STRIKE,ITYPE,ADJTHEOR,IVBID,IVASK,IVAVERAGE
XCME.ZN.SEP25,110.9531250,110.9687500,INVALID,F,,,,
XCME.ZN1.01AUG25.112:5.C,INVALID,.0069999,112.5000000,C,.0000062,,1358.8755429,1225.5586890
XCME.ZN1.01AUG25.112.C,INVALID,.0156250,112,C,.0002708,,1142.2853043,997.8855670
