Key,BID,ASK,STRIKE,ITYPE,ADJTHEOR,IVBID,IVASK,IVAVERAGE
XCME.ZN.SEP25,110.9843750,111,INVALID,F,,,,
XCME.ZN1.01AUG25.110.P,INVALID,.0156250,110,P,.0002383,,1076.0768598,940.2244397
XCME.ZN1.01AUG25.110:75.P,.1250000,.1406250,110.7500000,P,.0616604,960.3690376,1033.1335128,996.8600443
