Key,BID,ASK,STRIKE,ITYPE,ADJTHEOR,IVBID,IVASK,IVAVERAGE
XCME.ZN.SEP25,112.0781250,112.0937500,INVALID,F,,,,
XCME.VY1.04AUG25.111.P,INVALID,.0069999,111,P,.0032709,,887.1661835,795.2427092
XCME.VY1.04AUG25.110:75.P,INVALID,.0069999,110.7500000,P,.0027134,,1052.7777712,947.2378653
XCME.VY1.04AUG25.112.P,.0937500,.1250000,112,P,.1083784,509.0046514,631.4027309,570.3926654
XCME.VY1.04AUG25.111:5.C,.5937500,.6093750,111.5000000,C,.6033471,490.8641994,682.3833311,604.0713862
XCME.VY1.04AUG25.112:25.C,.0781250,.0937500,112.2500000,C,.0832418,549.7070136,614.6393230,582.3331851
XCME.VY1.04AUG25.110:5.P,INVALID,.0069999,110.5000000,P,.0028233,,1214.7359864,1096.7471622
XCME.VY1.04AUG25.112:5.P,.4218750,.4531250,112.5000000,P,.4407501,450.5771726,673.7442364,575.6607482
