Key,BID,ASK,STRIKE,ITYPE,ADJTHEOR,IVBID,IVASK,IVAVERAGE
XCME.ZN.SEP25,110.9843750,111,INVALID,F,,,,
XCME.ZN1.01AUG25.110:5.C,.5312500,.5625000,110.5000000,C,.5157252,744.7780758,927.6875697,840.3532669
XCME.ZN1.01AUG25.111:75.C,.0156250,.0312500,111.7500000,C,.0055153,789.5024351,940.3595216,870.9201531
