Key,BID,ASK,STRIKE,ITYPE,ADJTHEOR,IVBID,IVASK,IVAVERAGE
XCME.ZN.SEP25,111.0312500,111.0468750,INVALID,F,,,,
XCME.ZN1.01AUG25.110:5.C,.5781250,.5937500,110.5000000,C,.5548678,801.7139607,896.2366907,850.1915339
XCME.ZN1.01AUG25.111:75.C,.0156250,.0312500,111.7500000,C,.0078192,743.5069588,888.6132519,821.7683235
