Key,BID,ASK,STRIKE,ITYPE,ADJTHEOR,IVBID,IVASK,IVAVERAGE
XCME.ZN.SEP25,110.9218750,110.9375000,INVALID,F,,,,
XCME.ZN1.01AUG25.110:5.C,.4843750,.5156250,110.5000000,C,.4454843,996.2335616,1214.3129602,1108.6739642
XCME.ZN1.01AUG25.111:75.C,.0069999,.0312500,111.7500000,C,.0004784,933.1067692,1304.2726390,1151.1943566
