Key,BID,ASK,STRIKE,ITYPE,ADJTHEOR,IVBID,IVASK,IVAVERAGE
XCME.ZN.SEP25,112.1250000,112.1406250,INVALID,F,,,,
XCME.VY1.04AUG25.111.C,1.1250000,1.1406250,111,C,1.1408064,,878.3000143,663.7215235
XCME.VY1.04AUG25.110:5.C,1.6093750,1.6406250,110.5000000,C,1.6397116,,1196.2142715,913.5094421
XCME.VY1.04AUG25.110.C,2.1093750,2.1406250,110,C,2.1397947,,1503.7824460,1158.8815275
XCME.VY1.04AUG25.110:75.C,1.3750000,1.3906250,110.7500000,C,1.3899625,,1038.7136099,788.8418577
XCME.VY1.04AUG25.110.P,INVALID,.0069999,110,P,.0034822,,1610.6146780,1463.0400430
XCME.VY1.04AUG25.111:25.C,.8750000,.9062500,111.2500000,C,.8936224,,952.2290750,788.7002130
