Key,BID,ASK,STRIKE,ITYPE,ADJTHEOR,IVBID,IVASK,IVAVERAGE
XCME.ZN.SEP25,110.9375000,110.9531250,INVALID,F,,,,
XCME.ZN1.01AUG25.111.C,.2031250,.2343750,111,C,.1459130,883.7338386,1005.5831468,944.6718963
XCME.ZN1.01AUG25.111:25.P,.4062500,.4375000,111.2500000,P,.3597600,873.7910834,1011.0709093,943.0433162
