Key,BID,ASK,STRIKE,ITYPE,ADJTHEOR,IVBID,IVASK,IVAVERAGE
XCME.ZN.SEP25,111.8281250,111.8437500,INVALID,F,,,,
XCME.GY1.05AUG25.111:25.C,.6093750,.6406250,111.2500000,C,.6273062,494.2084419,644.8194812,575.3940709
XCME.GY1.05AUG25.111:75.C,.2500000,.2812500,111.7500000,C,.2648593,541.1696342,625.0221012,583.1326688
XCME.GY1.05AUG25.112:5.P,.6875000,.7187500,112.5000000,P,.7048100,542.0471157,700.0921110,627.5007681
XCME.GY1.05AUG25.113.P,1.1562500,1.1875000,113,P,1.1765543,,826.0634353,714.5656625
XCME.GY1.05AUG25.112:75.P,.9062500,.9531250,112.7500000,P,.9356898,,784.8766091,657.3716980
XCME.GY1.05AUG25.110:75.C,1.0781250,1.1093750,110.7500000,C,1.0952407,627.4313602,889.8435602,783.4894451
