Key,BID,ASK,STRIKE,ITYPE,ADJTHEOR,IVBID,IVASK,IVAVERAGE
XCME.ZN.SEP25,111.9687500,111.9843750,INVALID,F,,,,
XCME.ZN1.01AUG25.112:75.P,.7500000,.7812500,112.7500000,P,.7553621,1381.5842522,1862.4584673,1650.0819193
XCME.ZN1.01AUG25.111:5.P,INVALID,.0156250,111.5000000,P,.0142180,,1023.5122799,870.4110882
XCME.ZN1.01AUG25.111:25.P,INVALID,.0069999,111.2500000,P,.0075976,,1179.9604136,1046.9615258
XCME.ZN1.01AUG25.112:5.P,.5156250,.5468750,112.5000000,P,.5097691,1023.3761719,1428.3863491,1246.6296106
XCME.ZN1.01AUG25.110.C,1.9687500,2,110,C,2.0000169,,,
XCME.ZN1.01AUG25.112.P,.1093750,.1406250,112,P,.1092748,858.8313103,1073.5391804,966.1852484
XCME.ZN1.01AUG25.112:25.C,.0156250,.0468750,112.2500000,C,.0300877,623.3363713,942.1176695,795.3349861
