Key,BID,ASK,STRIKE,ITYPE,ADJTHEOR,IVBID,IVASK,IVAVERAGE
XCME.ZN.SEP25,112.1718750,112.1875000,INVALID,F,,,,
XCME.ZN1.01AUG25.112:75.P,.5625000,.5937500,112.7500000,P,.5781393,,1925.5726638,1443.2503252
XCME.ZN1.01AUG25.111:5.P,INVALID,.0069999,111.5000000,P,.0000028,,1821.4695758,1611.0949757
XCME.ZN1.01AUG25.111:25.P,INVALID,.0069999,111.2500000,P,0,,,
XCME.ZN1.01AUG25.112:5.P,.3125000,.3437500,112.5000000,P,.3284932,,1272.3209870,909.0827556
XCME.ZN1.01AUG25.110.C,2.1562500,2.1875000,110,C,2.1718750,,,
XCME.ZN1.01AUG25.112.P,INVALID,.0069999,112,P,.0047639,,634.2764166,531.3663286
XCME.ZN1.01AUG25.112:25.C,.0069999,.0312500,112.2500000,C,.0181112,369.2855844,728.1769341,562.6439831
