Key,BID,ASK,STRIKE,ITYPE,ADJTHEOR,IVBID,IVASK,IVAVERAGE
XCME.ZN.SEP25,112.1250000,112.1406250,INVALID,F,,,,
XCME.ZN1.01AUG25.111:5.P,INVALID,.0069999,111.5000000,P,.0000183,,1524.3652706,1344.9421179
XCME.ZN1.01AUG25.111:25.P,INVALID,.0069999,111.2500000,P,.0000013,,,1761.1644519
XCME.ZN1.01AUG25.112:5.P,.3593750,.3906250,112.5000000,P,.3666766,,1040.7104538,913.4415971
XCME.ZN1.01AUG25.110.C,2.1250000,2.1406250,110,C,2.1336250,,,
XCME.ZN1.01AUG25.112.P,.0069999,.0156250,112,P,.0104817,468.6302002,615.1853040,546.9084166
XCME.ZN1.01AUG25.112:25.C,.0069999,.0156250,112.2500000,C,.0132030,425.7779933,565.4223340,500.0106446
