Key,BID,ASK,STRIKE,ITYPE,ADJTHEOR,IVBID,IVASK,IVAVERAGE
XCME.ZN.SEP25,110.8593750,110.8750000,INVALID,F,,,,
XCME.ZN1.01AUG25.112:25.P,1.3750000,1.3906250,112.2500000,P,1.3671872,1672.6445679,,1896.3140977
XCME.ZN1.01AUG25.113.P,2.1250000,2.1406250,113,P,2.1171874,,,
