Key,BID,ASK,STRIKE,ITYPE,ADJTHEOR,IVBID,IVASK,IVAVERAGE
XCME.ZN.SEP25,112.1562500,112.1718750,INVALID,F,,,,
XCME.WY1.06AUG25.110:75.C,1.4062500,1.4375000,110.7500000,C,1.4231893,,855.7147156,759.4805168
XCME.WY1.06AUG25.111:5.P,.0468750,.0625000,111.5000000,P,.0561240,572.4635594,631.7669580,602.8498590
XCME.WY1.06AUG25.111.C,1.1718750,1.1875000,111,C,1.1796839,612.9695364,736.5432611,681.6658917
XCME.GY1.05AUG25.110.P,INVALID,.0069999,110,P,.0044494,,1159.7405777,1053.3536815
XCME.GY1.05AUG25.110:5.C,1.6562500,1.6875000,110.5000000,C,1.6668763,,1188.7857024,1060.1459364
XCME.GY1.05AUG25.111.C,1.1562500,1.1875000,111,C,1.1731058,,900.9553915,794.7960401
XCME.GY1.05AUG25.112:25.C,.1718750,.1875000,112.2500000,C,.1746793,599.0880758,643.4803914,621.2945496
