Key,BID,ASK,STRIKE,ITYPE,ADJTHEOR,IVBID,IVASK,IVAVERAGE
XCME.ZN.SEP25,112.1093750,112.1250000,INVALID,F,,,,
XCME.ZN1.01AUG25.112:75.P,.6093750,.6406250,112.7500000,P,.6285473,,1645.7575509,1514.5810759
XCME.ZN1.01AUG25.111:5.P,INVALID,.0069999,111.5000000,P,.0000517,,1449.4028483,1278.5938950
XCME.ZN1.01AUG25.111:25.P,INVALID,.0069999,111.2500000,P,.0000094,,1891.7540223,1682.3374078
XCME.ZN1.01AUG25.112:5.P,.3593750,.3906250,112.5000000,P,.3790587,,1118.8039066,1017.7033406
XCME.ZN1.01AUG25.110.C,2.1093750,2.1406250,110,C,2.1215000,,,
XCME.ZN1.01AUG25.112.P,.0069999,.0156250,112,P,.0150494,423.5236085,560.3903080,496.4457241
XCME.ZN1.01AUG25.112:25.C,.0069999,.0156250,112.2500000,C,.0140136,439.2791262,783.1329085,628.3223905
