Key,BID,ASK,STRIKE,ITYPE,ADJTHEOR,IVBID,IVASK,IVAVERAGE
XCME.ZN.SEP25,110.9375000,110.9531250,INVALID,F,,,,
XCME.ZN1.01AUG25.111.C,.1875000,.2187500,111,C,.1060133,1077.2328638,1236.5814934,1156.9293743
XCME.ZN1.01AUG25.111:25.P,.4062500,.4375000,111.2500000,P,.3318981,1138.6618949,1318.3174994,1229.3032537
