Key,BID,ASK,STRIKE,ITYPE,ADJTHEOR,IVBID,IVASK,IVAVERAGE
XCME.ZN.SEP25,112.1718750,112.1875000,INVALID,F,,,,
XCME.VY1.04AUG25.111.C,1.1718750,1.1875000,111,C,1.1872715,,911.9687350,687.7787394
XCME.VY1.04AUG25.110:5.C,1.6718750,1.6875000,110.5000000,C,1.6865348,,1230.9753590,939.9129943
XCME.VY1.04AUG25.110.C,2.1718750,2.1875000,110,C,2.1867221,,1540.3069756,1187.1203613
XCME.VY1.04AUG25.110:75.C,1.4218750,1.4531250,110.7500000,C,1.4366674,,1073.1650083,813.6012602
XCME.VY1.04AUG25.110.P,INVALID,.0069999,110,P,.0035346,,1649.1760729,1498.0351355
XCME.VY1.04AUG25.111:25.C,.9218750,.9531250,111.2500000,C,.9394187,,996.7538016,827.4156123
