Key,BID,ASK,STRIKE,ITYPE,ADJTHEOR,IVBID,IVASK,IVAVERAGE
XCME.ZN.SEP25,111.9687500,111.9843750,INVALID,F,,,,
XCME.ZN1.01AUG25.110:5.C,1.4687500,1.5000000,110.5000000,C,1.4721894,,,
XCME.ZN1.01AUG25.110:75.C,1.2187500,1.2500000,110.7500000,C,1.2214305,,,1977.0863383
XCME.ZN1.01AUG25.111.P,INVALID,.0069999,111,P,.0028279,,1494.8710289,1334.8268577
XCME.ZN1.01AUG25.113.C,INVALID,.0069999,113,C,.0023667,,1539.9432859,1378.9446285
XCME.ZN1.01AUG25.112:5.C,INVALID,.0156250,112.5000000,C,.0098238,,1066.0178859,907.6507714
XCME.ZN1.01AUG25.111:5.C,.4687500,.5000000,111.5000000,C,.4823749,,1017.7148199,947.3901073
