Key,BID,ASK,STRIKE,ITYPE,ADJTHEOR,IVBID,IVASK,IVAVERAGE
XCME.ZN.SEP25,112.0468750,112.0625000,INVALID,F,,,,
XCME.ZN1.01AUG25.110:5.C,1.5468750,1.5781250,110.5000000,C,1.5668124,,,
XCME.ZN1.01AUG25.110:75.C,1.2968750,1.3281250,110.7500000,C,1.3168124,,,
XCME.ZN1.01AUG25.111.P,INVALID,.0069999,111,P,0,,,1784.2380107
XCME.ZN1.01AUG25.113.C,INVALID,.0069999,113,C,.0000018,,1778.1721295,1583.6889764
XCME.ZN1.01AUG25.112:5.C,INVALID,.0069999,112.5000000,C,.0001239,,960.2594354,836.7017366
XCME.ZN1.01AUG25.111:5.C,.5468750,.5781250,111.5000000,C,.5668308,,1319.3421885,1204.6748116
XCME.ZN1.01AUG25.113.P,.9218750,.9531250,113,P,.9331893,,,1830.9166857
