Key,BID,ASK,STRIKE,ITYPE,ADJTHEOR,IVBID,IVASK,IVAVERAGE
XCME.ZN.SEP25,110.8906250,110.9062500,INVALID,F,,,,
XCME.ZN1.01AUG25.110:5.C,.4531250,.4843750,110.5000000,C,.4092031,1142.4442797,1398.6593353,1274.3959980
XCME.ZN1.01AUG25.111:75.C,.0069999,.0156250,111.7500000,C,.0000461,1148.5144570,1351.2665400,1260.7288235
