Key,BID,ASK,STRIKE,ITYPE,ADJTHEOR,IVBID,IVASK,IVAVERAGE
XCME.ZN.SEP25,112.1406250,112.1562500,INVALID,F,,,,
XCME.ZN1.01AUG25.112:25.P,.0937500,.1250000,112.2500000,P,.1152549,,615.8553610,437.0192736
XCME.ZN1.01AUG25.111.C,1.1406250,1.1718750,111,C,1.1449371,,,
XCME.ZN1.01AUG25.112.C,.1406250,.1718750,112,C,.1502535,,842.1996870,668.2896281
XCME.WY1.06AUG25.110.C,2.1406250,2.1718750,110,C,2.1515394,1011.8325570,1307.4008643,1185.3159165
XCME.WY1.06AUG25.113.P,.8906250,.9062500,113,P,.9031485,538.0837577,697.0283696,625.5418758
XCME.WY1.06AUG25.112:75.C,.0625000,.0937500,112.7500000,C,.0777237,595.2299590,698.0381760,648.1236749
XCME.WY1.06AUG25.112.C,.3281250,.3593750,112,C,.3420140,568.6383115,641.7205443,605.2320208
