Key,BID,ASK,STRIKE,ITYPE,ADJTHEOR,IVBID,IVASK,IVAVERAGE
XCME.ZN.SEP25,111.8750000,111.8906250,INVALID,F,,,,
XCME.ZN1.01AUG25.111:25.C,.6093750,.6406250,111.2500000,C,.6343827,,1110.6227392,1016.4009039
XCME.ZN1.01AUG25.111:75.C,.1875000,.2031250,111.7500000,C,.1940986,630.7464849,866.7807171,750.8233211
XCME.ZN1.01AUG25.110:5.C,1.3593750,1.3906250,110.5000000,C,1.3833941,,,1933.9614795
XCME.ZN1.01AUG25.110:75.C,1.1093750,1.1406250,110.7500000,C,1.1319642,,1769.4571876,1639.0788236
XCME.ZN1.01AUG25.111.P,INVALID,.0069999,111,P,.0025457,,1323.5403209,1181.9585280
XCME.ZN1.01AUG25.113.C,INVALID,.0069999,113,C,.0027927,,1608.5896394,1440.5066049
