Key,BID,ASK,STRIKE,ITYPE,ADJTHEOR,IVBID,IVASK,IVAVERAGE
XCME.ZN.SEP25,112.1250000,112.1406250,INVALID,F,,,,
XCME.GY1.05AUG25.111:5.C,.6562500,.6875000,111.5000000,C,.6448830,671.0711047,801.7358329,738.7920582
XCME.GY1.05AUG25.110.C,2.1093750,2.1406250,110,C,2.1083479,1044.4613324,1499.3449069,1380.3563626
XCME.GY1.05AUG25.111:5.P,.0312500,.0625000,111.5000000,P,.0398200,572.7576088,720.6618066,651.2169831
XCME.GY1.05AUG25.110:25.C,1.8593750,1.8906250,110.2500000,C,1.8583354,936.7715836,1358.8563467,1247.5991481
XCME.GY1.05AUG25.112:75.C,.0312500,.0625000,112.7500000,C,.0438803,600.1211347,751.3340287,680.4415234
XCME.GY1.05AUG25.112:5.C,.0781250,.1093750,112.5000000,C,.0884779,613.6873977,720.7734410,668.1496363
