Key,BID,ASK,STRIKE,ITYPE,ADJTHEOR,IVBID,IVASK,IVAVERAGE
XCME.ZN.SEP25,110.8593750,110.8750000,INVALID,F,,,,
XCME.ZN1.01AUG25.110:25.P,.0156250,.0468750,110.2500000,P,.0010148,1011.8223264,1382.0896350,1217.2478282
XCME.ZN1.01AUG25.110:5.P,.0781250,.0937500,110.5000000,P,.0120826,1235.1172936,1347.0678196,1291.6263997
