Key,BID,ASK,STRIKE,ITYPE,ADJTHEOR,IVBID,IVASK,IVAVERAGE
XCME.ZN.SEP25,112.1093750,112.1250000,INVALID,F,,,,
XCME.VY1.04AUG25.113.C,.0069999,.0156250,113,C,.0124499,755.2460346,888.9245037,829.4100556
XCME.VY1.04AUG25.112:25.P,.2343750,.2500000,112.2500000,P,.2403951,619.1533709,683.0394247,651.1756866
XCME.VY1.04AUG25.112.C,.2031250,.2343750,112,C,.2258771,531.1897332,658.5766044,595.2064125
XCME.VY1.04AUG25.112:75.C,.0156250,.0312500,112.7500000,C,.0224957,692.7126549,832.5449981,767.9310355
XCME.VY1.04AUG25.110:25.C,1.8437500,1.8750000,110.2500000,C,1.8705592,,1445.6746988,1306.5785367
XCME.GY1.05AUG25.110.P,INVALID,.0069999,110,P,.0041107,,1129.0809198,1025.5452949
XCME.GY1.05AUG25.110:5.C,1.6093750,1.6406250,110.5000000,C,1.6196423,,1152.9575757,1027.4304936
