Key,BID,ASK,STRIKE,ITYPE,ADJTHEOR,IVBID,IVASK,IVAVERAGE
XCME.ZN.SEP25,111.7968750,111.8125000,INVALID,F,,,,
XCME.VY1.04AUG25.110.C,1.8281250,1.8437500,110,C,1.8503522,,,
XCME.VY1.04AUG25.110:75.C,1.0156250,1.0468750,110.7500000,C,1.1018705,,,
XCME.VY1.04AUG25.110.P,INVALID,.0069999,110,P,.0031022,,1287.0488583,1165.3766726
XCME.VY1.04AUG25.111:25.C,.5468750,.5625000,111.2500000,C,.6207528,,,
XCME.VY1.04AUG25.113.P,1.2031250,1.2343750,113,P,1.1566367,1335.8664713,1547.5042160,1446.6814895
XCME.VY1.04AUG25.113.C,INVALID,.0069999,113,C,.0038867,,865.8869590,775.9953883
XCME.VY1.04AUG25.112:25.P,.4843750,.5156250,112.2500000,P,.4502850,813.0797441,950.2251226,882.7751632
