Key,BID,ASK,STRIKE,ITYPE,ADJTHEOR,IVBID,IVASK,IVAVERAGE
XCME.ZN.SEP25,112.0781250,112.0937500,INVALID,F,,,,
XCME.GY1.05AUG25.111:25.C,.8281250,.8593750,111.2500000,C,.8524425,,640.2330885,529.5674349
XCME.GY1.05AUG25.111:75.C,.4062500,.4218750,111.7500000,C,.4131260,522.2458758,576.4124233,549.6361961
XCME.GY1.05AUG25.112:5.P,.4531250,.4843750,112.5000000,P,.4773434,486.8866420,607.8980331,549.6663962
XCME.GY1.05AUG25.113.P,.9218750,.9375000,113,P,.9271776,602.8649580,734.4205257,675.7272843
XCME.GY1.05AUG25.112:75.P,.6718750,.7031250,112.7500000,P,.6927089,470.7426972,667.0123368,582.4682378
XCME.GY1.05AUG25.110:75.C,1.3281250,1.3593750,110.7500000,C,1.3433714,,923.7555180,781.3709354
