Key,BID,ASK,STRIKE,ITYPE,ADJTHEOR,IVBID,IVASK,IVAVERAGE
XCME.ZN.SEP25,112.1093750,112.1250000,INVALID,F,,,,
XCME.ZN1.01AUG25.112:25.P,.1250000,.1562500,112.2500000,P,.1425139,,740.1417888,585.1562001
XCME.ZN1.01AUG25.111.C,1.1093750,1.1406250,111,C,1.1214961,,,
XCME.ZN1.01AUG25.112.C,.1250000,.1406250,112,C,.1365494,349.3875591,608.5377062,496.4451209
XCME.WY1.06AUG25.110.C,2.1093750,2.1406250,110,C,2.1273371,,1103.5181615,949.1232397
XCME.WY1.06AUG25.113.P,.8906250,.9375000,113,P,.9272389,483.7230115,737.9395432,632.5643449
XCME.WY1.06AUG25.112:75.C,.0781250,.0937500,112.7500000,C,.0774404,661.8107429,712.0559952,687.2432001
XCME.WY1.06AUG25.112.C,.3281250,.3593750,112,C,.3342667,599.2424156,671.4070469,635.3552998
