Key,BID,ASK,STRIKE,ITYPE,ADJTHEOR,IVBID,IVASK,IVAVERAGE
XCME.ZN.SEP25,112.1718750,112.1875000,INVALID,F,,,,
XCME.GY1.05AUG25.112:75.P,.6093750,.6406250,112.7500000,P,.6338648,623.2040246,760.2427803,694.7408903
XCME.GY1.05AUG25.110:75.C,1.4218750,1.4531250,110.7500000,C,1.4260908,,1120.9620820,1022.7304081
XCME.GY1.05AUG25.112:25.P,.2500000,.2656250,112.2500000,P,.2582176,578.1530030,622.4977451,600.3351604
XCME.GY1.05AUG25.113.C,.0156250,.0312500,113,C,.0301436,611.0697954,726.3667644,673.4232581
XCME.GY1.05AUG25.111.P,.0069999,.0156250,111,P,.0125376,691.3313991,802.7168316,753.2488271
XCME.GY1.05AUG25.112.C,.2968750,.3281250,112,C,.3081291,566.6322332,612.7442992,589.7344799
