Key,BID,ASK,STRIKE,ITYPE,ADJTHEOR,IVBID,IVASK,IVAVERAGE
XCME.ZN.SEP25,110.8437500,110.8593750,INVALID,F,,,,
XCME.VY1.04AUG25.111.C,.1718750,.1875000,111,C,.1165594,843.8407497,900.3865999,872.1409782
XCME.VY1.04AUG25.110:5.C,.4531250,.4843750,110.5000000,C,.4019873,843.0387953,969.9840490,907.1575419
XCME.VY1.04AUG25.110.C,.8593750,.8906250,110,C,.8513013,729.1948069,1010.6469018,890.5630324
XCME.VY1.04AUG25.110:75.C,.2968750,.3125000,110.7500000,C,.2338754,859.5992338,915.1453022,887.3828897
XCME.VY1.04AUG25.110.P,.0156250,.0312500,110,P,.0032388,781.3239199,926.2096849,859.6412297
XCME.VY1.04AUG25.111:25.C,.0937500,.1093750,111.2500000,C,.0472382,856.3974673,923.4679355,890.1853718
