Key,BID,ASK,STRIKE,ITYPE,ADJTHEOR,IVBID,IVASK,IVAVERAGE
XCME.ZN.SEP25,111.8281250,111.8437500,INVALID,F,,,,
XCME.WY1.06AUG25.112.P,.3281250,.3437500,112,P,.3412536,482.1898166,553.9928418,518.1926085
XCME.WY1.06AUG25.110:75.C,1.0781250,1.1093750,110.7500000,C,1.0942065,672.2214815,827.3257204,756.2101796
XCME.WY1.06AUG25.111:5.P,.0937500,.1250000,111.5000000,P,.1076298,488.4304666,568.8347421,529.1020178
XCME.WY1.06AUG25.111.C,.8437500,.8750000,111,C,.8562987,452.0356579,626.8818395,552.2065452
XCME.VY1.04AUG25.111:75.P,.1250000,.1406250,111.7500000,P,.1331504,579.0039373,635.5778504,607.3153174
XCME.VY1.04AUG25.111:75.C,.2031250,.2343750,111.7500000,C,.2155878,563.3525102,676.4276932,619.9826586
