Key,BID,ASK,STRIKE,ITYPE,ADJTHEOR,IVBID,IVASK,IVAVERAGE
XCME.ZN.SEP25,110.8437500,110.8593750,INVALID,F,,,,
XCME.ZN1.01AUG25.111:5.P,.6718750,.6875000,111.5000000,P,.6458918,975.4745664,1388.8984827,1210.7227053
