Key,BID,ASK,STRIKE,ITYPE,ADJTHEOR,IVBID,IVASK,IVAVERAGE
XCME.ZN.SEP25,112,112.0156250,INVALID,F,,,,
XCME.VY1.04AUG25.112.C,.1562500,.1718750,112,C,.1562439,568.3931376,625.2324568,596.8127974
XCME.VY1.04AUG25.112:75.C,.0069999,.0156250,112.7500000,C,.0114532,617.8044155,731.4993688,680.6314630
XCME.VY1.04AUG25.110:25.C,1.7343750,1.7656250,110.2500000,C,1.7500534,469.6728209,1659.1483694,1441.4110427
XCME.ZN1.01AUG25.112:75.C,INVALID,.0069999,112.7500000,C,.0014085,,1238.2666948,1096.4398600
XCME.ZN1.01AUG25.110:25.C,1.7500000,1.7812500,110.2500000,C,1.7459867,,,
XCME.ZN1.01AUG25.110:25.P,INVALID,.0069999,110.2500000,P,.0002992,,,
XCME.ZN1.01AUG25.110:75.P,INVALID,.0069999,110.7500000,P,.0006355,,1885.4245564,1693.2345836
