Key,BID,ASK,STRIKE,ITYPE,ADJTHEOR,IVBID,IVASK,IVAVERAGE
XCME.ZN.SEP25,111.9843750,112,INVALID,F,,,,
XCME.ZN1.01AUG25.111:75.P,INVALID,.0069999,111.7500000,P,.0027174,,572.9152696,490.3733223
XCME.ZN1.01AUG25.110.P,INVALID,.0069999,110,P,0,,,
XCME.ZN1.01AUG25.110:5.P,INVALID,.0069999,110.5000000,P,0,,,
XCME.ZN1.01AUG25.112:75.P,.7343750,.7656250,112.7500000,P,.7422137,,1702.6096446,1444.7129670
XCME.ZN1.01AUG25.111:5.P,INVALID,.0069999,111.5000000,P,.0001450,,966.1828894,847.0772100
XCME.ZN1.01AUG25.111:25.P,INVALID,.0069999,111.2500000,P,.0000180,,1336.7682200,1186.2567778
