Key,BID,ASK,STRIKE,ITYPE,ADJTHEOR,IVBID,IVASK,IVAVERAGE
XCME.ZN.SEP25,110.9218750,110.9375000,INVALID,F,,,,
XCME.ZN1.01AUG25.112:5.C,INVALID,.0069999,112.5000000,C,0,,1709.7547224,1542.7539040
XCME.ZN1.01AUG25.112.C,INVALID,.0156250,112,C,.0000135,,1446.8610963,1265.6380356
