Key,BID,ASK,STRIKE,ITYPE,ADJTHEOR,IVBID,IVASK,IVAVERAGE
XCME.ZN.SEP25,112.0625000,112.0781250,INVALID,F,,,,
XCME.GY1.05AUG25.111:5.C,.6093750,.6406250,111.5000000,C,.6307722,,530.9115265,429.3421092
XCME.GY1.05AUG25.110.C,2.0625000,2.0937500,110,C,2.1003355,,,
XCME.GY1.05AUG25.111:5.P,.0312500,.0468750,111.5000000,P,.0335219,549.7346777,625.2942597,588.9450297
XCME.GY1.05AUG25.110:25.C,1.8125000,1.8437500,110.2500000,C,1.8502280,,,
XCME.GY1.05AUG25.112:75.C,.0312500,.0468750,112.7500000,C,.0456902,586.5183716,664.6566087,627.1092432
XCME.GY1.05AUG25.112:5.C,.0625000,.0781250,112.5000000,C,.0844196,545.0849351,600.6158965,573.2349951
