Key,BID,ASK,STRIKE,ITYPE,ADJTHEOR,IVBID,IVASK,IVAVERAGE
XCME.ZN.SEP25,110.8437500,110.8593750,INVALID,F,,,,
XCME.ZN1.01AUG25.112:5.P,INVALID,INVALID,112.5000000,P,1.3749999,,,
XCME.ZN1.01AUG25.110.C,INVALID,INVALID,110,C,1.1249993,,,
XCME.ZN1.01AUG25.112.P,INVALID,INVALID,112,P,.8749933,,,
XCME.ZN1.01AUG25.112:25.C,INVALID,.0312500,112.2500000,C,0,,1942.8331214,1652.6861356
XCME.ZN1.01AUG25.111:25.C,.0312500,INVALID,111.2500000,C,.0517184,248.1178660,,
XCME.ZN1.01AUG25.111:75.C,.0069999,.0156250,111.7500000,C,.0005302,817.6407975,982.9117463,908.4221116
