Key,BID,ASK,STRIKE,ITYPE,ADJTHEOR,IVBID,IVASK,IVAVERAGE
XCME.ZN.SEP25,111.7968750,111.8125000,INVALID,F,,,,
XCME.WY1.06AUG25.112:5.P,.7031250,.7343750,112.5000000,P,.7177575,593.2498983,696.9326924,646.7923030
XCME.WY1.06AUG25.111:5.C,.4375000,.4531250,111.5000000,C,.4510510,463.1638907,585.0385081,525.2613688
XCME.WY1.06AUG25.110:25.P,INVALID,.0069999,110.2500000,P,.0044472,,703.7758680,635.2150482
XCME.WY1.06AUG25.111:75.P,.2031250,.2343750,111.7500000,P,.2078984,541.0417003,610.6304023,575.8557961
XCME.WY1.06AUG25.112:75.P,.9218750,.9531250,112.7500000,P,.9415768,484.5901728,733.9588084,630.6428319
XCME.WY1.06AUG25.110:5.C,1.3281250,1.3593750,110.5000000,C,1.3456751,,740.6413140,626.2235721
