Key,BID,ASK,STRIKE,ITYPE,ADJTHEOR,IVBID,IVASK,IVAVERAGE
XCME.ZN.SEP25,110.9843750,111,INVALID,F,,,,
XCME.ZN1.01AUG25.111.C,.2187500,.2500000,111,C,.1562396,923.9618101,989.9591175,956.9604647
XCME.ZN1.01AUG25.111:25.P,.3750000,.4062500,111.2500000,P,.3114905,965.4760405,1108.8752251,1037.5861277
