Key,BID,ASK,STRIKE,ITYPE,ADJTHEOR,IVBID,IVASK,IVAVERAGE
XCME.ZN.SEP25,111.9531250,111.9687500,INVALID,F,,,,
XCME.VY1.04AUG25.111:5.P,.0156250,.0312500,111.5000000,P,.0314742,509.2060873,622.6876839,569.8772347
XCME.VY1.04AUG25.112:5.C,.0156250,.0312500,112.5000000,C,.0282726,563.9556120,684.5983958,628.6843335
XCME.VY1.04AUG25.110:25.P,INVALID,.0069999,110.2500000,P,.0032334,,1225.0373092,1107.8340482
XCME.VY1.04AUG25.111.P,INVALID,.0069999,111,P,.0051561,,758.9814336,678.1512742
XCME.VY1.04AUG25.110:75.P,INVALID,.0069999,110.7500000,P,.0032834,,917.9599348,824.1855814
XCME.VY1.04AUG25.112.P,.1718750,.2031250,112,P,.1888588,610.9829080,667.4580928,639.2243530
