Key,BID,ASK,STRIKE,ITYPE,ADJTHEOR,IVBID,IVASK,IVAVERAGE
XCME.ZN.SEP25,112.0156250,112.0312500,INVALID,F,,,,
XCME.WY1.06AUG25.111:25.P,.0156250,.0312500,111.2500000,P,.0262004,467.3789529,556.1050553,515.2794410
XCME.WY1.06AUG25.111:75.C,.3750000,.4062500,111.7500000,C,.3922387,474.2809519,553.1120848,514.0429334
XCME.WY1.06AUG25.113.C,.0156250,.0312500,113,C,.0265927,559.8134263,658.8578140,613.4387433
XCME.WY1.06AUG25.110.P,INVALID,.0069999,110,P,.0038717,,879.7819620,797.8786288
XCME.WY1.06AUG25.110:75.P,.0069999,.0156250,110.7500000,P,.0073691,595.3898924,689.7243735,647.9409718
XCME.WY1.06AUG25.112:25.P,.3593750,.3906250,112.2500000,P,.3713749,513.9830297,589.2610322,551.7972467
XCME.WY1.06AUG25.111:25.C,.7812500,.7968750,111.2500000,C,.7996379,404.5023296,515.2794410,467.3789529
