Key,BID,ASK,STRIKE,ITYPE,ADJTHEOR,IVBID,IVASK,IVAVERAGE
XCME.ZN.SEP25,112.1718750,112.1875000,INVALID,F,,,,
XCME.GY1.05AUG25.112:25.P,.2500000,.2656250,112.2500000,P,.2582176,578.1530030,622.4977451,600.3351604
XCME.GY1.05AUG25.113.C,.0156250,.0312500,113,C,.0301436,611.0697954,726.3667644,673.4232581
XCME.GY1.05AUG25.111.P,.0069999,.0156250,111,P,.0125376,691.3313991,802.7168316,753.2488271
XCME.GY1.05AUG25.112.C,.2968750,.3281250,112,C,.3081291,566.6322332,612.7442992,589.7344799
XCME.GY1.05AUG25.111:25.P,.0156250,.0312500,111.2500000,P,.0209049,660.1674960,780.9752554,725.5962628
XCME.GY1.05AUG25.110:25.P,INVALID,.0069999,110.2500000,P,.0051973,,1197.5974434,1065.9722150
