Key,BID,ASK,STRIKE,ITYPE,ADJTHEOR,IVBID,IVASK,IVAVERAGE
XCME.ZN.SEP25,112.1093750,112.1250000,INVALID,F,,,,
XCME.VY1.04AUG25.112.P,.0937500,.1093750,112,P,.1020069,560.6531558,623.4392649,592.1267009
XCME.VY1.04AUG25.111:5.C,.6250000,.6562500,111.5000000,C,.6345358,,705.3519149,569.2910877
XCME.VY1.04AUG25.112:25.C,.0937500,.1093750,112.2500000,C,.1026106,571.0698788,634.1057781,602.6758336
XCME.VY1.04AUG25.110:5.P,INVALID,.0069999,110.5000000,P,.0029531,,1241.8279621,1121.7602371
XCME.VY1.04AUG25.112:5.P,.4062500,.4375000,112.5000000,P,.4207965,553.3937278,733.2454169,648.4063358
XCME.VY1.04AUG25.111.C,1.1093750,1.1406250,111,C,1.1246953,,1107.9734045,922.4833978
XCME.VY1.04AUG25.110:5.C,1.6093750,1.6406250,110.5000000,C,1.6244531,,1482.8378269,1252.9813687
