Key,BID,ASK,STRIKE,ITYPE,ADJTHEOR,IVBID,IVASK,IVAVERAGE
XCME.ZN.SEP25,111.9375000,111.9531250,INVALID,F,,,,
XCME.ZN1.01AUG25.112:75.C,INVALID,.0069999,112.7500000,C,.0042892,,1255.5906280,1112.3458500
XCME.ZN1.01AUG25.110:25.C,INVALID,INVALID,110.2500000,C,,,,
XCME.ZN1.01AUG25.110:25.P,INVALID,.0156250,110.2500000,P,,,,
XCME.ZN1.01AUG25.110:75.P,INVALID,.0069999,110.7500000,P,.0027997,,1758.5345816,1578.9388065
XCME.ZN1.01AUG25.111:75.P,.0312500,.0468750,111.7500000,P,.0431609,698.5909184,839.3983641,770.6228871
XCME.ZN1.01AUG25.110.P,INVALID,.0069999,110,P,,,,
XCME.ZN1.01AUG25.110:5.P,INVALID,.0069999,110.5000000,P,.0039128,,,1855.4395963
