Key,BID,ASK,STRIKE,ITYPE,ADJTHEOR,IVBID,IVASK,IVAVERAGE
XCME.ZN.SEP25,112.1250000,112.1406250,INVALID,F,,,,
XCME.ZN1.01AUG25.111:5.C,.6093750,.6406250,111.5000000,C,.6371249,,1470.0342917,
XCME.ZN1.01AUG25.113.P,.8593750,.8906250,113,P,.8628741,,,
XCME.ZN1.01AUG25.112:25.P,.1093750,.1406250,112.2500000,P,.1220815,,779.4550791,610.3783973
XCME.ZN1.01AUG25.111.C,1.1093750,1.1406250,111,C,1.1371247,,,
XCME.ZN1.01AUG25.112.C,.1250000,.1562500,112,C,.1432393,,430.9734435,
XCME.GY1.05AUG25.110.P,INVALID,.0069999,110,P,.0044237,,1145.6872723,1040.6176586
XCME.GY1.05AUG25.110:5.C,1.6250000,1.6562500,110.5000000,C,1.6425486,,1101.0026166,938.2108249
