Key,BID,ASK,STRIKE,ITYPE,ADJTHEOR,IVBID,IVASK,IVAVERAGE
XCME.ZN.SEP25,110.8906250,110.9062500,INVALID,F,,,,
XCME.ZN1.01AUG25.112:75.P,1.8281250,1.8750000,112.7500000,P,1.8706874,,,1615.9389120
XCME.ZN1.01AUG25.111:75.P,.8593750,.8906250,111.7500000,P,.8707144,,1093.4067198,803.9132870
