Key,BID,ASK,STRIKE,ITYPE,ADJTHEOR,IVBID,IVASK,IVAVERAGE
XCME.ZN.SEP25,110.9687500,110.9843750,INVALID,F,,,,
XCME.ZN1.01AUG25.110:25.C,.7343750,.7656250,110.2500000,C,.7304760,694.7412162,1016.0531657,882.0668573
XCME.ZN1.01AUG25.112:75.C,INVALID,.0069999,112.7500000,C,.0000078,,1409.7966981,1275.7136984
