Key,BID,ASK,STRIKE,ITYPE,ADJTHEOR,IVBID,IVASK,IVAVERAGE
XCME.ZN.SEP25,110.9531250,110.9687500,INVALID,F,,,,
XCME.ZN1.01AUG25.110:5.C,.5156250,.5312500,110.5000000,C,.4747653,1028.3522686,1142.0378869,1086.2945330
XCME.ZN1.01AUG25.111:75.C,.0156250,.0312500,111.7500000,C,.0006923,1057.1547794,1256.8161735,1164.9682726
