Key,BID,ASK,STRIKE,ITYPE,ADJTHEOR,IVBID,IVASK,IVAVERAGE
XCME.ZN.SEP25,111.7812500,111.7968750,INVALID,F,,,,
XCME.ZN1.01AUG25.112:75.C,INVALID,.0069999,112.7500000,C,.0032920,,1416.6755223,1266.7829933
XCME.ZN1.01AUG25.110:25.C,1.5468750,1.5781250,110.2500000,C,1.5241432,,,
XCME.ZN1.01AUG25.110:25.P,INVALID,.0069999,110.2500000,P,.0007057,,,1843.1772435
XCME.ZN1.01AUG25.110:75.P,INVALID,.0069999,110.7500000,P,.0033419,,1466.3737430,1310.0780142
XCME.ZN1.01AUG25.111:75.P,.0937500,.1093750,111.7500000,P,.0974789,593.9671912,802.5417063,698.3178920
XCME.ZN1.01AUG25.110.P,INVALID,.0069999,110,P,.0002398,,,
XCME.ZN1.01AUG25.110:5.P,INVALID,.0069999,110.5000000,P,.0016978,,1759.0448287,1579.1606368
