Key,BID,ASK,STRIKE,ITYPE,ADJTHEOR,IVBID,IVASK,IVAVERAGE
XCME.ZN.SEP25,110.8593750,110.8750000,INVALID,F,,,,
XCME.ZN1.01AUG25.110:25.P,.0312500,.0468750,110.2500000,P,.0008502,1245.4743518,1414.4485351,1333.2034110
XCME.ZN1.01AUG25.110:5.P,.0781250,.0937500,110.5000000,P,.0111867,1262.3604839,1377.1402684,1320.2931539
