Key,BID,ASK,STRIKE,ITYPE,ADJTHEOR,IVBID,IVASK,IVAVERAGE
XCME.ZN.SEP25,112.0781250,112.0937500,INVALID,F,,,,
XCME.WY1.06AUG25.110.C,2.0625000,2.0781250,110,C,2.0312591,1001.1844835,1145.8983153,1114.5473265
XCME.WY1.06AUG25.113.P,.9531250,.9687500,113,P,.9990636,152.4920086,541.0730068,471.1702106
XCME.WY1.06AUG25.112:75.C,.0468750,.0625000,112.7500000,C,.0511817,579.5056024,638.1943503,609.5961697
XCME.WY1.06AUG25.112.C,.2656250,.2968750,112,C,.2567357,536.4744063,606.0891453,571.2874106
XCME.WY1.06AUG25.111.P,.0069999,.0156250,111,P,.0070154,500.8962012,583.6822803,546.8288052
XCME.WY1.06AUG25.112:25.C,.1562500,.1875000,112.2500000,C,.1543682,543.2110330,616.0923454,579.7630557
XCME.WY1.06AUG25.112:5.C,.0937500,.1093750,112.5000000,C,.0892190,577.6254783,621.0813536,599.5287575
