Key,BID,ASK,STRIKE,ITYPE,ADJTHEOR,IVBID,IVASK,IVAVERAGE
XCME.ZN.SEP25,111.6093750,111.6250000,INVALID,F,,,,
XCME.GY1.05AUG25.110:75.P,.0069999,.0156250,110.7500000,P,,,,
XCME.GY1.05AUG25.111:75.P,.2812500,.3125000,111.7500000,P,,,,
XCME.GY1.05AUG25.112.P,.4375000,.4687500,112,P,,,,
XCME.VY1.04AUG25.111:75.P,.2187500,.2500000,111.7500000,P,.2474986,535.7063441,650.6504315,593.4022288
XCME.VY1.04AUG25.111:75.C,.1093750,.1406250,111.7500000,C,.1268110,577.5291655,691.8862668,634.8870193
XCME.VY1.04AUG25.112:75.P,1.0781250,1.1093750,112.7500000,P,1.1266375,,,579.0498379
XCME.VY1.04AUG25.111:25.P,.0468750,.0625000,111.2500000,P,.0512760,621.2536628,697.9518934,660.3388347
