Key,BID,ASK,STRIKE,ITYPE,ADJTHEOR,IVBID,IVASK,IVAVERAGE
XCME.ZN.SEP25,110.9843750,111,INVALID,F,,,,
XCME.ZN1.01AUG25.110:5.C,.5468750,.5625000,110.5000000,C,.5012671,827.4363920,994.7592872,913.5924360
XCME.ZN1.01AUG25.111:75.C,.0156250,.0312500,111.7500000,C,.0049860,802.6237467,955.0166247,884.9052326
