Key,BID,ASK,STRIKE,ITYPE,ADJTHEOR,IVBID,IVASK,IVAVERAGE
XCME.ZN.SEP25,110.8437500,110.8593750,INVALID,F,,,,
XCME.ZN1.01AUG25.111:25.C,.0625000,.0937500,111.2500000,C,.0094851,1186.9997142,1423.3573378,1307.9466047
