Key,BID,ASK,STRIKE,ITYPE,ADJTHEOR,IVBID,IVASK,IVAVERAGE
XCME.ZN.SEP25,112,112.0156250,INVALID,F,,,,
XCME.ZN1.01AUG25.112:75.P,.7343750,.7656250,112.7500000,P,.7506985,,1460.2612888,1200.1783477
XCME.ZN1.01AUG25.111:5.P,INVALID,.0156250,111.5000000,P,.0098042,,1029.6385767,875.5907716
XCME.ZN1.01AUG25.111:25.P,INVALID,.0069999,111.2500000,P,.0039580,,1185.9245802,1052.2369431
XCME.ZN1.01AUG25.112:5.P,.5000000,.5312500,112.5000000,P,.5069483,769.4113080,1292.1914808,1085.4965157
XCME.ZN1.01AUG25.110.C,2,2.0156250,110,C,,,,
XCME.ZN1.01AUG25.112.P,.1093750,.1250000,112,P,.1151372,766.1992674,873.5649906,819.8825341
XCME.ZN1.01AUG25.112:25.C,.0312500,.0468750,112.2500000,C,.0369351,786.8821222,933.0337142,861.8687593
