Key,BID,ASK,STRIKE,ITYPE,ADJTHEOR,IVBID,IVASK,IVAVERAGE
XCME.ZN.SEP25,112.1250000,112.1406250,INVALID,F,,,,
XCME.VY1.04AUG25.110:75.P,INVALID,.0069999,110.7500000,P,.0035113,,1119.1266665,1008.2331713
XCME.VY1.04AUG25.112.P,.0781250,.1093750,112,P,.0936983,532.7924858,663.8561718,598.7892401
XCME.VY1.04AUG25.111:5.C,.6250000,.6562500,111.5000000,C,.6501152,,745.5458625,608.5966276
XCME.VY1.04AUG25.112:25.C,.0937500,.1093750,112.2500000,C,.1044676,564.1237498,628.3755493,596.3270691
XCME.VY1.04AUG25.110:5.P,INVALID,.0069999,110.5000000,P,.0033396,,1285.9501123,1162.0662038
XCME.VY1.04AUG25.112:5.P,.4062500,.4218750,112.5000000,P,.4073323,645.5775975,732.1681792,689.8058776
