Key,BID,ASK,STRIKE,ITYPE,ADJTHEOR,IVBID,IVASK,IVAVERAGE
XCME.ZN.SEP25,110.9062500,110.9218750,INVALID,F,,,,
XCME.ZN1.01AUG25.111.C,.1875000,.2187500,111,C,.1216748,936.7664480,1067.3103914,1002.0776769
XCME.ZN1.01AUG25.111:25.P,.4218750,.4531250,111.2500000,P,.3769213,894.8730130,1046.7610082,971.7710038
