Key,BID,ASK,STRIKE,ITYPE,ADJTHEOR,IVBID,IVASK,IVAVERAGE
XCME.ZN.SEP25,112.0625000,112.0781250,INVALID,F,,,,
XCME.ZN1.01AUG25.111:5.P,INVALID,.0069999,111.5000000,P,.0032616,,1010.9026777,891.0283246
XCME.ZN1.01AUG25.111:25.P,INVALID,.0069999,111.2500000,P,.0018450,,1335.4726704,1186.9495258
XCME.ZN1.01AUG25.112:5.P,.4062500,.4375000,112.5000000,P,.4156100,909.5705292,1122.4007349,1023.1260435
XCME.ZN1.01AUG25.110.C,2.0625000,2.0937500,110,C,,,883.9592512,
XCME.ZN1.01AUG25.112.P,.0468750,.0625000,112,P,.0595162,610.1542221,730.5715116,670.7926032
XCME.ZN1.01AUG25.112:25.C,.0156250,.0468750,112.2500000,C,.0418312,473.3289843,764.4919933,627.9947807
