Key,BID,ASK,STRIKE,ITYPE,ADJTHEOR,IVBID,IVASK,IVAVERAGE
XCME.ZN.SEP25,110.9687500,110.9843750,INVALID,F,,,,
XCME.ZN1.01AUG25.110:25.C,.7343750,.7656250,110.2500000,C,.7310904,686.2370030,1017.0432503,880.6027881
XCME.ZN1.01AUG25.112:75.C,INVALID,.0069999,112.7500000,C,.0000070,,1418.3249141,1283.4652643
