Key,BID,ASK,STRIKE,ITYPE,ADJTHEOR,IVBID,IVASK,IVAVERAGE
XCME.ZN.SEP25,111.9531250,111.9687500,INVALID,F,,,,
XCME.WY1.06AUG25.112:5.P,.6093750,.6250000,112.5000000,P,.6167995,582.2693793,629.1173587,605.9643433
XCME.WY1.06AUG25.111:5.C,.5156250,.5625000,111.5000000,C,.5486409,442.5027900,587.0066311,518.0699316
XCME.WY1.06AUG25.110:25.P,INVALID,.0069999,110.2500000,P,.0045913,,755.2780990,682.9957101
XCME.WY1.06AUG25.111:75.P,.1406250,.1562500,111.7500000,P,.1560183,518.7316432,555.7084671,537.2613766
XCME.WY1.06AUG25.112:75.P,.8125000,.8437500,112.7500000,P,.8296993,548.2684704,679.3615226,618.1847292
XCME.WY1.06AUG25.110:5.C,1.4531250,1.4843750,110.5000000,C,1.4747369,,883.3002415,722.7299522
