Key,BID,ASK,STRIKE,ITYPE,ADJTHEOR,IVBID,IVASK,IVAVERAGE
XCME.ZN.SEP25,110.9375000,110.9531250,INVALID,F,,,,
XCME.ZN1.01AUG25.113.C,INVALID,.0069999,113,C,.00,,1818.4226408,1650.3123846
XCME.ZN1.01AUG25.111:5.C,.0468750,.0625000,111.5000000,C,.0086796,1021.9546793,1133.9767740,1079.2685573
