Key,BID,ASK,STRIKE,ITYPE,ADJTHEOR,IVBID,IVASK,IVAVERAGE
XCME.ZN.SEP25,110.9843750,111,INVALID,F,,,,
XCME.ZN1.01AUG25.111.P,.2343750,.2500000,111,P,.1830030,875.2099914,940.5371153,907.8778383
XCME.ZN1.01AUG25.110:75.C,.3593750,.3906250,110.7500000,C,.2785308,1018.4862391,1155.1210228,1087.0115256
