Key,BID,ASK,STRIKE,ITYPE,ADJTHEOR,IVBID,IVASK,IVAVERAGE
XCME.ZN.SEP25,111.7968750,111.8125000,INVALID,F,,,,
XCME.ZN1.01AUG25.112:75.C,INVALID,.0069999,112.7500000,C,.0035141,,1403.8810928,1255.6861024
XCME.ZN1.01AUG25.110:25.C,1.5156250,1.5468750,110.2500000,C,1.5383044,,,
XCME.ZN1.01AUG25.110:25.P,INVALID,.0069999,110.2500000,P,.0035544,,,1854.7852172
XCME.ZN1.01AUG25.110:75.P,INVALID,.0069999,110.7500000,P,.0020511,,1480.3433805,1322.7981434
XCME.ZN1.01AUG25.111:75.P,.0937500,.1093750,111.7500000,P,.0984820,732.9030548,837.4865608,785.2187859
XCME.ZN1.01AUG25.110.P,INVALID,.0069999,110,P,,,,
XCME.ZN1.01AUG25.110:5.P,INVALID,.0069999,110.5000000,P,.0024491,,1771.8485226,1592.3833935
