Key,BID,ASK,STRIKE,ITYPE,ADJTHEOR,IVBID,IVASK,IVAVERAGE
XCME.ZN.SEP25,111.9687500,111.9843750,INVALID,F,,,,
XCME.VY1.04AUG25.111.P,INVALID,.0069999,111,P,.0038927,,779.0516150,695.9294078
XCME.VY1.04AUG25.110:75.P,INVALID,.0069999,110.7500000,P,.0026653,,940.3870063,844.4307053
XCME.VY1.04AUG25.112.P,.1562500,.1718750,112,P,.1652147,533.9823151,591.1808715,562.5835809
XCME.VY1.04AUG25.111:5.C,.4843750,.5000000,111.5000000,C,.5032652,398.9460819,564.4070085,496.0816353
XCME.VY1.04AUG25.112:25.C,.0468750,.0625000,112.2500000,C,.0593525,523.3218996,596.5155311,560.5131117
XCME.VY1.04AUG25.110:5.P,INVALID,.0069999,110.5000000,P,.0025406,,1097.8041605,989.6311025
XCME.VY1.04AUG25.112:5.P,.5312500,.5625000,112.5000000,P,.5422262,518.0186437,753.6437130,651.1128501
