Key,BID,ASK,STRIKE,ITYPE,ADJTHEOR,IVBID,IVASK,IVAVERAGE
XCME.ZN.SEP25,112.0781250,112.0937500,INVALID,F,,,,
XCME.VY1.04AUG25.111:5.C,.5937500,.6093750,111.5000000,C,.5945370,585.9741916,841.6469890,730.8984645
XCME.VY1.04AUG25.112:25.C,.0625000,.0937500,112.2500000,C,.0750041,489.8163657,621.2251709,556.3362307
XCME.VY1.04AUG25.110:5.P,INVALID,.0069999,110.5000000,P,.0028844,,1203.7483340,1086.7205081
XCME.VY1.04AUG25.112:5.P,.4062500,.4375000,112.5000000,P,.4454414,,528.4889419,420.8094373
XCME.VY1.04AUG25.111.C,1.0781250,1.1093750,111,C,1.0856263,,1153.8982534,1015.8091628
XCME.VY1.04AUG25.110:5.C,1.5781250,1.6093750,110.5000000,C,1.5853219,,1545.6410633,1376.5041847
