Key,BID,ASK,STRIKE,ITYPE,ADJTHEOR,IVBID,IVASK,IVAVERAGE
XCME.ZN.SEP25,111.8593750,111.8750000,INVALID,F,,,,
XCME.VY1.04AUG25.111.P,INVALID,.0069999,111,P,.0071191,,789.4822757,686.2945322
XCME.VY1.04AUG25.110:75.P,INVALID,.0069999,110.7500000,P,.0022479,,831.1611780,745.3317644
XCME.VY1.04AUG25.112.P,.2343750,.2656250,112,P,.2645526,568.2221824,686.4941408,627.7090125
XCME.VY1.04AUG25.111:5.C,.3906250,.4218750,111.5000000,C,.4015246,502.6166541,661.0760211,585.6430497
XCME.VY1.04AUG25.112:25.C,.0468750,.0625000,112.2500000,C,.0430747,560.4498574,727.0598867,648.1002583
XCME.VY1.04AUG25.110:5.P,INVALID,.0069999,110.5000000,P,.0007195,,985.6164762,887.4400690
XCME.VY1.04AUG25.112:5.P,.6406250,.6718750,112.5000000,P,.6715577,225.0516277,781.3140808,651.3737375
