Key,BID,ASK,STRIKE,ITYPE,ADJTHEOR,IVBID,IVASK,IVAVERAGE
XCME.ZN.SEP25,111.7812500,111.7968750,INVALID,F,,,,
XCME.GY1.05AUG25.111:25.C,.5781250,.6093750,111.2500000,C,.5855877,542.3531143,671.0021530,609.6851874
XCME.GY1.05AUG25.111:75.C,.2187500,.2500000,111.7500000,C,.2386120,525.0800800,607.9189402,566.5075527
XCME.GY1.05AUG25.112:5.P,.7187500,.7500000,112.5000000,P,.7428627,566.1932239,728.4885408,654.0799956
XCME.GY1.05AUG25.113.P,1.1875000,1.2187500,113,P,1.2197292,,849.9987971,613.3547230
XCME.GY1.05AUG25.112:75.P,.9531250,.9843750,112.7500000,P,.9765184,,,
XCME.GY1.05AUG25.110:75.C,1.0468750,1.0781250,110.7500000,C,1.0484439,,858.9606331,783.3840661
