Key,BID,ASK,STRIKE,ITYPE,ADJTHEOR,IVBID,IVASK,IVAVERAGE
XCME.ZN.SEP25,112.0937500,112.1093750,INVALID,F,,,,
XCME.WY1.06AUG25.112:5.P,.4843750,.5000000,112.5000000,P,.4951951,518.4222850,562.6005257,540.7147356
XCME.WY1.06AUG25.111:5.C,.6250000,.6562500,111.5000000,C,.6441951,444.2520744,569.1091850,511.0244974
XCME.WY1.06AUG25.110:25.P,INVALID,.0069999,110.2500000,P,.0042821,,818.2485503,741.3708868
XCME.WY1.06AUG25.111:75.P,.0781250,.1093750,111.7500000,P,.0964718,467.3719391,552.8092114,510.7723590
XCME.WY1.06AUG25.112:75.P,.6875000,.7187500,112.7500000,P,.7024596,513.2937084,633.1260349,576.5136355
XCME.WY1.06AUG25.110:5.C,1.5937500,1.6093750,110.5000000,C,1.6031270,,784.2605372,730.6458990
