Key,BID,ASK,STRIKE,ITYPE,ADJTHEOR,IVBID,IVASK,IVAVERAGE
XCME.ZN.SEP25,112.1406250,112.1562500,INVALID,F,,,,
XCME.WY1.06AUG25.110.C,2.1406250,2.1718750,110,C,2.1515550,,1185.3159165,1064.4992382
XCME.WY1.06AUG25.113.P,.8906250,.9062500,113,P,.9029696,625.5418758,697.0283696,662.6121595
XCME.WY1.06AUG25.112:75.C,.0625000,.0937500,112.7500000,C,.0772249,595.2299590,698.0381760,648.1236749
XCME.WY1.06AUG25.112.C,.3281250,.3593750,112,C,.3408283,568.6383115,641.7205443,605.2320208
XCME.WY1.06AUG25.111.P,.0156250,.0312500,111,P,.0240403,643.9331005,752.8553844,703.0553334
XCME.WY1.06AUG25.112:25.C,.2031250,.2187500,112.2500000,C,.2139328,575.8963454,612.0452521,593.9779249
XCME.WY1.06AUG25.112:5.C,.1250000,.1406250,112.5000000,C,.1290038,606.6375421,647.4007146,627.1075175
