Key,BID,ASK,STRIKE,ITYPE,ADJTHEOR,IVBID,IVASK,IVAVERAGE
XCME.ZN.SEP25,112.1093750,112.1250000,INVALID,F,,,,
XCME.VY1.04AUG25.110.C,2.1093750,2.1406250,110,C,2.1398477,,1471.2882770,1133.7389621
XCME.VY1.04AUG25.110:75.C,1.3593750,1.3906250,110.7500000,C,1.3898050,,1016.2274536,771.7309134
XCME.VY1.04AUG25.110.P,INVALID,.0069999,110,P,.0035352,,1575.7398529,1431.2655172
XCME.VY1.04AUG25.111:25.C,.8593750,.8906250,111.2500000,C,.8938831,,688.4508579,505.3542038
XCME.VY1.04AUG25.113.P,.8750000,.9062500,113,P,.8793386,805.3451701,1118.2550570,985.0867636
XCME.VY1.04AUG25.113.C,.0069999,.0156250,113,C,.0156511,732.9363300,863.5753836,805.3451701
XCME.VY1.04AUG25.112:25.P,.2187500,.2500000,112.2500000,P,.2308614,597.4813808,722.0037819,659.9502405
