Key,BID,ASK,STRIKE,ITYPE,ADJTHEOR,IVBID,IVASK,IVAVERAGE
XCME.ZN.SEP25,112.0156250,112.0312500,INVALID,F,,,,
XCME.VY1.04AUG25.110.C,2.0156250,2.0312500,110,C,2.0156378,,1,
XCME.VY1.04AUG25.110:75.C,1.2656250,1.2812500,110.7500000,C,1.2661448,,376.2567458,
XCME.VY1.04AUG25.110.P,INVALID,.0069999,110,P,.0000128,,1427.0450682,1294.2286792
XCME.VY1.04AUG25.111:25.C,.7656250,.7968750,111.2500000,C,.7717728,,761.5153928,583.6334926
XCME.VY1.04AUG25.113.P,.9687500,1,113,P,.9911214,328.6269814,1058.9374729,944.7672719
XCME.VY1.04AUG25.113.C,INVALID,.0156250,113,C,.0067464,,899.4289312,784.9883816
