Key,BID,ASK,STRIKE,ITYPE,ADJTHEOR,IVBID,IVASK,IVAVERAGE
XCME.ZN.SEP25,110.9375000,110.9531250,INVALID,F,,,,
XCME.ZN1.01AUG25.110:5.C,.5000000,.5312500,110.5000000,C,.4636030,916.5077193,1107.8533080,1014.9813128
XCME.ZN1.01AUG25.111:75.C,.0156250,.0312500,111.7500000,C,.0014901,959.6588894,1139.7399789,1056.9524711
