Key,BID,ASK,STRIKE,ITYPE,ADJTHEOR,IVBID,IVASK,IVAVERAGE
XCME.ZN.SEP25,111.0156250,111.0312500,INVALID,F,,,,
XCME.ZN1.01AUG25.110:5.C,.5625000,.5937500,110.5000000,C,.5361820,818.9160869,996.5215303,911.0689791
XCME.ZN1.01AUG25.111:75.C,.0156250,.0312500,111.7500000,C,.0064516,769.6702835,918.3988756,849.8946183
