Key,BID,ASK,STRIKE,ITYPE,ADJTHEOR,IVBID,IVASK,IVAVERAGE
XCME.ZN.SEP25,112.1562500,112.1718750,INVALID,F,,,,
XCME.VY1.04AUG25.113.P,.8437500,.8593750,113,P,.8434461,798.3792721,978.6957223,898.0665314
XCME.VY1.04AUG25.113.C,.0069999,.0156250,113,C,.0110086,725.9245663,856.7033707,798.3792721
XCME.VY1.04AUG25.112:25.P,.1875000,.2187500,112.2500000,P,.1969178,560.2703161,685.8373460,623.1913784
XCME.VY1.04AUG25.112.C,.2187500,.2500000,112,C,.2490612,457.0034425,596.4558436,527.8925948
XCME.VY1.04AUG25.112:75.C,.0156250,.0312500,112.7500000,C,.0205849,656.3557146,792.8162613,729.6592386
XCME.VY1.04AUG25.110:25.C,1.8906250,1.9218750,110.2500000,C,1.9209975,,1369.8642092,1050.9114234
