Key,BID,ASK,STRIKE,ITYPE,ADJTHEOR,IVBID,IVASK,IVAVERAGE
XCME.ZN.SEP25,112.1093750,112.1250000,INVALID,F,,,,
XCME.WY1.06AUG25.112.P,.1875000,.2187500,112,P,.2160212,554.1244992,626.6049630,590.4033859
XCME.WY1.06AUG25.110:75.C,1.3750000,1.3906250,110.7500000,C,1.3710625,596.5885243,779.6926201,707.0531969
XCME.WY1.06AUG25.111:5.P,.0625000,.0781250,111.5000000,P,.0723524,603.6573848,656.8761215,630.7222918
XCME.WY1.06AUG25.111.C,1.1250000,1.1562500,111,C,1.1299877,503.4769593,764.2846615,665.9006497
XCME.GY1.05AUG25.110.P,INVALID,.0069999,110,P,.0042629,,1135.3538201,1031.3534652
XCME.GY1.05AUG25.110:5.C,1.6093750,1.6406250,110.5000000,C,1.6115540,,1089.4876701,928.1475975
