Key,BID,ASK,STRIKE,ITYPE,ADJTHEOR,IVBID,IVASK,IVAVERAGE
XCME.ZN.SEP25,111.9375000,111.9531250,INVALID,F,,,,
XCME.VY1.04AUG25.112.P,.1718750,.1875000,112,P,.1789031,510.8703390,569.3992209,540.1582151
XCME.VY1.04AUG25.111:5.C,.4531250,.4843750,111.5000000,C,.4645377,498.4709207,705.1714858,611.9426708
XCME.VY1.04AUG25.112:25.C,.0468750,.0625000,112.2500000,C,.0406306,574.8661277,651.3933432,613.8032987
XCME.VY1.04AUG25.110:5.P,INVALID,.0069999,110.5000000,P,.0004969,,1082.3935727,975.4280426
XCME.VY1.04AUG25.112:5.P,.5625000,.5781250,112.5000000,P,.5753448,162.7257668,600.2479880,512.7010829
XCME.VY1.04AUG25.111.C,.9375000,.9531250,111,C,.9408898,438.2552122,888.9691109,837.2399724
XCME.VY1.04AUG25.110:5.C,1.4375000,1.4531250,110.5000000,C,1.4379969,478.7074383,1247.8491860,1182.3867067
