Key,BID,ASK,STRIKE,ITYPE,ADJTHEOR,IVBID,IVASK,IVAVERAGE
XCME.ZN.SEP25,111.6562500,111.6718750,INVALID,F,,,,
XCME.GY1.05AUG25.110:5.P,INVALID,.0156250,110.5000000,P,.0071073,,739.0336899,648.3867629
XCME.GY1.05AUG25.110:75.P,.0069999,.0156250,110.7500000,P,.0139927,518.9072372,607.8357636,568.0784147
XCME.GY1.05AUG25.111:75.P,.2500000,.2812500,111.7500000,P,.2829751,489.2200019,574.1488051,531.7779677
XCME.GY1.05AUG25.112.P,.4375000,.4687500,112,P,.4562954,479.9771142,587.8266139,535.3478253
XCME.VY1.04AUG25.111:75.P,.2343750,.2656250,111.7500000,P,.2382303,631.5726100,744.6008142,688.1898682
XCME.VY1.04AUG25.111:75.C,.1250000,.1406250,111.7500000,C,.1358553,606.1262035,662.8540371,634.5229507
