Key,BID,ASK,STRIKE,ITYPE,ADJTHEOR,IVBID,IVASK,IVAVERAGE
XCME.ZN.SEP25,111.9375000,111.9531250,INVALID,F,,,,
XCME.ZN1.01AUG25.111:25.C,.6875000,.7031250,111.2500000,C,.6962740,,1242.8970965,1096.4498445
XCME.ZN1.01AUG25.111:75.C,.1875000,.2187500,111.7500000,C,.2134110,,670.9888799,527.0551987
XCME.ZN1.01AUG25.110:5.C,1.4375000,1.4531250,110.5000000,C,1.4453134,,,
XCME.ZN1.01AUG25.110:75.C,1.1875000,1.2031250,110.7500000,C,1.1953567,,1932.1207289,1731.9723814
XCME.ZN1.01AUG25.111.P,INVALID,.0069999,111,P,.0002337,,1564.6070753,1398.4241773
XCME.ZN1.01AUG25.113.C,INVALID,.0069999,113,C,.0000705,,1712.9875585,1534.5256808
