Key,BID,ASK,STRIKE,ITYPE,ADJTHEOR,IVBID,IVASK,IVAVERAGE
XCME.ZN.SEP25,111.8125000,111.8281250,INVALID,F,,,,
XCME.ZN1.01AUG25.111:75.P,.0781250,.1093750,111.7500000,P,.0821081,780.8149215,996.1999469,888.9799373
XCME.ZN1.01AUG25.110.P,INVALID,.0069999,110,P,,,,
XCME.ZN1.01AUG25.110:5.P,INVALID,.0069999,110.5000000,P,.0029045,,1834.7608712,1650.6361135
XCME.ZN1.01AUG25.112:75.P,.9218750,.9531250,112.7500000,P,.9139127,1462.0098436,,1841.3105669
XCME.ZN1.01AUG25.111:5.P,.0156250,.0312500,111.5000000,P,.0235492,746.4437843,931.9583980,845.1056334
XCME.ZN1.01AUG25.111:25.P,INVALID,.0069999,111.2500000,P,.0070802,,937.2919997,825.0476902
