Key,BID,ASK,STRIKE,ITYPE,ADJTHEOR,IVBID,IVASK,IVAVERAGE
XCME.ZN.SEP25,112.1093750,112.1250000,INVALID,F,,,,
XCME.VY1.04AUG25.112:25.P,.2187500,.2500000,112.2500000,P,.2315151,563.8539858,691.8026813,628.1644778
XCME.VY1.04AUG25.112.C,.2031250,.2343750,112,C,.2237150,521.9706857,649.9241716,586.3073875
XCME.VY1.04AUG25.112:75.C,.0156250,.0312500,112.7500000,C,.0193314,689.8015132,829.2929272,764.8490926
XCME.VY1.04AUG25.110:25.C,1.8437500,1.8750000,110.2500000,C,1.8740636,,1326.5509939,1017.4758121
XCME.GY1.05AUG25.110.P,INVALID,.0069999,110,P,.0041302,,1132.6096850,1028.7914271
XCME.GY1.05AUG25.110:5.C,1.6093750,1.6406250,110.5000000,C,1.6274737,,1077.9926837,910.8859635
