Key,BID,ASK,STRIKE,ITYPE,ADJTHEOR,IVBID,IVASK,IVAVERAGE
XCME.ZN.SEP25,112.0781250,112.0937500,INVALID,F,,,,
XCME.ZN1.01AUG25.112:25.P,.1562500,.1718750,112.2500000,P,.1667535,,585.3268110,527.2260098
XCME.ZN1.01AUG25.111.C,1.0781250,1.1093750,111,C,1.0929357,,,1960.6100272
XCME.ZN1.01AUG25.112.C,.0937500,.1250000,112,C,.1135085,188.7176841,615.1374576,444.3937455
XCME.GY1.05AUG25.110.P,INVALID,.0069999,110,P,.0032709,,1105.9060315,1004.2119083
XCME.GY1.05AUG25.110:5.C,1.5781250,1.6093750,110.5000000,C,1.5926905,,1057.9972158,900.8389123
XCME.GY1.05AUG25.111.C,1.0781250,1.1093750,111,C,1.0955676,,785.9254541,659.3408667
XCME.GY1.05AUG25.112:25.C,.1250000,.1406250,112.2500000,C,.1339243,535.9109702,581.0818924,558.5417713
