Key,BID,ASK,STRIKE,ITYPE,ADJTHEOR,IVBID,IVASK,IVAVERAGE
XCME.ZN.SEP25,110.9218750,110.9375000,INVALID,F,,,,
XCME.ZN1.01AUG25.112:5.C,INVALID,.0069999,112.5000000,C,.000,,1569.3512832,1415.5241693
XCME.ZN1.01AUG25.112.C,INVALID,.0156250,112,C,.0000499,,1322.4582011,1155.7693635
