Key,BID,ASK,STRIKE,ITYPE,ADJTHEOR,IVBID,IVASK,IVAVERAGE
XCME.ZN.SEP25,112.1406250,112.1562500,INVALID,F,,,,
XCME.VY1.04AUG25.112.P,.0781250,.0937500,112,P,.0858196,561.8940352,628.7579554,595.4839705
XCME.VY1.04AUG25.111:5.C,.6562500,.6718750,111.5000000,C,.6683090,211.0563530,862.2354367,718.2992142
XCME.VY1.04AUG25.112:25.C,.0937500,.1250000,112.2500000,C,.1111131,532.7216061,659.4254117,596.2807885
XCME.VY1.04AUG25.110:5.P,INVALID,.0069999,110.5000000,P,.0032385,,1298.9175183,1173.9297681
XCME.VY1.04AUG25.112:5.P,.3750000,.4062500,112.5000000,P,.3899342,556.0774496,731.3464724,647.9094334
XCME.VY1.04AUG25.111.C,1.1406250,1.1718750,111,C,1.1600578,,1117.3359407,877.7439871
XCME.VY1.04AUG25.110:5.C,1.6406250,1.6718750,110.5000000,C,1.6594885,,1490.6490802,1191.9154088
