Key,BID,ASK,STRIKE,ITYPE,ADJTHEOR,IVBID,IVASK,IVAVERAGE
XCME.ZN.SEP25,112.0781250,112.0937500,INVALID,F,,,,
XCME.VY1.04AUG25.111.P,INVALID,.0069999,111,P,.0032099,,897.9449513,805.3891815
XCME.VY1.04AUG25.110:75.P,INVALID,.0069999,110.7500000,P,.0028454,,1063.1763461,957.0740993
XCME.VY1.04AUG25.112.P,.0781250,.1093750,112,P,.0901792,470.4878423,594.9550861,533.0506136
XCME.VY1.04AUG25.111:5.C,.5781250,.6093750,111.5000000,C,.6158979,,501.1909746,362.8829560
XCME.VY1.04AUG25.112:25.C,.0625000,.0781250,112.2500000,C,.0771026,462.2897874,527.9550043,495.3380411
XCME.VY1.04AUG25.110:5.P,INVALID,.0069999,110.5000000,P,.0029672,,1224.9638355,1106.3419548
XCME.VY1.04AUG25.112:5.P,.4218750,.4531250,112.5000000,P,.4216193,560.8711680,743.4631270,657.5844974
