Key,BID,ASK,STRIKE,ITYPE,ADJTHEOR,IVBID,IVASK,IVAVERAGE
XCME.ZN.SEP25,112.1093750,112.1250000,INVALID,F,,,,
XCME.VY1.04AUG25.113.P,.8750000,.9062500,113,P,.8898622,,1015.3817630,885.6671235
XCME.VY1.04AUG25.113.C,.0069999,.0156250,113,C,.0105497,756.7718149,890.8854416,831.1745819
XCME.VY1.04AUG25.112:25.P,.2343750,.2656250,112.2500000,P,.2355534,631.5236829,758.9839045,695.5022431
XCME.VY1.04AUG25.112.C,.2031250,.2187500,112,C,.2284172,524.7621017,589.4434570,557.2106149
XCME.VY1.04AUG25.112:75.C,.0156250,.0312500,112.7500000,C,.0197915,693.4946915,833.7204816,768.9358305
XCME.VY1.04AUG25.110:25.C,1.8437500,1.8750000,110.2500000,C,1.8741096,,1333.6451569,1022.9135193
