Key,BID,ASK,STRIKE,ITYPE,ADJTHEOR,IVBID,IVASK,IVAVERAGE
XCME.ZN.SEP25,112.1250000,112.1406250,INVALID,F,,,,
XCME.ZN1.01AUG25.111:5.C,.6093750,.6406250,111.5000000,C,.6250236,,1796.2373377,1679.8140657
XCME.ZN1.01AUG25.113.P,.8593750,.8906250,113,P,.8750023,,,1776.0961603
XCME.ZN1.01AUG25.112:25.P,.1250000,.1406250,112.2500000,P,.1367836,,590.4300402,380.4245712
XCME.ZN1.01AUG25.111.C,1.1093750,1.1406250,111,C,1.1249973,,,
XCME.ZN1.01AUG25.112.C,.1250000,.1406250,112,C,.1369879,80.1573146,799.9958195,646.4792046
XCME.VY1.04AUG25.111:75.P,.0312500,.0468750,111.7500000,P,.0363598,585.0507264,679.0433867,633.5718690
XCME.VY1.04AUG25.111:75.C,.3906250,.4218750,111.7500000,C,.4156733,432.2644768,654.2598544,556.4906347
