Key,BID,ASK,STRIKE,ITYPE,ADJTHEOR,IVBID,IVASK,IVAVERAGE
XCME.ZN.SEP25,110.9843750,111,INVALID,F,,,,
XCME.ZN1.01AUG25.112:5.C,INVALID,.0069999,112.5000000,C,.0000543,,1162.9010910,1048.5574563
XCME.ZN1.01AUG25.112.C,.0069999,.0156250,112,C,.0012307,826.5854306,965.8172839,903.7643398
