Key,BID,ASK,STRIKE,ITYPE,ADJTHEOR,IVBID,IVASK,IVAVERAGE
XCME.ZN.SEP25,110.9687500,110.9843750,INVALID,F,,,,
XCME.ZN1.01AUG25.110:5.C,.5312500,.5625000,110.5000000,C,.4883834,939.0424055,1116.8087935,1030.2045895
XCME.ZN1.01AUG25.111:75.C,.0156250,.0312500,111.7500000,C,.0027094,884.1993203,1051.5268720,974.5489221
