Key,BID,ASK,STRIKE,ITYPE,ADJTHEOR,IVBID,IVASK,IVAVERAGE
XCME.ZN.SEP25,112.0156250,112.0312500,INVALID,F,,,,
XCME.VY1.04AUG25.112.P,.1250000,.1406250,112,P,.1276586,538.9466152,597.2655624,568.1153674
XCME.VY1.04AUG25.111:5.C,.5312500,.5625000,111.5000000,C,.5581810,,625.4294752,505.9562930
XCME.VY1.04AUG25.112:25.C,.0625000,.0781250,112.2500000,C,.0703275,530.1173767,597.3652693,564.0400774
XCME.VY1.04AUG25.110:5.P,INVALID,.0069999,110.5000000,P,.0026909,,1153.0030916,1040.3143233
XCME.VY1.04AUG25.112:5.P,.4843750,.5000000,112.5000000,P,.4838738,604.5892876,703.7452792,656.1768242
XCME.VY1.04AUG25.111.C,1.0312500,1.0468750,111,C,1.0457989,,767.4128037,568.9635971
XCME.VY1.04AUG25.110:5.C,1.5312500,1.5468750,110.5000000,C,1.5452534,,1071.0371370,812.0883451
