Key,BID,ASK,STRIKE,ITYPE,ADJTHEOR,IVBID,IVASK,IVAVERAGE
XCME.ZN.SEP25,112.0312500,112.0468750,INVALID,F,,,,
XCME.GY1.05AUG25.112:5.C,.0468750,.0625000,112.5000000,C,.0648860,537.4048384,600.2689638,569.5109964
XCME.GY1.05AUG25.110:5.P,INVALID,.0069999,110.5000000,P,.0036562,,850.2630927,767.0211630
XCME.GY1.05AUG25.110:75.P,INVALID,.0069999,110.7500000,P,.0046724,,733.2222805,658.7113312
XCME.GY1.05AUG25.111:75.P,.0781250,.0937500,111.7500000,P,.0840526,518.9845326,569.7462810,544.5690065
XCME.GY1.05AUG25.112.P,.1718750,.1875000,112,P,.1793618,526.3286795,569.2249249,547.7798333
XCME.ZN1.01AUG25.112:75.C,INVALID,.0069999,112.7500000,C,.0000181,,1382.5432114,1223.6410186
XCME.ZN1.01AUG25.110:25.C,1.7656250,1.7968750,110.2500000,C,1.7925624,,,
