Key,BID,ASK,STRIKE,ITYPE,ADJTHEOR,IVBID,IVASK,IVAVERAGE
XCME.ZN.SEP25,110.9843750,111,INVALID,F,,,,
XCME.ZN1.01AUG25.112:5.C,INVALID,.0069999,112.5000000,C,.0000264,,1236.8748162,1115.2975089
XCME.ZN1.01AUG25.112.C,INVALID,.0156250,112,C,.0006973,,1035.2735802,903.9540935
