Key,BID,ASK,STRIKE,ITYPE,ADJTHEOR,IVBID,IVASK,IVAVERAGE
XCME.ZN.SEP25,110.9218750,110.9375000,INVALID,F,,,,
XCME.ZN1.01AUG25.112:75.P,1.8125000,1.8281250,112.7500000,P,1.8238125,,1711.3091001,1307.0753027
XCME.ZN1.01AUG25.111:75.P,.8125000,.8437500,111.7500000,P,.8242176,,1182.3247401,978.3282770
