Key,BID,ASK,STRIKE,ITYPE,ADJTHEOR,IVBID,IVASK,IVAVERAGE
XCME.ZN.SEP25,110.9531250,110.9687500,INVALID,F,,,,
XCME.ZN1.01AUG25.111.P,.2500000,.2812500,111,P,.1730135,1004.4923344,1143.9377922,1074.2286431
XCME.ZN1.01AUG25.110:75.C,.3437500,.3593750,110.7500000,C,.2701219,1013.8153891,1087.5623721,1050.7663661
