Key,BID,ASK,STRIKE,ITYPE,ADJTHEOR,IVBID,IVASK,IVAVERAGE
XCME.ZN.SEP25,112.1250000,112.1406250,INVALID,F,,,,
XCME.WY1.06AUG25.110:5.C,1.6250000,1.6562500,110.5000000,C,1.6463948,,693.5763818,529.5836423
XCME.WY1.06AUG25.112.P,.1875000,.2187500,112,P,.2044491,605.7437939,642.0714577,623.9180330
XCME.WY1.06AUG25.110:75.C,1.3750000,1.4062500,110.7500000,C,1.4005968,,786.6450399,666.3034204
XCME.WY1.06AUG25.111:5.P,.0625000,.0781250,111.5000000,P,.0660138,613.2601873,666.8928461,640.5376330
XCME.WY1.06AUG25.111.C,1.1250000,1.1562500,111,C,1.1584550,,673.0388541,565.6084262
XCME.ZN1.01AUG25.112:75.C,INVALID,.0069999,112.7500000,C,.0000208,,1494.7921546,1319.1416468
XCME.ZN1.01AUG25.110:25.C,1.8593750,1.8906250,110.2500000,C,1.8836250,,,
