Key,BID,ASK,STRIKE,ITYPE,ADJTHEOR,IVBID,IVASK,IVAVERAGE
XCME.ZN.SEP25,111.8437500,111.8593750,INVALID,F,,,,
XCME.VY1.04AUG25.111.P,INVALID,.0069999,111,P,.0066006,,687.8393906,613.8235664
XCME.VY1.04AUG25.110:75.P,INVALID,.0069999,110.7500000,P,.0034456,,845.9615475,758.8333700
XCME.VY1.04AUG25.112.P,.2343750,.2656250,112,P,.2511622,565.9378923,682.2221543,624.3289354
XCME.VY1.04AUG25.111:5.C,.4062500,.4218750,111.5000000,C,.4152707,568.3110526,648.4742391,609.3559394
XCME.VY1.04AUG25.112:25.C,.0468750,.0625000,112.2500000,C,.0527174,624.9541829,702.5976420,664.5353149
XCME.VY1.04AUG25.110:5.P,INVALID,.0069999,110.5000000,P,.0026727,,999.9850846,900.6556111
XCME.VY1.04AUG25.112:5.P,.6406250,.6718750,112.5000000,P,.6554325,544.3899887,814.7377684,702.4665731
