Key,BID,ASK,STRIKE,ITYPE,ADJTHEOR,IVBID,IVASK,IVAVERAGE
XCME.ZN.SEP25,112.1093750,112.1250000,INVALID,F,,,,
XCME.VY1.04AUG25.110.C,2.0937500,2.1250000,110,C,2.1172841,,1702.1454476,1592.0468745
XCME.VY1.04AUG25.110:75.C,1.3437500,1.3750000,110.7500000,C,1.3671111,,1185.9078669,1102.0242648
XCME.VY1.04AUG25.110.P,INVALID,.0069999,110,P,.0035966,,1578.6303391,1433.7958701
XCME.VY1.04AUG25.111:25.C,.8593750,.8906250,111.2500000,C,.8712858,,995.3406734,867.7489914
XCME.VY1.04AUG25.113.P,.8750000,.9062500,113,P,.8972725,,943.1242982,780.9677334
XCME.VY1.04AUG25.113.C,.0069999,.0156250,113,C,.0109600,757.7278432,891.6932419,832.0571490
XCME.VY1.04AUG25.112:25.P,.2343750,.2656250,112.2500000,P,.2400737,610.0273345,737.7321045,674.1810158
