Key,BID,ASK,STRIKE,ITYPE,ADJTHEOR,IVBID,IVASK,IVAVERAGE
XCME.ZN.SEP25,112.0156250,112.0312500,INVALID,F,,,,
XCME.VY1.04AUG25.111.C,1,1.0312500,111,C,1.0041252,,1103.3302641,1065.9242590
XCME.VY1.04AUG25.110:5.C,1.5156250,1.5312500,110.5000000,C,1.5034263,1291.1511907,1500.7076208,1455.1178728
XCME.VY1.04AUG25.110.C,2.0156250,2.0312500,110,C,2.0043980,1632.6427285,1878.0881761,1824.3814410
XCME.VY1.04AUG25.110:75.C,1.2656250,1.2812500,110.7500000,C,1.2533317,1114.7572291,1305.1365065,1263.4874222
XCME.VY1.04AUG25.110.P,INVALID,.0069999,110,P,.0035855,,1444.1178120,1309.3996621
XCME.VY1.04AUG25.111:25.C,.7656250,.7812500,111.2500000,C,.7572524,747.9493366,895.5163181,862.8233009
XCME.VY1.04AUG25.113.P,.9687500,1,113,P,1.0038758,,600.2528695,
