Key,BID,ASK,STRIKE,ITYPE,ADJTHEOR,IVBID,IVASK,IVAVERAGE
XCME.ZN.SEP25,111.9531250,111.9687500,INVALID,F,,,,
XCME.WY1.06AUG25.112:5.P,.5937500,.6406250,112.5000000,P,.6318123,501.3734898,602.7725462,553.8403151
XCME.WY1.06AUG25.111:5.C,.5156250,.5625000,111.5000000,C,.5253978,521.2902855,610.8790517,566.9932914
XCME.WY1.06AUG25.110:25.P,INVALID,.0069999,110.2500000,P,.0049140,,751.0922029,679.1101475
XCME.WY1.06AUG25.111:75.P,.1406250,.1562500,111.7500000,P,.1611565,508.9795033,545.8069915,527.4323342
XCME.WY1.06AUG25.112:75.P,.8125000,.8437500,112.7500000,P,.8497803,492.7024694,642.0600413,574.7064585
XCME.WY1.06AUG25.110:5.C,1.4531250,1.4843750,110.5000000,C,1.4483320,,848.9040894,754.0291464
