Key,BID,ASK,STRIKE,ITYPE,ADJTHEOR,IVBID,IVASK,IVAVERAGE
XCME.ZN.SEP25,110.9531250,110.9687500,INVALID,F,,,,
XCME.ZN1.01AUG25.110:5.C,.5156250,.5468750,110.5000000,C,.4802594,903.5641068,1091.6531732,1000.4778749
XCME.ZN1.01AUG25.111:75.C,.0156250,.0312500,111.7500000,C,.0021045,916.6589127,1089.6134116,1010.0550381
