Key,BID,ASK,STRIKE,ITYPE,ADJTHEOR,IVBID,IVASK,IVAVERAGE
XCME.ZN.SEP25,111.9062500,111.9218750,INVALID,F,,,,
XCME.VY1.04AUG25.113.C,INVALID,.0156250,113,C,.0061514,,967.0141867,846.7351226
XCME.VY1.04AUG25.112:25.P,.3906250,.4062500,112.2500000,P,.3980895,605.2016444,679.3048212,642.8606803
XCME.VY1.04AUG25.112.C,.1250000,.1406250,112,C,.1319983,592.2475305,649.2177395,620.7598262
XCME.VY1.04AUG25.112:75.C,.0069999,.0156250,112.7500000,C,.0117375,664.0892010,783.5094759,730.2631051
XCME.VY1.04AUG25.110:25.C,1.6562500,1.6718750,110.2500000,C,1.6633856,,1279.4385551,1192.3117428
XCME.GY1.05AUG25.110.P,INVALID,.0069999,110,P,.0028656,,988.3030811,896.0299765
XCME.GY1.05AUG25.110:5.C,1.4062500,1.4218750,110.5000000,C,1.4093937,343.4182998,882.8104025,836.2413823
