Key,BID,ASK,STRIKE,ITYPE,ADJTHEOR,IVBID,IVASK,IVAVERAGE
XCME.ZN.SEP25,112.1718750,112.1875000,INVALID,F,,,,
XCME.ZN1.01AUG25.111:5.C,.6562500,.6875000,111.5000000,C,.6796875,,1877.2998911,1656.7437390
XCME.ZN1.01AUG25.113.P,.8125000,.8437500,113,P,.8203116,,,
XCME.ZN1.01AUG25.112:25.P,.0781250,.0937500,112.2500000,P,.0871875,359.2375433,592.6446675,483.0545540
XCME.ZN1.01AUG25.111.C,1.1562500,1.1875000,111,C,1.1796873,,,
XCME.ZN1.01AUG25.112.C,.1718750,.1875000,112,C,.1824905,,675.8474639,564.4689578
XCME.GY1.05AUG25.110.P,INVALID,.0069999,110,P,.0040338,,1168.4448033,1061.2867779
XCME.GY1.05AUG25.110:5.C,1.6718750,1.7031250,110.5000000,C,1.6851714,,1164.6956318,1020.4482902
