Key,BID,ASK,STRIKE,ITYPE,ADJTHEOR,IVBID,IVASK,IVAVERAGE
XCME.ZN.SEP25,111.8750000,111.8906250,INVALID,F,,,,
XCME.GY1.05AUG25.111:25.C,.6406250,.6718750,111.2500000,C,.6601567,436.5962405,622.3172291,542.1383863
XCME.GY1.05AUG25.111:75.C,.2656250,.2968750,111.7500000,C,.2840243,515.9250655,601.5172061,558.8204002
XCME.GY1.05AUG25.112:5.P,.6562500,.6875000,112.5000000,P,.6663886,583.6781363,722.2695758,656.7336646
XCME.GY1.05AUG25.113.P,1.1250000,1.1406250,113,P,1.1347417,584.3962832,775.1890127,699.1587912
XCME.GY1.05AUG25.112:75.P,.8750000,.9062500,112.7500000,P,.8954137,468.9861251,738.5820592,636.0561582
XCME.GY1.05AUG25.110:75.C,1.1250000,1.1562500,110.7500000,C,1.1356250,,695.6254340,644.3024849
