Key,BID,ASK,STRIKE,ITYPE,ADJTHEOR,IVBID,IVASK,IVAVERAGE
XCME.ZN.SEP25,112.1093750,112.1250000,INVALID,F,,,,
XCME.GY1.05AUG25.110.P,INVALID,.0069999,110,P,.0012406,,1117.6945812,1015.2015151
XCME.GY1.05AUG25.110:5.C,1.6093750,1.6406250,110.5000000,C,1.6117794,358.4443702,1179.0395196,1067.0108445
XCME.GY1.05AUG25.111.C,1.1093750,1.1406250,111,C,1.1172943,350.6930348,888.0853342,795.6506116
XCME.GY1.05AUG25.112:25.C,.1406250,.1718750,112.2500000,C,.1586282,560.4917628,649.5525983,605.1300907
XCME.GY1.05AUG25.111:25.C,.8750000,.8906250,111.2500000,C,.8764035,616.6392824,731.5153841,678.7616105
XCME.GY1.05AUG25.111:75.C,.4218750,.4531250,111.7500000,C,.4391148,525.0406475,634.1025511,580.7755472
XCME.GY1.05AUG25.112:5.P,.4687500,.5000000,112.5000000,P,.4810519,608.2867695,714.8288963,662.4654736
