Key,BID,ASK,STRIKE,ITYPE,ADJTHEOR,IVBID,IVASK,IVAVERAGE
XCME.ZN.SEP25,111,111.0156250,INVALID,F,,,,
XCME.ZN1.01AUG25.112:5.C,INVALID,.0069999,112.5000000,C,.0000091,,1283.7520792,1157.5367991
XCME.ZN1.01AUG25.112.C,INVALID,.0156250,112,C,.0004814,,1067.2867856,931.5330305
