Key,BID,ASK,STRIKE,ITYPE,ADJTHEOR,IVBID,IVASK,IVAVERAGE
XCME.ZN.SEP25,110.9062500,110.9218750,INVALID,F,,,,
XCME.ZN1.01AUG25.111.C,.1718750,.1875000,111,C,.0721612,1281.8827816,1378.1066697,1330.0143774
XCME.ZN1.01AUG25.111:25.P,.4062500,.4375000,111.2500000,P,.3465267,1199.5323724,1429.6014800,1316.4775016
