Key,BID,ASK,STRIKE,ITYPE,ADJTHEOR,IVBID,IVASK,IVAVERAGE
XCME.ZN.SEP25,110.8906250,110.9062500,INVALID,F,,,,
XCME.ZN1.01AUG25.112:75.P,1.8281250,1.8593750,112.7500000,P,1.8515624,,,
XCME.ZN1.01AUG25.111:75.P,.8437500,.8750000,111.7500000,P,.8516062,,1491.8364385,1274.1581776
