Key,BID,ASK,STRIKE,ITYPE,ADJTHEOR,IVBID,IVASK,IVAVERAGE
XCME.ZN.SEP25,112.0468750,112.0625000,INVALID,F,,,,
XCME.WY1.06AUG25.112:5.P,.5156250,.5312500,112.5000000,P,.5187300,540.0775778,584.9845614,562.7466892
XCME.WY1.06AUG25.111:5.C,.5937500,.6250000,111.5000000,C,.6143902,427.6751274,550.0708498,493.0450873
XCME.WY1.06AUG25.110:25.P,INVALID,.0069999,110.2500000,P,.0042639,,806.4544696,730.3174065
XCME.WY1.06AUG25.111:75.P,.0937500,.1093750,111.7500000,P,.1075000,487.6842440,529.0337988,508.4919236
XCME.WY1.06AUG25.112:75.P,.7187500,.7500000,112.7500000,P,.7289882,530.2427275,652.1194922,594.6004732
XCME.WY1.06AUG25.110:5.C,1.5468750,1.5781250,110.5000000,C,1.5675770,,771.3692563,718.4027344
