Key,BID,ASK,STRIKE,ITYPE,ADJTHEOR,IVBID,IVASK,IVAVERAGE
XCME.ZN.SEP25,110.8593750,110.8750000,INVALID,F,,,,
XCME.ZN1.01AUG25.112:5.C,INVALID,.0069999,112.5000000,C,0,,,1850.2998636
XCME.ZN1.01AUG25.112.C,INVALID,.0069999,112,C,0,,1511.1569842,1356.0037697
