Key,BID,ASK,STRIKE,ITYPE,ADJTHEOR,IVBID,IVASK,IVAVERAGE
XCME.ZN.SEP25,112.1406250,112.1562500,INVALID,F,,,,
XCME.GY1.05AUG25.111:25.P,.0156250,.0312500,111.2500000,P,.0224733,647.1832252,766.4015047,711.7406380
XCME.GY1.05AUG25.110:25.P,INVALID,.0156250,110.2500000,P,.0051572,,1184.8399759,1054.3976832
XCME.GY1.05AUG25.111:5.C,.6718750,.7031250,111.5000000,C,.6895294,561.1343750,726.4860610,650.4898661
XCME.GY1.05AUG25.110.C,2.1406250,2.1718750,110,C,2.1529146,,1414.0991798,1248.1262463
XCME.GY1.05AUG25.111:5.P,.0312500,.0468750,111.5000000,P,.0410918,608.1519034,689.6471934,650.4871222
XCME.GY1.05AUG25.110:25.C,1.8906250,1.9218750,110.2500000,C,1.9035947,,1280.5172588,1126.2584213
XCME.GY1.05AUG25.112:75.C,.0468750,.0625000,112.7500000,C,.0526895,656.2381185,726.2963580,692.1073957
