Key,BID,ASK,STRIKE,ITYPE,ADJTHEOR,IVBID,IVASK,IVAVERAGE
XCME.ZN.SEP25,110.8437500,110.8593750,INVALID,F,,,,
XCME.VY1.04AUG25.111:5.C,.0312500,.0625000,111.5000000,C,.0151167,765.9801736,959.2041208,868.6401484
XCME.VY1.04AUG25.112:25.C,INVALID,.0156250,112.2500000,C,.0001906,,1164.3525332,1027.7284592
XCME.VY1.04AUG25.110:5.P,.1093750,.1250000,110.5000000,P,.0539244,860.8852477,924.6134426,892.9156558
XCME.VY1.04AUG25.112:5.P,1.6406250,1.6718750,112.5000000,P,1.6519960,,1393.4090544,1188.0573867
XCME.VY1.04AUG25.111.C,.1718750,.2031250,111,C,.1165594,843.8407497,900.3865999,872.1409782
XCME.VY1.04AUG25.110:5.C,.4531250,.4687500,110.5000000,C,.4019873,843.0387953,969.9840490,907.1575419
