Key,BID,ASK,STRIKE,ITYPE,ADJTHEOR,IVBID,IVASK,IVAVERAGE
XCME.ZN.SEP25,112.1250000,112.1406250,INVALID,F,,,,
XCME.GY1.05AUG25.111:5.C,.6562500,.6875000,111.5000000,C,.6765093,530.3291297,701.4174659,623.7250697
XCME.GY1.05AUG25.110.C,2.1250000,2.1562500,110,C,2.1407543,,1364.6546063,1174.0513496
XCME.GY1.05AUG25.111:5.P,.0312500,.0468750,111.5000000,P,.0401975,600.0777409,680.9799370,642.0963376
XCME.GY1.05AUG25.110:25.C,1.8750000,1.9062500,110.2500000,C,1.8914456,,1233.9381045,1057.1620619
XCME.GY1.05AUG25.112:75.C,.0468750,.0625000,112.7500000,C,.0482205,665.3164745,735.8430793,701.4245431
XCME.GY1.05AUG25.112:5.C,.0781250,.1093750,112.5000000,C,.0888020,593.5609017,700.0732074,647.6829064
