Key,BID,ASK,STRIKE,ITYPE,ADJTHEOR,IVBID,IVASK,IVAVERAGE
XCME.ZN.SEP25,111.9687500,111.9843750,INVALID,F,,,,
XCME.GY1.05AUG25.112:75.C,.0156250,.0468750,112.7500000,C,.0364920,533.8279708,720.0442922,637.6770468
XCME.GY1.05AUG25.112:5.C,.0468750,.0781250,112.5000000,C,.0705102,551.4036503,672.4972577,614.1865186
XCME.GY1.05AUG25.110:5.P,INVALID,.0069999,110.5000000,P,.0036010,,810.4942150,730.7381193
XCME.GY1.05AUG25.110:75.P,INVALID,.0069999,110.7500000,P,.0052996,,695.9385004,624.9451447
XCME.GY1.05AUG25.111:75.P,.1093750,.1406250,111.7500000,P,.1310062,566.1753954,657.9541322,612.3995928
XCME.GY1.05AUG25.112.P,.2187500,.2500000,112,P,.2424946,587.4671170,670.7280637,629.0976389
