Key,BID,ASK,STRIKE,ITYPE,ADJTHEOR,IVBID,IVASK,IVAVERAGE
XCME.ZN.SEP25,112.1406250,112.1562500,INVALID,F,,,,
XCME.WY1.06AUG25.110:75.C,1.4062500,1.4218750,110.7500000,C,1.4106788,709.3063235,943.2171007,845.1617770
XCME.WY1.06AUG25.111:5.P,.0468750,.0781250,111.5000000,P,.0665146,561.0828379,673.6406493,619.6952460
XCME.WY1.06AUG25.111.C,1.1562500,1.1875000,111,C,1.1689509,726.2590490,890.8217134,815.4399609
XCME.GY1.05AUG25.110.P,INVALID,.0069999,110,P,.0040101,,1146.1802330,1041.1072953
XCME.GY1.05AUG25.110:5.C,1.6406250,1.6718750,110.5000000,C,1.6504870,991.5710256,1303.3801730,1173.4488996
XCME.GY1.05AUG25.111.C,1.1406250,1.1718750,111,C,1.1566975,737.7505027,995.7508927,886.8514321
XCME.GY1.05AUG25.112:25.C,.1718750,.1875000,112.2500000,C,.1800358,614.7063063,659.0191724,636.8756854
