Key,BID,ASK,STRIKE,ITYPE,ADJTHEOR,IVBID,IVASK,IVAVERAGE
XCME.ZN.SEP25,111.9531250,111.9687500,INVALID,F,,,,
XCME.ZN1.01AUG25.112:5.P,.5312500,.5625000,112.5000000,P,.5366922,,1346.2323647,1152.3729691
XCME.ZN1.01AUG25.110.C,1.9375000,1.9687500,110,C,1.9644378,,,1980.0844957
XCME.ZN1.01AUG25.112.P,.0937500,.1093750,112,P,.0950800,552.4679606,669.8796374,611.2575743
XCME.ZN1.01AUG25.112:25.C,.0069999,.0156250,112.2500000,C,.0074082,592.7840398,736.2551217,670.7045775
XCME.ZN1.01AUG25.111:25.C,.6875000,.7187500,111.2500000,C,.7153213,,1119.2016788,816.7600894
XCME.ZN1.01AUG25.111:75.C,.2031250,.2343750,111.7500000,C,.2309002,,656.5228992,496.9266255
