Key,BID,ASK,STRIKE,ITYPE,ADJTHEOR,IVBID,IVASK,IVAVERAGE
XCME.ZN.SEP25,111.9687500,111.9843750,INVALID,F,,,,
XCME.ZN1.01AUG25.112:5.P,.5156250,.5312500,112.5000000,P,.5242299,,990.6180750,866.1051991
XCME.ZN1.01AUG25.110.C,1.9687500,1.9843750,110,C,1.9765624,,,
XCME.ZN1.01AUG25.112.P,.0781250,.0937500,112,P,.0824492,496.3374455,615.2766109,555.8595429
XCME.ZN1.01AUG25.112:25.C,.0069999,.0156250,112.2500000,C,.0062188,585.3584469,728.7365183,663.1345611
XCME.ZN1.01AUG25.111:25.C,.7187500,.7343750,111.2500000,C,.7270662,,1289.7547350,1139.6663877
XCME.ZN1.01AUG25.111:75.C,.2187500,.2500000,111.7500000,C,.2383787,,736.2387097,584.5313272
