Key,BID,ASK,STRIKE,ITYPE,ADJTHEOR,IVBID,IVASK,IVAVERAGE
XCME.ZN.SEP25,110.9062500,110.9218750,INVALID,F,,,,
XCME.ZN1.01AUG25.110:25.P,.0156250,.0312500,110.2500000,P,.0011230,986.8555887,1182.2313109,1092.0978732
XCME.ZN1.01AUG25.110:5.P,.0625000,.0781250,110.5000000,P,.0108202,1112.9704787,1223.6518741,1169.1032747
