Key,BID,ASK,STRIKE,ITYPE,ADJTHEOR,IVBID,IVASK,IVAVERAGE
XCME.ZN.SEP25,112,112.0156250,INVALID,F,,,,
XCME.WY1.06AUG25.111:25.P,.0156250,.0468750,111.2500000,P,.0287661,454.8828316,610.6284625,541.7599791
XCME.WY1.06AUG25.111:75.C,.3750000,.3906250,111.7500000,C,.3762220,497.3127106,535.6571269,516.5547705
XCME.WY1.06AUG25.113.C,.0156250,.0312500,113,C,.0277022,561.2667591,659.9962426,614.7347403
XCME.WY1.06AUG25.110.P,INVALID,.0069999,110,P,.0035843,,864.2137373,783.5934229
XCME.WY1.06AUG25.110:75.P,.0069999,.0156250,110.7500000,P,.0070338,582.6444261,675.2515044,634.2267970
XCME.WY1.06AUG25.112:25.P,.3906250,.4062500,112.2500000,P,.4014100,557.8087479,595.1151751,576.5043711
XCME.WY1.06AUG25.111:25.C,.7656250,.7968750,111.2500000,C,.7701411,401.0206639,581.1553846,506.1808469
