Key,BID,ASK,STRIKE,ITYPE,ADJTHEOR,IVBID,IVASK,IVAVERAGE
XCME.ZN.SEP25,112.1406250,112.1562500,INVALID,F,,,,
XCME.VY1.04AUG25.111:5.C,.6562500,.6718750,111.5000000,C,.6596931,654.3296153,811.6178097,740.8355849
XCME.VY1.04AUG25.112:25.C,.1093750,.1250000,112.2500000,C,.1109574,611.0911295,674.1940264,642.6933746
XCME.VY1.04AUG25.110:5.P,INVALID,.0069999,110.5000000,P,.0033722,,1283.8708349,1160.5294681
XCME.VY1.04AUG25.112:5.P,.3906250,.4062500,112.5000000,P,.4015643,591.2702813,680.5798028,637.1131307
XCME.VY1.04AUG25.111.C,1.1406250,1.1718750,111,C,1.1494759,,1243.2263879,1096.3352864
XCME.VY1.04AUG25.110:5.C,1.6406250,1.6718750,110.5000000,C,1.6483097,,1644.9816855,1466.6280586
