Key,BID,ASK,STRIKE,ITYPE,ADJTHEOR,IVBID,IVASK,IVAVERAGE
XCME.ZN.SEP25,111.8593750,111.8750000,INVALID,F,,,,
XCME.ZN1.01AUG25.111:25.C,.6250000,.6562500,111.2500000,C,.6352522,,1110.6227355,1016.4009032
XCME.ZN1.01AUG25.111:75.C,.1718750,.1875000,111.7500000,C,.1990692,630.7464901,750.8233155,691.4535602
XCME.ZN1.01AUG25.110:5.C,1.3750000,1.3906250,110.5000000,C,1.3830929,,,1933.9613542
XCME.ZN1.01AUG25.110:75.C,1.1250000,1.1406250,110.7500000,C,1.1319789,,1769.4571741,1639.0788072
XCME.ZN1.01AUG25.111.P,INVALID,.0069999,111,P,.0028262,,1323.5403237,1181.9585222
XCME.ZN1.01AUG25.113.C,INVALID,.0069999,113,C,.0026364,,1608.5896388,1440.5066134
XCME.ZN1.01AUG25.112:5.C,INVALID,.0069999,112.5000000,C,.0075493,,997.1508978,880.0856874
