Key,BID,ASK,STRIKE,ITYPE,ADJTHEOR,IVBID,IVASK,IVAVERAGE
XCME.ZN.SEP25,112.0625000,112.0781250,INVALID,F,,,,
XCME.WY1.06AUG25.110:5.C,1.5625000,1.5937500,110.5000000,C,1.5597441,708.3046208,974.5116626,897.5491109
XCME.WY1.06AUG25.112.P,.1875000,.2187500,112,P,.2140338,474.8596308,544.6058310,509.7435616
XCME.WY1.06AUG25.110:75.C,1.3125000,1.3437500,110.7500000,C,1.3118565,612.0882280,854.2053027,783.6381306
XCME.WY1.06AUG25.111:5.P,.0468750,.0625000,111.5000000,P,.0551219,494.1289831,548.3273169,521.8522899
XCME.WY1.06AUG25.111.C,1.0781250,1.0937500,111,C,1.0670846,513.7050400,730.1797133,666.3425496
XCME.GY1.05AUG25.110.P,INVALID,.0069999,110,P,.0032553,,1059.9365094,962.0518748
XCME.GY1.05AUG25.110:5.C,1.5468750,1.5781250,110.5000000,C,1.5545968,,1076.4605854,1040.8418461
