Key,BID,ASK,STRIKE,ITYPE,ADJTHEOR,IVBID,IVASK,IVAVERAGE
XCME.ZN.SEP25,112.1093750,112.1250000,INVALID,F,,,,
XCME.WY1.06AUG25.110:5.P,.0069999,.0156250,110.5000000,P,.0110757,736.9616513,846.3389155,798.0135770
XCME.WY1.06AUG25.110:25.C,1.8593750,1.8906250,110.2500000,C,1.8719339,,1058.3474379,946.9421259
XCME.WY1.06AUG25.112:5.P,.5000000,.5312500,112.5000000,P,.5111441,599.3433497,682.1750723,641.1625721
XCME.WY1.06AUG25.111:5.C,.6718750,.7031250,111.5000000,C,.6865860,583.9976773,688.8334817,638.0766981
XCME.WY1.06AUG25.110:25.P,.0069999,.0156250,110.2500000,P,.0082464,831.8403579,951.4873050,898.6794605
XCME.WY1.06AUG25.111:75.P,.1093750,.1406250,111.7500000,P,.1273857,570.0732383,652.6379190,611.7664488
XCME.WY1.06AUG25.112:75.P,.6875000,.7187500,112.7500000,P,.7101804,572.4630860,681.7701368,629.1494805
