Key,BID,ASK,STRIKE,ITYPE,ADJTHEOR,IVBID,IVASK,IVAVERAGE
XCME.ZN.SEP25,112.0312500,112.0468750,INVALID,F,,,,
XCME.VY1.04AUG25.112.P,.1093750,.1250000,112,P,.1187154,487.9590463,547.2668593,517.6258870
XCME.VY1.04AUG25.111:5.C,.5312500,.5625000,111.5000000,C,.5566212,,635.0990123,513.7434686
XCME.VY1.04AUG25.112:25.C,.0468750,.0781250,112.2500000,C,.0622266,466.9126378,606.5868495,538.3010126
XCME.VY1.04AUG25.110:5.P,INVALID,.0069999,110.5000000,P,.0028336,,1170.7986370,1056.3435987
XCME.VY1.04AUG25.112:5.P,.4687500,.5000000,112.5000000,P,.4794774,484.5674846,714.6068142,613.9199629
XCME.VY1.04AUG25.111.C,1.0312500,1.0468750,111,C,1.0459427,,779.2638998,577.7184211
XCME.VY1.04AUG25.110:5.C,1.5312500,1.5468750,110.5000000,C,1.5453961,,1087.5713037,824.5776726
