Key,BID,ASK,STRIKE,ITYPE,ADJTHEOR,IVBID,IVASK,IVAVERAGE
XCME.ZN.SEP25,112.0625000,112.0781250,INVALID,F,,,,
XCME.ZN1.01AUG25.111:75.P,INVALID,.0069999,111.7500000,P,.0115540,,618.0839354,532.3629725
XCME.ZN1.01AUG25.110.P,INVALID,.0069999,110,P,,,,
XCME.ZN1.01AUG25.110:5.P,INVALID,.0069999,110.5000000,P,,,,
XCME.ZN1.01AUG25.112:75.P,.6718750,.7031250,112.7500000,P,.6816076,,1481.6298918,1254.5164475
XCME.ZN1.01AUG25.111:5.P,INVALID,.0069999,111.5000000,P,.0022789,,978.7893310,861.7210960
XCME.ZN1.01AUG25.111:25.P,INVALID,.0069999,111.2500000,P,.0011103,,1307.4544929,1161.5481302
