Key,BID,ASK,STRIKE,ITYPE,ADJTHEOR,IVBID,IVASK,IVAVERAGE
XCME.ZN.SEP25,112.1093750,112.1250000,INVALID,F,,,,
XCME.VY1.04AUG25.112.C,.2187500,.2500000,112,C,.2319763,577.9374944,703.3904873,640.9267536
XCME.VY1.04AUG25.112:75.C,.0156250,.0312500,112.7500000,C,.0226683,681.7216834,819.6106198,755.8916262
XCME.VY1.04AUG25.110:25.C,1.8593750,1.8906250,110.2500000,C,1.8763973,,1672.9453768,1420.9606691
XCME.GY1.05AUG25.110.P,INVALID,.0069999,110,P,.0000254,,1127.9742767,1024.7278590
XCME.GY1.05AUG25.110:5.C,1.6093750,1.6406250,110.5000000,C,1.6255590,,1032.6479390,825.0015149
XCME.GY1.05AUG25.111.C,1.1250000,1.1562500,111,C,1.1327243,354.8356560,900.0107243,769.3514539
XCME.GY1.05AUG25.112:25.C,.1562500,.1875000,112.2500000,C,.1732486,588.9006243,677.4106513,633.2295035
