Key,BID,ASK,STRIKE,ITYPE,ADJTHEOR,IVBID,IVASK,IVAVERAGE
XCME.ZN.SEP25,112.1406250,112.1562500,INVALID,F,,,,
XCME.WY1.06AUG25.112:75.C,.0781250,.0937500,112.7500000,C,.0812057,643.4327429,693.0811092,668.5578428
XCME.WY1.06AUG25.112.C,.3281250,.3593750,112,C,.3514893,561.6470308,634.5695849,598.1646828
XCME.WY1.06AUG25.111.P,.0156250,.0312500,111,P,.0239249,643.0958651,751.7573569,702.0770944
XCME.WY1.06AUG25.112:25.C,.2031250,.2343750,112.2500000,C,.2241629,570.2253069,642.1514182,606.2131216
XCME.WY1.06AUG25.112:5.C,.1250000,.1406250,112.5000000,C,.1363829,601.6328580,642.1840993,621.9957353
XCME.WY1.06AUG25.111:25.P,.0312500,.0468750,111.2500000,P,.0402535,623.4461195,699.4532590,663.0939763
