Key,BID,ASK,STRIKE,ITYPE,ADJTHEOR,IVBID,IVASK,IVAVERAGE
XCME.ZN.SEP25,112.1562500,112.1718750,INVALID,F,,,,
XCME.WY1.06AUG25.112:5.P,.4687500,.4843750,112.5000000,P,.4745780,606.7788591,647.1793519,627.0590612
XCME.WY1.06AUG25.111:5.C,.7031250,.7343750,111.5000000,C,.7232251,553.8158116,670.3281922,614.7658212
XCME.WY1.06AUG25.110:25.P,INVALID,.0156250,110.2500000,P,.0075532,,974.2883233,867.1906094
XCME.WY1.06AUG25.111:75.P,.0937500,.1093750,111.7500000,P,.1111963,564.1159933,607.9886372,586.2196414
XCME.WY1.06AUG25.112:75.P,.6562500,.6875000,112.7500000,P,.6695784,601.3805313,702.0808776,653.0614205
XCME.WY1.06AUG25.110:5.C,1.6562500,1.6875000,110.5000000,C,1.6704462,,969.9256792,864.9437729
XCME.WY1.06AUG25.112.P,.1718750,.2031250,112,P,.1920124,557.7862989,631.5068385,594.7163410
