Key,BID,ASK,STRIKE,ITYPE,ADJTHEOR,IVBID,IVASK,IVAVERAGE
XCME.ZN.SEP25,110.9687500,110.9843750,INVALID,F,,,,
XCME.ZN1.01AUG25.111:5.P,.5781250,.5937500,111.5000000,P,.5174970,1070.4923829,1158.3550322,1114.9121710
