Key,BID,ASK,STRIKE,ITYPE,ADJTHEOR,IVBID,IVASK,IVAVERAGE
XCME.ZN.SEP25,112.1093750,112.1250000,INVALID,F,,,,
XCME.GY1.05AUG25.113.P,.8906250,.9218750,113,P,.9079970,587.9802417,814.7617355,718.3230055
XCME.GY1.05AUG25.112:75.P,.6718750,.7031250,112.7500000,P,.6792247,565.2261517,720.9537295,648.6053926
XCME.GY1.05AUG25.110:75.C,1.3593750,1.3906250,110.7500000,C,1.3793561,,945.9745020,800.9597062
XCME.GY1.05AUG25.112:25.P,.2812500,.3125000,112.2500000,P,.2981343,581.5975315,670.3095867,626.0357324
XCME.GY1.05AUG25.113.C,.0156250,.0312500,113,C,.0286845,630.2245067,746.9873640,693.4557886
XCME.GY1.05AUG25.111.P,.0069999,.0312500,111,P,.0136639,660.1231914,897.4078957,800.5555539
XCME.GY1.05AUG25.112.C,.2812500,.2968750,112,C,.2912337,596.1300092,640.3579010,618.2623064
