Key,BID,ASK,STRIKE,ITYPE,ADJTHEOR,IVBID,IVASK,IVAVERAGE
XCME.ZN.SEP25,111.0625000,111.0781250,INVALID,F,,,,
XCME.ZN1.01AUG25.111.C,.2656250,.2812500,111,C,.1907663,948.5088945,1008.8571041,978.6847024
XCME.ZN1.01AUG25.111:25.P,.3437500,.3750000,111.2500000,P,.2971200,855.8498000,984.1572503,920.2844028
