Key,BID,ASK,STRIKE,ITYPE,ADJTHEOR,IVBID,IVASK,IVAVERAGE
XCME.ZN.SEP25,112.0937500,112.1093750,INVALID,F,,,,
XCME.VY1.04AUG25.112.P,.0937500,.1250000,112,P,.1226279,478.9185219,595.1374402,537.1979127
XCME.VY1.04AUG25.111:5.C,.5937500,.6250000,111.5000000,C,.6020639,520.0004366,785.7834768,674.9370247
XCME.VY1.04AUG25.112:25.C,.0937500,.1093750,112.2500000,C,.0959272,589.3167215,650.1764140,619.8575277
XCME.VY1.04AUG25.110:5.P,INVALID,.0069999,110.5000000,P,.0026566,,1153.1588376,1041.0892606
XCME.VY1.04AUG25.112:5.P,.4375000,.4531250,112.5000000,P,.4529659,527.2382862,624.4830555,578.0771783
XCME.VY1.04AUG25.111.C,1.0781250,1.1093750,111,C,1.0890607,,1070.3665750,924.2389746
XCME.VY1.04AUG25.110:5.C,1.5781250,1.6093750,110.5000000,C,1.5885941,,1437.0751340,1256.9100667
