Key,BID,ASK,STRIKE,ITYPE,ADJTHEOR,IVBID,IVASK,IVAVERAGE
XCME.ZN.SEP25,111.9375000,111.9531250,INVALID,F,,,,
XCME.GY1.05AUG25.111:5.C,.4843750,.5156250,111.5000000,C,.4878878,527.1851650,643.4854124,587.1843029
XCME.GY1.05AUG25.110.C,1.9218750,1.9531250,110,C,1.9374735,,1205.4000661,1155.5832423
XCME.GY1.05AUG25.111:5.P,.0468750,.0625000,111.5000000,P,.0538879,513.0411315,574.1235746,544.2157206
XCME.GY1.05AUG25.110:25.C,1.6718750,1.7031250,110.2500000,C,1.6875511,,1078.1762354,1032.0397049
XCME.GY1.05AUG25.112:75.C,.0156250,.0312500,112.7500000,C,.0247090,578.9825617,689.0306762,638.4868907
XCME.GY1.05AUG25.112:5.C,.0312500,.0625000,112.5000000,C,.0459240,533.5257001,674.5488344,608.2303023
