Key,BID,ASK,STRIKE,ITYPE,ADJTHEOR,IVBID,IVASK,IVAVERAGE
XCME.ZN.SEP25,111.9218750,111.9375000,INVALID,F,,,,
XCME.ZN1.01AUG25.111:5.P,INVALID,.0069999,111.5000000,P,.0014634,,850.4821231,741.7801505
XCME.ZN1.01AUG25.111:25.P,INVALID,.0069999,111.2500000,P,.0002864,,1214.7604258,1074.3483177
XCME.ZN1.01AUG25.112:5.P,.5468750,.5781250,112.5000000,P,.5556317,,1339.8992894,1272.9208096
XCME.ZN1.01AUG25.110.C,1.9218750,1.9531250,110,C,1.9444999,,,
XCME.ZN1.01AUG25.112.P,.0937500,.1250000,112,P,.0946951,468.8101543,714.7712443,592.8523179
XCME.ZN1.01AUG25.112:25.C,INVALID,.0069999,112.2500000,C,.0021039,,636.4955990,547.9899526
