Key,BID,ASK,STRIKE,ITYPE,ADJTHEOR,IVBID,IVASK,IVAVERAGE
XCME.ZN.SEP25,112.1093750,112.1250000,INVALID,F,,,,
XCME.VY1.04AUG25.110:75.P,INVALID,.0069999,110.7500000,P,.0038199,,1084.7818286,976.9526827
XCME.VY1.04AUG25.112.P,.0937500,.1250000,112,P,.1081887,562.5137450,688.1605076,625.6161393
XCME.VY1.04AUG25.111:5.C,.6250000,.6562500,111.5000000,C,.6383440,516.9142812,843.2321116,716.1751811
XCME.VY1.04AUG25.112:25.C,.0937500,.1250000,112.2500000,C,.1066780,575.4229298,701.6383689,638.8346666
XCME.VY1.04AUG25.110:5.P,INVALID,.0069999,110.5000000,P,.0034225,,1248.1517225,1127.5082825
XCME.VY1.04AUG25.112:5.P,.4062500,.4375000,112.5000000,P,.4246536,551.8210274,733.9269880,648.1762454
