Key,BID,ASK,STRIKE,ITYPE,ADJTHEOR,IVBID,IVASK,IVAVERAGE
XCME.ZN.SEP25,111.9531250,111.9687500,INVALID,F,,,,
XCME.VY1.04AUG25.110.C,1.9531250,1.9843750,110,C,1.9531294,435.5431713,1790.9991964,1628.3860279
XCME.VY1.04AUG25.110:75.C,1.2031250,1.2343750,110.7500000,C,1.2041601,479.4772299,1232.7150526,1106.6894956
XCME.VY1.04AUG25.110.P,INVALID,.0069999,110,P,.0000044,,1367.3772485,1239.5035680
XCME.VY1.04AUG25.111:25.C,.7031250,.7343750,111.2500000,C,.7158258,226.9330040,830.6587744,733.1066907
XCME.VY1.04AUG25.113.P,1.0312500,1.0625000,113,P,1.0536722,,946.8729738,740.3424617
XCME.VY1.04AUG25.113.C,INVALID,.0156250,113,C,.0067972,,946.8729738,828.6752037
