Key,BID,ASK,STRIKE,ITYPE,ADJTHEOR,IVBID,IVASK,IVAVERAGE
XCME.ZN.SEP25,112,112.0156250,INVALID,F,,,,
XCME.VY1.04AUG25.113.C,INVALID,.0069999,113,C,.0051241,,795.8325380,711.3073201
XCME.VY1.04AUG25.112:25.P,.2812500,.3125000,112.2500000,P,.2836226,535.3128771,671.9455636,604.8176982
XCME.VY1.04AUG25.112.C,.1406250,.1562500,112,C,.1544855,474.7422324,533.4760789,504.1145739
XCME.VY1.04AUG25.112:75.C,.0069999,.0156250,112.7500000,C,.0097034,620.1511754,734.6122608,683.3425721
XCME.VY1.04AUG25.110:25.C,1.7500000,1.7812500,110.2500000,C,1.7800755,,1221.8752645,931.7113082
XCME.GY1.05AUG25.110.P,INVALID,.0069999,110,P,.0032640,,1068.1822346,968.7259610
XCME.GY1.05AUG25.110:5.C,1.5000000,1.5312500,110.5000000,C,1.5304410,,780.5800823,591.3417223
