Key,BID,ASK,STRIKE,ITYPE,ADJTHEOR,IVBID,IVASK,IVAVERAGE
XCME.ZN.SEP25,112,112.0156250,INVALID,F,,,,
XCME.ZN1.01AUG25.112:25.P,.2656250,.2968750,112.2500000,P,.2841996,667.2410627,971.0975308,828.8326032
XCME.ZN1.01AUG25.111.C,1,1.0312500,111,C,1.0070168,,1632.1224581,1507.3382204
XCME.ZN1.01AUG25.112.C,.1093750,.1406250,112,C,.1216121,736.5656872,951.2960410,843.9323675
XCME.GY1.05AUG25.110.P,INVALID,.0069999,110,P,.0032376,,1029.8468307,933.6799727
XCME.GY1.05AUG25.110:5.C,1.5000000,1.5312500,110.5000000,C,1.5001507,727.7193447,1103.4517057,1006.0562657
XCME.GY1.05AUG25.111.C,1,1.0468750,111,C,1.0060293,702.7284609,902.7403448,813.4461316
XCME.GY1.05AUG25.112:25.C,.1250000,.1406250,112.2500000,C,.1289340,612.4060632,657.9582401,635.2551727
