Key,BID,ASK,STRIKE,ITYPE,ADJTHEOR,IVBID,IVASK,IVAVERAGE
XCME.ZN.SEP25,110.8437500,110.8593750,INVALID,F,,,,
XCME.ZN1.01AUG25.111:5.P,.6718750,.7031250,111.5000000,P,.6459938,1194.7765206,1522.9075214,1370.6010759
