Key,BID,ASK,STRIKE,ITYPE,ADJTHEOR,IVBID,IVASK,IVAVERAGE
XCME.ZN.SEP25,111.8750000,111.8906250,INVALID,F,,,,
XCME.WY1.06AUG25.112:5.P,.6562500,.6875000,112.5000000,P,.6792520,509.7195692,619.4056971,567.0238274
XCME.WY1.06AUG25.111:5.C,.4687500,.5000000,111.5000000,C,.4803192,496.5922670,581.0126624,539.4654188
XCME.WY1.06AUG25.110:25.P,INVALID,.0069999,110.2500000,P,.0046294,,722.8386115,653.2491224
XCME.WY1.06AUG25.111:75.P,.1718750,.2031250,111.7500000,P,.1809260,516.5120904,587.2329913,551.9264440
XCME.WY1.06AUG25.112:75.P,.8906250,.9218750,112.7500000,P,.9015437,566.5606832,708.2614489,643.0049917
XCME.WY1.06AUG25.110:5.C,1.3750000,1.4062500,110.5000000,C,1.3925405,,762.5988650,645.9787489
XCME.WY1.06AUG25.112.P,.2968750,.3281250,112,P,.3103119,520.8147506,591.0081155,555.9475901
