Key,BID,ASK,STRIKE,ITYPE,ADJTHEOR,IVBID,IVASK,IVAVERAGE
XCME.ZN.SEP25,110.9062500,110.9218750,INVALID,F,,,,
XCME.ZN1.01AUG25.111:5.P,.6093750,.6406250,111.5000000,P,.5905553,1106.4239915,1473.2712317,1306.2741698
