Key,BID,ASK,STRIKE,ITYPE,ADJTHEOR,IVBID,IVASK,IVAVERAGE
XCME.ZN.SEP25,111.9375000,111.9531250,INVALID,F,,,,
XCME.ZN1.01AUG25.111:25.C,.6718750,.7031250,111.2500000,C,.6764166,,1634.0684315,1418.6192803
XCME.ZN1.01AUG25.111:75.C,.1875000,.2187500,111.7500000,C,.1960660,497.1014006,826.7505828,675.4022098
XCME.ZN1.01AUG25.110:5.C,1.4218750,1.4531250,110.5000000,C,1.4253754,,,
XCME.ZN1.01AUG25.110:75.C,1.1718750,1.2031250,110.7500000,C,1.1754160,,,
XCME.ZN1.01AUG25.111.P,INVALID,.0069999,111,P,.0002206,,1538.9222759,1375.5727272
XCME.ZN1.01AUG25.113.C,INVALID,.0069999,113,C,.0000554,,1738.3798726,1557.6290013
XCME.ZN1.01AUG25.112:5.C,INVALID,.0069999,112.5000000,C,.0003413,,1044.0422087,918.9784812
