Key,BID,ASK,STRIKE,ITYPE,ADJTHEOR,IVBID,IVASK,IVAVERAGE
XCME.ZN.SEP25,111.9218750,111.9375000,INVALID,F,,,,
XCME.VY1.04AUG25.111:5.C,.4375000,.4687500,111.5000000,C,.4709285,433.2318033,567.9947885,508.1725874
XCME.VY1.04AUG25.112:25.C,.0312500,.0625000,112.2500000,C,.0512026,564.4734895,640.1907915,602.9897025
XCME.VY1.04AUG25.110:5.P,INVALID,.0069999,110.5000000,P,.0027453,,1081.5271867,974.9766477
XCME.VY1.04AUG25.112:5.P,.5625000,.5937500,112.5000000,P,.5758123,493.4724836,763.2989471,682.0452037
XCME.VY1.04AUG25.111.C,.9218750,.9531250,111,C,.9490063,,790.4778603,
XCME.VY1.04AUG25.110:5.C,1.4218750,1.4531250,110.5000000,C,1.4472453,,1119.6533034,
