Key,BID,ASK,STRIKE,ITYPE,ADJTHEOR,IVBID,IVASK,IVAVERAGE
XCME.ZN.SEP25,112.1093750,112.1250000,INVALID,F,,,,
XCME.WY1.06AUG25.111:75.C,.4843750,.5156250,111.7500000,C,.4971630,591.5033813,673.0987236,632.6684891
XCME.WY1.06AUG25.113.C,.0312500,.0468750,113,C,.0443691,615.1791764,690.4798857,654.4542621
XCME.WY1.06AUG25.110.P,INVALID,.0156250,110,P,.0065068,,1052.2984848,938.7570173
XCME.WY1.06AUG25.110:75.P,.0069999,.0312500,110.7500000,P,.0158339,639.0653697,856.5302504,768.5363281
XCME.WY1.06AUG25.112:25.P,.3281250,.3593750,112.2500000,P,.3452915,581.9583807,654.2887336,618.1637693
XCME.WY1.06AUG25.111:25.C,.8906250,.9218750,111.2500000,C,.9100792,562.8249639,714.5093578,645.3681933
