Key,BID,ASK,STRIKE,ITYPE,ADJTHEOR,IVBID,IVASK,IVAVERAGE
XCME.ZN.SEP25,112.0937500,112.1093750,INVALID,F,,,,
XCME.GY1.05AUG25.110:75.P,.0069999,.0156250,110.7500000,P,.0087300,777.2823934,897.6982906,844.3371379
XCME.GY1.05AUG25.111:75.P,.0781250,.1093750,111.7500000,P,.0957760,580.2171296,685.9175564,633.9162343
XCME.GY1.05AUG25.112.P,.1718750,.1875000,112,P,.1804999,610.4773268,654.7509738,632.6265855
XCME.WY1.06AUG25.110.C,2.0937500,2.1250000,110,C,2.1081964,,1134.4098284,1000.7979276
XCME.WY1.06AUG25.113.P,.9218750,.9531250,113,P,.9437194,582.4930634,737.3919929,666.8713572
XCME.WY1.06AUG25.112:75.C,.0625000,.0781250,112.7500000,C,.0732607,622.7985837,676.7872364,650.2628458
XCME.WY1.06AUG25.112.C,.3125000,.3281250,112,C,.3217804,590.4411154,626.5386598,608.4961032
