Key,BID,ASK,STRIKE,ITYPE,ADJTHEOR,IVBID,IVASK,IVAVERAGE
XCME.ZN.SEP25,112,112.0156250,INVALID,F,,,,
XCME.WY1.06AUG25.110.C,2,2.0156250,110,C,2.0085708,,940.1580301,878.6133930
XCME.WY1.06AUG25.113.P,1,1.0312500,113,P,1.0208653,449.1755520,690.2522560,598.6896009
XCME.WY1.06AUG25.112:75.C,.0312500,.0468750,112.7500000,C,.0447885,537.5988588,606.9439094,573.6813395
XCME.WY1.06AUG25.112.C,.2343750,.2500000,112,C,.2441903,521.5399014,556.6339582,539.0869449
XCME.WY1.06AUG25.111.P,.0069999,.0312500,111,P,.0167868,487.8280285,670.7856090,595.9678625
XCME.WY1.06AUG25.112:25.C,.1250000,.1562500,112.2500000,C,.1434497,509.8437963,585.9592334,548.1157985
XCME.WY1.06AUG25.112:5.C,.0625000,.0937500,112.5000000,C,.0802522,517.2687784,613.0083977,566.3932967
