Key,BID,ASK,STRIKE,ITYPE,ADJTHEOR,IVBID,IVASK,IVAVERAGE
XCME.ZN.SEP25,111.6562500,111.6718750,INVALID,F,,,,
XCME.GY1.05AUG25.111.C,.6718750,.7031250,111,C,,,,
XCME.GY1.05AUG25.112:25.C,.0312500,.0625000,112.2500000,C,,,,
XCME.GY1.05AUG25.111:25.C,.4687500,.5000000,111.2500000,C,,,,
XCME.GY1.05AUG25.111:75.C,.1406250,.1718750,111.7500000,C,,,,
XCME.GY1.05AUG25.112:5.P,.8593750,.8906250,112.5000000,P,,,,
XCME.GY1.05AUG25.113.P,1.3437500,1.3750000,113,P,,,,
XCME.GY1.05AUG25.112:75.P,1.0937500,1.1250000,112.7500000,P,,,,
