Key,BID,ASK,STRIKE,ITYPE,ADJTHEOR,IVBID,IVASK,IVAVERAGE
XCME.ZN.SEP25,111.7812500,111.7968750,INVALID,F,,,,
XCME.ZN1.01AUG25.110:25.P,INVALID,.0069999,110.2500000,P,.0038807,,,1834.4310119
XCME.ZN1.01AUG25.110:75.P,INVALID,.0069999,110.7500000,P,.0030676,,1466.8744689,1310.8709792
XCME.ZN1.01AUG25.111:75.P,.0937500,.1250000,111.7500000,P,.1047914,744.7836274,951.1563282,848.0795511
XCME.ZN1.01AUG25.110.P,INVALID,.0069999,110,P,,,,
XCME.ZN1.01AUG25.110:5.P,INVALID,.0069999,110.5000000,P,.0031171,,1754.4262457,1575.5299583
XCME.ZN1.01AUG25.112:75.P,.9531250,.9843750,112.7500000,P,.9602782,,1818.8046493,1500.1980875
