Key,BID,ASK,STRIKE,ITYPE,ADJTHEOR,IVBID,IVASK,IVAVERAGE
XCME.ZN.SEP25,111.9843750,112,INVALID,F,,,,
XCME.VY1.04AUG25.111.C,.9843750,1.0156250,111,C,1.0043346,,920.3689424,715.4468688
XCME.VY1.04AUG25.110:5.C,1.4843750,1.5156250,110.5000000,C,1.5029203,,1272.0490176,1011.3272130
XCME.VY1.04AUG25.110.C,1.9843750,2.0156250,110,C,2.0033998,,1607.6540948,1295.8455468
XCME.VY1.04AUG25.110:75.C,1.2343750,1.2656250,110.7500000,C,1.2531371,,1098.7640466,865.1104487
XCME.VY1.04AUG25.110.P,INVALID,.0069999,110,P,.0033998,,1408.2384178,1276.8222282
XCME.VY1.04AUG25.111:25.C,.7343750,.7656250,111.2500000,C,.7580958,,737.8763522,564.1101974
