Key,BID,ASK,STRIKE,ITYPE,ADJTHEOR,IVBID,IVASK,IVAVERAGE
XCME.ZN.SEP25,112.1250000,112.1406250,INVALID,F,,,,
XCME.GY1.05AUG25.110:75.C,1.3593750,1.3906250,110.7500000,C,1.3797670,,945.9597617,903.4876222
XCME.GY1.05AUG25.112:25.P,.2968750,.3281250,112.2500000,P,.3012372,632.6232485,721.7382454,677.2462361
XCME.GY1.05AUG25.113.C,.0156250,.0312500,113,C,.0317119,634.5459802,752.2274274,698.2468406
XCME.GY1.05AUG25.111.P,.0069999,.0312500,111,P,.0129721,665.8445147,905.2919921,807.5879956
XCME.GY1.05AUG25.112.C,.2812500,.2968750,112,C,.2936577,599.7224427,644.3370336,622.0486343
XCME.GY1.05AUG25.111:25.P,.0156250,.0312500,111.2500000,P,.0237436,630.1228309,747.1797668,693.4469333
XCME.GY1.05AUG25.110:25.P,INVALID,.0069999,110.2500000,P,.0048378,,1021.1917375,925.1156915
