Key,BID,ASK,STRIKE,ITYPE,ADJTHEOR,IVBID,IVASK,IVAVERAGE
XCME.ZN.SEP25,112.0156250,112.0312500,INVALID,F,,,,
XCME.WY1.06AUG25.112:75.P,.7656250,.7968750,112.7500000,P,.7544950,660.7878757,762.2861842,712.9025054
XCME.WY1.06AUG25.110:5.C,1.5312500,1.5625000,110.5000000,C,1.5588524,,,
XCME.WY1.06AUG25.112.P,.2187500,.2500000,112,P,.2221440,545.6108105,615.4137133,580.5196331
XCME.WY1.06AUG25.110:75.C,1.2812500,1.3125000,110.7500000,C,1.3106128,,,
XCME.WY1.06AUG25.111:5.P,.0468750,.0781250,111.5000000,P,.0556987,494.9295993,599.5225947,549.2589703
XCME.WY1.06AUG25.111.C,1.0468750,1.0625000,111,C,1.0655528,,513.6077017,
