Key,BID,ASK,STRIKE,ITYPE,ADJTHEOR,IVBID,IVASK,IVAVERAGE
XCME.ZN.SEP25,112.0156250,112.0312500,INVALID,F,,,,
XCME.GY1.05AUG25.112:75.P,.7343750,.7500000,112.7500000,P,.7332093,655.8636694,730.6809276,694.4335169
XCME.GY1.05AUG25.110:75.C,1.2812500,1.3125000,110.7500000,C,1.3091882,,739.3848849,662.8650300
XCME.GY1.05AUG25.112:25.P,.3281250,.3593750,112.2500000,P,.3286839,581.6391149,670.3993812,626.1959356
XCME.GY1.05AUG25.113.C,.0156250,.0312500,113,C,.0212639,650.4162029,767.1241068,713.6347457
XCME.GY1.05AUG25.111.P,INVALID,.0156250,111,P,.0074715,,709.2399467,620.2826740
XCME.GY1.05AUG25.112.C,.2187500,.2343750,112,C,.2383483,510.6234935,552.8368848,531.7352882
