Key,BID,ASK,STRIKE,ITYPE,ADJTHEOR,IVBID,IVASK,IVAVERAGE
XCME.ZN.SEP25,112,112.0156250,INVALID,F,,,,
XCME.GY1.05AUG25.111:25.P,.0156250,.0312500,111.2500000,P,.0172366,568.3952602,675.5128347,626.2592700
XCME.GY1.05AUG25.110:25.P,INVALID,.0069999,110.2500000,P,.0032423,,947.3500523,857.1161072
XCME.GY1.05AUG25.111:5.C,.5468750,.5781250,111.5000000,C,.5834386,322.7406267,536.6552981,452.7248507
XCME.GY1.05AUG25.110.C,2.0156250,2.0312500,110,C,2.0457555,,,
XCME.GY1.05AUG25.111:5.P,.0312500,.0468750,111.5000000,P,.0408762,515.3240309,588.5073732,553.2619210
XCME.GY1.05AUG25.110:25.C,1.7500000,1.7812500,110.2500000,C,1.7958048,,,
XCME.GY1.05AUG25.112:75.C,.0156250,.0468750,112.7500000,C,.0378888,517.6606554,700.6134141,619.5399645
