Key,BID,ASK,STRIKE,ITYPE,ADJTHEOR,IVBID,IVASK,IVAVERAGE
XCME.ZN.SEP25,111.9531250,111.9687500,INVALID,F,,,,
XCME.WY1.06AUG25.112:75.P,.8125000,.8281250,112.7500000,P,.8285499,530.7227432,604.6406292,569.4723534
XCME.WY1.06AUG25.110:5.C,1.4687500,1.4843750,110.5000000,C,1.4707749,615.0393472,801.7116624,767.3382068
XCME.WY1.06AUG25.112.P,.2500000,.2656250,112,P,.2649643,515.9205210,550.7607026,533.3416127
XCME.WY1.06AUG25.110:75.C,1.2187500,1.2500000,110.7500000,C,1.2231915,524.3089214,791.8062248,719.5278135
XCME.WY1.06AUG25.111:5.P,.0625000,.0781250,111.5000000,P,.0735016,492.8925364,540.7269806,517.1622226
XCME.WY1.06AUG25.111.C,.9687500,1,111,C,.9801081,431.6568744,667.6890458,602.9251067
