Key,BID,ASK,STRIKE,ITYPE,ADJTHEOR,IVBID,IVASK,IVAVERAGE
XCME.ZN.SEP25,111.9531250,111.9687500,INVALID,F,,,,
XCME.VY1.04AUG25.111.P,INVALID,.0069999,111,P,.0045501,,767.1974650,685.4247459
XCME.VY1.04AUG25.110:75.P,INVALID,.0069999,110.7500000,P,.0031955,,928.6054444,833.7139274
XCME.VY1.04AUG25.112.P,.1562500,.1718750,112,P,.1684549,496.5513906,554.0111013,525.2906849
XCME.VY1.04AUG25.111:5.C,.4687500,.5000000,111.5000000,C,.4843862,434.9536739,676.3704698,574.4156950
XCME.VY1.04AUG25.112:25.C,.0468750,.0625000,112.2500000,C,.0510810,544.1150253,618.4903002,581.9247029
XCME.VY1.04AUG25.110:5.P,INVALID,.0069999,110.5000000,P,.0029189,,1086.1491503,978.9675226
XCME.VY1.04AUG25.112:5.P,.5468750,.5781250,112.5000000,P,.5589212,490.7666357,749.9519716,641.5071556
