Key,BID,ASK,STRIKE,ITYPE,ADJTHEOR,IVBID,IVASK,IVAVERAGE
XCME.ZN.SEP25,112.0468750,112.0625000,INVALID,F,,,,
XCME.GY1.05AUG25.111:25.C,.7968750,.8281250,111.2500000,C,.8087786,442.5926359,699.8986122,601.2220309
XCME.GY1.05AUG25.111:75.C,.3750000,.3906250,111.7500000,C,.3845163,523.3764704,572.7836952,548.2627216
XCME.GY1.05AUG25.112:5.P,.5156250,.5312500,112.5000000,P,.5267327,572.7276432,631.1946399,602.4317852
XCME.GY1.05AUG25.113.P,.9531250,.9843750,113,P,.9781890,,745.9561502,653.7973134
XCME.GY1.05AUG25.112:75.P,.7187500,.7500000,112.7500000,P,.7446364,482.4918467,680.4057410,595.3811427
XCME.GY1.05AUG25.110:75.C,1.2812500,1.3125000,110.7500000,C,1.2970491,,876.2600560,739.5982148
