Key,BID,ASK,STRIKE,ITYPE,ADJTHEOR,IVBID,IVASK,IVAVERAGE
XCME.ZN.SEP25,111.9531250,111.9687500,INVALID,F,,,,
XCME.GY1.05AUG25.110:75.C,1.2031250,1.2343750,110.7500000,C,1.1970441,,884.2434769,780.9332396
XCME.GY1.05AUG25.112:25.P,.3906250,.4062500,112.2500000,P,.4163965,569.3550331,617.2767718,593.4494420
XCME.GY1.05AUG25.113.C,.0156250,.0312500,113,C,.0180969,699.5802071,821.0181573,765.4170679
XCME.GY1.05AUG25.111.P,.0069999,.0156250,111,P,.0102195,558.8272404,653.5212060,611.2922612
XCME.GY1.05AUG25.112.C,.1875000,.2187500,112,C,.1934101,555.7979623,639.5074069,597.6611589
XCME.GY1.05AUG25.111:25.P,.0156250,.0312500,111.2500000,P,.0244298,517.3677121,618.4229728,571.8428368
XCME.GY1.05AUG25.110:25.P,INVALID,.0069999,110.2500000,P,.0031375,,904.5296556,817.9791893
