Key,BID,ASK,STRIKE,ITYPE,ADJTHEOR,IVBID,IVASK,IVAVERAGE
XCME.ZN.SEP25,110.8437500,110.8593750,INVALID,F,,,,
XCME.VY1.04AUG25.110:75.P,.2031250,.2187500,110.7500000,P,.1358129,874.9384381,930.4619699,902.7102523
XCME.VY1.04AUG25.112.P,1.1406250,1.1718750,112,P,1.1527295,,1048.2752342,881.4910878
XCME.VY1.04AUG25.111:5.C,.0312500,.0625000,111.5000000,C,.0151167,765.9801736,959.2041208,868.6401484
XCME.VY1.04AUG25.112:25.C,INVALID,.0156250,112.2500000,C,.0001906,,1164.3525332,1027.7284592
XCME.VY1.04AUG25.110:5.P,.1093750,.1250000,110.5000000,P,.0539244,860.8852477,924.6134426,892.9156558
XCME.VY1.04AUG25.112:5.P,1.6406250,1.6718750,112.5000000,P,1.6519960,,1393.4090544,1188.0573867
