Key,BID,ASK,STRIKE,ITYPE,ADJTHEOR,IVBID,IVASK,IVAVERAGE
XCME.ZN.SEP25,112.1250000,112.1406250,INVALID,F,,,,
XCME.VY1.04AUG25.112:25.P,.2187500,.2500000,112.2500000,P,.2338078,579.9887768,705.3411803,642.9212090
XCME.VY1.04AUG25.112.C,.2187500,.2500000,112,C,.2366553,557.7948898,684.3630270,621.4124990
XCME.VY1.04AUG25.112:75.C,.0156250,.0312500,112.7500000,C,.0229725,674.7485890,811.8760574,748.4862642
XCME.VY1.04AUG25.110:25.C,1.8593750,1.8906250,110.2500000,C,1.8826701,,1526.9283955,1425.9662932
XCME.GY1.05AUG25.110.P,INVALID,.0069999,110,P,.0040817,,1129.7785891,1026.2037558
XCME.GY1.05AUG25.110:5.C,1.6250000,1.6562500,110.5000000,C,1.6352476,,1155.1785621,1029.6874741
