Key,BID,ASK,STRIKE,ITYPE,ADJTHEOR,IVBID,IVASK,IVAVERAGE
XCME.ZN.SEP25,110.8750000,110.8906250,INVALID,F,,,,
XCME.ZN1.01AUG25.111:25.C,.0781250,.0937500,111.2500000,C,.0107036,1303.1343511,1422.4617321,1363.3518922
