Key,BID,ASK,STRIKE,ITYPE,ADJTHEOR,IVBID,IVASK,IVAVERAGE
XCME.ZN.SEP25,110.9375000,110.9531250,INVALID,F,,,,
XCME.ZN1.01AUG25.112:75.P,1.7968750,1.8281250,112.7500000,P,1.8046874,,,1829.5445618
XCME.ZN1.01AUG25.111:75.P,.7968750,.8281250,111.7500000,P,.8048849,,1324.2743433,1129.5688686
