Key,BID,ASK,STRIKE,ITYPE,ADJTHEOR,IVBID,IVASK,IVAVERAGE
XCME.ZN.SEP25,112.0312500,112.0468750,INVALID,F,,,,
XCME.WY1.06AUG25.110:5.C,1.5312500,1.5625000,110.5000000,C,1.5445900,,871.9319627,761.5864000
XCME.WY1.06AUG25.112.P,.2031250,.2187500,112,P,.2130980,499.7350916,534.9714551,517.3546560
XCME.WY1.06AUG25.110:75.C,1.2812500,1.3125000,110.7500000,C,1.2969249,,758.8924300,658.9279556
XCME.WY1.06AUG25.111:5.P,.0468750,.0625000,111.5000000,P,.0558808,491.0409136,545.4550039,518.8696785
XCME.WY1.06AUG25.111.C,1.0312500,1.0625000,111,C,1.0524608,,642.5108112,553.4275338
XCME.VY1.04AUG25.111:75.P,.0312500,.0468750,111.7500000,P,.0431603,475.1914630,558.3830867,517.9662813
XCME.VY1.04AUG25.111:75.C,.3125000,.3437500,111.7500000,C,.3322228,428.9055661,597.1080491,517.9661903
