Key,BID,ASK,STRIKE,ITYPE,ADJTHEOR,IVBID,IVASK,IVAVERAGE
XCME.ZN.SEP25,111.9375000,111.9531250,INVALID,F,,,,
XCME.WY1.06AUG25.112.P,.2500000,.2812500,112,P,.2602077,495.8599575,566.0890136,530.9843574
XCME.WY1.06AUG25.110:75.C,1.2031250,1.2187500,110.7500000,C,1.2214223,,712.0618152,616.8412822
XCME.WY1.06AUG25.111:5.P,.0625000,.0937500,111.5000000,P,.0752140,483.2557362,576.0928692,530.8237342
XCME.WY1.06AUG25.111.C,.9531250,.9843750,111,C,.9795878,472.9520005,679.0539697,594.8910553
XCME.GY1.05AUG25.110.P,INVALID,.0069999,110,P,.0032324,,1023.6271104,927.9928320
XCME.GY1.05AUG25.110:5.C,1.4375000,1.4687500,110.5000000,C,1.4646057,,998.4145368,870.6492071
