Key,BID,ASK,STRIKE,ITYPE,ADJTHEOR,IVBID,IVASK,IVAVERAGE
XCME.ZN.SEP25,111.6562500,111.6718750,INVALID,F,,,,
XCME.ZN1.01AUG25.110:25.P,INVALID,.0069999,110.2500000,P,.0027509,,1796.6825503,1617.8071248
XCME.ZN1.01AUG25.110:75.P,INVALID,.0069999,110.7500000,P,.0044141,,1229.3773234,1096.7972745
XCME.ZN1.01AUG25.111:75.P,.1718750,.2187500,111.7500000,P,.2283424,482.5301815,844.2244278,672.1270671
XCME.ZN1.01AUG25.110.P,INVALID,.0069999,110,P,.0031728,,,1868.4652693
XCME.ZN1.01AUG25.110:5.P,INVALID,.0069999,110.5000000,P,.0028730,,1516.9867110,1360.3790971
XCME.ZN1.01AUG25.112:75.P,1.0781250,1.1250000,112.7500000,P,1.1521523,,,
