Key,BID,ASK,STRIKE,ITYPE,ADJTHEOR,IVBID,IVASK,IVAVERAGE
XCME.ZN.SEP25,110.9687500,110.9843750,INVALID,F,,,,
XCME.ZN1.01AUG25.111:5.P,.5625000,.5937500,111.5000000,P,.5347845,875.6621960,1073.7132408,978.7435669
