Key,BID,ASK,STRIKE,ITYPE,ADJTHEOR,IVBID,IVASK,IVAVERAGE
XCME.ZN.SEP25,111,111.0156250,INVALID,F,,,,
XCME.ZN1.01AUG25.111:25.C,.1250000,.1562500,111.2500000,C,.0724363,889.0334309,1020.4098364,955.1041242
