Key,BID,ASK,STRIKE,ITYPE,ADJTHEOR,IVBID,IVASK,IVAVERAGE
XCME.ZN.SEP25,111.9531250,111.9687500,INVALID,F,,,,
XCME.GY1.05AUG25.111.C,.9531250,.9843750,111,C,.9699187,,728.2408433,625.5800380
XCME.GY1.05AUG25.112:25.C,.0937500,.1093750,112.2500000,C,.0977644,560.0971269,608.8743515,584.6312338
XCME.GY1.05AUG25.111:25.C,.7187500,.7500000,111.2500000,C,.7308779,,581.5172583,493.3239962
XCME.GY1.05AUG25.111:75.C,.3125000,.3437500,111.7500000,C,.3221305,462.8220161,556.3924155,510.0413421
XCME.GY1.05AUG25.112:5.P,.5781250,.6093750,112.5000000,P,.5894734,555.1798232,686.8751230,624.1028510
XCME.GY1.05AUG25.113.P,1.0312500,1.0625000,113,P,1.0543109,618.5996088,879.8051864,773.5608109
XCME.GY1.05AUG25.112:75.P,.7968750,.8281250,112.7500000,P,.8163740,624.0900248,798.0872577,718.5982856
