Key,BID,ASK,STRIKE,ITYPE,ADJTHEOR,IVBID,IVASK,IVAVERAGE
XCME.ZN.SEP25,112.1250000,112.1406250,INVALID,F,,,,
XCME.ZN1.01AUG25.112:25.P,.1250000,.1406250,112.2500000,P,.1283213,461.1496189,904.3749814,702.8482192
XCME.ZN1.01AUG25.111.C,1.1093750,1.1406250,111,C,1.1328113,,,
XCME.ZN1.01AUG25.112.C,.1250000,.1562500,112,C,.1416978,,502.3902267,413.7710633
XCME.GY1.05AUG25.110.P,INVALID,.0069999,110,P,.0040803,,1140.7760909,1036.1478622
XCME.GY1.05AUG25.110:5.C,1.6093750,1.6406250,110.5000000,C,1.6385819,,926.3173369,835.2865355
XCME.GY1.05AUG25.111.C,1.1093750,1.1406250,111,C,1.1452662,,684.1189608,612.2536513
XCME.GY1.05AUG25.112:25.C,.1562500,.1718750,112.2500000,C,.1774464,584.6397837,629.2306085,606.9541165
