Key,BID,ASK,STRIKE,ITYPE,ADJTHEOR,IVBID,IVASK,IVAVERAGE
XCME.ZN.SEP25,111.9375000,111.9531250,INVALID,F,,,,
XCME.GY1.05AUG25.111:25.C,.7187500,.7500000,111.2500000,C,.7202016,564.2900257,726.5422011,652.1012082
XCME.GY1.05AUG25.111:75.C,.3281250,.3437500,111.7500000,C,.3267203,578.3809226,622.7107047,600.5953020
XCME.GY1.05AUG25.112:5.P,.5781250,.6093750,112.5000000,P,.6071672,478.4846539,627.2626609,558.5847778
XCME.GY1.05AUG25.113.P,1.0468750,1.0781250,113,P,1.0683242,,772.0282269,665.8727553
XCME.GY1.05AUG25.112:75.P,.8125000,.8281250,112.7500000,P,.8312391,489.6118574,625.1118221,566.6364384
XCME.GY1.05AUG25.110:75.C,1.1875000,1.2187500,110.7500000,C,1.2006037,,849.8908658,736.2380902
