Key,BID,ASK,STRIKE,ITYPE,ADJTHEOR,IVBID,IVASK,IVAVERAGE
XCME.ZN.SEP25,112.0156250,112.0312500,INVALID,F,,,,
XCME.ZN1.01AUG25.112:5.P,.4687500,.5000000,112.5000000,P,.4732350,,1378.4303082,1173.8817594
XCME.ZN1.01AUG25.110.C,2,2.0312500,110,C,2.0269374,,,
XCME.ZN1.01AUG25.112.P,.0312500,.0625000,112,P,.0415430,358.5492635,621.3412837,490.5655247
XCME.ZN1.01AUG25.112:25.C,INVALID,.0069999,112.2500000,C,.0040652,,549.7600718,467.5827172
XCME.ZN1.01AUG25.111:25.C,.7500000,.7812500,111.2500000,C,.7769509,,1341.1810554,981.2816519
XCME.ZN1.01AUG25.111:75.C,.2500000,.2812500,111.7500000,C,.2788518,,581.2543745,396.4907483
