Key,BID,ASK,STRIKE,ITYPE,ADJTHEOR,IVBID,IVASK,IVAVERAGE
XCME.ZN.SEP25,110.9843750,111,INVALID,F,,,,
XCME.ZN1.01AUG25.110.P,INVALID,.0156250,110,P,.0006993,,976.1284863,853.0688608
XCME.ZN1.01AUG25.110:75.P,.1250000,.1406250,110.7500000,P,.0733539,876.8996645,942.7239014,909.9151764
