Key,BID,ASK,STRIKE,ITYPE,ADJTHEOR,IVBID,IVASK,IVAVERAGE
XCME.ZN.SEP25,111.0156250,111.0312500,INVALID,F,,,,
XCME.ZN1.01AUG25.112:25.P,1.2187500,1.2500000,112.2500000,P,1.2077513,,1267.8093554,1120.1666364
XCME.ZN1.01AUG25.113.P,1.9687500,1.9843750,113,P,1.9574489,,1566.7630970,1463.9459515
