Key,BID,ASK,STRIKE,ITYPE,ADJTHEOR,IVBID,IVASK,IVAVERAGE
XCME.ZN.SEP25,111.9687500,111.9843750,INVALID,F,,,,
XCME.WY1.06AUG25.112.P,.2500000,.2812500,112,P,.2545749,544.7751672,613.9634637,579.3694634
XCME.WY1.06AUG25.110:75.C,1.2187500,1.2500000,110.7500000,C,1.2503892,,584.9167118,
XCME.WY1.06AUG25.111:5.P,.0625000,.0781250,111.5000000,P,.0702582,507.6957477,556.0230837,532.2245800
XCME.WY1.06AUG25.111.C,.9843750,1,111,C,1.0074365,,610.2449156,485.9749819
XCME.VY1.04AUG25.111:75.P,.0625000,.0937500,111.7500000,P,.0762320,552.3423750,683.5629277,619.0511385
XCME.VY1.04AUG25.111:75.C,.2968750,.3125000,111.7500000,C,.3176066,449.2051170,654.8835875,555.8841881
