Key,BID,ASK,STRIKE,ITYPE,ADJTHEOR,IVBID,IVASK,IVAVERAGE
XCME.ZN.SEP25,111.9843750,112,INVALID,F,,,,
XCME.GY1.05AUG25.110:75.P,INVALID,.0069999,110.7500000,P,.0049085,,708.7919034,636.5214863
XCME.GY1.05AUG25.111:75.P,.0937500,.1093750,111.7500000,P,.0972222,531.4421091,579.3886060,555.5452693
XCME.GY1.05AUG25.112.P,.1875000,.2187500,112,P,.1991026,517.9410073,602.5237354,560.2327392
XCME.ZN1.01AUG25.112:75.C,INVALID,.0069999,112.7500000,C,.0000262,,1301.5865068,1152.6598653
XCME.ZN1.01AUG25.110:25.C,1.7500000,1.7656250,110.2500000,C,1.7578124,,,
XCME.ZN1.01AUG25.110:25.P,INVALID,.0069999,110.2500000,P,0,,,
XCME.ZN1.01AUG25.110:75.P,INVALID,.0069999,110.7500000,P,0,,,1813.9338435
