Key,BID,ASK,STRIKE,ITYPE,ADJTHEOR,IVBID,IVASK,IVAVERAGE
XCME.ZN.SEP25,112.1718750,112.1875000,INVALID,F,,,,
XCME.GY1.05AUG25.111:25.P,.0069999,.0156250,111.2500000,P,.0140287,569.7523206,669.0289835,624.8446282
XCME.GY1.05AUG25.110:25.P,INVALID,.0069999,110.2500000,P,.0038898,,1055.2959700,956.2645562
XCME.GY1.05AUG25.111:5.C,.7031250,.7187500,111.5000000,C,.7114943,657.6133652,809.0423038,737.5826711
XCME.GY1.05AUG25.110.C,2.1718750,2.2031250,110,C,2.1869699,1092.7372696,1564.2207335,1392.6032785
XCME.GY1.05AUG25.111:5.P,.0156250,.0312500,111.5000000,P,.0283068,528.7951922,633.2351190,585.0538857
XCME.GY1.05AUG25.110:25.C,1.9218750,1.9531250,110.2500000,C,1.9370773,,1261.9352411,1081.7879969
