Key,BID,ASK,STRIKE,ITYPE,ADJTHEOR,IVBID,IVASK,IVAVERAGE
XCME.ZN.SEP25,112.1093750,112.1250000,INVALID,F,,,,
XCME.WY1.06AUG25.110:5.C,1.6250000,1.6406250,110.5000000,C,1.6285045,749.7021420,1028.2556034,917.2462267
XCME.WY1.06AUG25.112.P,.2031250,.2187500,112,P,.2121542,585.8040837,621.9085697,603.8647341
XCME.WY1.06AUG25.110:75.C,1.3750000,1.4062500,110.7500000,C,1.3835044,651.9182418,989.6841992,858.0804980
XCME.WY1.06AUG25.111:5.P,.0625000,.0781250,111.5000000,P,.0719691,600.3347038,653.3619986,627.2969507
XCME.WY1.06AUG25.111.C,1.1250000,1.1562500,111,C,1.1424633,687.5702421,856.5791904,779.9649800
XCME.GY1.05AUG25.110.P,INVALID,.0069999,110,P,.0040712,,1127.4187353,1024.0545365
XCME.GY1.05AUG25.110:5.C,1.6093750,1.6406250,110.5000000,C,1.6229792,913.8219557,1253.3180380,1118.0116550
