Key,BID,ASK,STRIKE,ITYPE,ADJTHEOR,IVBID,IVASK,IVAVERAGE
XCME.ZN.SEP25,111.9062500,111.9218750,INVALID,F,,,,
XCME.GY1.05AUG25.111.C,.9218750,.9375000,111,C,.9339076,311.9684726,827.0969685,713.2440383
XCME.GY1.05AUG25.112:25.C,.0781250,.1093750,112.2500000,C,.1050154,548.7405391,649.1415214,599.7279274
XCME.GY1.05AUG25.111:25.C,.6875000,.7031250,111.2500000,C,.6996167,486.7395974,731.0712577,624.8117697
XCME.GY1.05AUG25.111:75.C,.2812500,.3125000,111.7500000,C,.3125225,514.6383149,601.6863642,558.3132875
XCME.GY1.05AUG25.112:5.P,.6250000,.6406250,112.5000000,P,.6347645,451.8056129,619.9635079,544.9710153
XCME.GY1.05AUG25.113.P,1.0781250,1.1093750,113,P,1.0914241,,723.9601950,566.5040682
XCME.GY1.05AUG25.112:75.P,.8437500,.8750000,112.7500000,P,.8575373,195.2163986,697.4665767,587.1236577
