Key,BID,ASK,STRIKE,ITYPE,ADJTHEOR,IVBID,IVASK,IVAVERAGE
XCME.ZN.SEP25,112.1250000,112.1406250,INVALID,F,,,,
XCME.ZN1.01AUG25.112:5.P,.3593750,.3750000,112.5000000,P,.3708722,,905.7799881,645.5868499
XCME.ZN1.01AUG25.110.C,2.1250000,2.1562500,110,C,2.1293125,,,
XCME.ZN1.01AUG25.112.P,.0069999,.0156250,112,P,.0101456,457.9962885,602.9001257,535.3299771
XCME.ZN1.01AUG25.112:25.C,.0069999,.0156250,112.2500000,C,.0113452,436.6360184,577.9730023,511.8750871
XCME.ZN1.01AUG25.111:25.C,.8750000,.9062500,111.2500000,C,.8793128,,,
XCME.ZN1.01AUG25.111:75.C,.3750000,.4062500,111.7500000,C,.3796438,,1460.2905496,1228.0780485
