Key,BID,ASK,STRIKE,ITYPE,ADJTHEOR,IVBID,IVASK,IVAVERAGE
XCME.ZN.SEP25,111.9531250,111.9687500,INVALID,F,,,,
XCME.VY1.04AUG25.110.C,1.9531250,1.9843750,110,C,1.9712569,,1578.7437983,1293.4554375
XCME.VY1.04AUG25.110:75.C,1.2031250,1.2343750,110.7500000,C,1.2210340,,1072.4425490,859.3615284
XCME.VY1.04AUG25.110.P,INVALID,.0069999,110,P,.0033194,,1369.5102824,1241.7159507
XCME.VY1.04AUG25.111:25.C,.7031250,.7343750,111.2500000,C,.7294169,,710.8824175,552.8646543
XCME.VY1.04AUG25.113.P,1.0312500,1.0468750,113,P,1.0383848,,921.4376912,866.7590247
XCME.VY1.04AUG25.113.C,INVALID,.0156250,113,C,.0063223,,931.7571566,815.0715552
