Key,BID,ASK,STRIKE,ITYPE,ADJTHEOR,IVBID,IVASK,IVAVERAGE
XCME.ZN.SEP25,112.1718750,112.1875000,INVALID,F,,,,
XCME.WY1.06AUG25.110.C,2.1718750,2.2031250,110,C,2.1782499,,1203.6386088,1081.2684334
XCME.WY1.06AUG25.113.P,.8593750,.8750000,113,P,.8681333,610.9557343,681.6637286,647.6123891
XCME.WY1.06AUG25.112:75.C,.0625000,.0781250,112.7500000,C,.0737138,577.6934914,629.9910687,604.2732293
XCME.WY1.06AUG25.112.C,.3281250,.3593750,112,C,.3487554,525.6054263,600.2796845,563.0449036
XCME.WY1.06AUG25.111.P,.0156250,.0312500,111,P,.0152895,660.0054294,771.0540267,720.3416102
XCME.WY1.06AUG25.112:25.C,.2031250,.2343750,112.2500000,C,.2161940,546.1247762,618.2538970,582.2044195
XCME.WY1.06AUG25.112:5.C,.1250000,.1406250,112.5000000,C,.1272409,584.2368093,624.6366001,604.5177684
