Key,BID,ASK,STRIKE,ITYPE,ADJTHEOR,IVBID,IVASK,IVAVERAGE
XCME.ZN.SEP25,112.1406250,112.1562500,INVALID,F,,,,
XCME.WY1.06AUG25.112:75.P,.6562500,.6875000,112.7500000,P,.6766579,611.3854863,663.4411228,637.8122393
XCME.WY1.06AUG25.110:5.C,1.6406250,1.6718750,110.5000000,C,1.6542520,,962.8375818,858.4399236
XCME.WY1.06AUG25.112.P,.1718750,.2031250,112,P,.1866207,543.1235322,616.5123549,579.8783133
XCME.WY1.06AUG25.110:75.C,1.3906250,1.4218750,110.7500000,C,1.4078871,,846.8139873,751.3669054
XCME.WY1.06AUG25.111:5.P,.0468750,.0625000,111.5000000,P,.0582978,562.1770205,620.9034890,592.2593193
XCME.WY1.06AUG25.111.C,1.1562500,1.1718750,111,C,1.1646684,605.3326224,727.6795785,673.3119945
