Key,BID,ASK,STRIKE,ITYPE,ADJTHEOR,IVBID,IVASK,IVAVERAGE
XCME.ZN.SEP25,111.0156250,111.0312500,INVALID,F,,,,
XCME.ZN1.01AUG25.110.P,.0069999,.0156250,110,P,.0005906,851.7802696,992.5779726,929.8886641
XCME.ZN1.01AUG25.110:75.P,.1093750,.1406250,110.7500000,P,.0630050,857.6351539,990.5915460,924.6653188
