Key,BID,ASK,STRIKE,ITYPE,ADJTHEOR,IVBID,IVASK,IVAVERAGE
XCME.ZN.SEP25,110.9531250,110.9687500,INVALID,F,,,,
XCME.ZN1.01AUG25.110.P,INVALID,.0156250,110,P,.0000897,,1171.4446559,1022.4086248
XCME.ZN1.01AUG25.110:75.P,.1406250,.1562500,110.7500000,P,.0559347,1023.9475631,1183.0215636,1103.8766590
