Key,BID,ASK,STRIKE,ITYPE,ADJTHEOR,IVBID,IVASK,IVAVERAGE
XCME.ZN.SEP25,112.1093750,112.1250000,INVALID,F,,,,
XCME.GY1.05AUG25.110:75.C,1.3593750,1.3906250,110.7500000,C,1.3792648,,945.9745020,800.9597062
XCME.GY1.05AUG25.112:25.P,.2968750,.3125000,112.2500000,P,.3038244,626.0357324,670.3095867,648.1909365
XCME.GY1.05AUG25.113.C,.0156250,.0312500,113,C,.0299781,630.2245067,746.9873640,693.4557886
XCME.GY1.05AUG25.111.P,.0069999,.0312500,111,P,.0137067,660.1231914,897.4078957,800.5555539
XCME.GY1.05AUG25.112.C,.2812500,.3125000,112,C,.2966567,596.1300092,684.4533742,640.3579010
XCME.GY1.05AUG25.111:25.P,.0156250,.0312500,111.2500000,P,.0251963,624.7946982,740.7153909,687.4967645
XCME.GY1.05AUG25.110:25.P,INVALID,.0069999,110.2500000,P,.0047913,,1012.4321081,917.3213157
