Key,BID,ASK,STRIKE,ITYPE,ADJTHEOR,IVBID,IVASK,IVAVERAGE
XCME.ZN.SEP25,110.9531250,110.9687500,INVALID,F,,,,
XCME.ZN1.01AUG25.112:75.P,1.7812500,1.7968750,112.7500000,P,1.7890646,,1546.1542313,1396.0153441
XCME.ZN1.01AUG25.111:75.P,.7968750,.8281250,111.7500000,P,.7912688,788.6320424,1153.1215872,1003.3874872
