Key,BID,ASK,STRIKE,ITYPE,ADJTHEOR,IVBID,IVASK,IVAVERAGE
XCME.ZN.SEP25,110.8437500,110.8593750,INVALID,F,,,,
XCME.ZN1.01AUG25.111:5.C,.0156250,.0312500,111.5000000,C,,,,
XCME.ZN1.01AUG25.113.P,2.1406250,2.1718750,113,P,,,,
XCME.ZN1.01AUG25.112:25.P,1.3906250,1.4218750,112.2500000,P,,,,
XCME.ZN1.01AUG25.111.C,.1406250,.1562500,111,C,,,,
XCME.ZN1.01AUG25.112.C,INVALID,.0069999,112,C,,,,
XCME.GY1.05AUG25.110.P,.0312500,.0468750,110,P,,,,
XCME.GY1.05AUG25.110:5.C,.4843750,.5156250,110.5000000,C,,,,
