Key,BID,ASK,STRIKE,ITYPE,ADJTHEOR,IVBID,IVASK,IVAVERAGE
XCME.ZN.SEP25,112.0468750,112.0625000,INVALID,F,,,,
XCME.VY1.04AUG25.111.C,1.0625000,1.0937500,111,C,1.0854871,,915.2410941,
XCME.VY1.04AUG25.110:5.C,1.5625000,1.5781250,110.5000000,C,1.5851606,,,
XCME.VY1.04AUG25.110.C,2.0625000,2.0781250,110,C,2.0860746,,,
XCME.VY1.04AUG25.110:75.C,1.3125000,1.3281250,110.7500000,C,1.3349907,,,
XCME.VY1.04AUG25.110.P,INVALID,.0069999,110,P,.0036371,,1451.3100329,1317.4581043
XCME.VY1.04AUG25.111:25.C,.8281250,.8437500,111.2500000,C,.8379967,,739.0077175,598.0460508
