Key,BID,ASK,STRIKE,ITYPE,ADJTHEOR,IVBID,IVASK,IVAVERAGE
XCME.ZN.SEP25,110.9218750,110.9375000,INVALID,F,,,,
XCME.ZN1.01AUG25.111:5.P,.5937500,.6250000,111.5000000,P,.5751141,1086.4707336,1449.1655833,1283.9098310
