Key,BID,ASK,STRIKE,ITYPE,ADJTHEOR,IVBID,IVASK,IVAVERAGE
XCME.ZN.SEP25,112,112.0156250,INVALID,F,,,,
XCME.WY1.06AUG25.112:75.P,.7812500,.8125000,112.7500000,P,.8123380,449.6854155,609.2548216,539.0867915
XCME.WY1.06AUG25.110:5.C,1.4843750,1.5156250,110.5000000,C,1.4877837,504.9075679,898.6432977,813.3294012
XCME.WY1.06AUG25.112.P,.2343750,.2500000,112,P,.2507331,503.1808155,537.9735875,520.5774294
XCME.WY1.06AUG25.110:75.C,1.2500000,1.2812500,110.7500000,C,1.2398319,672.1422381,865.1637300,780.7072903
XCME.WY1.06AUG25.111:5.P,.0625000,.0781250,111.5000000,P,.0646215,504.9746907,553.3378942,529.5209037
XCME.WY1.06AUG25.111.C,1,1.0312500,111,C,.9956723,562.0128058,735.3120662,658.9606412
