Key,BID,ASK,STRIKE,ITYPE,ADJTHEOR,IVBID,IVASK,IVAVERAGE
XCME.ZN.SEP25,112.1093750,112.1250000,INVALID,F,,,,
XCME.WY1.06AUG25.112:75.P,.6875000,.7187500,112.7500000,P,.7058429,594.2394632,699.7806164,648.6996013
XCME.WY1.06AUG25.110:5.C,1.6250000,1.6406250,110.5000000,C,1.6320277,688.0268927,890.5751113,810.7151620
XCME.WY1.06AUG25.112.P,.2031250,.2187500,112,P,.2125293,590.4033859,626.6049630,608.5129185
XCME.WY1.06AUG25.110:75.C,1.3750000,1.4062500,110.7500000,C,1.3870728,596.5885243,888.5464120,779.6926201
XCME.WY1.06AUG25.111:5.P,.0625000,.0781250,111.5000000,P,.0725341,603.6573848,656.8761215,630.7222918
XCME.WY1.06AUG25.111.C,1.1250000,1.1562500,111,C,1.1461331,503.4769593,764.2846615,665.9006497
