Key,BID,ASK,STRIKE,ITYPE,ADJTHEOR,IVBID,IVASK,IVAVERAGE
XCME.ZN.SEP25,111.0468750,111.0625000,INVALID,F,,,,
XCME.ZN1.01AUG25.110:5.C,.5937500,.6250000,110.5000000,C,.5822239,730.9353463,939.8093722,842.5075749
XCME.ZN1.01AUG25.111:75.C,.0312500,.0468750,111.7500000,C,.0089871,869.4179216,984.1444957,929.0602795
