Key,BID,ASK,STRIKE,ITYPE,ADJTHEOR,IVBID,IVASK,IVAVERAGE
XCME.ZN.SEP25,112.1093750,112.1250000,INVALID,F,,,,
XCME.GY1.05AUG25.111:5.C,.6562500,.6718750,111.5000000,C,.6654577,620.0808260,693.6825493,657.9801670
XCME.GY1.05AUG25.110.C,2.1093750,2.1406250,110,C,2.1213635,,1378.1151930,1215.9650862
XCME.GY1.05AUG25.111:5.P,.0312500,.0468750,111.5000000,P,.0482699,579.1547429,657.9812919,620.0808526
XCME.GY1.05AUG25.110:25.C,1.8593750,1.8906250,110.2500000,C,1.8721192,,1246.1813590,1095.4939742
XCME.GY1.05AUG25.112:75.C,.0312500,.0625000,112.7500000,C,.0493391,590.4513283,740.2078425,669.9600721
XCME.GY1.05AUG25.112:5.C,.0781250,.0937500,112.5000000,C,.0925926,601.6383280,655.5854270,628.8713096
