Key,BID,ASK,STRIKE,ITYPE,ADJTHEOR,IVBID,IVASK,IVAVERAGE
XCME.ZN.SEP25,110.9062500,110.9218750,INVALID,F,,,,
XCME.ZN1.01AUG25.110:5.C,.4687500,.4843750,110.5000000,C,.4168017,1236.1054407,1366.8280169,1302.4587436
XCME.ZN1.01AUG25.111:75.C,.0069999,.0156250,111.7500000,C,.0000426,1158.4293298,1362.8935084,1271.5663613
