Key,BID,ASK,STRIKE,ITYPE,ADJTHEOR,IVBID,IVASK,IVAVERAGE
XCME.ZN.SEP25,110.8125000,110.8281250,INVALID,F,,,,
XCME.WY1.06AUG25.112.P,1.1718750,1.2031250,112,P,,,,
XCME.WY1.06AUG25.110:75.C,.3437500,.3593750,110.7500000,C,,,,
XCME.WY1.06AUG25.111:5.P,.7343750,.7656250,111.5000000,P,,,,
XCME.WY1.06AUG25.111.C,.2187500,.2343750,111,C,,,,
XCME.GY1.05AUG25.110.P,.0312500,.0468750,110,P,,,,
XCME.GY1.05AUG25.110:5.C,.4687500,.5000000,110.5000000,C,,,,
