Key,BID,ASK,STRIKE,ITYPE,ADJTHEOR,IVBID,IVASK,IVAVERAGE
XCME.ZN.SEP25,110.9218750,110.9375000,INVALID,F,,,,
XCME.ZN1.01AUG25.111:5.P,.6093750,.6406250,111.5000000,P,.5872253,848.7908304,1058.9482920,959.5331857
