Key,BID,ASK,STRIKE,ITYPE,ADJTHEOR,IVBID,IVASK,IVAVERAGE
XCME.ZN.SEP25,111.0312500,111.0468750,INVALID,F,,,,
XCME.ZN1.01AUG25.113.C,INVALID,.0069999,113,C,.0000092,,1458.9324606,1322.5690507
XCME.ZN1.01AUG25.111:5.C,.0625000,.0781250,111.5000000,C,.0315991,833.3954597,915.4036133,874.9909560
