Key,BID,ASK,STRIKE,ITYPE,ADJTHEOR,IVBID,IVASK,IVAVERAGE
XCME.ZN.SEP25,110.9687500,110.9843750,INVALID,F,,,,
XCME.ZN1.01AUG25.112:5.C,INVALID,.0069999,112.5000000,C,.0,,1509.7352314,1361.3995609
XCME.ZN1.01AUG25.112.C,INVALID,.0156250,112,C,.0000710,,1262.6532218,1102.3466909
