Key,BID,ASK,STRIKE,ITYPE,ADJTHEOR,IVBID,IVASK,IVAVERAGE
XCME.ZN.SEP25,112.1250000,112.1406250,INVALID,F,,,,
XCME.VY1.04AUG25.112:25.P,.2187500,.2500000,112.2500000,P,.2322819,591.8708769,717.4459761,654.8904121
XCME.VY1.04AUG25.112.C,.2187500,.2500000,112,C,.2386270,551.4337134,679.2301471,615.7034624
XCME.VY1.04AUG25.112:75.C,.0156250,.0312500,112.7500000,C,.0239092,675.3909273,812.8860401,749.3131966
XCME.VY1.04AUG25.110:25.C,1.8750000,1.9062500,110.2500000,C,1.8861902,,1758.8817561,1546.5570855
XCME.WY1.06AUG25.110.C,2.1250000,2.1562500,110,C,2.1358943,,1174.0489369,1054.2017122
XCME.WY1.06AUG25.113.P,.8906250,.9218750,113,P,.9156523,543.9138572,703.4724524,631.7411027
