Key,BID,ASK,STRIKE,ITYPE,ADJTHEOR,IVBID,IVASK,IVAVERAGE
XCME.ZN.SEP25,112.0625000,112.0781250,INVALID,F,,,,
XCME.WY1.06AUG25.112:75.P,.7187500,.7343750,112.7500000,P,.7390418,518.5370438,582.3641721,551.5749353
XCME.WY1.06AUG25.110:5.C,1.5781250,1.5937500,110.5000000,C,1.5712198,768.0795810,905.5720502,844.4779453
XCME.WY1.06AUG25.112.P,.1875000,.2187500,112,P,.2149913,486.3845409,556.2551212,521.3346455
XCME.WY1.06AUG25.110:75.C,1.3281250,1.3593750,110.7500000,C,1.3234169,666.5405986,883.1896497,791.5204783
XCME.WY1.06AUG25.111:5.P,.0468750,.0625000,111.5000000,P,.0569481,500.7056929,555.2635473,528.6203342
XCME.WY1.06AUG25.111.C,1.0625000,1.0937500,111,C,1.0788861,,674.1625378,595.2601291
