Key,BID,ASK,STRIKE,ITYPE,ADJTHEOR,IVBID,IVASK,IVAVERAGE
XCME.ZN.SEP25,111.6562500,111.6718750,INVALID,F,,,,
XCME.ZN1.01AUG25.111:25.C,.3906250,.4375000,111.2500000,C,.3823826,1017.2218399,1416.3225211,1258.4923173
XCME.ZN1.01AUG25.111:75.C,.0781250,.1093750,111.7500000,C,.0790924,905.4764692,1122.1588760,1014.6557002
XCME.ZN1.01AUG25.110:5.C,1.1406250,1.1718750,110.5000000,C,1.1036230,,,
XCME.ZN1.01AUG25.110:75.C,.8906250,.9218750,110.7500000,C,.8551641,1826.8371570,,
XCME.ZN1.01AUG25.111.P,INVALID,.0156250,111,P,.0104804,,1106.7023262,952.0889465
XCME.ZN1.01AUG25.113.C,INVALID,.0069999,113,C,.0028567,,1846.9574196,1662.3158956
