Key,BID,ASK,STRIKE,ITYPE,ADJTHEOR,IVBID,IVASK,IVAVERAGE
XCME.ZN.SEP25,111.9531250,111.9687500,INVALID,F,,,,
XCME.VY1.04AUG25.111:5.P,.0156250,.0312500,111.5000000,P,.0262305,500.6230920,613.5355426,560.9719038
XCME.VY1.04AUG25.112:5.C,.0156250,.0312500,112.5000000,C,.0237084,582.3926566,705.7722022,648.6315659
XCME.VY1.04AUG25.110:25.P,INVALID,.0069999,110.2500000,P,.0051932,,1226.7357418,1109.1082841
XCME.VY1.04AUG25.111.P,INVALID,.0069999,111,P,.0060326,,755.4602310,674.7799126
XCME.VY1.04AUG25.110:75.P,INVALID,.0069999,110.7500000,P,.0046961,,916.3739137,822.6504724
XCME.VY1.04AUG25.112.P,.1562500,.1875000,112,P,.1729002,469.4254733,584.2533088,526.9020668
