Key,BID,ASK,STRIKE,ITYPE,ADJTHEOR,IVBID,IVASK,IVAVERAGE
XCME.ZN.SEP25,111.9531250,111.9687500,INVALID,F,,,,
XCME.GY1.05AUG25.110:75.P,INVALID,.0069999,110.7500000,P,.0051546,,667.9409881,599.5864884
XCME.GY1.05AUG25.111:75.P,.1093750,.1406250,111.7500000,P,.1306978,503.9586764,593.2725140,548.8611759
XCME.GY1.05AUG25.112.P,.2343750,.2500000,112,P,.2481313,539.6238914,581.6463795,560.6405307
XCME.ZN1.01AUG25.112:75.C,INVALID,.0069999,112.7500000,C,.0037333,,1266.4354727,1122.7358307
XCME.ZN1.01AUG25.110:25.C,1.7031250,1.7343750,110.2500000,C,,,,
XCME.ZN1.01AUG25.110:25.P,INVALID,.0069999,110.2500000,P,,,,
XCME.ZN1.01AUG25.110:75.P,INVALID,.0069999,110.7500000,P,.0009915,,1748.2394075,1569.2805310
