Key,BID,ASK,STRIKE,ITYPE,ADJTHEOR,IVBID,IVASK,IVAVERAGE
XCME.ZN.SEP25,112.1093750,112.1250000,INVALID,F,,,,
XCME.WY1.06AUG25.112:5.P,.5000000,.5312500,112.5000000,P,.5056866,599.3433497,682.1750723,641.1625721
XCME.WY1.06AUG25.111:5.C,.6562500,.6875000,111.5000000,C,.6874764,524.8188578,638.0766981,583.9976773
XCME.WY1.06AUG25.110:25.P,.0069999,.0156250,110.2500000,P,.0087306,831.8403579,951.4873050,898.6794605
XCME.WY1.06AUG25.111:75.P,.1093750,.1406250,111.7500000,P,.1265653,570.0732383,652.6379190,611.7664488
XCME.WY1.06AUG25.112:75.P,.6875000,.7187500,112.7500000,P,.7053695,629.1494805,681.7701368,655.8790212
XCME.WY1.06AUG25.110:5.C,1.6093750,1.6406250,110.5000000,C,1.6255727,,945.0254402,842.1406207
