Key,BID,ASK,STRIKE,ITYPE,ADJTHEOR,IVBID,IVASK,IVAVERAGE
XCME.ZN.SEP25,111.9531250,111.9687500,INVALID,F,,,,
XCME.GY1.05AUG25.110:75.C,1.1875000,1.2187500,110.7500000,C,1.2044122,631.6316622,832.7204131,752.6171198
XCME.GY1.05AUG25.112:25.P,.3750000,.4062500,112.2500000,P,.3992640,506.3377828,606.7787389,557.3364965
XCME.GY1.05AUG25.113.C,.0069999,.0156250,113,C,.0143460,612.3606683,713.2083106,668.2772541
XCME.GY1.05AUG25.111.P,.0069999,.0156250,111,P,.0102647,562.5604142,657.8420180,615.3463798
XCME.GY1.05AUG25.112.C,.1718750,.2031250,112,C,.1845128,531.5463089,616.5144645,574.0450518
XCME.GY1.05AUG25.111:25.P,.0156250,.0312500,111.2500000,P,.0230038,519.0054338,620.8537225,573.8840870
XCME.GY1.05AUG25.110:25.P,INVALID,.0069999,110.2500000,P,.0034562,,912.8316025,825.6384414
