Key,BID,ASK,STRIKE,ITYPE,ADJTHEOR,IVBID,IVASK,IVAVERAGE
XCME.ZN.SEP25,112,112.0156250,INVALID,F,,,,
XCME.VY1.04AUG25.111.C,1,1.0312500,111,C,1.0123319,,1021.6640971,873.6792353
XCME.VY1.04AUG25.110:5.C,1.5000000,1.5312500,110.5000000,C,1.5114890,,1397.6037068,1213.4782964
XCME.VY1.04AUG25.110.C,2,2.0312500,110,C,2.0121514,,1755.5431461,1538.5627417
XCME.VY1.04AUG25.110:75.C,1.2500000,1.2812500,110.7500000,C,1.2615171,,1212.3966786,1045.8483005
XCME.VY1.04AUG25.110.P,INVALID,.0069999,110,P,.0035264,,1434.2898763,1300.5043362
XCME.VY1.04AUG25.111:25.C,.7500000,.7812500,111.2500000,C,.7651400,,826.0790019,698.6327937
