Key,BID,ASK,STRIKE,ITYPE,ADJTHEOR,IVBID,IVASK,IVAVERAGE
XCME.ZN.SEP25,112.0156250,112.0312500,INVALID,F,,,,
XCME.GY1.05AUG25.111.C,1.0312500,1.0468750,111,C,1.0200412,694.9267232,817.2045350,761.2302019
XCME.GY1.05AUG25.112:25.C,.1093750,.1250000,112.2500000,C,.1121599,558.0393148,604.6767416,581.4469059
XCME.GY1.05AUG25.111:25.C,.7812500,.8125000,111.2500000,C,.7802719,559.2483723,750.0972765,665.7499355
XCME.GY1.05AUG25.111:75.C,.3593750,.3750000,111.7500000,C,.3615749,540.3536381,588.6121386,564.6164997
XCME.GY1.05AUG25.112:5.P,.5156250,.5468750,112.5000000,P,.5407452,481.8922141,616.2511583,552.8224561
XCME.GY1.05AUG25.113.P,.9687500,1,113,P,.9998341,,679.2856535,528.8402282
