Key,BID,ASK,STRIKE,ITYPE,ADJTHEOR,IVBID,IVASK,IVAVERAGE
XCME.ZN.SEP25,111.6250000,111.6406250,INVALID,F,,,,
XCME.WY1.06AUG25.112:75.C,.0156250,.0312500,112.7500000,C,,,,
XCME.WY1.06AUG25.112.C,.1093750,.1250000,112,C,,,,
XCME.WY1.06AUG25.111.P,.0312500,.0625000,111,P,,,,
XCME.WY1.06AUG25.112:25.C,.0468750,.0781250,112.2500000,C,,,,
XCME.WY1.06AUG25.112:5.C,.0156250,.0468750,112.5000000,C,,,,
XCME.WY1.06AUG25.111:25.P,.0781250,.1093750,111.2500000,P,,,,
