Key,BID,ASK,STRIKE,ITYPE,ADJTHEOR,IVBID,IVASK,IVAVERAGE
XCME.ZN.SEP25,110.9375000,110.9531250,INVALID,F,,,,
XCME.ZN1.01AUG25.110.P,INVALID,.0156250,110,P,.0000181,,1313.6949808,1145.4583723
XCME.ZN1.01AUG25.110:75.P,.1406250,.1562500,110.7500000,P,.0473959,1217.9339458,1307.4726743,1262.7937037
