Key,BID,ASK,STRIKE,ITYPE,ADJTHEOR,IVBID,IVASK,IVAVERAGE
XCME.ZN.SEP25,112.0781250,112.0937500,INVALID,F,,,,
XCME.VY1.04AUG25.111:5.C,.5937500,.6093750,111.5000000,C,.6108269,,530.8200144,466.4112016
XCME.VY1.04AUG25.112:25.C,.0937500,.1093750,112.2500000,C,.0982366,568.0632709,628.3832643,598.3201178
XCME.VY1.04AUG25.110:5.P,INVALID,.0069999,110.5000000,P,.0019065,,1162.9052467,1050.1803327
XCME.VY1.04AUG25.112:5.P,.4375000,.4687500,112.5000000,P,.4398667,609.3976344,770.1780531,693.0533030
XCME.VY1.04AUG25.111.C,1.0781250,1.1093750,111,C,1.1028713,,868.0926308,776.4006942
XCME.VY1.04AUG25.110:5.C,1.5781250,1.6093750,110.5000000,C,1.6034690,,1183.4861318,1066.4123908
