Key,BID,ASK,STRIKE,ITYPE,ADJTHEOR,IVBID,IVASK,IVAVERAGE
XCME.ZN.SEP25,111.9843750,112,INVALID,F,,,,
XCME.VY1.04AUG25.112.P,.1406250,.1562500,112,P,.1485322,502.9673789,561.2564691,532.1127269
XCME.VY1.04AUG25.111:5.C,.5000000,.5156250,111.5000000,C,.5068328,504.2043953,636.0805899,576.2802445
XCME.VY1.04AUG25.112:25.C,.0468750,.0625000,112.2500000,C,.0527983,524.0600842,598.1821911,561.7092765
XCME.VY1.04AUG25.110:5.P,INVALID,.0069999,110.5000000,P,.0027139,,1124.8628612,1014.0524258
XCME.VY1.04AUG25.112:5.P,.5156250,.5312500,112.5000000,P,.5306766,427.7241445,602.2803262,530.4732867
XCME.VY1.04AUG25.111.C,.9843750,1.0156250,111,C,.9922170,,1060.1333829,929.7189030
XCME.VY1.04AUG25.110:5.C,1.4843750,1.5156250,110.5000000,C,1.4914014,,1450.7868490,1289.2875868
