Key,BID,ASK,STRIKE,ITYPE,ADJTHEOR,IVBID,IVASK,IVAVERAGE
XCME.ZN.SEP25,112.1562500,112.1718750,INVALID,F,,,,
XCME.VY1.04AUG25.112:25.P,.1875000,.2031250,112.2500000,P,.1975440,546.3260822,609.9665473,578.1986520
XCME.VY1.04AUG25.112.C,.2343750,.2500000,112,C,.2411330,551.9889110,619.8341934,586.0973889
XCME.VY1.04AUG25.112:75.C,.0156250,.0312500,112.7500000,C,.0192669,665.9074159,803.8526818,740.0357588
XCME.VY1.04AUG25.110:25.C,1.9062500,1.9218750,110.2500000,C,1.9139910,,1590.6164961,1485.7642515
XCME.GY1.05AUG25.110.P,INVALID,.0069999,110,P,.0044699,,1159.7405777,1053.3536815
XCME.GY1.05AUG25.110:5.C,1.6562500,1.6875000,110.5000000,C,1.6669765,,1188.7857024,1060.1459364
