Key,BID,ASK,STRIKE,ITYPE,ADJTHEOR,IVBID,IVASK,IVAVERAGE
XCME.ZN.SEP25,111.9843750,112,INVALID,F,,,,
XCME.VY1.04AUG25.111.C,.9843750,1.0156250,111,C,.9816759,780.2909329,1118.9935983,1018.8620631
XCME.VY1.04AUG25.110:5.C,1.4843750,1.5156250,110.5000000,C,1.4794061,1098.9682644,1519.6041843,1397.8106056
XCME.VY1.04AUG25.110.C,1.9843750,2.0156250,110,C,1.9799138,1404.7083909,1897.6224690,1757.6559997
XCME.VY1.04AUG25.110:75.C,1.2343750,1.2656250,110.7500000,C,1.2297940,941.7898979,1322.6008388,1211.3215715
XCME.VY1.04AUG25.110.P,INVALID,.0069999,110,P,.0033513,,1381.1170081,1251.9256689
XCME.VY1.04AUG25.111:25.C,.7343750,.7656250,111.2500000,C,.7377451,616.0024423,908.3810130,820.5339285
XCME.VY1.04AUG25.113.P,1,1.0312500,113,P,1.0294942,,813.7335763,
