Key,BID,ASK,STRIKE,ITYPE,ADJTHEOR,IVBID,IVASK,IVAVERAGE
XCME.ZN.SEP25,110.9531250,110.9687500,INVALID,F,,,,
XCME.ZN1.01AUG25.111.C,.2031250,.2343750,111,C,.1342276,958.6240646,1093.7901747,1026.2166946
XCME.ZN1.01AUG25.111:25.P,.3906250,.4218750,111.2500000,P,.3383058,932.3629882,1084.7981804,1009.2848424
