Key,BID,ASK,STRIKE,ITYPE,ADJTHEOR,IVBID,IVASK,IVAVERAGE
XCME.ZN.SEP25,112.1562500,112.1718750,INVALID,F,,,,
XCME.VY1.04AUG25.110.C,2.1406250,2.1718750,110,C,2.1753212,,625.2524927,
XCME.VY1.04AUG25.110:75.C,1.3906250,1.4218750,110.7500000,C,1.4250537,,530.8783203,
XCME.VY1.04AUG25.110.P,INVALID,.0069999,110,P,.0034462,,1642.0503652,1491.5686292
XCME.VY1.04AUG25.111:25.C,.8906250,.9218750,111.2500000,C,.9279140,,.9900000,
XCME.VY1.04AUG25.113.P,.8437500,.8750000,113,P,.8356434,857.8727010,1147.8180202,1020.0915097
XCME.VY1.04AUG25.113.C,.0069999,.0156250,113,C,.0075184,726.7343077,857.8727010,799.3849986
