Key,BID,ASK,STRIKE,ITYPE,ADJTHEOR,IVBID,IVASK,IVAVERAGE
XCME.ZN.SEP25,110.9531250,110.9687500,INVALID,F,,,,
XCME.ZN1.01AUG25.111:5.P,.5781250,.6093750,111.5000000,P,.5679971,810.5421841,1117.9571371,980.6105480
