Key,BID,ASK,STRIKE,ITYPE,ADJTHEOR,IVBID,IVASK,IVAVERAGE
XCME.ZN.SEP25,110.9531250,110.9687500,INVALID,F,,,,
XCME.ZN1.01AUG25.110:25.P,.0156250,.0312500,110.2500000,P,.0036252,828.1817504,991.2462793,916.0960802
XCME.ZN1.01AUG25.110:5.P,.0625000,.0781250,110.5000000,P,.0195954,942.9352080,1034.9833219,989.6431982
