Key,BID,ASK,STRIKE,ITYPE,ADJTHEOR,IVBID,IVASK,IVAVERAGE
XCME.ZN.SEP25,110.9375000,110.9531250,INVALID,F,,,,
XCME.ZN1.01AUG25.111.C,.2031250,.2187500,111,C,.1271877,990.2279171,1057.9512682,1024.0942820
XCME.ZN1.01AUG25.111:25.P,.4062500,.4375000,111.2500000,P,.3504437,955.3158976,1108.8917433,1032.8451933
