Key,BID,ASK,STRIKE,ITYPE,ADJTHEOR,IVBID,IVASK,IVAVERAGE
XCME.ZN.SEP25,111.9375000,111.9531250,INVALID,F,,,,
XCME.VY1.04AUG25.112:25.P,.3437500,.3593750,112.2500000,P,.3526090,537.9195984,614.9403423,577.1868069
XCME.VY1.04AUG25.112.C,.1250000,.1406250,112,C,.1284630,548.0142144,605.8942827,576.9663900
XCME.VY1.04AUG25.112:75.C,.0069999,.0156250,112.7500000,C,.0091545,656.9698517,776.5562849,723.1542802
XCME.VY1.04AUG25.110:25.C,1.6875000,1.7187500,110.2500000,C,1.7015965,,1489.6280711,1271.0943390
XCME.ZN1.01AUG25.112:75.C,INVALID,.0069999,112.7500000,C,.0003545,,1350.3929432,1196.1002422
XCME.ZN1.01AUG25.110:25.C,1.6875000,1.7187500,110.2500000,C,1.6988143,,,
