Key,BID,ASK,STRIKE,ITYPE,ADJTHEOR,IVBID,IVASK,IVAVERAGE
XCME.ZN.SEP25,110.9531250,110.9687500,INVALID,F,,,,
XCME.ZN1.01AUG25.111.C,.2031250,.2343750,111,C,.1238707,1028.6612875,1173.7026926,1101.1922621
XCME.ZN1.01AUG25.111:25.P,.3906250,.4218750,111.2500000,P,.3307034,1000.4813248,1164.0538076,1083.0230894
