Key,BID,ASK,STRIKE,ITYPE,ADJTHEOR,IVBID,IVASK,IVAVERAGE
XCME.ZN.SEP25,112.1250000,112.1406250,INVALID,F,,,,
XCME.ZN1.01AUG25.111:5.C,.6250000,.6562500,111.5000000,C,.6328588,,1940.6333095,1637.2440765
XCME.ZN1.01AUG25.113.P,.8593750,.8750000,113,P,.8671979,,1922.1235169,1701.1949433
XCME.ZN1.01AUG25.112:25.P,.1250000,.1406250,112.2500000,P,.1324831,427.4041454,651.6353528,548.1180541
XCME.ZN1.01AUG25.111.C,1.1250000,1.1562500,111,C,1.1328084,,,
XCME.ZN1.01AUG25.112.C,.1250000,.1562500,112,C,.1454581,,698.5888335,532.3721993
XCME.VY1.04AUG25.111:75.P,.0312500,.0468750,111.7500000,P,.0421971,585.3325903,679.0532692,633.7106118
XCME.VY1.04AUG25.111:75.C,.4062500,.4375000,111.7500000,C,.4250096,532.4340994,722.1985011,633.7097089
