Key,BID,ASK,STRIKE,ITYPE,ADJTHEOR,IVBID,IVASK,IVAVERAGE
XCME.ZN.SEP25,110.9218750,110.9375000,INVALID,F,,,,
XCME.ZN1.01AUG25.111.C,.1718750,.2031250,111,C,.0739658,1277.3135794,1472.1448192,1374.7900885
XCME.ZN1.01AUG25.111:25.P,.4062500,.4218750,111.2500000,P,.3381620,1266.3951378,1382.2355923,1324.7786340
