Key,BID,ASK,STRIKE,ITYPE,ADJTHEOR,IVBID,IVASK,IVAVERAGE
XCME.ZN.SEP25,110.9531250,110.9687500,INVALID,F,,,,
XCME.ZN1.01AUG25.112:75.P,1.7656250,1.7968750,112.7500000,P,1.7855626,,1840.5252537,1716.7551427
XCME.ZN1.01AUG25.111:75.P,.7812500,.8125000,111.7500000,P,.7865155,,1162.7075435,1011.7987668
