Key,BID,ASK,STRIKE,ITYPE,ADJTHEOR,IVBID,IVASK,IVAVERAGE
XCME.ZN.SEP25,111.5781250,111.5937500,INVALID,F,,,,
XCME.ZN1.01AUG25.110:5.C,1.0781250,1.1093750,110.5000000,C,1.1715316,,,
XCME.ZN1.01AUG25.110:75.C,.8281250,.8593750,110.7500000,C,.9226540,,,
XCME.ZN1.01AUG25.111.P,INVALID,.0156250,111,P,.0084601,,1199.1360545,1035.0335381
XCME.ZN1.01AUG25.113.C,INVALID,.0069999,113,C,.0027098,,1771.8600263,1593.1823516
XCME.ZN1.01AUG25.112:5.C,INVALID,.0069999,112.5000000,C,.0044799,,1194.0560331,1058.7032244
XCME.ZN1.01AUG25.111:5.C,.1718750,.2031250,111.5000000,C,.2363728,335.1672064,633.1453145,500.6390065
