Key,BID,ASK,STRIKE,ITYPE,ADJTHEOR,IVBID,IVASK,IVAVERAGE
XCME.ZN.SEP25,110.9687500,110.9843750,INVALID,F,,,,
XCME.ZN1.01AUG25.111:25.C,.1250000,.1406250,111.2500000,C,.0663826,921.7768553,989.0910262,955.5480539
