Key,BID,ASK,STRIKE,ITYPE,ADJTHEOR,IVBID,IVASK,IVAVERAGE
XCME.ZN.SEP25,112.0625000,112.0781250,INVALID,F,,,,
XCME.ZN1.01AUG25.111:25.C,.8125000,.8437500,111.2500000,C,.8246360,,1980.0877141,1622.4771781
XCME.ZN1.01AUG25.111:75.C,.3125000,.3437500,111.7500000,C,.3257680,,1002.3229804,773.8726152
XCME.ZN1.01AUG25.110:5.C,1.5625000,1.5937500,110.5000000,C,1.5746249,,,
XCME.ZN1.01AUG25.110:75.C,1.3125000,1.3437500,110.7500000,C,1.3246249,,,
XCME.ZN1.01AUG25.111.P,INVALID,.0069999,111,P,0,,,1795.1619821
XCME.ZN1.01AUG25.113.C,INVALID,.0069999,113,C,.0000090,,1765.7014720,1572.4113562
