Key,BID,ASK,STRIKE,ITYPE,ADJTHEOR,IVBID,IVASK,IVAVERAGE
XCME.ZN.SEP25,112.0156250,112.0312500,INVALID,F,,,,
XCME.WY1.06AUG25.110:75.C,1.2656250,1.2968750,110.7500000,C,1.2772500,,779.0776976,691.4353442
XCME.WY1.06AUG25.111:5.P,.0468750,.0625000,111.5000000,P,.0590942,479.1555901,532.9277570,506.6466236
XCME.WY1.06AUG25.111.C,1.0156250,1.0468750,111,C,1.0331644,,659.3696554,580.9813542
XCME.ZN1.01AUG25.112:75.C,INVALID,.0069999,112.7500000,C,.0000261,,1372.8153403,1215.3503861
XCME.ZN1.01AUG25.110:25.C,1.7500000,1.7812500,110.2500000,C,1.7734374,,,
XCME.ZN1.01AUG25.110:25.P,INVALID,.0069999,110.2500000,P,0,,,
XCME.ZN1.01AUG25.110:75.P,INVALID,.0069999,110.7500000,P,0,,,1961.3415607
