Key,BID,ASK,STRIKE,ITYPE,ADJTHEOR,IVBID,IVASK,IVAVERAGE
XCME.ZN.SEP25,110.9218750,110.9375000,INVALID,F,,,,
XCME.ZN1.01AUG25.111.P,.2500000,.2812500,111,P,.1689384,1082.8858775,1244.5972388,1163.7892490
XCME.ZN1.01AUG25.110:75.C,.3125000,.3437500,110.7500000,C,.2345139,1092.2480202,1260.3762743,1176.5966874
