Key,BID,ASK,STRIKE,ITYPE,ADJTHEOR,IVBID,IVASK,IVAVERAGE
XCME.ZN.SEP25,110.9218750,110.9375000,INVALID,F,,,,
XCME.ZN1.01AUG25.112.P,1.0625000,1.0937500,112,P,1.0551185,954.6482459,1359.4422879,1195.3696870
