Key,BID,ASK,STRIKE,ITYPE,ADJTHEOR,IVBID,IVASK,IVAVERAGE
XCME.ZN.SEP25,111.8906250,111.9062500,INVALID,F,,,,
XCME.WY1.06AUG25.112:75.C,.0312500,.0468750,112.7500000,C,.0384279,581.0227299,653.0856409,618.5951235
XCME.WY1.06AUG25.112.C,.1875000,.2187500,112,C,.2080637,515.4619506,585.3797829,550.4483011
XCME.WY1.06AUG25.111.P,.0156250,.0312500,111,P,.0188544,516.9106266,610.3528534,567.4486487
XCME.WY1.06AUG25.112:25.C,.1093750,.1250000,112.2500000,C,.1215294,541.6059546,581.6995374,561.7595044
XCME.WY1.06AUG25.112:5.C,.0625000,.0781250,112.5000000,C,.0680568,572.2179892,623.1959331,598.1286083
XCME.WY1.06AUG25.111:25.P,.0312500,.0468750,111.2500000,P,.0406622,482.3806715,546.8976348,515.8977290
XCME.WY1.06AUG25.111:75.C,.3125000,.3437500,111.7500000,C,.3348765,505.0347990,576.2538281,540.7165776
