Key,BID,ASK,STRIKE,ITYPE,ADJTHEOR,IVBID,IVASK,IVAVERAGE
XCME.ZN.SEP25,110.8437500,110.8593750,INVALID,F,,,,
XCME.ZN1.01AUG25.110.P,.0069999,.0156250,110,P,0,1212.1647764,1424.3273856,1329.7026201
XCME.ZN1.01AUG25.110:75.P,.1718750,.1875000,110.7500000,P,.0551908,1425.3307941,1525.4620216,1475.4315075
