Key,BID,ASK,STRIKE,ITYPE,ADJTHEOR,IVBID,IVASK,IVAVERAGE
XCME.ZN.SEP25,112.0312500,112.0468750,INVALID,F,,,,
XCME.GY1.05AUG25.110:5.P,INVALID,.0069999,110.5000000,P,.0035678,,847.0099830,764.0036056
XCME.GY1.05AUG25.110:75.P,INVALID,.0069999,110.7500000,P,.0045711,,729.9080160,655.6326827
XCME.GY1.05AUG25.111:75.P,.0781250,.0937500,111.7500000,P,.0855389,512.7485828,563.2940163,538.2209115
XCME.GY1.05AUG25.112.P,.1718750,.1875000,112,P,.1804896,517.3476781,560.2009773,538.7765629
XCME.ZN1.01AUG25.112:75.C,INVALID,.0069999,112.7500000,C,.0000205,,1393.7209439,1233.6557369
XCME.ZN1.01AUG25.110:25.C,1.7812500,1.7968750,110.2500000,C,1.7855624,,,
