Key,BID,ASK,STRIKE,ITYPE,ADJTHEOR,IVBID,IVASK,IVAVERAGE
XCME.ZN.SEP25,112.1093750,112.1250000,INVALID,F,,,,
XCME.GY1.05AUG25.110:75.P,.0069999,.0156250,110.7500000,P,.0096740,780.3555862,900.8968019,847.5205724
XCME.GY1.05AUG25.111:75.P,.0781250,.0937500,111.7500000,P,.0940665,590.7712720,644.6284220,617.9561875
XCME.GY1.05AUG25.112.P,.1562500,.1718750,112,P,.1746875,581.3793832,625.7209426,603.5689204
XCME.WY1.06AUG25.110.C,2.1093750,2.1406250,110,C,2.1246853,,1136.9425725,1003.1195219
XCME.WY1.06AUG25.113.P,.8906250,.9375000,113,P,.9234232,451.0717120,725.4479504,616.2967205
XCME.WY1.06AUG25.112:75.C,.0781250,.0937500,112.7500000,C,.0695482,664.0409847,714.3639833,689.5298337
XCME.WY1.06AUG25.112.C,.3281250,.3593750,112,C,.3327437,603.8647220,675.9533329,639.9371251
