Key,BID,ASK,STRIKE,ITYPE,ADJTHEOR,IVBID,IVASK,IVAVERAGE
XCME.ZN.SEP25,112.0781250,112.0937500,INVALID,F,,,,
XCME.VY1.04AUG25.111.C,1.0781250,1.0937500,111,C,1.0961583,,663.4345793,
XCME.VY1.04AUG25.110:5.C,1.5781250,1.5937500,110.5000000,C,1.5958490,,922.5105683,
XCME.VY1.04AUG25.110.C,2.0781250,2.0937500,110,C,2.0965339,,1177.4313141,
XCME.VY1.04AUG25.110:75.C,1.3281250,1.3437500,110.7500000,C,1.3457356,,793.6424252,
XCME.VY1.04AUG25.110.P,INVALID,.0069999,110,P,.0035964,,1532.5365375,1391.6351098
XCME.VY1.04AUG25.111:25.C,.8281250,.8593750,111.2500000,C,.8483233,,849.6071238,665.7031425
