Key,BID,ASK,STRIKE,ITYPE,ADJTHEOR,IVBID,IVASK,IVAVERAGE
XCME.ZN.SEP25,110.9531250,110.9687500,INVALID,F,,,,
XCME.ZN1.01AUG25.110.P,INVALID,.0156250,110,P,.0001101,,1155.1413244,1008.4171899
XCME.ZN1.01AUG25.110:75.P,.1250000,.1562500,110.7500000,P,.0567825,1013.6762043,1170.2666022,1092.3667844
