Key,BID,ASK,STRIKE,ITYPE,ADJTHEOR,IVBID,IVASK,IVAVERAGE
XCME.ZN.SEP25,111.9687500,111.9843750,INVALID,F,,,,
XCME.ZN1.01AUG25.111:75.P,.0312500,.0468750,111.7500000,P,.0411481,762.4003044,908.2789620,837.1724067
XCME.ZN1.01AUG25.110.P,INVALID,.0069999,110,P,,,,
XCME.ZN1.01AUG25.110:5.P,INVALID,.0069999,110.5000000,P,.0039514,,,1886.5709065
XCME.ZN1.01AUG25.112:75.P,.7656250,.7968750,112.7500000,P,.7780919,,1589.4057084,1350.0644830
XCME.ZN1.01AUG25.111:5.P,INVALID,.0156250,111.5000000,P,.0114025,,1006.0024036,853.9974950
XCME.ZN1.01AUG25.111:25.P,INVALID,.0069999,111.2500000,P,.0042003,,1170.1394011,1037.0721439
