Key,BID,ASK,STRIKE,ITYPE,ADJTHEOR,IVBID,IVASK,IVAVERAGE
XCME.ZN.SEP25,111.7968750,111.8125000,INVALID,F,,,,
XCME.ZN1.01AUG25.110:5.C,1.2968750,1.3281250,110.5000000,C,1.3109992,,,1666.4892954
XCME.ZN1.01AUG25.110:75.C,1.0468750,1.0781250,110.7500000,C,1.0606842,,1853.5535297,1391.6576854
XCME.ZN1.01AUG25.111.P,INVALID,.0069999,111,P,.0035512,,1207.0670398,1071.3633141
XCME.ZN1.01AUG25.113.C,INVALID,.0069999,113,C,.0028866,,1668.6465713,1498.4478170
XCME.ZN1.01AUG25.112:5.C,INVALID,.0069999,112.5000000,C,.0054847,,1059.5735154,936.6325211
XCME.ZN1.01AUG25.111:5.C,.3125000,.3437500,111.5000000,C,.3371797,506.1381006,919.3031818,750.9596444
