Key,BID,ASK,STRIKE,ITYPE,ADJTHEOR,IVBID,IVASK,IVAVERAGE
XCME.ZN.SEP25,112.0781250,112.0937500,INVALID,F,,,,
XCME.ZN1.01AUG25.111:5.C,.5781250,.5937500,111.5000000,C,.5825031,,1347.1720401,1230.9743039
XCME.ZN1.01AUG25.113.P,.9062500,.9218750,113,P,.9175738,,1610.1892989,1177.6383128
XCME.ZN1.01AUG25.112:25.P,.1562500,.1875000,112.2500000,P,.1759493,414.6638066,846.2628835,662.5977428
XCME.ZN1.01AUG25.111.C,1.0781250,1.0937500,111,C,1.0824356,,,
XCME.ZN1.01AUG25.112.C,.0937500,.1250000,112,C,.1058634,,515.7594678,390.8843550
XCME.GY1.05AUG25.110.P,INVALID,.0069999,110,P,.0032703,,1099.6193093,998.4825327
XCME.GY1.05AUG25.110:5.C,1.5781250,1.6093750,110.5000000,C,1.5857104,,944.6507123,880.0206274
