Key,BID,ASK,STRIKE,ITYPE,ADJTHEOR,IVBID,IVASK,IVAVERAGE
XCME.ZN.SEP25,111.9687500,111.9843750,INVALID,F,,,,
XCME.ZN1.01AUG25.112:5.P,.4843750,.5156250,112.5000000,P,.4907380,,1290.9279517,1102.3260443
XCME.ZN1.01AUG25.110.C,1.9843750,2.0156250,110,C,2.0113329,,,1980.0845155
XCME.ZN1.01AUG25.112.P,.0625000,.0781250,112,P,.0726549,446.5607662,677.9755175,562.2745060
XCME.ZN1.01AUG25.112:25.C,.0069999,.0156250,112.2500000,C,.0130198,543.2146515,679.6167836,617.1200038
XCME.ZN1.01AUG25.111:25.C,.7343750,.7656250,111.2500000,C,.7619672,,1161.6443549,849.5520072
XCME.ZN1.01AUG25.111:75.C,.2500000,.2656250,111.7500000,C,.2726838,,719.0633904,551.3623188
