Key,BID,ASK,STRIKE,ITYPE,ADJTHEOR,IVBID,IVASK,IVAVERAGE
XCME.ZN.SEP25,112.1250000,112.1406250,INVALID,F,,,,
XCME.GY1.05AUG25.111:5.C,.6562500,.6875000,111.5000000,C,.6634745,607.5169810,754.0661617,684.8612501
XCME.GY1.05AUG25.110.C,2.1250000,2.1562500,110,C,2.1255370,1031.2989614,1513.4391966,1391.0730959
XCME.GY1.05AUG25.111:5.P,.0312500,.0468750,111.5000000,P,.0419754,588.4617187,668.4073725,629.9709192
XCME.GY1.05AUG25.110:25.C,1.8750000,1.9062500,110.2500000,C,1.8761271,925.1157429,1372.4036421,1257.9775123
XCME.GY1.05AUG25.112:75.C,.0468750,.0625000,112.7500000,C,.0502518,673.9929437,744.8838195,710.2946042
XCME.GY1.05AUG25.112:5.C,.0937500,.1093750,112.5000000,C,.0908772,659.0961472,711.7235355,685.6001972
