Key,BID,ASK,STRIKE,ITYPE,ADJTHEOR,IVBID,IVASK,IVAVERAGE
XCME.ZN.SEP25,111.9531250,111.9687500,INVALID,F,,,,
XCME.ZN1.01AUG25.112:75.C,INVALID,.0069999,112.7500000,C,.0045490,,1220.1613682,1080.3948879
XCME.ZN1.01AUG25.110:25.C,1.7031250,1.7343750,110.2500000,C,,,,
XCME.ZN1.01AUG25.110:25.P,INVALID,.0069999,110.2500000,P,,,,
XCME.ZN1.01AUG25.110:75.P,INVALID,.0069999,110.7500000,P,.0029298,,1791.0289933,1608.6556957
XCME.ZN1.01AUG25.111:75.P,.0312500,.0468750,111.7500000,P,.0397021,756.0635461,901.2317763,830.4481030
XCME.ZN1.01AUG25.110.P,INVALID,.0069999,110,P,,,,
XCME.ZN1.01AUG25.110:5.P,INVALID,.0069999,110.5000000,P,.0038831,,,1884.8617763
