Key,BID,ASK,STRIKE,ITYPE,ADJTHEOR,IVBID,IVASK,IVAVERAGE
XCME.ZN.SEP25,111.9375000,111.9531250,INVALID,F,,,,
XCME.WY1.06AUG25.111:75.C,.3281250,.3593750,111.7500000,C,.3352335,496.4049932,569.9012163,533.2789124
XCME.WY1.06AUG25.113.C,.0156250,.0312500,113,C,.0181131,594.7673751,697.5260430,650.4870510
XCME.WY1.06AUG25.110.P,INVALID,.0069999,110,P,.0034406,,843.5100388,764.7339542
XCME.WY1.06AUG25.110:75.P,.0069999,.0156250,110.7500000,P,.0124991,559.6168913,649.3101415,609.4788770
XCME.WY1.06AUG25.112:25.P,.4218750,.4375000,112.2500000,P,.4446479,521.5230569,561.4589465,541.5885492
XCME.WY1.06AUG25.111:25.C,.7031250,.7343750,111.2500000,C,.7168797,423.8213518,574.1011494,507.4277118
