Key,BID,ASK,STRIKE,ITYPE,ADJTHEOR,IVBID,IVASK,IVAVERAGE
XCME.ZN.SEP25,111.0468750,111.0625000,INVALID,F,,,,
XCME.ZN1.01AUG25.112:5.P,1.4375000,1.4687500,112.5000000,P,1.4488747,,1369.5037771,1161.8973568
