Key,BID,ASK,STRIKE,ITYPE,ADJTHEOR,IVBID,IVASK,IVAVERAGE
XCME.ZN.SEP25,112,112.0156250,INVALID,F,,,,
XCME.WY1.06AUG25.112:5.P,.5312500,.5625000,112.5000000,P,.5814991,417.8533596,525.4128619,474.3027003
XCME.WY1.06AUG25.111:5.C,.5625000,.5937500,111.5000000,C,.5727406,502.9641850,599.6135044,552.6857584
XCME.WY1.06AUG25.110:25.P,INVALID,.0069999,110.2500000,P,.0041531,,769.6776992,696.0648232
XCME.WY1.06AUG25.111:75.P,.1093750,.1406250,111.7500000,P,.1382948,472.8922071,549.4395746,511.4456735
XCME.WY1.06AUG25.112:75.P,.7656250,.7968750,112.7500000,P,.7935144,472.2049755,617.6375992,551.9248059
XCME.WY1.06AUG25.110:5.C,1.5000000,1.5312500,110.5000000,C,1.5094264,,871.5259124,774.7868932
