Key,BID,ASK,STRIKE,ITYPE,ADJTHEOR,IVBID,IVASK,IVAVERAGE
XCME.ZN.SEP25,112.0937500,112.1093750,INVALID,F,,,,
XCME.WY1.06AUG25.110:5.P,.0069999,.0156250,110.5000000,P,.0112788,730.9153581,839.5256941,791.4988147
XCME.WY1.06AUG25.110:25.C,1.8437500,1.8750000,110.2500000,C,1.8634300,,988.6062494,846.4148583
XCME.WY1.06AUG25.112:5.P,.5000000,.5312500,112.5000000,P,.5157721,622.4066367,663.8377827,643.2247901
XCME.WY1.06AUG25.111:5.C,.6562500,.6875000,111.5000000,C,.6799129,551.0920092,658.3616285,606.6821448
XCME.WY1.06AUG25.110:25.P,.0069999,.0156250,110.2500000,P,.0083675,825.5232173,944.3709206,891.9781345
XCME.WY1.06AUG25.111:75.P,.1093750,.1406250,111.7500000,P,.1303637,561.2516127,643.2179932,602.6356430
XCME.WY1.06AUG25.112:75.P,.7031250,.7187500,112.7500000,P,.7151588,601.6939077,656.3639611,629.5496497
