Key,BID,ASK,STRIKE,ITYPE,ADJTHEOR,IVBID,IVASK,IVAVERAGE
XCME.ZN.SEP25,111.9218750,111.9375000,INVALID,F,,,,
XCME.GY1.05AUG25.110:5.P,INVALID,.0069999,110.5000000,P,.0038236,,784.4893576,706.8934463
XCME.GY1.05AUG25.110:75.P,INVALID,.0069999,110.7500000,P,.0051339,,667.6401490,599.3574349
XCME.GY1.05AUG25.111:75.P,.1093750,.1406250,111.7500000,P,.1370088,489.8363385,579.4101449,534.8388200
XCME.GY1.05AUG25.112.P,.2343750,.2500000,112,P,.2607627,515.0750124,557.9484063,536.5236049
XCME.WY1.06AUG25.110.C,1.9375000,1.9687500,110,C,1.9253156,957.7189415,1204.5645393,1098.4042043
XCME.WY1.06AUG25.113.P,1.0625000,1.0937500,113,P,1.0962381,,601.4141876,470.5090153
