Key,BID,ASK,STRIKE,ITYPE,ADJTHEOR,IVBID,IVASK,IVAVERAGE
XCME.ZN.SEP25,112.1093750,112.1250000,INVALID,F,,,,
XCME.VY1.04AUG25.111:5.C,.6250000,.6562500,111.5000000,C,.6320262,626.3345518,895.2464585,779.0587073
XCME.VY1.04AUG25.112:25.C,.0937500,.1250000,112.2500000,C,.1026114,592.1877179,720.2423906,656.5428387
XCME.VY1.04AUG25.110:5.P,INVALID,.0069999,110.5000000,P,.0034884,,1257.1499249,1135.5502611
XCME.VY1.04AUG25.112:5.P,.4062500,.4375000,112.5000000,P,.4291262,514.3073449,711.7790818,620.6371979
XCME.VY1.04AUG25.111.C,1.1093750,1.1406250,111,C,1.1189776,,1211.1619915,1067.3276772
XCME.VY1.04AUG25.110:5.C,1.6093750,1.6406250,110.5000000,C,1.6171759,,1612.0634350,1436.5432768
