Key,BID,ASK,STRIKE,ITYPE,ADJTHEOR,IVBID,IVASK,IVAVERAGE
XCME.ZN.SEP25,110.9218750,110.9375000,INVALID,F,,,,
XCME.ZN1.01AUG25.112:5.C,INVALID,.0069999,112.5000000,C,0,,1707.4675394,1541.3867794
XCME.ZN1.01AUG25.112.C,INVALID,.0156250,112,C,.0000124,,1450.5351323,1269.5603799
