Key,BID,ASK,STRIKE,ITYPE,ADJTHEOR,IVBID,IVASK,IVAVERAGE
XCME.ZN.SEP25,112.0156250,112.0312500,INVALID,F,,,,
XCME.VY1.04AUG25.110.C,2,2.0312500,110,C,2.0105880,,1752.5016289,1551.2039918
XCME.VY1.04AUG25.110:75.C,1.2500000,1.2656250,110.7500000,C,1.2598968,,1212.1741237,1056.7811477
XCME.VY1.04AUG25.110.P,INVALID,.0069999,110,P,.0035880,,1412.3605763,1280.5989162
XCME.VY1.04AUG25.111:25.C,.7500000,.7812500,111.2500000,C,.7647220,655.3886399,827.2484422,752.1309310
XCME.VY1.04AUG25.113.P,.9843750,1.0156250,113,P,.9999038,,786.0766424,690.8338771
XCME.VY1.04AUG25.113.C,INVALID,.0156250,113,C,.0069038,,917.2886007,801.4300085
