Key,BID,ASK,STRIKE,ITYPE,ADJTHEOR,IVBID,IVASK,IVAVERAGE
XCME.ZN.SEP25,110.7968750,110.8125000,INVALID,F,,,,
XCME.ZN1.01AUG25.110:25.P,.0312500,.0468750,110.2500000,P,.0009074,1270.2535163,1448.1152843,1362.5067864
XCME.ZN1.01AUG25.110:75.P,.1875000,.2187500,110.7500000,P,.0728585,1406.9678603,1609.0830361,1508.0682615
XCME.ZN1.01AUG25.111:75.P,.9375000,.9687500,111.7500000,P,.9340055,1162.4836196,1865.1346646,1678.0388381
XCME.ZN1.01AUG25.110.P,.0069999,.0156250,110,P,0,1182.9424219,1390.0759933,1297.3097126
XCME.ZN1.01AUG25.110:5.P,.0937500,.1093750,110.5000000,P,.0127535,1387.9253660,1505.4368684,1447.0534957
XCME.ZN1.01AUG25.112:75.P,1.9375000,1.9687500,112.7500000,P,1.9339999,,,
XCME.ZN1.01AUG25.111:5.P,.7031250,.7343750,111.5000000,P,.6842313,1273.3532651,1682.3491964,1497.6415570
