Key,BID,ASK,STRIKE,ITYPE,ADJTHEOR,IVBID,IVASK,IVAVERAGE
XCME.ZN.SEP25,111.7968750,111.8125000,INVALID,F,,,,
XCME.GY1.05AUG25.110.P,INVALID,.0069999,110,P,.0032160,,958.3906544,867.7888344
XCME.GY1.05AUG25.110:5.C,1.2968750,1.3281250,110.5000000,C,1.3482690,,,
XCME.GY1.05AUG25.111.C,.8125000,.8437500,111,C,.8607217,,212.8347775,
XCME.GY1.05AUG25.112:25.C,.0625000,.0781250,112.2500000,C,.0871852,542.2450393,597.3115585,570.1562261
XCME.GY1.05AUG25.111:25.C,.6093750,.6406250,111.2500000,C,.6346257,,135.3773814,
XCME.GY1.05AUG25.111:75.C,.2500000,.2812500,111.7500000,C,.2776599,444.5874463,529.1695439,486.9549843
XCME.GY1.05AUG25.112:5.P,.6875000,.7187500,112.5000000,P,.7002679,790.9528033,906.7892991,850.1957261
