Key,BID,ASK,STRIKE,ITYPE,ADJTHEOR,IVBID,IVASK,IVAVERAGE
XCME.ZN.SEP25,111.9062500,111.9218750,INVALID,F,,,,
XCME.VY1.04AUG25.111:5.P,.0312500,.0468750,111.5000000,P,.0388731,572.6247836,661.6425011,618.6081291
XCME.VY1.04AUG25.112:5.C,.0156250,.0312500,112.5000000,C,.0248737,602.0963666,726.7465715,669.0652878
XCME.VY1.04AUG25.110:25.P,INVALID,.0069999,110.2500000,P,.0028456,,1189.3666259,1075.3773107
XCME.VY1.04AUG25.111.P,INVALID,.0069999,111,P,.0056049,,724.1824383,647.3160029
XCME.VY1.04AUG25.110:75.P,INVALID,.0069999,110.7500000,P,.0032050,,882.7357106,792.7005568
XCME.VY1.04AUG25.112.P,.2031250,.2343750,112,P,.2196006,560.9080228,675.2312428,618.1754447
