Key,BID,ASK,STRIKE,ITYPE,ADJTHEOR,IVBID,IVASK,IVAVERAGE
XCME.ZN.SEP25,110.8437500,110.8593750,INVALID,F,,,,
XCME.ZN1.01AUG25.111.P,.2812500,.3125000,111,P,.1870576,1292.4279340,1494.5302316,1393.7003149
XCME.ZN1.01AUG25.110:75.C,.2656250,.2968750,110.7500000,C,.1711706,1278.6111902,1478.9580200,1378.9405617
