Key,BID,ASK,STRIKE,ITYPE,ADJTHEOR,IVBID,IVASK,IVAVERAGE
XCME.ZN.SEP25,112.1875000,112.2031250,INVALID,F,,,,
XCME.WY1.06AUG25.110:75.C,1.4375000,1.4687500,110.7500000,C,1.4661194,,746.5773435,478.0362495
XCME.WY1.06AUG25.111:5.P,.0312500,.0468750,111.5000000,P,.0441620,530.5558226,599.5837401,566.4475242
XCME.WY1.06AUG25.111.C,1.2031250,1.2187500,111,C,1.2206941,,763.8275020,640.5637861
XCME.GY1.05AUG25.110.P,INVALID,.0069999,110,P,.0036044,,1180.9588589,1072.8370148
XCME.GY1.05AUG25.110:5.C,1.6875000,1.7187500,110.5000000,C,1.7114480,,1027.8437487,
XCME.GY1.05AUG25.111.C,1.1875000,1.2187500,111,C,1.2144552,,773.6942842,
XCME.GY1.05AUG25.112:25.C,.1718750,.2031250,112.2500000,C,.1965163,539.5965580,627.5295510,583.5741528
