Key,BID,ASK,STRIKE,ITYPE,ADJTHEOR,IVBID,IVASK,IVAVERAGE
XCME.ZN.SEP25,110.9375000,110.9531250,INVALID,F,,,,
XCME.ZN1.01AUG25.110:25.C,.7187500,.7343750,110.2500000,C,.7063620,780.6093454,917.8178453,853.6852067
XCME.ZN1.01AUG25.112:75.C,INVALID,.0069999,112.7500000,C,.0000162,,1375.7273416,1245.1921859
