Key,BID,ASK,STRIKE,ITYPE,ADJTHEOR,IVBID,IVASK,IVAVERAGE
XCME.ZN.SEP25,111.9531250,111.9687500,INVALID,F,,,,
XCME.VY1.04AUG25.113.C,INVALID,.0156250,113,C,.0064996,,957.9301069,838.6823559
XCME.VY1.04AUG25.112:25.P,.3437500,.3750000,112.2500000,P,.3651386,478.9587387,635.6965465,560.9481572
XCME.VY1.04AUG25.112.C,.1406250,.1562500,112,C,.1518830,612.7493685,669.6096568,641.1919536
XCME.VY1.04AUG25.112:75.C,.0069999,.0156250,112.7500000,C,.0130972,652.3670407,770.3825159,717.6797424
XCME.VY1.04AUG25.110:25.C,1.7031250,1.7343750,110.2500000,C,1.7031748,1386.4644449,1757.9938316,1640.9983165
XCME.GY1.05AUG25.110.P,INVALID,.0069999,110,P,.0032462,,1007.1052343,912.7153150
XCME.GY1.05AUG25.110:5.C,1.4531250,1.4843750,110.5000000,C,1.4575339,893.8172211,1151.5231503,1070.4367291
