Key,BID,ASK,STRIKE,ITYPE,ADJTHEOR,IVBID,IVASK,IVAVERAGE
XCME.ZN.SEP25,112,112.0156250,INVALID,F,,,,
XCME.WY1.06AUG25.110.P,INVALID,.0069999,110,P,.0034223,,857.0496266,777.0388891
XCME.WY1.06AUG25.110:75.P,.0069999,.0156250,110.7500000,P,.0069489,576.8076603,668.6209639,627.9410777
XCME.WY1.06AUG25.112:25.P,.3906250,.4218750,112.2500000,P,.4001230,543.8381329,618.2236734,581.2035798
XCME.WY1.06AUG25.111:25.C,.7812500,.7968750,111.2500000,C,.7795466,449.2139395,603.5065145,535.2535177
XCME.WY1.06AUG25.110:5.P,INVALID,.0156250,110.5000000,P,.0045910,,774.1391541,684.0646858
XCME.WY1.06AUG25.110:25.C,1.7500000,1.7656250,110.2500000,C,1.7537042,283.4264279,877.1969094,833.0861772
