Key,BID,ASK,STRIKE,ITYPE,ADJTHEOR,IVBID,IVASK,IVAVERAGE
XCME.ZN.SEP25,110.8750000,110.8906250,INVALID,F,,,,
XCME.ZN1.01AUG25.110:5.C,.4375000,.4687500,110.5000000,C,.3904215,1173.6619332,1431.2672253,1305.9305092
XCME.ZN1.01AUG25.111:75.C,.0069999,.0156250,111.7500000,C,.0000225,1203.4269101,1415.2892736,1320.7548607
