Key,BID,ASK,STRIKE,ITYPE,ADJTHEOR,IVBID,IVASK,IVAVERAGE
XCME.ZN.SEP25,110.9218750,110.9375000,INVALID,F,,,,
XCME.ZN1.01AUG25.113.C,INVALID,.0069999,113,C,.000,,1777.8773644,1613.7902249
XCME.ZN1.01AUG25.111:5.C,.0312500,.0625000,111.5000000,C,.0081578,901.4813877,1136.1220291,1025.8960202
