Key,BID,ASK,STRIKE,ITYPE,ADJTHEOR,IVBID,IVASK,IVAVERAGE
XCME.ZN.SEP25,112.1406250,112.1562500,INVALID,F,,,,
XCME.GY1.05AUG25.110:75.C,1.3906250,1.4218750,110.7500000,C,1.4035814,868.6615145,1155.1336639,1035.0506865
XCME.GY1.05AUG25.112:25.P,.2656250,.2812500,112.2500000,P,.2799914,584.2489076,628.7726784,606.5260703
XCME.GY1.05AUG25.113.C,.0156250,.0468750,113,C,.0303259,622.5787493,830.7134725,739.1703861
XCME.GY1.05AUG25.111.P,.0069999,.0156250,111,P,.0130968,679.0904899,788.6269738,739.9221463
XCME.GY1.05AUG25.112.C,.2968750,.3281250,112,C,.3019675,606.2619882,696.3970936,651.4256495
XCME.GY1.05AUG25.111:25.P,.0156250,.0312500,111.2500000,P,.0228483,645.1993445,764.1745180,709.6102626
XCME.GY1.05AUG25.110:25.P,INVALID,.0156250,110.2500000,P,.0051636,,1183.1140262,1052.7099647
