Key,BID,ASK,STRIKE,ITYPE,ADJTHEOR,IVBID,IVASK,IVAVERAGE
XCME.ZN.SEP25,110.9375000,110.9531250,INVALID,F,,,,
XCME.ZN1.01AUG25.110:25.C,.7031250,.7343750,110.2500000,C,.7006041,669.5262372,994.8293845,860.3479495
XCME.ZN1.01AUG25.112:75.C,INVALID,.0069999,112.7500000,C,.0000064,,1448.8888355,1311.5624360
