Key,BID,ASK,STRIKE,ITYPE,ADJTHEOR,IVBID,IVASK,IVAVERAGE
XCME.ZN.SEP25,110.9531250,110.9687500,INVALID,F,,,,
XCME.ZN1.01AUG25.111.P,.2500000,.2812500,111,P,.1710939,1012.7975399,1152.1768170,1082.4985238
XCME.ZN1.01AUG25.110:75.C,.3437500,.3750000,110.7500000,C,.2726113,1003.1656345,1150.5575200,1077.1560434
