Key,BID,ASK,STRIKE,ITYPE,ADJTHEOR,IVBID,IVASK,IVAVERAGE
XCME.ZN.SEP25,112.0312500,112.0468750,INVALID,F,,,,
XCME.WY1.06AUG25.111:25.P,.0156250,.0312500,111.2500000,P,.0255423,469.8554130,558.9867871,517.9715787
XCME.WY1.06AUG25.111:75.C,.3906250,.4062500,111.7500000,C,.3908224,507.5052127,546.9017937,527.2865779
XCME.WY1.06AUG25.113.C,.0156250,.0312500,113,C,.0217392,558.6286363,657.7681760,612.3134676
XCME.WY1.06AUG25.110.P,INVALID,.0069999,110,P,.0043532,,883.1692208,801.0749718
XCME.WY1.06AUG25.110:75.P,.0069999,.0156250,110.7500000,P,.0077094,598.4549543,693.0853680,651.1673458
XCME.WY1.06AUG25.112:25.P,.3593750,.3750000,112.2500000,P,.3599443,521.8034991,559.5165414,540.7049391
XCME.WY1.06AUG25.111:25.C,.7812500,.8125000,111.2500000,C,.8032923,353.5608798,575.8830089,515.6797024
