Key,BID,ASK,STRIKE,ITYPE,ADJTHEOR,IVBID,IVASK,IVAVERAGE
XCME.ZN.SEP25,112.0156250,112.0312500,INVALID,F,,,,
XCME.VY1.04AUG25.112.C,.1406250,.1562500,112,C,.1509224,488.6546063,547.2980195,517.9790569
XCME.VY1.04AUG25.112:75.C,.0069999,.0156250,112.7500000,C,.0091581,625.0379635,740.1136787,688.5982232
XCME.VY1.04AUG25.110:25.C,1.7656250,1.7812500,110.2500000,C,1.7732060,,1414.6664901,1319.4600553
XCME.GY1.05AUG25.110.P,INVALID,.0069999,110,P,.0033052,,1065.0198909,965.7879404
XCME.GY1.05AUG25.110:5.C,1.5156250,1.5312500,110.5000000,C,1.5233843,,908.0121925,844.8923182
XCME.GY1.05AUG25.111.C,1.0156250,1.0468750,111,C,1.0278465,,794.0695636,697.0924025
XCME.GY1.05AUG25.112:25.C,.0937500,.1250000,112.2500000,C,.1077527,509.1883644,603.5831914,556.7936442
