Key,BID,ASK,STRIKE,ITYPE,ADJTHEOR,IVBID,IVASK,IVAVERAGE
XCME.ZN.SEP25,112.1093750,112.1250000,INVALID,F,,,,
XCME.WY1.06AUG25.110:5.P,.0069999,.0156250,110.5000000,P,.0117929,736.8820238,846.1833948,797.8937699
XCME.WY1.06AUG25.110:25.C,1.8593750,1.8906250,110.2500000,C,1.8758573,,1028.0768303,903.7590905
XCME.WY1.06AUG25.112:5.P,.4843750,.5156250,112.5000000,P,.5090967,562.5170141,646.4398480,604.9609088
XCME.WY1.06AUG25.111:5.C,.6875000,.7187500,111.5000000,C,.6915216,627.2958966,727.5255150,678.6828165
XCME.WY1.06AUG25.110:25.P,.0069999,.0156250,110.2500000,P,.0086698,831.5415556,951.1163491,898.3484567
XCME.WY1.06AUG25.111:75.P,.1093750,.1406250,111.7500000,P,.1279158,571.6206457,613.2990142,592.5751999
