Key,BID,ASK,STRIKE,ITYPE,ADJTHEOR,IVBID,IVASK,IVAVERAGE
XCME.ZN.SEP25,110.9218750,110.9375000,INVALID,F,,,,
XCME.ZN1.01AUG25.110:25.C,.7031250,.7343750,110.2500000,C,.7081490,,938.6656787,734.8334922
XCME.ZN1.01AUG25.112:75.C,INVALID,.0069999,112.7500000,C,.0000067,,1443.5191998,1306.5148997
