Key,BID,ASK,STRIKE,ITYPE,ADJTHEOR,IVBID,IVASK,IVAVERAGE
XCME.ZN.SEP25,110.9218750,110.9375000,INVALID,F,,,,
XCME.ZN1.01AUG25.110:25.P,.0156250,.0312500,110.2500000,P,.0005991,1066.6019540,1278.0488707,1180.4715368
XCME.ZN1.01AUG25.110:5.P,.0625000,.0781250,110.5000000,P,.0078198,1201.8497880,1321.6917544,1262.6136988
