Key,BID,ASK,STRIKE,ITYPE,ADJTHEOR,IVBID,IVASK,IVAVERAGE
XCME.ZN.SEP25,112.1250000,112.1406250,INVALID,F,,,,
XCME.WY1.06AUG25.112.P,.1875000,.2187500,112,P,.2095469,601.1623055,637.3910387,619.2866791
XCME.WY1.06AUG25.110:75.C,1.3906250,1.4062500,110.7500000,C,1.3986407,658.0242743,811.0061560,745.8110612
XCME.WY1.06AUG25.111:5.P,.0625000,.0781250,111.5000000,P,.0712167,609.9322588,663.3688098,637.1015423
XCME.WY1.06AUG25.111.C,1.1406250,1.1718750,111,C,1.1574471,558.1942155,787.9029745,694.8596056
XCME.GY1.05AUG25.110.P,INVALID,.0069999,110,P,.0040445,,1134.4082949,1030.3801753
XCME.GY1.05AUG25.110:5.C,1.6250000,1.6562500,110.5000000,C,1.6385505,,1126.4787772,986.2684215
