Key,BID,ASK,STRIKE,ITYPE,ADJTHEOR,IVBID,IVASK,IVAVERAGE
XCME.ZN.SEP25,111.9843750,112,INVALID,F,,,,
XCME.GY1.05AUG25.111:25.C,.7500000,.7812500,111.2500000,C,.7628974,533.0919239,717.5349107,635.8970852
XCME.GY1.05AUG25.111:75.C,.3437500,.3750000,111.7500000,C,.3622999,549.3262962,640.5272052,595.2361833
XCME.GY1.05AUG25.112:5.P,.5625000,.5937500,112.5000000,P,.5795705,566.4088777,689.1571115,630.0886477
XCME.GY1.05AUG25.113.P,1.0156250,1.0312500,113,P,1.0344935,273.9459280,685.5541978,599.4735891
XCME.GY1.05AUG25.112:75.P,.7812500,.8125000,112.7500000,P,.8000614,545.8256070,734.5702372,651.1564671
XCME.GY1.05AUG25.110:75.C,1.2343750,1.2656250,110.7500000,C,1.2379074,298.0750000,931.4425703,836.7345899
