Key,BID,ASK,STRIKE,ITYPE,ADJTHEOR,IVBID,IVASK,IVAVERAGE
XCME.ZN.SEP25,112.1093750,112.1250000,INVALID,F,,,,
XCME.VY1.04AUG25.112.C,.2031250,.2343750,112,C,.2338058,516.3523687,642.9265757,579.9965888
XCME.VY1.04AUG25.112:75.C,.0156250,.0312500,112.7500000,C,.0211254,682.3887305,820.3716970,756.6052134
XCME.VY1.04AUG25.110:25.C,1.8437500,1.8750000,110.2500000,C,1.8740266,,1312.3257406,1006.4095065
XCME.GY1.05AUG25.110.P,INVALID,.0069999,110,P,.0030787,,1127.9743082,1024.7278965
XCME.GY1.05AUG25.110:5.C,1.6093750,1.6406250,110.5000000,C,1.6283011,,1032.6479331,825.0014818
XCME.GY1.05AUG25.111.C,1.1093750,1.1406250,111,C,1.1321307,,769.3514460,603.8321318
XCME.GY1.05AUG25.112:25.C,.1562500,.1875000,112.2500000,C,.1738871,588.9006243,677.4106513,633.2295035
