Key,BID,ASK,STRIKE,ITYPE,ADJTHEOR,IVBID,IVASK,IVAVERAGE
XCME.ZN.SEP25,112,112.0156250,INVALID,F,,,,
XCME.ZN1.01AUG25.111:5.P,INVALID,.0069999,111.5000000,P,.0001326,,1022.9266693,897.2682945
XCME.ZN1.01AUG25.111:25.P,INVALID,.0069999,111.2500000,P,.0000111,,1410.0303866,1251.2719706
XCME.ZN1.01AUG25.112:5.P,.4687500,.5000000,112.5000000,P,.4843659,,1174.7057522,1093.6311158
XCME.ZN1.01AUG25.110.C,2,2.0312500,110,C,2.0156249,,,
XCME.ZN1.01AUG25.112.P,.0312500,.0625000,112,P,.0451969,311.1729618,565.2592405,438.4917778
XCME.ZN1.01AUG25.112:25.C,INVALID,.0069999,112.2500000,C,.0016466,,556.9955410,474.4469146
