Key,BID,ASK,STRIKE,ITYPE,ADJTHEOR,IVBID,IVASK,IVAVERAGE
XCME.ZN.SEP25,112.1250000,112.1406250,INVALID,F,,,,
XCME.WY1.06AUG25.112:75.C,.0625000,.0937500,112.7500000,C,.0769158,600.8414615,704.0430850,653.9464724
XCME.WY1.06AUG25.112.C,.3125000,.3437500,112,C,.3356581,543.8809504,616.9044299,580.4455002
XCME.WY1.06AUG25.111.P,.0156250,.0312500,111,P,.0238765,640.2451754,748.6844259,699.0958152
XCME.WY1.06AUG25.112:25.C,.2031250,.2187500,112.2500000,C,.2108298,584.5267038,620.7404548,602.6416545
XCME.WY1.06AUG25.112:5.C,.1250000,.1406250,112.5000000,C,.1276699,613.3646133,654.2730611,633.9082310
XCME.WY1.06AUG25.111:25.P,.0312500,.0468750,111.2500000,P,.0395075,619.5545689,695.3731647,659.0899337
