Key,BID,ASK,STRIKE,ITYPE,ADJTHEOR,IVBID,IVASK,IVAVERAGE
XCME.ZN.SEP25,112.1406250,112.1562500,INVALID,F,,,,
XCME.WY1.06AUG25.110:5.C,1.6406250,1.6718750,110.5000000,C,1.6714105,,818.2126077,762.4396720
XCME.WY1.06AUG25.112.P,.1875000,.2031250,112,P,.1908580,593.5589654,630.2778860,611.9342875
XCME.WY1.06AUG25.110:75.C,INVALID,INVALID,110.7500000,C,1.4259385,,715.6379890,665.2880249
XCME.WY1.06AUG25.111:5.P,.0468750,.0781250,111.5000000,P,.0642653,570.2326547,683.6486376,629.3065841
XCME.WY1.06AUG25.111.C,1.1562500,1.1875000,111,C,1.1839207,,733.6734719,647.1979135
XCME.GY1.05AUG25.110.P,INVALID,.0069999,110,P,.0039855,,1153.1689600,1047.4341524
XCME.GY1.05AUG25.110:5.C,1.6406250,1.6718750,110.5000000,C,1.6660317,,999.1469893,931.0319115
