Key,BID,ASK,STRIKE,ITYPE,ADJTHEOR,IVBID,IVASK,IVAVERAGE
XCME.ZN.SEP25,110.9218750,110.9375000,INVALID,F,,,,
XCME.ZN1.01AUG25.110.P,INVALID,.0156250,110,P,.0000041,,1482.5613597,1291.4353904
XCME.ZN1.01AUG25.110:75.P,.1250000,.1562500,110.7500000,P,.0385729,1360.5864230,1462.2443759,1411.5104068
