Key,BID,ASK,STRIKE,ITYPE,ADJTHEOR,IVBID,IVASK,IVAVERAGE
XCME.ZN.SEP25,110.8593750,110.8750000,INVALID,F,,,,
XCME.ZN1.01AUG25.110.C,.8750000,.8906250,110,C,.8706975,1010.7871928,1583.4441156,1364.8978401
