Key,BID,ASK,STRIKE,ITYPE,ADJTHEOR,IVBID,IVASK,IVAVERAGE
XCME.ZN.SEP25,112.0312500,112.0468750,INVALID,F,,,,
XCME.GY1.05AUG25.111:25.P,.0069999,.0156250,111.2500000,P,.0154617,487.7064430,683.5558672,602.6687673
XCME.GY1.05AUG25.110:25.P,INVALID,.0069999,110.2500000,P,.0033848,,961.0472026,869.6134009
XCME.GY1.05AUG25.111:5.C,.5468750,.5781250,111.5000000,C,.5751131,366.2388207,559.6271694,478.7216428
XCME.GY1.05AUG25.110.C,2.0312500,2.0625000,110,C,2.0424181,,1322.1950216,1165.4901384
XCME.GY1.05AUG25.111:5.P,.0312500,.0468750,111.5000000,P,.0360505,521.1830982,595.3498922,559.6264533
XCME.GY1.05AUG25.110:25.C,1.7812500,1.8125000,110.2500000,C,1.7924473,,1190.9387752,1045.6072174
