Key,BID,ASK,STRIKE,ITYPE,ADJTHEOR,IVBID,IVASK,IVAVERAGE
XCME.ZN.SEP25,112.0468750,112.0625000,INVALID,F,,,,
XCME.WY1.06AUG25.113.C,.0156250,.0312500,113,C,.0249144,546.0410301,644.1781826,599.2100202
XCME.WY1.06AUG25.110.P,INVALID,.0069999,110,P,.0048310,,898.2314099,815.1463550
XCME.WY1.06AUG25.110:75.P,.0069999,.0156250,110.7500000,P,.0091200,613.3309584,709.4979132,666.9153365
XCME.WY1.06AUG25.112:25.P,.3125000,.3437500,112.2500000,P,.3379560,458.9648337,534.0879948,496.6987152
XCME.WY1.06AUG25.111:25.C,.8125000,.8437500,111.2500000,C,.8355441,365.9126950,593.7109283,508.5339796
XCME.WY1.06AUG25.110:5.P,INVALID,.0156250,110.5000000,P,.0066476,,816.5968786,722.6895355
XCME.WY1.06AUG25.110:25.C,1.7968750,1.8125000,110.2500000,C,1.8144486,,957.3044008,811.8805931
