Key,BID,ASK,STRIKE,ITYPE,ADJTHEOR,IVBID,IVASK,IVAVERAGE
XCME.ZN.SEP25,112.1093750,112.1250000,INVALID,F,,,,
XCME.VY1.04AUG25.112.C,.2187500,.2500000,112,C,.2331678,588.7986565,713.7155699,651.4872264
XCME.VY1.04AUG25.112:75.C,.0156250,.0312500,112.7500000,C,.0210095,685.2522876,823.5839165,759.6631568
XCME.VY1.04AUG25.110:25.C,1.8593750,1.8750000,110.2500000,C,1.8705756,,1430.0858260,1292.5278040
XCME.ZN1.01AUG25.112:75.C,INVALID,.0069999,112.7500000,C,.0000427,,1418.1263430,1252.3056047
XCME.ZN1.01AUG25.110:25.C,1.8437500,1.8750000,110.2500000,C,1.8706875,,,
XCME.ZN1.01AUG25.110:25.P,INVALID,.0069999,110.2500000,P,0,,,
XCME.ZN1.01AUG25.110:75.P,INVALID,.0069999,110.7500000,P,0,,,
