Key,BID,ASK,STRIKE,ITYPE,ADJTHEOR,IVBID,IVASK,IVAVERAGE
XCME.ZN.SEP25,112.1718750,112.1875000,INVALID,F,,,,
XCME.WY1.06AUG25.110:5.P,.0069999,.0156250,110.5000000,P,.0084682,762.8194522,875.6023344,825.8801158
XCME.WY1.06AUG25.110:25.C,1.9062500,1.9375000,110.2500000,C,1.9259641,,980.8114278,932.5311155
XCME.WY1.06AUG25.112:5.P,.4531250,.4687500,112.5000000,P,.4690817,587.6739079,628.1470053,607.9933450
XCME.WY1.06AUG25.111:5.C,.7031250,.7343750,111.5000000,C,.7416949,511.5372889,638.8602729,579.2153116
XCME.WY1.06AUG25.110:25.P,INVALID,.0156250,110.2500000,P,.0040891,,980.8114278,873.0834719
XCME.WY1.06AUG25.111:75.P,.0781250,.1093750,111.7500000,P,.1096857,573.4148905,617.6087472,595.6821599
