Key,BID,ASK,STRIKE,ITYPE,ADJTHEOR,IVBID,IVASK,IVAVERAGE
XCME.ZN.SEP25,112.0781250,112.0937500,INVALID,F,,,,
XCME.GY1.05AUG25.112:25.P,.2812500,.3125000,112.2500000,P,.2944868,523.3749779,613.5800930,568.6503558
XCME.GY1.05AUG25.113.C,.0069999,.0312500,113,C,.0166151,549.6543581,763.3503593,675.7272843
XCME.GY1.05AUG25.111.P,INVALID,.0156250,111,P,.0061301,,745.8839892,653.4555413
XCME.GY1.05AUG25.112.C,.2343750,.2656250,112,C,.2477483,512.2641151,599.5727991,555.9721883
XCME.GY1.05AUG25.111:25.P,.0069999,.0156250,111.2500000,P,.0130050,513.8226289,605.0161777,564.3124644
XCME.GY1.05AUG25.110:25.P,INVALID,.0069999,110.2500000,P,.0031405,,992.6764891,899.3157631
