Key,BID,ASK,STRIKE,ITYPE,ADJTHEOR,IVBID,IVASK,IVAVERAGE
XCME.ZN.SEP25,110.9531250,110.9687500,INVALID,F,,,,
XCME.ZN1.01AUG25.110.P,INVALID,.0156250,110,P,.0000014,,1350.6578915,1178.8236984
XCME.ZN1.01AUG25.110:75.P,.1250000,.1562500,110.7500000,P,.0413838,1180.5972721,1364.0098169,1272.7554809
