Key,BID,ASK,STRIKE,ITYPE,ADJTHEOR,IVBID,IVASK,IVAVERAGE
XCME.ZN.SEP25,111.9375000,111.9531250,INVALID,F,,,,
XCME.ZN1.01AUG25.111:5.P,INVALID,.0069999,111.5000000,P,.0027202,,858.5082136,750.0102707
XCME.ZN1.01AUG25.111:25.P,INVALID,.0069999,111.2500000,P,.0007400,,1221.6246943,1081.3447143
XCME.ZN1.01AUG25.112:5.P,.5312500,.5625000,112.5000000,P,.5521085,,1118.8175245,1020.4557663
XCME.ZN1.01AUG25.110.C,1.9375000,1.9687500,110,C,1.9488123,,,
XCME.ZN1.01AUG25.112.P,.0937500,.1093750,112,P,.1026867,490.5244767,613.2525863,552.1589752
XCME.ZN1.01AUG25.112:25.C,.0069999,.0156250,112.2500000,C,.0060328,629.3489398,779.2712083,710.8871967
