Key,BID,ASK,STRIKE,ITYPE,ADJTHEOR,IVBID,IVASK,IVAVERAGE
XCME.ZN.SEP25,111.8437500,111.8593750,INVALID,F,,,,
XCME.ZN1.01AUG25.110:25.P,INVALID,.0069999,110.2500000,P,.0041733,,,1910.4636603
XCME.ZN1.01AUG25.110:75.P,INVALID,.0069999,110.7500000,P,.0022458,,1543.7668935,1382.1558721
XCME.ZN1.01AUG25.111:75.P,.0781250,.0937500,111.7500000,P,.0912941,771.5338318,879.4498709,825.6267264
XCME.ZN1.01AUG25.110.P,INVALID,.0069999,110,P,,,,
XCME.ZN1.01AUG25.110:5.P,INVALID,.0069999,110.5000000,P,.0027683,,1832.8072589,1648.9149792
XCME.ZN1.01AUG25.112:75.P,.8906250,.9218750,112.7500000,P,.9172829,,1363.4607692,1210.9710898
XCME.ZN1.01AUG25.111:5.P,.0069999,.0312500,111.5000000,P,.0275089,604.0911297,926.2983031,787.7831051
