Key,BID,ASK,STRIKE,ITYPE,ADJTHEOR,IVBID,IVASK,IVAVERAGE
XCME.ZN.SEP25,111.9531250,111.9687500,INVALID,F,,,,
XCME.WY1.06AUG25.113.C,.0156250,.0312500,113,C,.0236050,587.6821369,689.5786413,642.9135712
XCME.WY1.06AUG25.110.P,INVALID,.0069999,110,P,.0045113,,849.4468372,770.0804443
XCME.WY1.06AUG25.110:75.P,.0069999,.0156250,110.7500000,P,.0106295,565.7286751,656.2606633,616.0773297
XCME.WY1.06AUG25.112:25.P,.4062500,.4375000,112.2500000,P,.4186099,510.9644756,589.4920094,550.5525871
XCME.WY1.06AUG25.111:25.C,.7343750,.7500000,111.2500000,C,.7402028,512.4640109,580.3230232,547.7861691
XCME.WY1.06AUG25.110:5.P,.0069999,.0156250,110.5000000,P,.0070450,662.2455142,763.2862286,718.6659259
XCME.WY1.06AUG25.110:25.C,1.7031250,1.7187500,110.2500000,C,1.7092915,,859.3967843,813.6393524
