Key,BID,ASK,STRIKE,ITYPE,ADJTHEOR,IVBID,IVASK,IVAVERAGE
XCME.ZN.SEP25,112.1250000,112.1406250,INVALID,F,,,,
XCME.VY1.04AUG25.111.C,1.1250000,1.1562500,111,C,1.1402581,,873.3072664,660.0023454
XCME.VY1.04AUG25.110:5.C,1.6093750,1.6406250,110.5000000,C,1.6394774,,,
XCME.VY1.04AUG25.110.C,2.1093750,2.1406250,110,C,2.1399683,,,
XCME.VY1.04AUG25.110:75.C,1.3437500,1.3750000,110.7500000,C,1.3895088,,,
XCME.VY1.04AUG25.110.P,INVALID,.0069999,110,P,.0036558,,1601.4074760,1454.6519940
XCME.VY1.04AUG25.111:25.C,.8593750,.8906250,111.2500000,C,.8934755,,699.6906038,513.3236655
XCME.VY1.04AUG25.113.P,.8750000,.9062500,113,P,.8761523,818.4866443,1136.4728065,1001.1518018
