Key,BID,ASK,STRIKE,ITYPE,ADJTHEOR,IVBID,IVASK,IVAVERAGE
XCME.ZN.SEP25,112.0937500,112.1093750,INVALID,F,,,,
XCME.VY1.04AUG25.112.C,.2187500,.2500000,112,C,.2205851,626.8212172,750.1706186,688.6388586
XCME.VY1.04AUG25.112:75.C,.0156250,.0312500,112.7500000,C,.0180329,698.4544971,838.3218313,773.7478921
XCME.VY1.04AUG25.110:25.C,1.8437500,1.8750000,110.2500000,C,1.8548931,,1726.5754916,1517.4550551
XCME.WY1.06AUG25.110.C,2.1093750,2.1406250,110,C,2.1119416,857.6490517,1231.1847090,1094.9474733
XCME.WY1.06AUG25.113.P,.9062500,.9375000,113,P,.9363902,490.2992397,677.8665981,598.1442937
XCME.WY1.06AUG25.112:75.C,.0625000,.0781250,112.7500000,C,.0705304,617.2129563,670.8062087,644.4633361
XCME.WY1.06AUG25.112.C,.3125000,.3437500,112,C,.3284965,582.6227260,654.4386824,618.5554837
