Key,BID,ASK,STRIKE,ITYPE,ADJTHEOR,IVBID,IVASK,IVAVERAGE
XCME.ZN.SEP25,112.1250000,112.1406250,INVALID,F,,,,
XCME.GY1.05AUG25.110:75.C,1.3750000,1.4062500,110.7500000,C,1.3911778,,988.5324075,860.8629857
XCME.GY1.05AUG25.112:25.P,.2812500,.3125000,112.2500000,P,.2942933,603.5670039,691.9868899,647.8376762
XCME.GY1.05AUG25.113.C,.0156250,.0312500,113,C,.0312538,624.5534403,740.9261689,687.5585555
XCME.GY1.05AUG25.111.P,.0069999,.0312500,111,P,.0131494,667.6505981,907.0491764,809.3693113
XCME.GY1.05AUG25.112.C,.2812500,.3125000,112,C,.3010774,577.1730230,666.2975668,621.8249520
XCME.GY1.05AUG25.111:25.P,.0156250,.0312500,111.2500000,P,.0238718,633.0168225,750.1240490,696.3848651
XCME.GY1.05AUG25.110:25.P,INVALID,.0069999,110.2500000,P,.0047966,,1020.6746308,924.7665002
