Key,BID,ASK,STRIKE,ITYPE,ADJTHEOR,IVBID,IVASK,IVAVERAGE
XCME.ZN.SEP25,112.1093750,112.1250000,INVALID,F,,,,
XCME.GY1.05AUG25.112:75.P,.6718750,.7031250,112.7500000,P,.6836009,595.9099819,746.3070315,675.7912171
XCME.GY1.05AUG25.110:75.C,1.3437500,1.3906250,110.7500000,C,1.3831821,340.3655518,1035.6246572,891.8879840
XCME.GY1.05AUG25.112:25.P,.2812500,.3281250,112.2500000,P,.3011543,605.1334988,649.5554997,627.3684240
XCME.GY1.05AUG25.113.C,.0156250,.0312500,113,C,.0330268,635.4131009,752.4499516,698.8059993
XCME.GY1.05AUG25.111.P,.0069999,.0312500,111,P,.0127812,652.7090496,888.1132412,792.0398582
XCME.GY1.05AUG25.112.C,.2812500,.3125000,112,C,.2947703,613.0311873,656.9028396,634.9806569
