Key,BID,ASK,STRIKE,ITYPE,ADJTHEOR,IVBID,IVASK,IVAVERAGE
XCME.ZN.SEP25,111.9062500,111.9218750,INVALID,F,,,,
XCME.ZN1.01AUG25.111:25.C,.6562500,.6718750,111.2500000,C,.6538344,1068.9294449,1378.5726108,1243.9674791
XCME.ZN1.01AUG25.111:75.C,.2031250,.2343750,111.7500000,C,.2090848,782.1684151,1020.3108530,902.8677664
XCME.ZN1.01AUG25.110:5.C,1.4062500,1.4375000,110.5000000,C,1.4022743,,,
XCME.ZN1.01AUG25.110:75.C,1.1562500,1.1875000,110.7500000,C,1.1511593,1704.6079288,,
XCME.ZN1.01AUG25.111.P,INVALID,.0069999,111,P,.0027675,,1368.8253251,1223.1736277
XCME.ZN1.01AUG25.113.C,INVALID,.0069999,113,C,.0025818,,1612.6108999,1444.2685250
XCME.ZN1.01AUG25.112:5.C,INVALID,.0069999,112.5000000,C,.0068572,,987.7866161,871.1857462
