Key,BID,ASK,STRIKE,ITYPE,ADJTHEOR,IVBID,IVASK,IVAVERAGE
XCME.ZN.SEP25,111.9843750,112,INVALID,F,,,,
XCME.GY1.05AUG25.112:75.P,.7812500,.8125000,112.7500000,P,.7951431,473.3567875,605.3837172,548.2980938
XCME.GY1.05AUG25.110:75.C,1.2187500,1.2500000,110.7500000,C,1.2472993,,864.5485363,749.3816152
XCME.GY1.05AUG25.112:25.P,.3750000,.3906250,112.2500000,P,.3794613,561.2416235,608.3517651,584.9139715
XCME.GY1.05AUG25.113.C,.0156250,.0312500,113,C,.0211466,687.8988766,807.8722051,752.9218302
XCME.GY1.05AUG25.111.P,.0069999,.0156250,111,P,.0093266,566.0844824,661.8198863,619.1630972
XCME.GY1.05AUG25.112.C,.2031250,.2343750,112,C,.2148098,571.8662934,655.1947944,613.5328890
