Key,BID,ASK,STRIKE,ITYPE,ADJTHEOR,IVBID,IVASK,IVAVERAGE
XCME.ZN.SEP25,112.1093750,112.1250000,INVALID,F,,,,
XCME.GY1.05AUG25.113.P,.8906250,.9218750,113,P,.9100725,599.4227459,823.3419025,727.4032419
XCME.GY1.05AUG25.112:75.P,.6718750,.7031250,112.7500000,P,.6815866,655.6506673,794.1293123,727.9604723
XCME.GY1.05AUG25.110:75.C,1.3593750,1.3906250,110.7500000,C,1.3797708,,943.4853350,791.9429358
XCME.GY1.05AUG25.112:25.P,.2968750,.3125000,112.2500000,P,.2984452,586.2322777,675.4003640,630.8972586
XCME.GY1.05AUG25.113.C,.0156250,.0312500,113,C,.0315725,633.2802658,842.6520971,750.6453947
XCME.GY1.05AUG25.111.P,.0069999,.0312500,111,P,.0129422,664.1815597,902.9213128,805.4701410
XCME.GY1.05AUG25.112.C,.2812500,.2968750,112,C,.2907794,598.0929725,642.5862508,620.3584945
