Key,BID,ASK,STRIKE,ITYPE,ADJTHEOR,IVBID,IVASK,IVAVERAGE
XCME.ZN.SEP25,111.8437500,111.8593750,INVALID,F,,,,
XCME.VY1.04AUG25.111:5.C,.3750000,.4062500,111.5000000,C,.3912462,504.9538741,664.0763633,588.3256904
XCME.VY1.04AUG25.112:25.C,.0312500,.0625000,112.2500000,C,.0419560,563.0905827,730.3757941,651.0819377
XCME.VY1.04AUG25.110:5.P,INVALID,.0069999,110.5000000,P,.0020523,,989.9776078,890.8383503
XCME.VY1.04AUG25.112:5.P,.6562500,.6875000,112.5000000,P,.6713535,213.3506616,784.7041730,654.1733600
XCME.VY1.04AUG25.111.C,.8281250,.8593750,111,C,.8490584,,792.7092873,745.4906421
XCME.VY1.04AUG25.110:5.C,1.3281250,1.3593750,110.5000000,C,1.3458023,,1143.7692419,1082.5772001
