Key,BID,ASK,STRIKE,ITYPE,ADJTHEOR,IVBID,IVASK,IVAVERAGE
XCME.ZN.SEP25,112.0781250,112.0937500,INVALID,F,,,,
XCME.VY1.04AUG25.113.P,.9062500,.9375000,113,P,.9122378,,1045.9847826,927.6836208
XCME.VY1.04AUG25.113.C,INVALID,.0069999,113,C,.0051753,,758.2068811,674.2813972
XCME.VY1.04AUG25.112:25.P,.2187500,.2500000,112.2500000,P,.2323665,475.0353829,606.3032887,541.4543549
XCME.VY1.04AUG25.112.C,.1718750,.1875000,112,C,.1898300,455.6183193,517.6497184,486.7169626
XCME.VY1.04AUG25.112:75.C,.0069999,.0156250,112.7500000,C,.0098806,587.8358312,698.2053982,648.7244829
XCME.VY1.04AUG25.110:25.C,1.8281250,1.8437500,110.2500000,C,1.8461786,,1051.1525972,
