Key,BID,ASK,STRIKE,ITYPE,ADJTHEOR,IVBID,IVASK,IVAVERAGE
XCME.ZN.SEP25,111.9375000,111.9531250,INVALID,F,,,,
XCME.WY1.06AUG25.112.P,.2656250,.2812500,112,P,.2682252,548.7374756,618.1413070,583.4424040
XCME.WY1.06AUG25.110:75.C,1.2031250,1.2343750,110.7500000,C,1.2230124,,522.9586004,394.1952089
XCME.WY1.06AUG25.111:5.P,.0625000,.0937500,111.5000000,P,.0747989,491.0980508,584.0596920,538.7559254
XCME.WY1.06AUG25.111.C,.9531250,.9843750,111,C,.9805788,,576.1313117,480.3921132
XCME.VY1.04AUG25.111:75.P,.0781250,.0937500,111.7500000,P,.0823385,588.5798834,652.3288752,620.6584201
XCME.VY1.04AUG25.111:75.C,.2656250,.2968750,111.7500000,C,.2967757,473.4212564,606.3419647,541.2333794
