Key,BID,ASK,STRIKE,ITYPE,ADJTHEOR,IVBID,IVASK,IVAVERAGE
XCME.ZN.SEP25,110.9218750,110.9375000,INVALID,F,,,,
XCME.ZN1.01AUG25.110:5.C,.5000000,.5312500,110.5000000,C,.4693624,632.9145964,937.2806825,798.0843755
XCME.ZN1.01AUG25.111:75.C,.0156250,.0312500,111.7500000,C,.0026329,886.1987245,1052.4645098,976.0116076
