Key,BID,ASK,STRIKE,ITYPE,ADJTHEOR,IVBID,IVASK,IVAVERAGE
XCME.ZN.SEP25,111.9531250,111.9687500,INVALID,F,,,,
XCME.WY1.06AUG25.111:25.P,.0312500,.0468750,111.2500000,P,.0324766,519.6315471,586.8432556,554.5899477
XCME.WY1.06AUG25.111:75.C,.3593750,.3906250,111.7500000,C,.3686815,518.6488098,592.3167280,555.6321179
XCME.WY1.06AUG25.113.C,.0156250,.0312500,113,C,.0268081,576.0290607,676.2603290,630.3545132
XCME.WY1.06AUG25.110.P,INVALID,.0069999,110,P,.0000278,,847.1443534,767.9564923
XCME.WY1.06AUG25.110:75.P,.0069999,.0156250,110.7500000,P,.0035006,566.0874687,656.5607305,616.4222000
XCME.WY1.06AUG25.112:25.P,.4062500,.4375000,112.2500000,P,.4209343,531.9114902,608.1713457,570.2851976
XCME.WY1.06AUG25.111:25.C,.7500000,.7656250,111.2500000,C,.7512266,519.6315471,586.8432556,554.5899477
