Key,BID,ASK,STRIKE,ITYPE,ADJTHEOR,IVBID,IVASK,IVAVERAGE
XCME.ZN.SEP25,110.9687500,110.9843750,INVALID,F,,,,
XCME.ZN1.01AUG25.110:25.C,.7343750,.7656250,110.2500000,C,.7201800,950.5042353,1286.2109989,1137.5514152
XCME.ZN1.01AUG25.112:75.C,INVALID,.0069999,112.7500000,C,0,,1713.8441387,1550.6525275
