Key,BID,ASK,STRIKE,ITYPE,ADJTHEOR,IVBID,IVASK,IVAVERAGE
XCME.ZN.SEP25,112.0625000,112.0781250,INVALID,F,,,,
XCME.VY1.04AUG25.112:75.P,.6718750,.7031250,112.7500000,P,.6812030,430.3671271,856.3497324,718.0612666
XCME.VY1.04AUG25.111:25.P,INVALID,.0069999,111.2500000,P,.0057790,,703.6903926,625.1037738
XCME.VY1.04AUG25.111:5.P,.0069999,.0156250,111.5000000,P,.0136251,529.6854510,632.8044123,586.4416643
XCME.VY1.04AUG25.112:5.C,.0156250,.0312500,112.5000000,C,.0277159,499.2178146,614.6362199,560.8406972
XCME.VY1.04AUG25.110:25.P,INVALID,.0069999,110.2500000,P,.0031825,,1366.8837468,1238.1686603
XCME.VY1.04AUG25.111.P,INVALID,.0069999,111,P,.0031633,,880.1435947,788.8046144
XCME.VY1.04AUG25.110:75.P,INVALID,.0069999,110.7500000,P,.0026581,,1045.8576655,941.0348507
