Key,BID,ASK,STRIKE,ITYPE,ADJTHEOR,IVBID,IVASK,IVAVERAGE
XCME.ZN.SEP25,112.0312500,112.0468750,INVALID,F,,,,
XCME.VY1.04AUG25.113.C,INVALID,.0069999,113,C,.0051388,,782.9523811,699.1810471
XCME.VY1.04AUG25.112:25.P,.2656250,.2968750,112.2500000,P,.2750386,502.2335360,638.0600928,571.3840914
XCME.VY1.04AUG25.112.C,.1562500,.1718750,112,C,.1620224,506.4433365,565.0481822,535.7552725
XCME.VY1.04AUG25.112:75.C,.0069999,.0156250,112.7500000,C,.0098101,610.2799848,723.1254331,672.6006258
XCME.VY1.04AUG25.110:25.C,1.7812500,1.7968750,110.2500000,C,1.7922205,,1336.3294587,1206.6302827
XCME.WY1.06AUG25.110.C,2.0312500,2.0625000,110,C,2.0395096,,1118.0857557,1002.3743329
XCME.WY1.06AUG25.113.P,.9687500,1,113,P,.9921128,436.3042469,674.1194018,583.8029030
