Key,BID,ASK,STRIKE,ITYPE,ADJTHEOR,IVBID,IVASK,IVAVERAGE
XCME.ZN.SEP25,112.1093750,112.1250000,INVALID,F,,,,
XCME.WY1.06AUG25.111.P,.0156250,.0312500,111,P,.0241694,633.3789086,741.0179370,691.7814962
XCME.WY1.06AUG25.112:25.C,.2031250,.2187500,112.2500000,C,.2113147,599.9906889,636.3275832,618.1688390
XCME.WY1.06AUG25.112:5.C,.1250000,.1406250,112.5000000,C,.1296224,625.4634890,666.6380120,646.1443237
XCME.WY1.06AUG25.111:25.P,.0312500,.0468750,111.2500000,P,.0409912,611.6297718,686.8577853,650.8436001
XCME.WY1.06AUG25.111:75.C,.4843750,.5000000,111.7500000,C,.4951310,588.0864678,629.7356308,609.0226758
XCME.WY1.06AUG25.113.C,.0312500,.0625000,113,C,.0493823,616.8074777,758.1638938,692.4018001
