Key,BID,ASK,STRIKE,ITYPE,ADJTHEOR,IVBID,IVASK,IVAVERAGE
XCME.ZN.SEP25,112.1093750,112.1250000,INVALID,F,,,,
XCME.VY1.04AUG25.111:5.C,.6250000,.6562500,111.5000000,C,.6255852,695.9406668,929.0432030,823.3694589
XCME.VY1.04AUG25.112:25.C,.0937500,.1250000,112.2500000,C,.1048522,597.2858216,724.4900061,661.2339911
XCME.VY1.04AUG25.110:5.P,INVALID,.0069999,110.5000000,P,.0050287,,1238.5380027,1118.8333535
XCME.VY1.04AUG25.112:5.P,.4062500,.4375000,112.5000000,P,.4401170,450.1890565,668.5809579,571.7454026
XCME.VY1.04AUG25.111.C,1.1093750,1.1406250,111,C,1.1120816,814.4971670,1269.4695155,1148.7368204
XCME.VY1.04AUG25.110:5.C,1.6093750,1.6406250,110.5000000,C,1.6109037,1118.8333535,1682.1860855,1536.6053922
