Key,BID,ASK,STRIKE,ITYPE,ADJTHEOR,IVBID,IVASK,IVAVERAGE
XCME.ZN.SEP25,112.0156250,112.0312500,INVALID,F,,,,
XCME.VY1.04AUG25.112:75.P,.7187500,.7500000,112.7500000,P,.7324780,,842.7119519,730.1435466
XCME.VY1.04AUG25.111:25.P,INVALID,.0069999,111.2500000,P,.0055557,,662.2453842,587.9529074
XCME.VY1.04AUG25.111:5.P,.0069999,.0156250,111.5000000,P,.0139044,482.8967113,580.0020567,536.2369649
XCME.VY1.04AUG25.112:5.C,.0156250,.0312500,112.5000000,C,.0210792,536.0151222,654.8512177,599.5997488
XCME.VY1.04AUG25.110:25.P,INVALID,.0069999,110.2500000,P,.0031758,,1312.2356123,1187.0555652
XCME.VY1.04AUG25.111.P,INVALID,.0069999,111,P,.0033417,,829.0124351,740.6318656
