Key,BID,ASK,STRIKE,ITYPE,ADJTHEOR,IVBID,IVASK,IVAVERAGE
XCME.ZN.SEP25,111.8750000,111.8906250,INVALID,F,,,,
XCME.WY1.06AUG25.111:25.P,.0312500,.0625000,111.2500000,P,.0503470,462.3247094,581.0649658,525.3284406
XCME.WY1.06AUG25.111:75.C,.2968750,.3281250,111.7500000,C,.3042692,520.8147678,591.0081472,555.9476003
XCME.WY1.06AUG25.113.C,.0156250,.0312500,113,C,.0193844,618.5499223,723.9052988,675.7856819
XCME.WY1.06AUG25.110.P,INVALID,.0069999,110,P,.0044976,,806.6012722,730.7236248
XCME.WY1.06AUG25.110:75.P,.0069999,.0156250,110.7500000,P,.0125672,524.6453517,609.8413966,571.9664381
XCME.WY1.06AUG25.112:25.P,.4843750,.5000000,112.2500000,P,.4926288,539.4798176,581.0241591,560.3951059
XCME.WY1.06AUG25.111:25.C,.6562500,.6718750,111.2500000,C,.6640345,508.8537199,618.6172403,566.1994665
