Key,BID,ASK,STRIKE,ITYPE,ADJTHEOR,IVBID,IVASK,IVAVERAGE
XCME.ZN.SEP25,112.0312500,112.0468750,INVALID,F,,,,
XCME.VY1.04AUG25.113.C,INVALID,.0069999,113,C,.0050756,,784.4724341,700.4030059
XCME.VY1.04AUG25.112:25.P,.2656250,.2812500,112.2500000,P,.2715115,516.2483440,584.8903653,550.9088789
XCME.VY1.04AUG25.112.C,.1562500,.1718750,112,C,.1629891,501.6919780,560.6611192,531.1885006
XCME.VY1.04AUG25.112:75.C,.0069999,.0156250,112.7500000,C,.0096783,610.8361204,723.9140583,673.2782760
XCME.VY1.04AUG25.110:25.C,1.7812500,1.8125000,110.2500000,C,1.7957303,,1586.2731031,1355.8010956
XCME.ZN1.01AUG25.112:75.C,INVALID,.0069999,112.7500000,C,.0000314,,1357.7724441,1202.0483346
XCME.ZN1.01AUG25.110:25.C,1.7812500,1.8125000,110.2500000,C,1.7855624,,,
