Key,BID,ASK,STRIKE,ITYPE,ADJTHEOR,IVBID,IVASK,IVAVERAGE
XCME.ZN.SEP25,112.2031250,112.2187500,INVALID,F,,,,
XCME.VY1.04AUG25.111:5.C,.7031250,.7343750,111.5000000,C,.7232325,,819.0009737,673.1887843
XCME.VY1.04AUG25.112:25.C,.1250000,.1406250,112.2500000,C,.1311748,561.6397324,623.6853510,592.6697823
XCME.VY1.04AUG25.110:5.P,INVALID,.0069999,110.5000000,P,.0030788,,1342.9184521,1214.3878772
XCME.VY1.04AUG25.112:5.P,.3281250,.3593750,112.5000000,P,.3385738,560.9312917,719.6812499,642.7627981
XCME.VY1.04AUG25.111.C,1.2031250,1.2343750,111,C,1.2176852,,1228.0994525,1033.9220025
XCME.VY1.04AUG25.110:5.C,1.7031250,1.7343750,110.5000000,C,1.7175163,,1614.7184218,1377.7324397
