Key,BID,ASK,STRIKE,ITYPE,ADJTHEOR,IVBID,IVASK,IVAVERAGE
XCME.ZN.SEP25,111.0781250,111.0937500,INVALID,F,,,,
XCME.ZN1.01AUG25.112:5.C,INVALID,.0069999,112.5000000,C,.0000862,,1102.0161359,992.6992612
XCME.ZN1.01AUG25.112.C,.0069999,.0156250,112,C,.0024678,758.5150326,891.0331220,831.9436078
