Key,BID,ASK,STRIKE,ITYPE,ADJTHEOR,IVBID,IVASK,IVAVERAGE
XCME.ZN.SEP25,110.9218750,110.9375000,INVALID,F,,,,
XCME.ZN1.01AUG25.110:25.C,.6875000,.7187500,110.2500000,C,.6868152,641.4653224,1034.1676249,882.1695890
XCME.ZN1.01AUG25.112:75.C,INVALID,.0069999,112.7500000,C,.0000013,,1575.2973831,1426.0646338
