Key,BID,ASK,STRIKE,ITYPE,ADJTHEOR,IVBID,IVASK,IVAVERAGE
XCME.ZN.SEP25,111.0625000,111.0781250,INVALID,F,,,,
XCME.ZN1.01AUG25.111.P,.2031250,.2187500,111,P,.1394195,906.0793635,966.6826978,936.3868654
XCME.ZN1.01AUG25.110:75.C,.4218750,.4375000,110.7500000,C,.3715213,813.8413809,954.2110085,884.8762279
