Key,BID,ASK,STRIKE,ITYPE,ADJTHEOR,IVBID,IVASK,IVAVERAGE
XCME.ZN.SEP25,112.1250000,112.1406250,INVALID,F,,,,
XCME.WY1.06AUG25.110:5.P,.0069999,.0156250,110.5000000,P,.0111650,740.1073261,849.7331050,801.2874654
XCME.WY1.06AUG25.110:25.C,1.8750000,1.9062500,110.2500000,C,1.8876247,,1061.3346716,949.7713304
XCME.WY1.06AUG25.112:5.P,.4843750,.5156250,112.5000000,P,.4980696,585.3225839,667.3014705,626.6984758
XCME.WY1.06AUG25.111:5.C,.6875000,.7187500,111.5000000,C,.7004936,591.2702753,696.5156855,645.5814390
XCME.WY1.06AUG25.110:25.P,.0069999,.0156250,110.2500000,P,.0083122,834.5751843,954.2907668,901.4901269
XCME.WY1.06AUG25.111:75.P,.1093750,.1250000,111.7500000,P,.1235187,579.9084108,621.7248556,600.9373379
XCME.WY1.06AUG25.112:75.P,.6875000,.7031250,112.7500000,P,.6953083,616.8046098,668.8481777,643.2344227
