Key,BID,ASK,STRIKE,ITYPE,ADJTHEOR,IVBID,IVASK,IVAVERAGE
XCME.ZN.SEP25,111.9375000,111.9531250,INVALID,F,,,,
XCME.WY1.06AUG25.110:5.C,1.4375000,1.4687500,110.5000000,C,1.4452446,,747.6762427,706.5952378
XCME.WY1.06AUG25.112.P,.2656250,.2812500,112,P,.2716199,521.5796849,556.6662952,539.1259581
XCME.WY1.06AUG25.110:75.C,1.1875000,1.2187500,110.7500000,C,1.1989678,,752.3615550,673.4319899
XCME.WY1.06AUG25.111:5.P,.0625000,.0937500,111.5000000,P,.0787996,477.8987214,570.2130126,525.1880025
XCME.WY1.06AUG25.111.C,.9531250,.9843750,111,C,.9575122,532.1528962,706.8023425,630.4379265
XCME.ZN1.01AUG25.112:75.C,INVALID,.0069999,112.7500000,C,.0000642,,1361.3712491,1206.3103833
XCME.ZN1.01AUG25.110:25.C,1.6718750,1.7031250,110.2500000,C,1.6909998,,,
