Key,BID,ASK,STRIKE,ITYPE,ADJTHEOR,IVBID,IVASK,IVAVERAGE
XCME.ZN.SEP25,112.1250000,112.1406250,INVALID,F,,,,
XCME.VY1.04AUG25.112:75.P,.6250000,.6562500,112.7500000,P,.6350559,630.8240949,900.8266541,784.1233728
XCME.VY1.04AUG25.111:25.P,.0069999,.0156250,111.2500000,P,.0076171,761.0850518,895.1194766,835.3397538
XCME.VY1.04AUG25.111:5.P,.0069999,.0312500,111.5000000,P,.0157403,585.9522993,838.7624272,733.4225219
XCME.VY1.04AUG25.112:5.C,.0468750,.0625000,112.5000000,C,.0487244,666.4273953,750.6025208,709.3186131
XCME.VY1.04AUG25.110:25.P,INVALID,.0069999,110.2500000,P,.0033843,,1441.0735362,1305.8781892
XCME.VY1.04AUG25.111.P,INVALID,.0069999,111,P,.0043428,,943.6240559,846.8393214
XCME.VY1.04AUG25.110:75.P,INVALID,.0069999,110.7500000,P,.0034557,,1112.7467271,1002.4215489
