Key,BID,ASK,STRIKE,ITYPE,ADJTHEOR,IVBID,IVASK,IVAVERAGE
XCME.ZN.SEP25,112.1093750,112.1250000,INVALID,F,,,,
XCME.WY1.06AUG25.110:5.P,.0069999,.0156250,110.5000000,P,.0123837,729.5285496,837.9285030,789.9725573
XCME.WY1.06AUG25.110:25.C,1.8750000,1.9062500,110.2500000,C,1.8650103,986.7743204,1213.8090299,1113.6861288
XCME.WY1.06AUG25.112:5.P,.4843750,.5156250,112.5000000,P,.5188969,535.4480636,621.2307871,578.9476590
XCME.WY1.06AUG25.111:5.C,.6875000,.7187500,111.5000000,C,.6791961,657.0754274,752.9081720,705.9746737
XCME.WY1.06AUG25.110:25.P,.0069999,.0156250,110.2500000,P,.0099478,823.9273681,942.4722860,890.1737957
XCME.WY1.06AUG25.111:75.P,.1093750,.1406250,111.7500000,P,.1306335,560.3330081,642.1253580,601.6287188
