Key,BID,ASK,STRIKE,ITYPE,ADJTHEOR,IVBID,IVASK,IVAVERAGE
XCME.ZN.SEP25,112.0156250,112.0312500,INVALID,F,,,,
XCME.VY1.04AUG25.111:5.C,.5156250,.5468750,111.5000000,C,.5145995,585.9003958,791.8351696,697.5721484
XCME.VY1.04AUG25.112:25.C,.0468750,.0781250,112.2500000,C,.0586118,513.5129604,656.4661730,586.8125700
XCME.VY1.04AUG25.110:5.P,INVALID,.0069999,110.5000000,P,.0025795,,1123.5115372,1012.8587346
XCME.VY1.04AUG25.112:5.P,.5000000,.5156250,112.5000000,P,.5260856,,513.7581936,467.7249268
XCME.VY1.04AUG25.111.C,1,1.0312500,111,C,.9990520,738.2367020,1138.8758736,987.1397500
XCME.VY1.04AUG25.110:5.C,1.5000000,1.5312500,110.5000000,C,1.4982670,1043.3640529,1544.1885992,1358.5667602
