Key,BID,ASK,STRIKE,ITYPE,ADJTHEOR,IVBID,IVASK,IVAVERAGE
XCME.ZN.SEP25,111.9531250,111.9687500,INVALID,F,,,,
XCME.GY1.05AUG25.111.C,.9375000,.9687500,111,C,.9556401,570.4992767,717.6211699,654.2539551
XCME.GY1.05AUG25.112:25.C,.0937500,.1093750,112.2500000,C,.0981970,572.8133913,621.8722467,597.4943057
XCME.GY1.05AUG25.111:25.C,.7031250,.7343750,111.2500000,C,.7186863,444.4021110,659.0479168,570.3002937
XCME.GY1.05AUG25.111:75.C,.2968750,.3281250,111.7500000,C,.3186582,539.2852266,584.5405574,561.9770306
XCME.GY1.05AUG25.112:5.P,.5781250,.6093750,112.5000000,P,.6048075,483.5825395,633.9431686,564.5325728
XCME.GY1.05AUG25.113.P,1.0468750,1.0781250,113,P,1.0690093,,780.2493582,672.9657898
