Key,BID,ASK,STRIKE,ITYPE,ADJTHEOR,IVBID,IVASK,IVAVERAGE
XCME.ZN.SEP25,111.9843750,112,INVALID,F,,,,
XCME.VY1.04AUG25.111.C,.9843750,1,111,C,1.0000277,,734.7037727,547.3217322
XCME.VY1.04AUG25.110:5.C,1.4687500,1.5000000,110.5000000,C,1.4987435,,1038.2119862,786.7976519
XCME.VY1.04AUG25.110.C,1.9687500,2,110,C,1.9990967,,1330.5947619,1020.6545892
XCME.VY1.04AUG25.110:75.C,1.2187500,1.2500000,110.7500000,C,1.2489696,,888.2937072,667.4382767
XCME.VY1.04AUG25.110.P,INVALID,.0069999,110,P,.0034092,,1426.4997735,1293.3312827
XCME.VY1.04AUG25.111:25.C,.7187500,.7500000,111.2500000,C,.7532362,,579.2684832,423.6640449
