Key,BID,ASK,STRIKE,ITYPE,ADJTHEOR,IVBID,IVASK,IVAVERAGE
XCME.ZN.SEP25,112.0781250,112.0937500,INVALID,F,,,,
XCME.WY1.06AUG25.112:5.P,.4843750,.5156250,112.5000000,P,.5061025,482.7304506,573.8237144,529.2777897
XCME.WY1.06AUG25.111:5.C,.6250000,.6562500,111.5000000,C,.6318922,502.0717816,612.3353339,559.6213852
XCME.WY1.06AUG25.110:25.P,INVALID,.0069999,110.2500000,P,.0044029,,812.3760223,735.9373739
XCME.WY1.06AUG25.111:75.P,.0937500,.1093750,111.7500000,P,.1019740,499.1766419,540.8782437,520.1674297
XCME.WY1.06AUG25.112:75.P,.6875000,.7187500,112.7500000,P,.7145562,445.0453173,585.7096778,521.9321614
XCME.WY1.06AUG25.110:5.C,1.5781250,1.6093750,110.5000000,C,1.5877351,,922.0169810,821.1253429
XCME.WY1.06AUG25.112.P,.1718750,.2031250,112,P,.1928160,475.4267389,546.7492299,511.1143726
