Key,BID,ASK,STRIKE,ITYPE,ADJTHEOR,IVBID,IVASK,IVAVERAGE
XCME.ZN.SEP25,110.9375000,110.9531250,INVALID,F,,,,
XCME.ZN1.01AUG25.111:25.C,.0937500,.1250000,111.2500000,C,.0298583,1082.8207163,1266.9819018,1175.8989427
