Key,BID,ASK,STRIKE,ITYPE,ADJTHEOR,IVBID,IVASK,IVAVERAGE
XCME.ZN.SEP25,111.8593750,111.8750000,INVALID,F,,,,
XCME.VY1.04AUG25.112.C,.1093750,.1250000,112,C,.1196773,585.6330073,643.7770647,614.7616786
XCME.VY1.04AUG25.112:75.C,.0069999,.0156250,112.7500000,C,.0112195,688.2642644,810.2696292,755.9245230
XCME.VY1.04AUG25.110:25.C,1.6250000,1.6406250,110.2500000,C,1.6285372,,1320.2429376,1249.6080620
XCME.GY1.05AUG25.110.P,INVALID,.0069999,110,P,.0032520,,975.2673465,883.7489914
XCME.GY1.05AUG25.110:5.C,1.3750000,1.4062500,110.5000000,C,1.3800777,,1000.9069506,899.6506070
XCME.GY1.05AUG25.111.C,.8750000,.9062500,111,C,.8897883,,,454.7840371
XCME.GY1.05AUG25.112:25.C,.0781250,.0937500,112.2500000,C,.0901691,572.6000264,624.3372328,598.7150924
