Key,BID,ASK,STRIKE,ITYPE,ADJTHEOR,IVBID,IVASK,IVAVERAGE
XCME.ZN.SEP25,112.0312500,112.0468750,INVALID,F,,,,
XCME.VY1.04AUG25.112:75.P,.7187500,.7500000,112.7500000,P,.7244416,224.8911493,870.1314641,767.9027893
XCME.VY1.04AUG25.111:25.P,INVALID,.0069999,111.2500000,P,.0058534,,661.9856501,587.7059916
XCME.VY1.04AUG25.111:5.P,.0069999,.0156250,111.5000000,P,.0155308,483.6568428,580.7106098,536.9770845
XCME.VY1.04AUG25.112:5.C,.0156250,.0312500,112.5000000,C,.0173878,529.8149870,647.6183767,592.8163391
XCME.VY1.04AUG25.110:25.P,INVALID,.0069999,110.2500000,P,.0030984,,1308.3937396,1183.6141932
XCME.VY1.04AUG25.111.P,INVALID,.0069999,111,P,.0032140,,827.8088979,739.6029682
