Key,BID,ASK,STRIKE,ITYPE,ADJTHEOR,IVBID,IVASK,IVAVERAGE
XCME.ZN.SEP25,112.0312500,112.0468750,INVALID,F,,,,
XCME.GY1.05AUG25.111:25.C,.7968750,.8281250,111.2500000,C,.8081505,450.8219946,712.9755309,612.4790137
XCME.GY1.05AUG25.111:75.C,.3593750,.3906250,111.7500000,C,.3782785,481.0446887,583.4927381,533.1622978
XCME.GY1.05AUG25.112:5.P,.5000000,.5312500,112.5000000,P,.5170097,518.9718921,642.9958193,583.4374968
XCME.GY1.05AUG25.113.P,.9531250,.9843750,113,P,.9735440,,759.9093614,666.0043652
XCME.GY1.05AUG25.112:75.P,.7187500,.7500000,112.7500000,P,.7375847,491.5290699,693.1391711,606.5248951
XCME.GY1.05AUG25.110:75.C,1.2812500,1.3125000,110.7500000,C,1.2972126,,892.6472675,753.4268172
