Key,BID,ASK,STRIKE,ITYPE,ADJTHEOR,IVBID,IVASK,IVAVERAGE
XCME.ZN.SEP25,111.9062500,111.9218750,INVALID,F,,,,
XCME.ZN1.01AUG25.110:25.P,INVALID,.0069999,110.2500000,P,,,,
XCME.ZN1.01AUG25.110:75.P,INVALID,.0069999,110.7500000,P,.0027035,,1691.2206979,1518.6042257
XCME.ZN1.01AUG25.111:75.P,.0468750,.0625000,111.7500000,P,.0581731,755.7695945,880.7158058,818.9660883
XCME.ZN1.01AUG25.110.P,INVALID,.0069999,110,P,,,,
XCME.ZN1.01AUG25.110:5.P,INVALID,.0069999,110.5000000,P,.0039994,,,1791.5002495
XCME.ZN1.01AUG25.112:75.P,.8281250,.8437500,112.7500000,P,.8395988,,1300.3667151,1149.4378717
XCME.ZN1.01AUG25.111:5.P,.0069999,.0156250,111.5000000,P,.0160274,731.6194814,890.0046021,818.3227221
