Key,BID,ASK,STRIKE,ITYPE,ADJTHEOR,IVBID,IVASK,IVAVERAGE
XCME.ZN.SEP25,112.1093750,112.1250000,INVALID,F,,,,
XCME.GY1.05AUG25.112:75.C,.0312500,.0468750,112.7500000,C,.0441339,593.7834231,672.4831272,634.6791277
XCME.GY1.05AUG25.112:5.C,.0781250,.0937500,112.5000000,C,.0793707,610.5761304,663.8936377,637.5063477
XCME.GY1.05AUG25.110:5.P,INVALID,.0069999,110.5000000,P,.0028178,,852.9125296,770.3696752
XCME.GY1.05AUG25.110:75.P,INVALID,.0069999,110.7500000,P,.0033171,,738.9300744,665.1738101
XCME.GY1.05AUG25.111:75.P,.0625000,.0781250,111.7500000,P,.0757129,490.2324972,543.5220318,517.2089598
XCME.GY1.05AUG25.112.P,.1406250,.1718750,112,P,.1662667,482.0411130,567.0069732,524.5761315
