Key,BID,ASK,STRIKE,ITYPE,ADJTHEOR,IVBID,IVASK,IVAVERAGE
XCME.ZN.SEP25,110.9218750,110.9375000,INVALID,F,,,,
XCME.ZN1.01AUG25.112:5.P,1.5625000,1.5937500,112.5000000,P,1.5746299,,1670.6371196,1409.1892836
