Key,BID,ASK,STRIKE,ITYPE,ADJTHEOR,IVBID,IVASK,IVAVERAGE
XCME.ZN.SEP25,112.1250000,112.1406250,INVALID,F,,,,
XCME.GY1.05AUG25.112:5.C,.0781250,.1093750,112.5000000,C,.0870806,596.6924658,702.6526088,650.5507167
XCME.GY1.05AUG25.110:5.P,INVALID,.0156250,110.5000000,P,.0058772,,1032.5865360,914.8841191
XCME.GY1.05AUG25.110:75.P,INVALID,.0156250,110.7500000,P,.0081948,,902.5141792,796.1747247
XCME.GY1.05AUG25.111:75.P,.0781250,.0937500,111.7500000,P,.0899143,596.2070474,650.1295232,623.4253761
XCME.GY1.05AUG25.112.P,.1562500,.1875000,112,P,.1689205,588.9007864,633.2294959,611.0856111
XCME.WY1.06AUG25.110.C,2.1093750,2.1406250,110,C,2.1323901,,1045.8739542,992.8566508
XCME.WY1.06AUG25.113.P,.9062500,.9375000,113,P,.9174701,614.6178854,753.8868215,688.9783007
