Key,BID,ASK,STRIKE,ITYPE,ADJTHEOR,IVBID,IVASK,IVAVERAGE
XCME.ZN.SEP25,112.2031250,112.2187500,INVALID,F,,,,
XCME.WY1.06AUG25.110:75.C,1.4531250,1.4843750,110.7500000,C,1.4829149,,743.7759535,691.7021949
XCME.WY1.06AUG25.111:5.P,.0312500,.0468750,111.5000000,P,.0433662,539.9052448,609.5404952,576.1261601
XCME.WY1.06AUG25.111.C,1.2031250,1.2343750,111,C,1.2375228,,638.8857251,592.2562722
XCME.GY1.05AUG25.110.P,INVALID,.0069999,110,P,.0036565,,1188.0445879,1079.3332067
XCME.GY1.05AUG25.110:5.C,1.7031250,1.7343750,110.5000000,C,1.7273545,,1035.4323052,965.1698332
XCME.GY1.05AUG25.111.C,1.2031250,1.2343750,111,C,1.2306695,,781.4423437,724.4202907
XCME.GY1.05AUG25.112:25.C,.1875000,.2031250,112.2500000,C,.2012006,562.7985121,606.6765478,584.7386265
