Key,BID,ASK,STRIKE,ITYPE,ADJTHEOR,IVBID,IVASK,IVAVERAGE
XCME.ZN.SEP25,112.1093750,112.1250000,INVALID,F,,,,
XCME.WY1.06AUG25.112:75.P,.6875000,.7187500,112.7500000,P,.7057951,593.0917008,698.4296678,647.4476321
XCME.WY1.06AUG25.110:5.C,1.6093750,1.6406250,110.5000000,C,1.6320519,,888.8547097,757.2563997
XCME.WY1.06AUG25.112.P,.2031250,.2187500,112,P,.2125493,589.2629806,625.3947069,607.3375769
XCME.WY1.06AUG25.110:75.C,1.3750000,1.4062500,110.7500000,C,1.3871137,595.4231188,886.8349766,778.1918014
XCME.WY1.06AUG25.111:5.P,.0625000,.0781250,111.5000000,P,.0726104,602.4918176,655.6071440,629.5039312
XCME.WY1.06AUG25.111.C,1.1250000,1.1562500,111,C,1.1461925,502.4841912,762.8047757,664.6031656
