Key,BID,ASK,STRIKE,ITYPE,ADJTHEOR,IVBID,IVASK,IVAVERAGE
XCME.ZN.SEP25,112.0937500,112.1093750,INVALID,F,,,,
XCME.ZN1.01AUG25.113.P,.8750000,.9062500,113,P,.8984396,,,1894.8281854
XCME.ZN1.01AUG25.112:25.P,.1406250,.1718750,112.2500000,P,.1564115,,803.0692237,618.0752020
XCME.ZN1.01AUG25.111.C,1.0156250,1.1875000,111,C,1.1015611,,,
XCME.ZN1.01AUG25.112.C,.0937500,.1250000,112,C,.1167238,,651.1570962,484.3056455
XCME.VY1.04AUG25.111:75.P,.0312500,.0468750,111.7500000,P,.0447457,562.2526626,654.9277381,610.0406075
XCME.VY1.04AUG25.111:75.C,.3750000,.4062500,111.7500000,C,.3998093,484.7108234,678.7574028,589.0627667
