Key,BID,ASK,STRIKE,ITYPE,ADJTHEOR,IVBID,IVASK,IVAVERAGE
XCME.ZN.SEP25,110.9375000,110.9531250,INVALID,F,,,,
XCME.ZN1.01AUG25.113.C,INVALID,.0069999,113,C,0,,,1803.1140365
XCME.ZN1.01AUG25.111:5.C,.0312500,.0625000,111.5000000,C,.0050411,993.8703862,1255.0880595,1132.2722264
