Key,BID,ASK,STRIKE,ITYPE,ADJTHEOR,IVBID,IVASK,IVAVERAGE
XCME.ZN.SEP25,110.9843750,111,INVALID,F,,,,
XCME.ZN1.01AUG25.110:5.C,.5312500,.5625000,110.5000000,C,.5042433,733.8296539,923.4742501,833.3779398
XCME.ZN1.01AUG25.111:75.C,.0156250,.0312500,111.7500000,C,.0047495,796.1461740,948.4712697,878.3392075
