Key,BID,ASK,STRIKE,ITYPE,ADJTHEOR,IVBID,IVASK,IVAVERAGE
XCME.ZN.SEP25,110.8593750,110.8750000,INVALID,F,,,,
XCME.ZN1.01AUG25.112:75.C,INVALID,.0069999,112.7500000,C,0,,,
XCME.ZN1.01AUG25.110:25.C,.6406250,.6718750,110.2500000,C,.6055392,1391.2640315,1724.7843366,1566.9486460
XCME.ZN1.01AUG25.110:25.P,.0156250,.0312500,110.2500000,P,.0004767,1110.4808299,1337.8781505,1232.7356301
XCME.ZN1.01AUG25.110:75.P,.1562500,.1875000,110.7500000,P,.0578675,1319.0962747,1421.8656618,1370.5185719
XCME.ZN1.01AUG25.111:75.P,.8906250,.9218750,111.7500000,P,.8949467,,1695.4973552,1480.0671171
XCME.ZN1.01AUG25.110.P,INVALID,.0156250,110,P,0,,1444.0916414,1253.9250341
XCME.ZN1.01AUG25.110:5.P,.0625000,.0781250,110.5000000,P,.0088148,1221.6642641,1351.4375516,1287.3791748
