Key,BID,ASK,STRIKE,ITYPE,ADJTHEOR,IVBID,IVASK,IVAVERAGE
XCME.ZN.SEP25,111.8281250,111.8437500,INVALID,F,,,,
XCME.WY1.06AUG25.110:5.P,INVALID,.0156250,110.5000000,P,.0061642,,701.8156765,618.2240199
XCME.WY1.06AUG25.110:25.C,1.5781250,1.6093750,110.2500000,C,1.5868204,,900.5754107,801.9062373
XCME.WY1.06AUG25.112:5.P,.7031250,.7343750,112.5000000,P,.7251628,509.3805572,627.4852984,571.7183046
XCME.WY1.06AUG25.111:5.C,.4375000,.4687500,111.5000000,C,.4465762,517.9813318,597.1389149,557.9481884
XCME.WY1.06AUG25.110:25.P,INVALID,.0069999,110.2500000,P,.0043829,,701.1551236,632.7789753
XCME.WY1.06AUG25.111:75.P,.1875000,.2187500,111.7500000,P,.2122825,499.3046090,568.8855765,534.1160865
