Key,BID,ASK,STRIKE,ITYPE,ADJTHEOR,IVBID,IVASK,IVAVERAGE
XCME.ZN.SEP25,112.1093750,112.1250000,INVALID,F,,,,
XCME.WY1.06AUG25.110:5.C,1.6093750,1.6406250,110.5000000,C,1.6229272,,939.6934891,837.3880737
XCME.WY1.06AUG25.112.P,.1875000,.2187500,112,P,.2064851,544.1513913,616.1083066,580.1650035
XCME.WY1.06AUG25.110:75.C,1.3593750,1.3906250,110.7500000,C,1.3770436,,824.4529216,731.0667992
XCME.WY1.06AUG25.111:5.P,.0625000,.0781250,111.5000000,P,.0660569,595.9465206,648.6853037,622.7622499
XCME.WY1.06AUG25.111.C,1.1250000,1.1406250,111,C,1.1349060,586.7266243,706.0050024,652.9271009
XCME.GY1.05AUG25.110.P,INVALID,.0069999,110,P,.0039888,,1119.6111886,1016.8949407
XCME.GY1.05AUG25.110:5.C,1.6093750,1.6250000,110.5000000,C,1.6191513,,1143.3098322,1018.8340836
