Key,BID,ASK,STRIKE,ITYPE,ADJTHEOR,IVBID,IVASK,IVAVERAGE
XCME.ZN.SEP25,112,112.0156250,INVALID,F,,,,
XCME.GY1.05AUG25.112:75.P,.7656250,.7968750,112.7500000,P,.7818145,566.2813263,740.6786921,661.8508474
XCME.GY1.05AUG25.110:75.C,1.2500000,1.2812500,110.7500000,C,1.2594166,,757.8331930,702.8275645
XCME.GY1.05AUG25.112:25.P,.3750000,.4062500,112.2500000,P,.3697881,617.3980826,707.4175648,662.6463143
XCME.GY1.05AUG25.113.C,.0156250,.0312500,113,C,.0198206,673.2135758,791.5894220,737.3306771
XCME.GY1.05AUG25.111.P,.0069999,.0156250,111,P,.0091653,578.6912209,676.3279109,632.9134728
XCME.GY1.05AUG25.112.C,.2031250,.2343750,112,C,.2205331,535.4219839,618.6841495,577.0531651
