Key,BID,ASK,STRIKE,ITYPE,ADJTHEOR,IVBID,IVASK,IVAVERAGE
XCME.ZN.SEP25,111.6875000,111.7031250,INVALID,F,,,,
XCME.GY1.05AUG25.110:5.P,INVALID,.0156250,110.5000000,P,.0063099,,761.2213376,668.3698630
XCME.GY1.05AUG25.110:75.P,.0069999,.0156250,110.7500000,P,.0124690,539.1523470,630.5640989,589.8321650
XCME.GY1.05AUG25.111:75.P,.2500000,.2812500,111.7500000,P,.2647136,556.7497578,640.0899827,598.4450945
XCME.GY1.05AUG25.112.P,.3906250,.4218750,112,P,.4290605,488.2579540,589.5087962,539.8489084
XCME.WY1.06AUG25.110.C,1.6406250,1.6718750,110,C,1.6831689,,,693.4481330
XCME.WY1.06AUG25.113.P,1.3437500,1.3750000,113,P,1.3330801,751.3572272,930.4067548,849.8336829
