Key,BID,ASK,STRIKE,ITYPE,ADJTHEOR,IVBID,IVASK,IVAVERAGE
XCME.ZN.SEP25,111.9375000,111.9531250,INVALID,F,,,,
XCME.ZN1.01AUG25.112:5.P,.5468750,.5781250,112.5000000,P,.5594388,,1274.5414701,1032.7916174
XCME.ZN1.01AUG25.110.C,1.9375000,1.9531250,110,C,,,,
XCME.ZN1.01AUG25.112.P,.0937500,.1250000,112,P,.1143605,445.9361521,688.6834792,568.5574271
XCME.ZN1.01AUG25.112:25.C,.0069999,.0156250,112.2500000,C,.0082712,628.0593710,776.5878134,708.8681360
XCME.ZN1.01AUG25.111:25.C,.6718750,.7031250,111.2500000,C,.6921033,,1310.0337792,1201.2901793
XCME.ZN1.01AUG25.111:75.C,.1875000,.2187500,111.7500000,C,.2106801,,687.7820161,555.9548619
