Key,BID,ASK,STRIKE,ITYPE,ADJTHEOR,IVBID,IVASK,IVAVERAGE
XCME.ZN.SEP25,110.8593750,110.8750000,INVALID,F,,,,
XCME.GY1.05AUG25.111:5.C,.0625000,.0937500,111.5000000,C,,,,
XCME.GY1.05AUG25.110.C,.8906250,.9218750,110,C,,,,
XCME.GY1.05AUG25.111:5.P,.6875000,.7187500,111.5000000,P,,,,
XCME.GY1.05AUG25.110:25.C,.6718750,.6875000,110.2500000,C,,,,
XCME.GY1.05AUG25.112:75.C,INVALID,.0156250,112.7500000,C,,,,
XCME.GY1.05AUG25.112:5.C,INVALID,.0156250,112.5000000,C,,,,
