Key,BID,ASK,STRIKE,ITYPE,ADJTHEOR,IVBID,IVASK,IVAVERAGE
XCME.ZN.SEP25,110.9218750,110.9375000,INVALID,F,,,,
XCME.ZN1.01AUG25.110:25.P,.0156250,.0312500,110.2500000,P,.0073142,733.1512561,878.5533064,811.4799125
XCME.ZN1.01AUG25.110:5.P,.0625000,.0781250,110.5000000,P,.0311336,826.1507737,908.5281461,867.9286424
