Key,BID,ASK,STRIKE,ITYPE,ADJTHEOR,IVBID,IVASK,IVAVERAGE
XCME.ZN.SEP25,110.9843750,111,INVALID,F,,,,
XCME.ZN1.01AUG25.110:25.C,.7500000,.7812500,110.2500000,C,.7317641,844.4619586,1082.1731506,973.0297966
XCME.ZN1.01AUG25.112:75.C,INVALID,.0069999,112.7500000,C,.0000141,,1351.3782538,1222.4087228
