Key,BID,ASK,STRIKE,ITYPE,ADJTHEOR,IVBID,IVASK,IVAVERAGE
XCME.ZN.SEP25,112.0781250,112.0937500,INVALID,F,,,,
XCME.WY1.06AUG25.112:75.C,.0312500,.0468750,112.7500000,C,.0489570,490.3907458,555.9665942,524.4538368
XCME.WY1.06AUG25.112.C,.2656250,.2812500,112,C,.2905099,471.7523158,507.7033323,489.7401561
XCME.WY1.06AUG25.111.P,.0069999,.0156250,111,P,.0111269,532.6398578,619.3092738,580.7615808
XCME.WY1.06AUG25.112:25.C,.1562500,.1718750,112.2500000,C,.1719504,499.5311052,535.9576339,517.7647127
XCME.WY1.06AUG25.112:5.C,.0781250,.0937500,112.5000000,C,.0942351,501.0895795,545.5648121,523.5470836
XCME.WY1.06AUG25.111:25.P,.0156250,.0312500,111.2500000,P,.0219947,503.9720886,597.6118974,554.6105064
