Key,BID,ASK,STRIKE,ITYPE,ADJTHEOR,IVBID,IVASK,IVAVERAGE
XCME.ZN.SEP25,112.1406250,112.1562500,INVALID,F,,,,
XCME.GY1.05AUG25.110:75.P,INVALID,.0156250,110.7500000,P,.0073964,,928.5838196,819.5856681
XCME.GY1.05AUG25.111:75.P,.0625000,.0937500,111.7500000,P,.0794136,574.0504550,687.5125641,632.1252492
XCME.GY1.05AUG25.112.P,.1406250,.1718750,112,P,.1545044,589.1075925,679.7981005,634.5821093
XCME.VY1.04AUG25.111:75.P,.0312500,.0468750,111.7500000,P,.0347280,620.9697309,717.6462071,670.9077829
XCME.VY1.04AUG25.111:75.C,.4218750,.4531250,111.7500000,C,.4452905,463.1728828,692.1779126,591.5239209
XCME.VY1.04AUG25.112:75.P,.6093750,.6406250,112.7500000,P,.6110076,700.6199831,932.5331286,826.9575132
XCME.VY1.04AUG25.111:25.P,.0069999,.0156250,111.2500000,P,.0076029,777.9382111,914.3065874,853.5406610
