Key,BID,ASK,STRIKE,ITYPE,ADJTHEOR,IVBID,IVASK,IVAVERAGE
XCME.ZN.SEP25,111.9375000,111.9531250,INVALID,F,,,,
XCME.GY1.05AUG25.111:25.P,.0156250,.0312500,111.2500000,P,.0218030,514.2944890,615.3736772,568.7608157
XCME.GY1.05AUG25.110:25.P,INVALID,.0069999,110.2500000,P,.0031995,,906.4583622,819.6632802
XCME.GY1.05AUG25.111:5.C,.4843750,.5156250,111.5000000,C,.4985043,486.9635087,610.3870952,551.3190257
XCME.GY1.05AUG25.110.C,1.9375000,1.9687500,110,C,1.9485012,,1035.6751791,936.6913227
XCME.GY1.05AUG25.111:5.P,.0468750,.0625000,111.5000000,P,.0531914,519.9842917,581.3622049,551.3197887
XCME.GY1.05AUG25.110:25.C,1.6875000,1.7187500,110.2500000,C,1.6985120,,1126.3497196,987.1448183
