Key,BID,ASK,STRIKE,ITYPE,ADJTHEOR,IVBID,IVASK,IVAVERAGE
XCME.ZN.SEP25,112.1562500,112.1718750,INVALID,F,,,,
XCME.WY1.06AUG25.112:75.C,.0625000,.0781250,112.7500000,C,.0736026,585.4578816,638.0651395,612.1911470
XCME.WY1.06AUG25.112.C,.3281250,.3593750,112,C,.3397657,543.5818124,617.6714791,580.7059593
XCME.WY1.06AUG25.111.P,.0156250,.0312500,111,P,.0165302,654.7986113,765.1749091,714.7677852
XCME.WY1.06AUG25.112:25.C,.2031250,.2343750,112.2500000,C,.2112833,558.6721770,630.9463338,594.8285343
XCME.WY1.06AUG25.112:5.C,.1250000,.1406250,112.5000000,C,.1253973,593.9031871,634.5051444,614.2886546
XCME.WY1.06AUG25.111:25.P,.0156250,.0312500,111.2500000,P,.0285748,537.8598327,636.4211009,591.2340735
