Key,BID,ASK,STRIKE,ITYPE,ADJTHEOR,IVBID,IVASK,IVAVERAGE
XCME.ZN.SEP25,112.1093750,112.1250000,INVALID,F,,,,
XCME.GY1.05AUG25.112:25.P,.2968750,.3125000,112.2500000,P,.3045908,618.3904332,662.6180976,640.5241189
XCME.GY1.05AUG25.113.C,.0156250,.0312500,113,C,.0295321,630.4194312,747.0689077,693.5936469
XCME.GY1.05AUG25.111.P,.0069999,.0312500,111,P,.0131451,656.5347423,892.7767006,796.3291908
XCME.GY1.05AUG25.112.C,.2812500,.3125000,112,C,.2928953,600.2378744,688.1691310,644.2638753
XCME.GY1.05AUG25.111:25.P,.0156250,.0312500,111.2500000,P,.0244071,621.0504767,736.4133600,683.4453475
XCME.GY1.05AUG25.110:25.P,INVALID,.0069999,110.2500000,P,.0046173,,1007.9612296,913.3276901
