Key,BID,ASK,STRIKE,ITYPE,ADJTHEOR,IVBID,IVASK,IVAVERAGE
XCME.ZN.SEP25,112,112.0156250,INVALID,F,,,,
XCME.WY1.06AUG25.111:25.P,.0156250,.0312500,111.2500000,P,.0259421,467.3789529,556.1050553,515.2794410
XCME.WY1.06AUG25.111:75.C,.3750000,.3906250,111.7500000,C,.3917736,474.2809519,514.0429334,494.2602737
XCME.WY1.06AUG25.113.C,.0156250,.0312500,113,C,.0266234,559.8134263,658.8578140,613.4387433
XCME.WY1.06AUG25.110.P,INVALID,.0069999,110,P,.0038156,,879.7819620,797.8786288
XCME.WY1.06AUG25.110:75.P,.0069999,.0156250,110.7500000,P,.0072642,595.3898924,689.7243735,647.9409718
XCME.WY1.06AUG25.112:25.P,.3593750,.3906250,112.2500000,P,.3711019,513.9830297,589.2610322,551.7972467
XCME.WY1.06AUG25.111:25.C,.7812500,.7968750,111.2500000,C,.7993796,404.5023296,515.2794410,467.3789529
