Key,BID,ASK,STRIKE,ITYPE,ADJTHEOR,IVBID,IVASK,IVAVERAGE
XCME.ZN.SEP25,112.0312500,112.0468750,INVALID,F,,,,
XCME.ZN1.01AUG25.112:75.P,.7031250,.7187500,112.7500000,P,.7144687,,1244.4367644,905.0152601
XCME.ZN1.01AUG25.111:5.P,INVALID,.0069999,111.5000000,P,.0001464,,1078.6362070,946.5502778
XCME.ZN1.01AUG25.111:25.P,INVALID,.0069999,111.2500000,P,.0000199,,1471.8360086,1306.5114384
XCME.ZN1.01AUG25.112:5.P,.4531250,.4687500,112.5000000,P,.4646700,,877.0472461,623.3917116
XCME.ZN1.01AUG25.110.C,2.0312500,2.0625000,110,C,2.0355624,,,
XCME.ZN1.01AUG25.112.P,.0312500,.0468750,112,P,.0389169,387.4750444,521.0604221,454.6045389
XCME.ZN1.01AUG25.112:25.C,INVALID,.0156250,112.2500000,C,.0047287,,675.8213099,549.9452754
