Key,BID,ASK,STRIKE,ITYPE,ADJTHEOR,IVBID,IVASK,IVAVERAGE
XCME.ZN.SEP25,111.8906250,111.9062500,INVALID,F,,,,
XCME.GY1.05AUG25.112:5.C,.0312500,.0625000,112.5000000,C,.0491777,546.6819388,688.0794850,621.6641626
XCME.GY1.05AUG25.110:5.P,INVALID,.0069999,110.5000000,P,.0040374,,763.4201150,688.0953558
XCME.GY1.05AUG25.110:75.P,INVALID,.0156250,110.7500000,P,.0062272,,753.1542325,660.9213010
XCME.GY1.05AUG25.111:75.P,.1406250,.1562500,111.7500000,P,.1499703,552.2256093,595.4163159,573.8529229
XCME.GY1.05AUG25.112.P,.2656250,.2812500,112,P,.2749322,566.0309680,608.2077903,587.1313027
XCME.WY1.06AUG25.110.C,1.8906250,1.9218750,110,C,1.9215521,,981.5239996,841.0177691
XCME.WY1.06AUG25.113.P,1.1093750,1.1250000,113,P,1.1043875,564.4768471,680.3477971,628.7983077
