Key,BID,ASK,STRIKE,ITYPE,ADJTHEOR,IVBID,IVASK,IVAVERAGE
XCME.ZN.SEP25,111.8437500,111.8593750,INVALID,F,,,,
XCME.VY1.04AUG25.113.P,1.1406250,1.1718750,113,P,1.1443840,353.6625370,1172.8976241,1051.1104885
XCME.VY1.04AUG25.113.C,INVALID,.0156250,113,C,.0037590,,1002.3414670,878.3747390
XCME.VY1.04AUG25.112:25.P,.4375000,.4531250,112.2500000,P,.4430099,635.2177649,713.6871328,675.2309803
XCME.VY1.04AUG25.112.C,.0937500,.1250000,112,C,.1145107,549.6094940,667.4367598,608.8339644
XCME.VY1.04AUG25.112:75.C,INVALID,.0156250,112.7500000,C,.0097341,,824.0342474,715.6511107
XCME.VY1.04AUG25.110:25.C,1.5937500,1.6093750,110.2500000,C,1.6120030,,356.0300010,
