Key,BID,ASK,STRIKE,ITYPE,ADJTHEOR,IVBID,IVASK,IVAVERAGE
XCME.ZN.SEP25,112.1250000,112.1406250,INVALID,F,,,,
XCME.GY1.05AUG25.113.P,.8750000,.9062500,113,P,.8990053,542.7512836,790.7868475,689.5406581
XCME.GY1.05AUG25.112:75.P,.6562500,.6875000,112.7500000,P,.6717187,625.9026268,767.2875926,700.0642518
XCME.GY1.05AUG25.110:75.C,1.3750000,1.4062500,110.7500000,C,1.3916324,,991.3725951,863.3336545
XCME.GY1.05AUG25.112:25.P,.2812500,.3125000,112.2500000,P,.2942901,605.3047875,693.9792330,649.7028708
XCME.GY1.05AUG25.113.C,.0156250,.0468750,113,C,.0318178,626.3525880,834.6043875,743.0617176
XCME.GY1.05AUG25.111.P,.0069999,.0312500,111,P,.0138252,669.6180712,909.6412882,811.7523914
XCME.GY1.05AUG25.112.C,.2812500,.3125000,112,C,.3012661,578.8347960,668.2159535,623.6152891
