Key,BID,ASK,STRIKE,ITYPE,ADJTHEOR,IVBID,IVASK,IVAVERAGE
XCME.ZN.SEP25,112.1250000,112.1406250,INVALID,F,,,,
XCME.GY1.05AUG25.111:5.C,.6562500,.6875000,111.5000000,C,.6706711,585.9239281,735.5996403,665.3738462
XCME.GY1.05AUG25.110.C,2.1093750,2.1406250,110,C,2.1290808,,1285.3237299,1223.0801308
XCME.GY1.05AUG25.111:5.P,.0312500,.0625000,111.5000000,P,.0456711,585.9238294,735.5996446,665.3737786
XCME.GY1.05AUG25.110:25.C,1.8593750,1.8906250,110.2500000,C,1.8797022,,1159.9320252,1102.4067439
XCME.GY1.05AUG25.112:75.C,.0312500,.0625000,112.7500000,C,.0425929,586.5809113,736.1224071,665.9460359
XCME.GY1.05AUG25.112:5.C,.0781250,.1093750,112.5000000,C,.0870806,596.6924658,702.6526088,650.5507167
XCME.GY1.05AUG25.110:5.P,INVALID,.0156250,110.5000000,P,.0058772,,1032.5865360,914.8841191
