Key,BID,ASK,STRIKE,ITYPE,ADJTHEOR,IVBID,IVASK,IVAVERAGE
XCME.ZN.SEP25,112.1093750,112.1250000,INVALID,F,,,,
XCME.ZN1.01AUG25.112:5.C,INVALID,.0069999,112.5000000,C,.0004866,,947.8633858,824.8647281
XCME.ZN1.01AUG25.111:5.C,.6093750,.6406250,111.5000000,C,.6215424,,1753.8234249,1415.3950617
XCME.ZN1.01AUG25.113.P,.8593750,.8906250,113,P,.8785119,,,1896.5921385
XCME.ZN1.01AUG25.112:25.P,.1250000,.1562500,112.2500000,P,.1419737,,714.7482177,565.0878343
XCME.ZN1.01AUG25.111.C,1.1093750,1.1406250,111,C,1.1214964,,,
XCME.ZN1.01AUG25.112.C,.1250000,.1406250,112,C,.1359893,337.3996443,587.6529672,479.4076577
