Key,BID,ASK,STRIKE,ITYPE,ADJTHEOR,IVBID,IVASK,IVAVERAGE
XCME.ZN.SEP25,112.0312500,112.0468750,INVALID,F,,,,
XCME.GY1.05AUG25.110:75.C,1.2812500,1.3125000,110.7500000,C,1.2842809,648.6112449,999.7308900,907.9137191
XCME.GY1.05AUG25.112:25.P,.3125000,.3437500,112.2500000,P,.3315547,537.1622906,629.8102089,583.8015032
XCME.GY1.05AUG25.113.C,.0069999,.0312500,113,C,.0148053,576.8402067,793.9208167,704.9605734
XCME.GY1.05AUG25.111.P,.0069999,.0156250,111,P,.0096774,602.7196387,703.6162482,658.7516624
XCME.GY1.05AUG25.112.C,.2031250,.2343750,112,C,.2103724,514.0283308,599.1786102,556.6082674
XCME.GY1.05AUG25.111:25.P,.0069999,.0312500,111.2500000,P,.0179242,480.7711389,674.7025245,594.5596425
XCME.GY1.05AUG25.110:25.P,INVALID,.0069999,110.2500000,P,.0051738,,953.3984971,862.6619429
