Key,BID,ASK,STRIKE,ITYPE,ADJTHEOR,IVBID,IVASK,IVAVERAGE
XCME.ZN.SEP25,111.9375000,111.9531250,INVALID,F,,,,
XCME.GY1.05AUG25.110:75.C,1.1875000,1.2187500,110.7500000,C,1.1907120,363.3933214,914.6842748,783.4618452
XCME.GY1.05AUG25.112:25.P,.3906250,.4218750,112.2500000,P,.4152087,529.1197738,629.1042234,579.8442856
XCME.GY1.05AUG25.113.C,.0069999,.0156250,113,C,.0167714,615.7275570,717.1661539,672.0631746
XCME.GY1.05AUG25.111.P,.0069999,.0156250,111,P,.0063781,556.1075932,650.3005679,608.2537185
XCME.GY1.05AUG25.112.C,.1718750,.1875000,112,C,.1802575,544.1602811,586.6388522,565.4051996
XCME.GY1.05AUG25.111:25.P,.0156250,.0312500,111.2500000,P,.0170769,511.0333132,611.9536026,565.4079079
XCME.GY1.05AUG25.110:25.P,INVALID,.0069999,110.2500000,P,.0023315,,905.5778369,819.0130741
