Key,BID,ASK,STRIKE,ITYPE,ADJTHEOR,IVBID,IVASK,IVAVERAGE
XCME.ZN.SEP25,110.9062500,110.9218750,INVALID,F,,,,
XCME.ZN1.01AUG25.111:5.P,.5937500,.6250000,111.5000000,P,.5836460,954.6482469,1372.7821797,1191.7468302
