Key,BID,ASK,STRIKE,ITYPE,ADJTHEOR,IVBID,IVASK,IVAVERAGE
XCME.ZN.SEP25,110.9843750,111,INVALID,F,,,,
XCME.ZN1.01AUG25.111.C,.2187500,.2500000,111,C,.1589888,891.0546127,951.4618826,921.2590657
XCME.ZN1.01AUG25.111:25.P,.3750000,.4062500,111.2500000,P,.3412541,811.1999007,879.6053048,845.5747198
