Key,BID,ASK,STRIKE,ITYPE,ADJTHEOR,IVBID,IVASK,IVAVERAGE
XCME.ZN.SEP25,112.1250000,112.1406250,INVALID,F,,,,
XCME.GY1.05AUG25.112:75.C,.0312500,.0625000,112.7500000,C,.0533287,581.4165777,730.2653463,660.4080134
XCME.GY1.05AUG25.112:5.C,.0781250,.1093750,112.5000000,C,.0979708,589.9723844,695.4949877,643.5967702
XCME.GY1.05AUG25.110:5.P,INVALID,.0156250,110.5000000,P,.0058124,,1036.6217333,918.7470483
XCME.GY1.05AUG25.110:75.P,INVALID,.0156250,110.7500000,P,.0080571,,906.6133668,799.8837477
XCME.GY1.05AUG25.111:75.P,.0781250,.0937500,111.7500000,P,.0883011,602.9039768,657.0598403,630.2440313
XCME.GY1.05AUG25.112.P,.1562500,.1875000,112,P,.1680278,597.9128572,686.6277532,642.3504991
