Key,BID,ASK,STRIKE,ITYPE,ADJTHEOR,IVBID,IVASK,IVAVERAGE
XCME.ZN.SEP25,111.9531250,111.9687500,INVALID,F,,,,
XCME.WY1.06AUG25.110.P,INVALID,.0069999,110,P,.0044201,,847.6787051,768.4971341
XCME.WY1.06AUG25.110:75.P,.0069999,.0156250,110.7500000,P,.0107093,565.0473786,655.4149308,615.3105554
XCME.WY1.06AUG25.112:25.P,.4062500,.4375000,112.2500000,P,.4246998,515.3069888,593.1478434,554.5299594
XCME.WY1.06AUG25.111:25.C,.7343750,.7656250,111.2500000,C,.7465439,495.4036064,626.7733185,565.9129277
XCME.WY1.06AUG25.110:5.P,.0069999,.0156250,110.5000000,P,.0069266,661.1809443,761.9868605,717.5006876
XCME.WY1.06AUG25.110:25.C,1.7031250,1.7343750,110.2500000,C,1.7126586,,965.8809977,862.0200077
