Key,BID,ASK,STRIKE,ITYPE,ADJTHEOR,IVBID,IVASK,IVAVERAGE
XCME.ZN.SEP25,111.9687500,111.9843750,INVALID,F,,,,
XCME.WY1.06AUG25.112:5.P,.5937500,.6093750,112.5000000,P,.6129784,505.0367401,557.8862217,532.0045864
XCME.WY1.06AUG25.111:5.C,.5312500,.5625000,111.5000000,C,.5380249,525.0993343,615.3424228,571.1349855
XCME.WY1.06AUG25.110:25.P,INVALID,.0069999,110.2500000,P,.0059614,,756.5182866,684.1141416
XCME.WY1.06AUG25.111:75.P,.1250000,.1562500,111.7500000,P,.1517455,475.2453793,549.7943470,512.6978013
XCME.WY1.06AUG25.112:75.P,.8125000,.8281250,112.7500000,P,.8319430,496.3008368,578.9046693,540.2779029
XCME.WY1.06AUG25.110:5.C,1.4687500,1.4843750,110.5000000,C,1.4655047,718.8365968,855.1064615,794.8339817
XCME.WY1.06AUG25.112.P,.2343750,.2656250,112,P,.2642347,474.5117923,544.5153170,509.5202508
