Key,BID,ASK,STRIKE,ITYPE,ADJTHEOR,IVBID,IVASK,IVAVERAGE
XCME.ZN.SEP25,112.1093750,112.1250000,INVALID,F,,,,
XCME.WY1.06AUG25.110.P,INVALID,.0156250,110,P,.0068172,,1054.8148556,940.9452355
XCME.WY1.06AUG25.110:75.P,.0069999,.0312500,110.7500000,P,.0172336,640.0953896,858.0665990,769.8583415
XCME.WY1.06AUG25.112:25.P,.3281250,.3593750,112.2500000,P,.3384801,579.3846898,652.0827017,615.7773471
XCME.WY1.06AUG25.111:25.C,.8750000,.9062500,111.2500000,C,.9077464,477.3675375,662.2754812,583.4988102
XCME.WY1.06AUG25.110:5.P,.0069999,.0156250,110.5000000,P,.0118852,736.9616513,846.3389155,798.0135770
XCME.WY1.06AUG25.110:25.C,1.8593750,1.8906250,110.2500000,C,1.8724181,,898.6794605,839.1217076
