Key,BID,ASK,STRIKE,ITYPE,ADJTHEOR,IVBID,IVASK,IVAVERAGE
XCME.ZN.SEP25,112.1250000,112.1406250,INVALID,F,,,,
XCME.VY1.04AUG25.110:75.P,INVALID,.0069999,110.7500000,P,.0035725,,1110.3885372,1000.3261546
XCME.VY1.04AUG25.112.P,.0937500,.1093750,112,P,.1024609,590.0976397,654.6672236,622.4772048
XCME.VY1.04AUG25.111:5.C,.6406250,.6562500,111.5000000,C,.6487651,596.2631071,770.4559908,694.7047042
XCME.VY1.04AUG25.112:25.C,.0937500,.1250000,112.2500000,C,.1102609,566.2959108,693.7647441,630.3038524
XCME.VY1.04AUG25.110:5.P,INVALID,.0069999,110.5000000,P,.0033329,,1276.3411048,1153.1494273
XCME.VY1.04AUG25.112:5.P,.4062500,.4218750,112.5000000,P,.4140493,625.1668578,713.3003474,670.2928830
