Key,BID,ASK,STRIKE,ITYPE,ADJTHEOR,IVBID,IVASK,IVAVERAGE
XCME.ZN.SEP25,112.0156250,112.0312500,INVALID,F,,,,
XCME.ZN1.01AUG25.111:25.C,.7500000,.7812500,111.2500000,C,.7618796,,1577.4751240,1497.9730336
XCME.ZN1.01AUG25.111:75.C,.2656250,.2812500,111.7500000,C,.2737572,487.9249128,735.9764880,685.9448335
XCME.ZN1.01AUG25.110:5.C,1.5000000,1.5312500,110.5000000,C,1.5118935,,,
XCME.ZN1.01AUG25.110:75.C,1.2500000,1.2812500,110.7500000,C,1.2616954,,,
XCME.ZN1.01AUG25.111.P,INVALID,.0069999,111,P,.0003671,,1585.3206563,1415.6173691
XCME.ZN1.01AUG25.113.C,INVALID,.0069999,113,C,.0001361,,1561.4693168,1396.1137068
