Key,BID,ASK,STRIKE,ITYPE,ADJTHEOR,IVBID,IVASK,IVAVERAGE
XCME.ZN.SEP25,111.8281250,111.8437500,INVALID,F,,,,
XCME.GY1.05AUG25.110:75.P,INVALID,.0156250,110.7500000,P,.0073289,,733.3249533,642.8418032
XCME.GY1.05AUG25.111:75.P,.1718750,.1875000,111.7500000,P,.1654368,598.1162367,640.3724595,619.2587573
XCME.GY1.05AUG25.112.P,.2968750,.3281250,112,P,.2967256,594.3922396,679.2755417,636.9029841
XCME.WY1.06AUG25.110.C,1.8593750,1.8750000,110,C,1.8674608,,869.9096719,812.1521421
XCME.WY1.06AUG25.113.P,1.1406250,1.1718750,113,P,1.1572595,490.7355584,746.7213997,650.5244915
XCME.WY1.06AUG25.112:75.C,.0156250,.0468750,112.7500000,C,.0352460,506.6755276,673.1816839,600.0359894
XCME.WY1.06AUG25.112.C,.1718750,.1875000,112,C,.1852696,515.6291835,550.9830937,533.3209433
