Key,BID,ASK,STRIKE,ITYPE,ADJTHEOR,IVBID,IVASK,IVAVERAGE
XCME.ZN.SEP25,110.8281250,110.8437500,INVALID,F,,,,
XCME.VY1.04AUG25.112.C,.0069999,.0156250,112,C,.0006999,869.8337454,1009.3315100,947.3246812
XCME.VY1.04AUG25.112:75.C,INVALID,.0069999,112.7500000,C,.0000203,,1317.1838831,1194.0833153
XCME.VY1.04AUG25.110:25.C,.6250000,.6718750,110.2500000,C,.5984841,787.6416235,1035.7299170,918.5168798
XCME.GY1.05AUG25.110.P,.0312500,.0468750,110,P,,,,
XCME.GY1.05AUG25.110:5.C,.4687500,.5000000,110.5000000,C,,,,
XCME.GY1.05AUG25.111.C,.2031250,.2343750,111,C,,,,
XCME.GY1.05AUG25.112:25.C,.0069999,.0156250,112.2500000,C,,,,
