Key,BID,ASK,STRIKE,ITYPE,ADJTHEOR,IVBID,IVASK,IVAVERAGE
XCME.ZN.SEP25,112.0937500,112.1093750,INVALID,F,,,,
XCME.VY1.04AUG25.111.C,1.0937500,1.1250000,111,C,1.1100112,,1111.4595274,933.1383481
XCME.VY1.04AUG25.110:5.C,1.5937500,1.6250000,110.5000000,C,1.6084037,,1491.2638558,1270.1843223
XCME.VY1.04AUG25.110.C,2.0937500,2.1250000,110,C,2.1085173,,1853.9409282,1594.6815239
XCME.VY1.04AUG25.110:75.C,1.3437500,1.3750000,110.7500000,C,1.3587578,,1303.8727571,1103.4531862
XCME.VY1.04AUG25.110.P,INVALID,.0069999,110,P,.0034548,,1556.3014193,1413.5781661
XCME.VY1.04AUG25.111:25.C,.8437500,.8750000,111.2500000,C,.8641202,,907.1995739,750.6600657
XCME.VY1.04AUG25.113.P,.8906250,.9218750,113,P,.9053925,,1013.1295720,884.5232895
