Key,BID,ASK,STRIKE,ITYPE,ADJTHEOR,IVBID,IVASK,IVAVERAGE
XCME.ZN.SEP25,112.1093750,112.1250000,INVALID,F,,,,
XCME.GY1.05AUG25.110:5.P,INVALID,.0156250,110.5000000,P,.0079364,,1022.3921130,905.6786080
XCME.GY1.05AUG25.110:75.P,INVALID,.0156250,110.7500000,P,.0102346,,892.0884000,786.6688206
XCME.GY1.05AUG25.111:75.P,.0781250,.1093750,111.7500000,P,.0963924,578.6894158,683.6884844,632.0374456
XCME.GY1.05AUG25.112.P,.1562500,.1875000,112,P,.1801275,565.5694183,653.5796169,609.6322714
XCME.WY1.06AUG25.110.C,2.1093750,2.1406250,110,C,2.1080620,932.8643628,1255.3037692,1163.3304836
XCME.WY1.06AUG25.113.P,.9062500,.9375000,113,P,.9449169,456.8337269,662.7807272,578.8281815
