Key,BID,ASK,STRIKE,ITYPE,ADJTHEOR,IVBID,IVASK,IVAVERAGE
XCME.ZN.SEP25,112.1093750,112.1250000,INVALID,F,,,,
XCME.WY1.06AUG25.110:5.P,.0069999,.0156250,110.5000000,P,.0107564,736.8973482,846.1300559,797.8539239
XCME.WY1.06AUG25.110:25.C,1.8593750,1.8906250,110.2500000,C,1.8787411,,995.2961440,852.4371060
XCME.WY1.06AUG25.112:5.P,.5000000,.5312500,112.5000000,P,.5060602,610.5471104,692.1502838,651.7055966
XCME.WY1.06AUG25.111:5.C,.6718750,.7031250,111.5000000,C,.6929213,560.3368282,668.4817795,616.4050902
XCME.WY1.06AUG25.110:25.P,.0069999,.0156250,110.2500000,P,.0080536,831.3587744,950.8568104,898.1373327
XCME.WY1.06AUG25.111:75.P,.1093750,.1406250,111.7500000,P,.1266695,573.2221115,655.7259970,614.8907844
