Key,BID,ASK,STRIKE,ITYPE,ADJTHEOR,IVBID,IVASK,IVAVERAGE
XCME.ZN.SEP25,110.9687500,110.9843750,INVALID,F,,,,
XCME.ZN1.01AUG25.110:25.C,.7343750,.7812500,110.2500000,C,.7453960,,1074.1485090,888.4520175
XCME.ZN1.01AUG25.112:75.C,INVALID,.0069999,112.7500000,C,.0000029,,1466.0201399,1326.0977448
