Key,BID,ASK,STRIKE,ITYPE,ADJTHEOR,IVBID,IVASK,IVAVERAGE
XCME.ZN.SEP25,112.1093750,112.1250000,INVALID,F,,,,
XCME.WY1.06AUG25.110:5.P,.0069999,.0156250,110.5000000,P,.0109047,732.8194813,841.5628050,793.4802215
XCME.WY1.06AUG25.110:25.C,1.8593750,1.8906250,110.2500000,C,1.8718242,,1052.3575442,941.5531180
XCME.WY1.06AUG25.112:5.P,.5000000,.5312500,112.5000000,P,.5132364,595.9577547,678.3216216,637.5407233
XCME.WY1.06AUG25.111:5.C,.6718750,.7031250,111.5000000,C,.6881884,580.6982329,684.9427623,634.4748529
XCME.WY1.06AUG25.110:25.P,.0069999,.0156250,110.2500000,P,.0081367,827.1660834,946.0439143,893.5994655
XCME.WY1.06AUG25.111:75.P,.1093750,.1406250,111.7500000,P,.1304735,566.8531266,648.9514305,608.3107040
XCME.WY1.06AUG25.112:75.P,.6875000,.7187500,112.7500000,P,.7105791,569.2305607,677.9174331,625.5948930
