Key,BID,ASK,STRIKE,ITYPE,ADJTHEOR,IVBID,IVASK,IVAVERAGE
XCME.ZN.SEP25,112.1406250,112.1562500,INVALID,F,,,,
XCME.WY1.06AUG25.112:5.P,.4687500,.5000000,112.5000000,P,.4836244,584.4011788,666.0083870,625.5561227
XCME.WY1.06AUG25.111:5.C,.7031250,.7187500,111.5000000,C,.7154670,594.3658822,650.5913411,623.0512025
XCME.WY1.06AUG25.110:25.P,.0069999,.0156250,110.2500000,P,.0083015,848.0578388,969.3472214,915.9042012
XCME.WY1.06AUG25.111:75.P,.0937500,.1250000,111.7500000,P,.1161207,555.2191145,641.3250659,598.8478358
XCME.WY1.06AUG25.112:75.P,.6718750,.6875000,112.7500000,P,.6804414,621.1052586,672.3927090,647.1094871
XCME.WY1.06AUG25.110:5.C,1.6406250,1.6718750,110.5000000,C,1.6595286,,936.4347497,820.0808398
XCME.WY1.06AUG25.112.P,.1875000,.2031250,112,P,.1975142,583.2408960,619.9081841,601.5887578
