Key,BID,ASK,STRIKE,ITYPE,ADJTHEOR,IVBID,IVASK,IVAVERAGE
XCME.ZN.SEP25,110.8906250,110.9062500,INVALID,F,,,,
XCME.ZN1.01AUG25.111.P,.2656250,.2968750,111,P,.1823022,1104.5265085,1268.9632576,1186.8283970
XCME.ZN1.01AUG25.110:75.C,.2968750,.3281250,110.7500000,C,.2166304,1100.9053447,1268.7765474,1185.0503644
