Key,BID,ASK,STRIKE,ITYPE,ADJTHEOR,IVBID,IVASK,IVAVERAGE
XCME.ZN.SEP25,111.6093750,111.6250000,INVALID,F,,,,
XCME.WY1.06AUG25.110.P,INVALID,.0156250,110,P,,,,
XCME.WY1.06AUG25.110:75.P,.0156250,.0312500,110.7500000,P,,,,
XCME.WY1.06AUG25.112:25.P,.6875000,.7187500,112.2500000,P,,,,
XCME.WY1.06AUG25.111:25.C,.4531250,.4843750,111.2500000,C,,,,
XCME.WY1.06AUG25.110:5.P,.0069999,.0156250,110.5000000,P,,,,
XCME.WY1.06AUG25.110:25.C,1.3437500,1.3750000,110.2500000,C,,,,
