Key,BID,ASK,STRIKE,ITYPE,ADJTHEOR,IVBID,IVASK,IVAVERAGE
XCME.ZN.SEP25,112.1250000,112.1406250,INVALID,F,,,,
XCME.ZN1.01AUG25.110:25.P,INVALID,.0069999,110.2500000,P,0,,,
XCME.ZN1.01AUG25.110:75.P,INVALID,.0069999,110.7500000,P,0,,,
XCME.ZN1.01AUG25.111:75.P,INVALID,.0069999,111.7500000,P,.0004122,,1015.8419672,879.2362969
XCME.ZN1.01AUG25.110.P,INVALID,.0069999,110,P,0,,,
XCME.ZN1.01AUG25.110:5.P,INVALID,.0069999,110.5000000,P,0,,,
XCME.ZN1.01AUG25.112:75.P,.6093750,.6406250,112.7500000,P,.6180157,,1959.9090113,1642.1332943
XCME.ZN1.01AUG25.111:5.P,INVALID,.0069999,111.5000000,P,.0000196,,1521.2875185,1341.8383816
