Key,BID,ASK,STRIKE,ITYPE,ADJTHEOR,IVBID,IVASK,IVAVERAGE
XCME.ZN.SEP25,111.9375000,111.9531250,INVALID,F,,,,
XCME.GY1.05AUG25.110.P,INVALID,.0069999,110,P,.0032070,,1028.8681503,932.7516659
XCME.GY1.05AUG25.110:5.C,1.4375000,1.4531250,110.5000000,C,1.4610304,,,
XCME.GY1.05AUG25.111.C,.9375000,.9687500,111,C,.9664131,,619.3980761,571.9431577
XCME.GY1.05AUG25.112:25.C,.0781250,.1093750,112.2500000,C,.0956008,513.0341911,612.1564117,563.2873569
XCME.GY1.05AUG25.111:25.C,.7031250,.7187500,111.2500000,C,.7276293,,487.7051402,447.4927991
XCME.GY1.05AUG25.111:75.C,.2968750,.3281250,111.7500000,C,.3201872,470.1295716,563.1422237,517.0341432
XCME.GY1.05AUG25.112:5.P,.5937500,.6250000,112.5000000,P,.5908517,611.8493075,735.5885473,675.8751794
