Key,BID,ASK,STRIKE,ITYPE,ADJTHEOR,IVBID,IVASK,IVAVERAGE
XCME.ZN.SEP25,110.9218750,110.9375000,INVALID,F,,,,
XCME.ZN1.01AUG25.113.C,INVALID,.0069999,113,C,0,,,1958.8382781
XCME.ZN1.01AUG25.111:5.C,.0312500,.0468750,111.5000000,C,.0032072,1076.8627125,1227.1228231,1154.8003058
