Key,BID,ASK,STRIKE,ITYPE,ADJTHEOR,IVBID,IVASK,IVAVERAGE
XCME.ZN.SEP25,110.9218750,110.9375000,INVALID,F,,,,
XCME.ZN1.01AUG25.110:25.P,.0156250,.0312500,110.2500000,P,.0039434,820.6247540,983.9699806,908.6125441
XCME.ZN1.01AUG25.110:5.P,.0625000,.0781250,110.5000000,P,.0220086,922.9103079,1015.5103131,969.8606519
