Key,BID,ASK,STRIKE,ITYPE,ADJTHEOR,IVBID,IVASK,IVAVERAGE
XCME.ZN.SEP25,111.9531250,111.9687500,INVALID,F,,,,
XCME.ZN1.01AUG25.112:5.P,.5468750,.5781250,112.5000000,P,.5483681,938.9638939,1434.9305896,1227.4479938
XCME.ZN1.01AUG25.110.C,1.9375000,1.9687500,110,C,,,,
XCME.ZN1.01AUG25.112.P,.1406250,.1562500,112,P,.1349126,839.9706998,950.0812885,895.0513166
XCME.ZN1.01AUG25.112:25.C,.0156250,.0468750,112.2500000,C,.0284138,701.5822326,1041.0909839,885.6226372
XCME.ZN1.01AUG25.111:25.C,.7031250,.7187500,111.2500000,C,.7152056,,1173.3059616,1035.8771189
XCME.ZN1.01AUG25.111:75.C,.2343750,.2656250,111.7500000,C,.2511546,651.5161511,803.6700997,730.2111331
