Key,BID,ASK,STRIKE,ITYPE,ADJTHEOR,IVBID,IVASK,IVAVERAGE
XCME.ZN.SEP25,111.9218750,111.9375000,INVALID,F,,,,
XCME.VY1.04AUG25.112.C,.1250000,.1406250,112,C,.1242005,555.1137525,613.0654193,584.1036436
XCME.VY1.04AUG25.112:75.C,.0069999,.0156250,112.7500000,C,.0091897,659.8545668,780.0184329,726.4033142
XCME.VY1.04AUG25.110:25.C,1.6718750,1.7031250,110.2500000,C,1.6975156,,1278.5091120,
XCME.ZN1.01AUG25.112:75.C,INVALID,.0069999,112.7500000,C,.0000777,,1356.3944139,1201.1884344
XCME.ZN1.01AUG25.110:25.C,1.6718750,1.7031250,110.2500000,C,1.6944999,,,
XCME.ZN1.01AUG25.110:25.P,INVALID,.0069999,110.2500000,P,0,,,
XCME.ZN1.01AUG25.110:75.P,INVALID,.0069999,110.7500000,P,0,,1897.3278157,1704.6840345
