Key,BID,ASK,STRIKE,ITYPE,ADJTHEOR,IVBID,IVASK,IVAVERAGE
XCME.ZN.SEP25,110.9375000,110.9531250,INVALID,F,,,,
XCME.ZN1.01AUG25.110:25.P,.0156250,.0312500,110.2500000,P,.0035555,833.1889859,998.3844501,922.2077704
XCME.ZN1.01AUG25.110:5.P,.0625000,.0781250,110.5000000,P,.0201793,942.0675084,1035.5964211,989.4975841
