Key,BID,ASK,STRIKE,ITYPE,ADJTHEOR,IVBID,IVASK,IVAVERAGE
XCME.ZN.SEP25,112,112.0156250,INVALID,F,,,,
XCME.GY1.05AUG25.110:5.P,INVALID,.0069999,110.5000000,P,.0034886,,838.8800874,756.6456457
XCME.GY1.05AUG25.110:75.P,INVALID,.0069999,110.7500000,P,.0045530,,721.8894163,648.1422306
XCME.GY1.05AUG25.111:75.P,.0781250,.1093750,111.7500000,P,.0922862,500.4983060,599.2534297,550.5288714
XCME.GY1.05AUG25.112.P,.1875000,.2031250,112,P,.1913505,542.8480238,585.5149626,564.1823136
XCME.VY1.04AUG25.111:75.P,.0312500,.0468750,111.7500000,P,.0451241,462.7241497,544.9218119,504.9629440
XCME.VY1.04AUG25.111:75.C,.2968750,.3281250,111.7500000,C,.3220621,394.9908314,566.2450683,486.3700542
