Key,BID,ASK,STRIKE,ITYPE,ADJTHEOR,IVBID,IVASK,IVAVERAGE
XCME.ZN.SEP25,112.2031250,112.2187500,INVALID,F,,,,
XCME.VY1.04AUG25.112.C,.2500000,.2812500,112,C,.2783859,440.5585522,594.1869324,519.8429726
XCME.VY1.04AUG25.112:75.C,.0156250,.0312500,112.7500000,C,.0257808,617.9152004,750.6410077,689.1277790
XCME.VY1.04AUG25.110:25.C,1.9375000,1.9687500,110.2500000,C,1.9678925,,1405.7116540,1078.4263383
XCME.ZN1.01AUG25.112:75.C,INVALID,.0069999,112.7500000,C,.0000270,,1500.9779055,1315.2525111
XCME.ZN1.01AUG25.110:25.C,1.9375000,1.9687500,110.2500000,C,1.9687500,,1528.2556122,
XCME.ZN1.01AUG25.110:25.P,INVALID,.0069999,110.2500000,P,0,,,
XCME.ZN1.01AUG25.110:75.P,INVALID,.0069999,110.7500000,P,0,,,
