Key,BID,ASK,STRIKE,ITYPE,ADJTHEOR,IVBID,IVASK,IVAVERAGE
XCME.ZN.SEP25,110.9843750,111,INVALID,F,,,,
XCME.ZN1.01AUG25.110:25.P,.0156250,.0312500,110.2500000,P,.0012564,965.4422019,1154.5971866,1067.5201484
XCME.ZN1.01AUG25.110:5.P,.0468750,.0781250,110.5000000,P,.0100211,993.4127420,1214.1099655,1107.8141989
