Key,BID,ASK,STRIKE,ITYPE,ADJTHEOR,IVBID,IVASK,IVAVERAGE
XCME.ZN.SEP25,112.0156250,112.0312500,INVALID,F,,,,
XCME.GY1.05AUG25.110.P,INVALID,.0069999,110,P,.0032501,,1045.6394910,948.2289873
XCME.GY1.05AUG25.110:5.C,1.5156250,1.5468750,110.5000000,C,1.5234397,1059.0536391,1279.3167881,1179.1063421
XCME.GY1.05AUG25.111.C,1.0156250,1.0468750,111,C,1.0281287,779.5769646,963.3046579,878.9487548
XCME.GY1.05AUG25.112:25.C,.1093750,.1406250,112.2500000,C,.1275746,592.5649615,682.7424562,637.8915370
XCME.GY1.05AUG25.111:25.C,.7968750,.8281250,111.2500000,C,.7879395,633.7651451,796.8789387,721.4773899
XCME.GY1.05AUG25.111:75.C,.3750000,.4062500,111.7500000,C,.3719747,571.9569723,665.2731301,618.9988532
XCME.GY1.05AUG25.112:5.P,.5000000,.5312500,112.5000000,P,.5493613,413.4970064,560.3379861,493.0415574
