Key,BID,ASK,STRIKE,ITYPE,ADJTHEOR,IVBID,IVASK,IVAVERAGE
XCME.ZN.SEP25,112.0156250,112.0312500,INVALID,F,,,,
XCME.WY1.06AUG25.110:5.P,INVALID,.0156250,110.5000000,P,.0055311,,799.6950015,707.0141830
XCME.WY1.06AUG25.110:25.C,1.7656250,1.7968750,110.2500000,C,1.7814271,,947.5700615,809.5805713
XCME.WY1.06AUG25.112:5.P,.5312500,.5625000,112.5000000,P,.5492206,540.2562330,587.0945248,563.9528975
XCME.WY1.06AUG25.111:5.C,.5781250,.5937500,111.5000000,C,.5834810,441.6508228,553.0309925,500.1801506
XCME.WY1.06AUG25.110:25.P,INVALID,.0069999,110.2500000,P,.0044896,,789.4708752,714.1713043
XCME.WY1.06AUG25.111:75.P,.1093750,.1250000,111.7500000,P,.1155002,497.9547893,537.4883862,517.8090539
