Key,BID,ASK,STRIKE,ITYPE,ADJTHEOR,IVBID,IVASK,IVAVERAGE
XCME.ZN.SEP25,112.0156250,112.0312500,INVALID,F,,,,
XCME.VY1.04AUG25.111.P,INVALID,.0069999,111,P,.0035347,,800.2997796,714.8494826
XCME.VY1.04AUG25.110:75.P,INVALID,.0069999,110.7500000,P,.0026894,,960.4268214,862.5160851
XCME.VY1.04AUG25.112.P,.1250000,.1562500,112,P,.1386736,490.1243170,603.9637614,547.0524317
XCME.VY1.04AUG25.111:5.C,.5312500,.5468750,111.5000000,C,.5373311,515.3177765,647.8447509,587.8434726
XCME.VY1.04AUG25.112:25.C,.0625000,.0937500,112.2500000,C,.0657627,546.9544189,614.0489017,580.8225739
XCME.VY1.04AUG25.110:5.P,INVALID,.0069999,110.5000000,P,.0026745,,1116.4819451,1006.9782425
XCME.VY1.04AUG25.112:5.P,.5000000,.5156250,112.5000000,P,.5059559,397.0353280,669.7161714,561.6694985
