Key,BID,ASK,STRIKE,ITYPE,ADJTHEOR,IVBID,IVASK,IVAVERAGE
XCME.ZN.SEP25,110.9062500,110.9218750,INVALID,F,,,,
XCME.ZN1.01AUG25.111.P,.2656250,.2812500,111,P,.1748810,1140.7140256,1222.6573807,1181.7019168
XCME.ZN1.01AUG25.110:75.C,.3125000,.3281250,110.7500000,C,.2248334,1145.3301807,1313.6699576,1229.7200938
