Key,BID,ASK,STRIKE,ITYPE,ADJTHEOR,IVBID,IVASK,IVAVERAGE
XCME.ZN.SEP25,112.1093750,112.1250000,INVALID,F,,,,
XCME.ZN1.01AUG25.111:5.P,INVALID,.0069999,111.5000000,P,.0001026,,1355.8529189,1196.0803731
XCME.ZN1.01AUG25.111:25.P,INVALID,.0069999,111.2500000,P,.0000230,,1770.7818820,1574.0462745
XCME.ZN1.01AUG25.112:5.P,.3750000,.4062500,112.5000000,P,.3801671,,1323.2168856,1114.7486670
XCME.ZN1.01AUG25.110.C,2.0937500,2.1250000,110,C,2.1206875,,,
XCME.ZN1.01AUG25.112.P,.0069999,.0312500,112,P,.0172746,394.7523637,710.3732212,567.6315268
XCME.ZN1.01AUG25.112:25.C,.0069999,.0312500,112.2500000,C,.0158487,413.1424926,735.7277633,590.5539330
