Key,BID,ASK,STRIKE,ITYPE,ADJTHEOR,IVBID,IVASK,IVAVERAGE
XCME.ZN.SEP25,112.1093750,112.1250000,INVALID,F,,,,
XCME.ZN1.01AUG25.112:5.C,INVALID,.0069999,112.5000000,C,.0001327,,984.1528017,855.5548044
XCME.ZN1.01AUG25.111:5.C,.6093750,.6406250,111.5000000,C,.6015682,1394.0487978,,1886.8683441
XCME.ZN1.01AUG25.113.P,.8593750,.8906250,113,P,.8984374,,,
XCME.ZN1.01AUG25.112:25.P,.1406250,.1562500,112.2500000,P,.1549082,,490.1637262,304.6138457
XCME.ZN1.01AUG25.111.C,1.1093750,1.1406250,111,C,1.1015612,,,
XCME.ZN1.01AUG25.112.C,.1093750,.1406250,112,C,.1153861,375.1667241,758.7693659,628.5407769
