Key,BID,ASK,STRIKE,ITYPE,ADJTHEOR,IVBID,IVASK,IVAVERAGE
XCME.ZN.SEP25,111.9062500,111.9218750,INVALID,F,,,,
XCME.GY1.05AUG25.113.P,1.0937500,1.1093750,113,P,1.1065892,580.6226161,770.6400878,694.7322535
XCME.GY1.05AUG25.112:75.P,.8437500,.8750000,112.7500000,P,.8682830,460.8046821,729.7745158,627.2279881
XCME.GY1.05AUG25.110:75.C,1.1562500,1.1718750,110.7500000,C,1.1660072,,722.1862021,669.2608083
XCME.GY1.05AUG25.112:25.P,.4218750,.4375000,112.2500000,P,.4319472,566.7047948,617.7492749,592.4362478
XCME.GY1.05AUG25.113.C,.0069999,.0156250,113,C,.0171517,628.1616781,731.2422904,685.4477994
XCME.GY1.05AUG25.111.P,.0069999,.0156250,111,P,.0103478,543.4250525,635.9514385,594.6222605
XCME.GY1.05AUG25.112.C,.1562500,.1875000,112,C,.1692778,533.8311251,619.3794439,576.6498152
