Key,BID,ASK,STRIKE,ITYPE,ADJTHEOR,IVBID,IVASK,IVAVERAGE
XCME.ZN.SEP25,110.9218750,110.9375000,INVALID,F,,,,
XCME.ZN1.01AUG25.110.P,.0069999,.0156250,110,P,.0000629,1063.1524851,1245.4518510,1164.1340674
XCME.ZN1.01AUG25.110:75.P,.1406250,.1718750,110.7500000,P,.0572817,1130.6227345,1301.7803699,1216.4647688
