Key,BID,ASK,STRIKE,ITYPE,ADJTHEOR,IVBID,IVASK,IVAVERAGE
XCME.ZN.SEP25,112.1250000,112.1406250,INVALID,F,,,,
XCME.GY1.05AUG25.113.P,.8750000,.9062500,113,P,.8950393,583.8549249,810.7055016,714.1798501
XCME.GY1.05AUG25.112:75.P,.6562500,.6875000,112.7500000,P,.6677504,642.6076153,781.0676991,714.9512381
XCME.GY1.05AUG25.110:75.C,1.3750000,1.4062500,110.7500000,C,1.3938478,,962.3443660,815.1342139
XCME.GY1.05AUG25.112:25.P,.2812500,.2968750,112.2500000,P,.2902606,612.7758771,657.2223242,635.0146149
XCME.GY1.05AUG25.113.C,.0156250,.0468750,113,C,.0313518,626.0660828,834.5005793,742.8487650
XCME.GY1.05AUG25.111.P,.0069999,.0156250,111,P,.0117881,673.1493369,781.8342891,733.5187716
XCME.GY1.05AUG25.112.C,.2812500,.3125000,112,C,.3003938,574.3324655,664.1435208,619.3361585
