Key,BID,ASK,STRIKE,ITYPE,ADJTHEOR,IVBID,IVASK,IVAVERAGE
XCME.ZN.SEP25,110.9218750,110.9375000,INVALID,F,,,,
XCME.ZN1.01AUG25.111.C,.1875000,.2031250,111,C,.0885198,1205.0721846,1290.4085156,1247.7521767
XCME.ZN1.01AUG25.111:25.P,.4218750,.4375000,111.2500000,P,.3459592,1211.5979421,1310.3503206,1261.2756374
