Key,BID,ASK,STRIKE,ITYPE,ADJTHEOR,IVBID,IVASK,IVAVERAGE
XCME.ZN.SEP25,112.0625000,112.0781250,INVALID,F,,,,
XCME.VY1.04AUG25.112:25.P,.2656250,.2968750,112.2500000,P,.2894645,484.8643568,617.1183539,552.2295812
XCME.VY1.04AUG25.112.C,.1718750,.2031250,112,C,.1749943,550.1695927,663.7650248,606.9895933
XCME.VY1.04AUG25.112:75.C,.0069999,.0312500,112.7500000,C,.0152601,594.7627115,841.7431168,739.3022193
XCME.VY1.04AUG25.110:25.C,1.7812500,1.8281250,110.2500000,C,1.7912613,1317.8219020,1774.8768448,1641.8566918
XCME.WY1.06AUG25.110.C,2.0468750,2.0781250,110,C,2.0420738,902.7793935,1204.7966365,1117.4416569
XCME.WY1.06AUG25.113.P,.9531250,.9843750,113,P,.9887544,,593.2169455,466.1035002
