Key,BID,ASK,STRIKE,ITYPE,ADJTHEOR,IVBID,IVASK,IVAVERAGE
XCME.ZN.SEP25,110.9218750,110.9375000,INVALID,F,,,,
XCME.ZN1.01AUG25.112.P,1.0625000,1.0937500,112,P,1.0629581,292.3433173,1272.5900459,1138.1790902
