Key,BID,ASK,STRIKE,ITYPE,ADJTHEOR,IVBID,IVASK,IVAVERAGE
XCME.ZN.SEP25,112.1250000,112.1406250,INVALID,F,,,,
XCME.GY1.05AUG25.111.C,1.1250000,1.1562500,111,C,1.1466425,,960.3587281,813.0850481
XCME.GY1.05AUG25.112:25.C,.1718750,.1875000,112.2500000,C,.1771026,625.7192431,669.9259048,647.8376374
XCME.GY1.05AUG25.111:25.C,.8906250,.9218750,111.2500000,C,.9075685,549.1978121,798.0560576,696.3848651
XCME.GY1.05AUG25.111:75.C,.4531250,.4843750,111.7500000,C,.4721909,576.4862746,685.2695679,631.9422126
XCME.GY1.05AUG25.112:5.P,.4531250,.4843750,112.5000000,P,.4659209,618.6990273,722.8831506,671.5345978
XCME.GY1.05AUG25.113.P,.8750000,.9062500,113,P,.8990056,541.1951961,788.5160500,687.5585555
XCME.GY1.05AUG25.112:75.P,.6562500,.6875000,112.7500000,P,.6717194,624.1046431,765.0857259,698.0519724
