Key,BID,ASK,STRIKE,ITYPE,ADJTHEOR,IVBID,IVASK,IVAVERAGE
XCME.ZN.SEP25,112.1250000,112.1406250,INVALID,F,,,,
XCME.WY1.06AUG25.110:5.C,1.6250000,1.6562500,110.5000000,C,1.6382163,,946.7525389,843.9060291
XCME.WY1.06AUG25.112.P,.2031250,.2187500,112,P,.2075560,595.5139202,631.5794331,613.5563245
XCME.WY1.06AUG25.110:75.C,1.3750000,1.4062500,110.7500000,C,1.3921267,,831.6660592,737.7144639
XCME.WY1.06AUG25.111:5.P,.0625000,.0781250,111.5000000,P,.0656107,605.5180509,658.6657666,632.5396293
XCME.WY1.06AUG25.111.C,1.1406250,1.1562500,111,C,1.1497815,,713.4542918,628.9623070
XCME.GY1.05AUG25.110.P,INVALID,.0069999,110,P,.0040625,,1126.2104114,1022.8398678
XCME.GY1.05AUG25.110:5.C,1.6250000,1.6406250,110.5000000,C,1.6339412,,984.5989297,921.4277326
