Key,BID,ASK,STRIKE,ITYPE,ADJTHEOR,IVBID,IVASK,IVAVERAGE
XCME.ZN.SEP25,112.0468750,112.0625000,INVALID,F,,,,
XCME.GY1.05AUG25.111:5.C,.5937500,.6093750,111.5000000,C,.6197181,414.5799685,517.0826770,470.7865294
XCME.GY1.05AUG25.110.C,2.0625000,2.0781250,110,C,2.0855886,,,
XCME.GY1.05AUG25.111:5.P,.0312500,.0468750,111.5000000,P,.0372805,540.1696428,615.0181952,578.9987258
XCME.GY1.05AUG25.110:25.C,1.8125000,1.8281250,110.2500000,C,1.8354123,,,
XCME.GY1.05AUG25.112:75.C,.0312500,.0468750,112.7500000,C,.0406858,595.6715774,674.4997488,636.6385079
XCME.GY1.05AUG25.112:5.C,.0625000,.0937500,112.5000000,C,.0798257,556.6897003,666.1222904,612.7172699
XCME.GY1.05AUG25.110:5.P,INVALID,.0069999,110.5000000,P,.0030755,,851.2775762,768.4511388
