Key,BID,ASK,STRIKE,ITYPE,ADJTHEOR,IVBID,IVASK,IVAVERAGE
XCME.ZN.SEP25,110.9531250,110.9687500,INVALID,F,,,,
XCME.ZN1.01AUG25.111.P,.2500000,.2812500,111,P,.1917119,905.2620334,1036.1875388,970.7502820
XCME.ZN1.01AUG25.110:75.C,.3281250,.3593750,110.7500000,C,.2681864,923.9206678,1060.7469323,992.5689368
