Key,BID,ASK,STRIKE,ITYPE,ADJTHEOR,IVBID,IVASK,IVAVERAGE
XCME.ZN.SEP25,111.9531250,111.9687500,INVALID,F,,,,
XCME.WY1.06AUG25.110.P,INVALID,.0069999,110,P,.0044775,,846.5037949,767.5310212
XCME.WY1.06AUG25.110:75.P,.0069999,.0156250,110.7500000,P,.0104176,563.2691422,653.4258317,613.4648675
XCME.WY1.06AUG25.112:25.P,.4218750,.4375000,112.2500000,P,.4293248,542.1372532,581.2454294,561.7687739
XCME.WY1.06AUG25.111:25.C,.7187500,.7500000,111.2500000,C,.7375821,450.1668279,593.6614624,528.8995092
XCME.WY1.06AUG25.110:5.P,.0069999,.0156250,110.5000000,P,.0068203,659.6249866,760.2296328,715.8276565
XCME.WY1.06AUG25.110:25.C,1.6875000,1.7187500,110.2500000,C,1.7048377,,898.8609331,760.5075083
