Key,BID,ASK,STRIKE,ITYPE,ADJTHEOR,IVBID,IVASK,IVAVERAGE
XCME.ZN.SEP25,112.1093750,112.1250000,INVALID,F,,,,
XCME.ZN1.01AUG25.112:25.P,.1250000,.1562500,112.2500000,P,.1404965,.9900000,723.1703752,584.3910788
XCME.ZN1.01AUG25.111.C,1.1093750,1.1406250,111,C,1.1249956,,,
XCME.ZN1.01AUG25.112.C,.1250000,.1562500,112,C,.1402412,141.8152086,723.1914674,533.8785414
XCME.WY1.06AUG25.110.C,2.1093750,2.1406250,110,C,2.1263710,,1099.4285447,945.6275998
XCME.WY1.06AUG25.113.P,.9062500,.9375000,113,P,.9203450,588.7177880,735.1904716,667.7518603
XCME.WY1.06AUG25.112:75.C,.0625000,.0781250,112.7500000,C,.0696758,606.2415162,659.3449091,633.2408626
XCME.WY1.06AUG25.112.C,.3125000,.3437500,112,C,.3283245,560.9591224,632.9887142,597.0103456
