Key,BID,ASK,STRIKE,ITYPE,ADJTHEOR,IVBID,IVASK,IVAVERAGE
XCME.ZN.SEP25,112.0156250,112.0312500,INVALID,F,,,,
XCME.ZN1.01AUG25.112:5.P,.4687500,.5000000,112.5000000,P,.4767402,,1008.8825558,880.4644683
XCME.ZN1.01AUG25.110.C,2,2.0312500,110,C,2.0234374,,,
XCME.ZN1.01AUG25.112.P,.0312500,.0468750,112,P,.0432932,346.4501420,477.8890426,412.3575196
XCME.ZN1.01AUG25.112:25.C,INVALID,.0069999,112.2500000,C,.0040118,,556.1385052,473.3479288
XCME.ZN1.01AUG25.111:25.C,.7500000,.7812500,111.2500000,C,.7734507,,1485.4493614,1314.4883615
XCME.ZN1.01AUG25.111:75.C,.2656250,.2812500,111.7500000,C,.2754409,,659.9972087,563.6866361
