Key,BID,ASK,STRIKE,ITYPE,ADJTHEOR,IVBID,IVASK,IVAVERAGE
XCME.ZN.SEP25,111.9687500,111.9843750,INVALID,F,,,,
XCME.GY1.05AUG25.111:5.C,.5312500,.5625000,111.5000000,C,.5524644,442.8827771,586.3887455,519.9163216
XCME.GY1.05AUG25.110.C,1.9843750,2.0156250,110,C,2.0110516,,1056.4712883,955.7664738
XCME.GY1.05AUG25.111:5.P,.0312500,.0625000,111.5000000,P,.0446517,483.2540648,617.3240207,554.0646739
XCME.GY1.05AUG25.110:25.C,1.7343750,1.7656250,110.2500000,C,1.7610259,,943.4414578,851.2549133
XCME.GY1.05AUG25.112:75.C,.0156250,.0312500,112.7500000,C,.0325549,545.7349937,651.4412150,602.8012018
XCME.GY1.05AUG25.112:5.C,.0468750,.0625000,112.5000000,C,.0614590,565.2937341,629.1726777,597.9448384
XCME.GY1.05AUG25.110:5.P,INVALID,.0069999,110.5000000,P,.0035360,,813.7638384,733.6401939
