Key,BID,ASK,STRIKE,ITYPE,ADJTHEOR,IVBID,IVASK,IVAVERAGE
XCME.ZN.SEP25,112.0156250,112.0312500,INVALID,F,,,,
XCME.VY1.04AUG25.111:75.P,.0468750,.0625000,111.7500000,P,.0586405,521.4304711,594.2091618,558.4030373
XCME.VY1.04AUG25.111:75.C,.2968750,.3281250,111.7500000,C,.3442031,418.4254258,574.5730750,500.3808101
XCME.VY1.04AUG25.112:75.P,.7187500,.7500000,112.7500000,P,.7284013,,762.0109626,626.0092330
XCME.VY1.04AUG25.111:25.P,INVALID,.0069999,111.2500000,P,.0073531,,638.2551806,566.5300218
XCME.VY1.04AUG25.111:5.P,.0069999,.0312500,111.5000000,P,.0204520,463.7989186,677.8549417,587.8309941
XCME.VY1.04AUG25.112:5.C,.0156250,.0312500,112.5000000,C,.0330198,526.0756404,642.1479155,588.1768579
XCME.VY1.04AUG25.110:25.P,INVALID,.0069999,110.2500000,P,.0030655,,1269.7038647,1148.4876128
