Key,BID,ASK,STRIKE,ITYPE,ADJTHEOR,IVBID,IVASK,IVAVERAGE
XCME.ZN.SEP25,110.9375000,110.9531250,INVALID,F,,,,
XCME.ZN1.01AUG25.110:25.C,.7187500,.7500000,110.2500000,C,.6891048,1125.9133563,1405.2481992,1274.4806358
XCME.ZN1.01AUG25.112:75.C,INVALID,.0069999,112.7500000,C,0,,1772.5885915,1604.7948585
