Key,BID,ASK,STRIKE,ITYPE,ADJTHEOR,IVBID,IVASK,IVAVERAGE
XCME.ZN.SEP25,111.9531250,111.9687500,INVALID,F,,,,
XCME.ZN1.01AUG25.111:75.P,.0312500,.0468750,111.7500000,P,.0459187,681.8890385,821.5284827,753.2875299
XCME.ZN1.01AUG25.110.P,INVALID,.0069999,110,P,,,,
XCME.ZN1.01AUG25.110:5.P,INVALID,.0069999,110.5000000,P,.0030492,,,1845.8030737
XCME.ZN1.01AUG25.112:75.P,.7656250,.7968750,112.7500000,P,.8006075,,,
XCME.ZN1.01AUG25.111:5.P,INVALID,.0156250,111.5000000,P,.0079795,,944.8582763,799.1329439
XCME.ZN1.01AUG25.111:25.P,INVALID,.0069999,111.2500000,P,.0012512,,1118.1403481,989.5128325
