Key,BID,ASK,STRIKE,ITYPE,ADJTHEOR,IVBID,IVASK,IVAVERAGE
XCME.ZN.SEP25,112.1250000,112.1406250,INVALID,F,,,,
XCME.GY1.05AUG25.110:5.P,INVALID,.0156250,110.5000000,P,.0059376,,1034.8086028,916.9420293
XCME.GY1.05AUG25.110:75.P,INVALID,.0156250,110.7500000,P,.0082815,,904.7684734,798.2218833
XCME.GY1.05AUG25.111:75.P,.0781250,.0937500,111.7500000,P,.0893127,599.9071607,653.9570046,627.1931224
XCME.GY1.05AUG25.112.P,.1562500,.1875000,112,P,.1694424,593.8840847,682.5067244,638.2726773
XCME.VY1.04AUG25.111:75.P,.0312500,.0468750,111.7500000,P,.0431804,578.7601641,671.7317151,626.7506958
XCME.VY1.04AUG25.111:75.C,.4062500,.4375000,111.7500000,C,.4224927,550.5070479,733.1607614,647.2117944
