Key,BID,ASK,STRIKE,ITYPE,ADJTHEOR,IVBID,IVASK,IVAVERAGE
XCME.ZN.SEP25,112.0781250,112.0937500,INVALID,F,,,,
XCME.GY1.05AUG25.110:5.P,INVALID,.0069999,110.5000000,P,.0033631,,876.1946242,791.0309809
XCME.GY1.05AUG25.110:75.P,INVALID,.0069999,110.7500000,P,.0040913,,759.1369059,683.0245221
XCME.GY1.05AUG25.111:75.P,.0625000,.0781250,111.7500000,P,.0730107,503.8857916,558.6478924,531.6080565
XCME.GY1.05AUG25.112.P,.1406250,.1718750,112,P,.1568040,496.0250253,583.3065707,539.7200651
XCME.ZN1.01AUG25.112:75.C,INVALID,.0069999,112.7500000,C,.0000170,,1393.2389673,1231.6500144
XCME.ZN1.01AUG25.110:25.C,1.8281250,1.8593750,110.2500000,C,1.8359374,,,
