Key,BID,ASK,STRIKE,ITYPE,ADJTHEOR,IVBID,IVASK,IVAVERAGE
XCME.ZN.SEP25,110.9062500,110.9218750,INVALID,F,,,,
XCME.ZN1.01AUG25.110.P,.0069999,.0156250,110,P,.0004644,893.9706155,1048.0791730,979.4410154
XCME.ZN1.01AUG25.110:75.P,.1562500,.1718750,110.7500000,P,.0778994,1024.9167876,1096.7522322,1060.8847813
