Key,BID,ASK,STRIKE,ITYPE,ADJTHEOR,IVBID,IVASK,IVAVERAGE
XCME.ZN.SEP25,112.0312500,112.0468750,INVALID,F,,,,
XCME.VY1.04AUG25.111:5.P,.0069999,.0156250,111.5000000,P,.0152410,489.3376078,587.1578945,543.1266603
XCME.VY1.04AUG25.112:5.C,.0156250,.0312500,112.5000000,C,.0245627,523.1589594,640.2318243,585.7851833
XCME.VY1.04AUG25.110:25.P,INVALID,.0069999,110.2500000,P,.0031342,,1313.5733535,1188.5437542
XCME.VY1.04AUG25.111.P,INVALID,.0069999,111,P,.0032715,,833.5210329,744.9654072
XCME.VY1.04AUG25.110:75.P,INVALID,.0069999,110.7500000,P,.0026239,,997.1771081,895.6662544
XCME.VY1.04AUG25.112.P,.1093750,.1406250,112,P,.1262515,477.1090905,594.3250038,535.7551148
