Key,BID,ASK,STRIKE,ITYPE,ADJTHEOR,IVBID,IVASK,IVAVERAGE
XCME.ZN.SEP25,112.2031250,112.2187500,INVALID,F,,,,
XCME.WY1.06AUG25.110:75.C,1.4531250,1.4843750,110.7500000,C,1.4738857,,825.7057507,700.3794580
XCME.WY1.06AUG25.111:5.P,.0312500,.0468750,111.5000000,P,.0427239,535.0505345,604.3646657,571.0979474
XCME.WY1.06AUG25.111.C,1.2031250,1.2343750,111,C,1.2283089,,712.2090305,599.6240145
XCME.GY1.05AUG25.110.P,INVALID,.0069999,110,P,.0039583,,1184.1051188,1075.6892551
XCME.GY1.05AUG25.110:5.C,1.6875000,1.7187500,110.5000000,C,1.7192882,,886.7321945,675.7495504
XCME.GY1.05AUG25.111.C,1.2031250,1.2343750,111,C,1.2230646,,871.2214289,733.4949652
XCME.GY1.05AUG25.112:25.C,.1718750,.2031250,112.2500000,C,.1997301,530.3897649,618.2404101,574.3231884
