Key,BID,ASK,STRIKE,ITYPE,ADJTHEOR,IVBID,IVASK,IVAVERAGE
XCME.ZN.SEP25,110.9375000,110.9531250,INVALID,F,,,,
XCME.ZN1.01AUG25.111.C,.2031250,.2187500,111,C,.1317581,957.8563882,1022.8401846,990.3534055
XCME.ZN1.01AUG25.111:25.P,.4062500,.4375000,111.2500000,P,.3585902,824.2230768,1049.6842253,938.9875411
