Key,BID,ASK,STRIKE,ITYPE,ADJTHEOR,IVBID,IVASK,IVAVERAGE
XCME.ZN.SEP25,111.9843750,112,INVALID,F,,,,
XCME.WY1.06AUG25.112.P,.2343750,.2656250,112,P,.2527667,499.1832284,568.7798344,533.9827843
XCME.WY1.06AUG25.110:75.C,1.2187500,1.2500000,110.7500000,C,1.2382844,,698.5566038,588.4530124
XCME.WY1.06AUG25.111:5.P,.0625000,.0781250,111.5000000,P,.0695861,502.7995574,551.0609983,527.2903243
XCME.WY1.06AUG25.111.C,1,1.0312500,111,C,.9952943,585.2790483,749.0330036,675.5887434
XCME.ZN1.01AUG25.112:75.C,INVALID,.0069999,112.7500000,C,.0007032,,1257.5670565,1113.5834259
XCME.ZN1.01AUG25.110:25.C,1.7187500,1.7500000,110.2500000,C,1.7300916,,,
