Key,BID,ASK,STRIKE,ITYPE,ADJTHEOR,IVBID,IVASK,IVAVERAGE
XCME.ZN.SEP25,112.2031250,112.2187500,INVALID,F,,,,
XCME.GY1.05AUG25.112:75.P,.5781250,.6093750,112.7500000,P,.5931272,588.7433652,722.3095075,658.3797757
XCME.GY1.05AUG25.110:75.C,1.4531250,1.4843750,110.7500000,C,1.4695983,,1010.0537366,856.7492426
XCME.GY1.05AUG25.112:25.P,.2187500,.2500000,112.2500000,P,.2311950,562.1993372,650.0282325,606.1206692
XCME.GY1.05AUG25.113.C,.0156250,.0468750,113,C,.0324338,584.4818018,785.0078164,696.4942678
XCME.GY1.05AUG25.111.P,INVALID,.0156250,111,P,.0074101,,827.8141309,727.0500691
XCME.GY1.05AUG25.112.C,.3281250,.3593750,112,C,.3345347,569.7045507,664.2717709,617.2638949
