Key,BID,ASK,STRIKE,ITYPE,ADJTHEOR,IVBID,IVASK,IVAVERAGE
XCME.ZN.SEP25,111.9687500,111.9843750,INVALID,F,,,,
XCME.ZN1.01AUG25.113.P,1.0156250,1.0312500,113,P,1.0314308,,779.7740523,
XCME.ZN1.01AUG25.112:25.P,.2656250,.2968750,112.2500000,P,.2906864,,728.6968376,514.8684327
XCME.ZN1.01AUG25.111.C,.9687500,.9843750,111,C,.9689489,861.1577947,,1920.4221640
XCME.ZN1.01AUG25.112.C,.0468750,.0781250,112,C,.0634218,570.9303156,687.8713546,629.4599531
XCME.WY1.06AUG25.110.C,1.9687500,2,110,C,1.9775597,,1082.7087349,970.0651102
XCME.WY1.06AUG25.113.P,1.0312500,1.0625000,113,P,1.0507069,457.8380716,700.9358939,608.7093133
