Key,BID,ASK,STRIKE,ITYPE,ADJTHEOR,IVBID,IVASK,IVAVERAGE
XCME.ZN.SEP25,111.9375000,111.9531250,INVALID,F,,,,
XCME.VY1.04AUG25.110:75.P,INVALID,.0069999,110.7500000,P,.0020141,,933.1821552,837.7978134
XCME.VY1.04AUG25.112.P,.1718750,.1875000,112,P,.1787615,569.3944743,626.6829556,598.0428184
XCME.VY1.04AUG25.111:5.C,.4531250,.4843750,111.5000000,C,.4833191,,519.3874479,483.2398477
XCME.VY1.04AUG25.112:25.C,.0468750,.0625000,112.2500000,C,.0523303,535.6688496,609.5589283,573.2274105
XCME.VY1.04AUG25.110:5.P,INVALID,.0069999,110.5000000,P,.0007851,,1090.7604224,983.1131435
XCME.VY1.04AUG25.112:5.P,.5625000,.5937500,112.5000000,P,.5666089,691.4520637,878.3223341,790.3222751
