Key,BID,ASK,STRIKE,ITYPE,ADJTHEOR,IVBID,IVASK,IVAVERAGE
XCME.ZN.SEP25,112.0156250,112.0312500,INVALID,F,,,,
XCME.GY1.05AUG25.112:25.P,.3437500,.3750000,112.2500000,P,.3533434,567.7734536,658.5638951,613.4332937
XCME.GY1.05AUG25.113.C,.0156250,.0312500,113,C,.0239336,668.3037437,786.4441142,732.2827482
XCME.GY1.05AUG25.111.P,INVALID,.0156250,111,P,.0080288,,691.8319196,604.0851651
XCME.GY1.05AUG25.112.C,.2031250,.2343750,112,C,.2236465,513.3664707,597.3679988,555.3705038
XCME.GY1.05AUG25.111:25.P,.0156250,.0312500,111.2500000,P,.0171752,557.8955407,663.7681282,615.0480615
XCME.GY1.05AUG25.110:25.P,INVALID,.0069999,110.2500000,P,.0032220,,938.7337381,849.1411097
