Key,BID,ASK,STRIKE,ITYPE,ADJTHEOR,IVBID,IVASK,IVAVERAGE
XCME.ZN.SEP25,111.9687500,111.9843750,INVALID,F,,,,
XCME.VY1.04AUG25.113.C,INVALID,.0069999,113,C,.0051448,,811.3897057,726.8001552
XCME.VY1.04AUG25.112:25.P,.3125000,.3437500,112.2500000,P,.3303983,504.5225410,650.1232303,579.4963284
XCME.VY1.04AUG25.112.C,.1406250,.1562500,112,C,.1458286,552.3671101,609.8315379,581.1010909
XCME.VY1.04AUG25.112:75.C,.0069999,.0156250,112.7500000,C,.0103933,636.5280667,753.2241442,701.0550514
XCME.VY1.04AUG25.110:25.C,1.7187500,1.7343750,110.2500000,C,1.7331513,,1170.8224917,892.7331516
XCME.WY1.06AUG25.110.C,1.9687500,1.9843750,110,C,1.9883564,,275.1584662,
XCME.WY1.06AUG25.113.P,1.0156250,1.0468750,113,P,1.0472499,273.5610618,672.2514711,600.7117978
