Key,BID,ASK,STRIKE,ITYPE,ADJTHEOR,IVBID,IVASK,IVAVERAGE
XCME.ZN.SEP25,112.0937500,112.1093750,INVALID,F,,,,
XCME.WY1.06AUG25.110:5.P,INVALID,.0156250,110.5000000,P,.0058293,,825.2397496,730.8270401
XCME.WY1.06AUG25.110:25.C,1.8281250,1.8593750,110.2500000,C,1.8371808,877.9739313,1034.5683200,965.5811077
XCME.WY1.06AUG25.112:5.P,.4843750,.5156250,112.5000000,P,.5010757,482.7304507,529.2777897,506.3012420
XCME.WY1.06AUG25.111:5.C,.6250000,.6562500,111.5000000,C,.6315664,502.0717818,612.3353341,559.6213851
XCME.WY1.06AUG25.110:25.P,INVALID,.0069999,110.2500000,P,.0047433,,812.3760326,735.9373825
XCME.WY1.06AUG25.111:75.P,.0781250,.1093750,111.7500000,P,.0993188,456.1660531,540.8782437,499.1766419
