Key,BID,ASK,STRIKE,ITYPE,ADJTHEOR,IVBID,IVASK,IVAVERAGE
XCME.ZN.SEP25,112.0312500,112.0468750,INVALID,F,,,,
XCME.WY1.06AUG25.110.C,2.0312500,2.0625000,110,C,2.0430670,,1092.6006508,963.1087033
XCME.WY1.06AUG25.113.P,.9687500,1,113,P,.9842392,482.7471307,692.3461161,606.9117903
XCME.WY1.06AUG25.112:75.C,.0312500,.0468750,112.7500000,C,.0424161,522.7771344,590.8941378,558.2020790
XCME.WY1.06AUG25.112.C,.2343750,.2656250,112,C,.2509205,483.0248986,553.6315669,518.3337861
XCME.WY1.06AUG25.111.P,.0069999,.0156250,111,P,.0132130,503.9240224,588.0433166,550.6517013
XCME.WY1.06AUG25.112:25.C,.1406250,.1562500,112.2500000,C,.1448276,520.5625397,558.0342831,539.3386367
XCME.WY1.06AUG25.112:5.C,.0781250,.0937500,112.5000000,C,.0789390,545.2656809,591.2340313,568.4975298
