Key,BID,ASK,STRIKE,ITYPE,ADJTHEOR,IVBID,IVASK,IVAVERAGE
XCME.ZN.SEP25,110.9375000,110.9531250,INVALID,F,,,,
XCME.ZN1.01AUG25.111.C,.1875000,.2187500,111,C,.0950912,1171.4358542,1343.4932505,1257.4912510
XCME.ZN1.01AUG25.111:25.P,.4062500,.4218750,111.2500000,P,.3289127,1112.2075921,1311.6109059,1213.1562077
