Key,BID,ASK,STRIKE,ITYPE,ADJTHEOR,IVBID,IVASK,IVAVERAGE
XCME.ZN.SEP25,111.9531250,111.9687500,INVALID,F,,,,
XCME.WY1.06AUG25.110.C,1.9531250,1.9843750,110,C,1.9612089,,1070.1513283,958.6141105
XCME.WY1.06AUG25.113.P,1.0468750,1.0781250,113,P,1.0683290,460.9715024,704.8390259,612.4097112
XCME.WY1.06AUG25.112:75.C,.0312500,.0468750,112.7500000,C,.0453128,554.0705086,624.3943605,590.7035935
XCME.WY1.06AUG25.112.C,.2187500,.2500000,112,C,.2306243,530.9788883,600.4358011,565.7120808
XCME.WY1.06AUG25.111.P,.0069999,.0312500,111,P,.0160972,463.9949987,639.4978591,567.4713248
XCME.WY1.06AUG25.112:25.C,.1250000,.1562500,112.2500000,C,.1382812,540.8308090,617.4448614,579.3921023
XCME.WY1.06AUG25.112:5.C,.0625000,.0937500,112.5000000,C,.0792790,539.7771641,636.6451367,589.5432196
