Key,BID,ASK,STRIKE,ITYPE,ADJTHEOR,IVBID,IVASK,IVAVERAGE
XCME.ZN.SEP25,112.1250000,112.1406250,INVALID,F,,,,
XCME.WY1.06AUG25.112:75.C,.0625000,.0937500,112.7500000,C,.0762144,603.0140773,706.3764362,656.2021572
XCME.WY1.06AUG25.112.C,.3125000,.3437500,112,C,.3326398,548.7070265,621.6195505,585.2119711
XCME.WY1.06AUG25.111.P,.0156250,.0312500,111,P,.0241032,638.6499960,746.9577008,697.4547879
XCME.WY1.06AUG25.112:25.C,.2031250,.2187500,112.2500000,C,.2084527,588.0098000,624.2504686,606.1385281
XCME.WY1.06AUG25.112:5.C,.1250000,.1406250,112.5000000,C,.1261850,616.0859486,657.0535586,636.6600735
XCME.WY1.06AUG25.111:25.P,.0312500,.0468750,111.2500000,P,.0397555,617.7581960,693.4451613,657.2283979
