Key,BID,ASK,STRIKE,ITYPE,ADJTHEOR,IVBID,IVASK,IVAVERAGE
XCME.ZN.SEP25,112.0468750,112.0625000,INVALID,F,,,,
XCME.VY1.04AUG25.113.P,.9375000,.9687500,113,P,.9806172,,,
XCME.VY1.04AUG25.113.C,INVALID,.0156250,113,C,.0075547,,896.9415860,782.0988446
XCME.VY1.04AUG25.112:25.P,.2656250,.2812500,112.2500000,P,.2979797,446.2639675,517.1004316,482.2686576
XCME.VY1.04AUG25.112.C,.1875000,.2031250,112,C,.1702813,628.7736353,685.4338569,657.1058413
XCME.VY1.04AUG25.112:75.C,.0069999,.0312500,112.7500000,C,.0140395,602.4303046,851.3225381,748.1444358
XCME.VY1.04AUG25.110:25.C,1.7968750,1.8281250,110.2500000,C,1.7806742,1521.9083611,1876.7677383,1762.0542221
