Key,BID,ASK,STRIKE,ITYPE,ADJTHEOR,IVBID,IVASK,IVAVERAGE
XCME.ZN.SEP25,112.0937500,112.1093750,INVALID,F,,,,
XCME.WY1.06AUG25.110.P,INVALID,.0156250,110,P,.0066449,,1048.4013378,935.0262791
XCME.WY1.06AUG25.110:75.P,.0069999,.0312500,110.7500000,P,.0164453,633.9844816,850.5688077,762.8847688
XCME.WY1.06AUG25.112:25.P,.3281250,.3593750,112.2500000,P,.3530418,557.7624145,630.9547357,594.4196775
XCME.WY1.06AUG25.111:25.C,.8906250,.9218750,111.2500000,C,.8918230,654.0220382,781.2039985,720.8410629
XCME.WY1.06AUG25.110:5.P,.0069999,.0156250,110.5000000,P,.0113222,730.9791108,839.7066374,791.6397909
XCME.WY1.06AUG25.110:25.C,1.8437500,1.8750000,110.2500000,C,1.8564580,,1051.3445235,940.4578323
