Key,BID,ASK,STRIKE,ITYPE,ADJTHEOR,IVBID,IVASK,IVAVERAGE
XCME.ZN.SEP25,110.9531250,110.9687500,INVALID,F,,,,
XCME.ZN1.01AUG25.112:25.P,1.2656250,1.2968750,112.2500000,P,1.2691950,,1452.3184949,1289.0238462
XCME.ZN1.01AUG25.113.P,2.0156250,2.0468750,113,P,2.0191266,,,1876.2185274
