Key,BID,ASK,STRIKE,ITYPE,ADJTHEOR,IVBID,IVASK,IVAVERAGE
XCME.ZN.SEP25,110.9843750,111,INVALID,F,,,,
XCME.ZN1.01AUG25.111.C,.2187500,.2343750,111,C,.1560485,912.9903477,976.0013653,944.4962323
XCME.ZN1.01AUG25.111:25.P,.3750000,.4218750,111.2500000,P,.3289959,873.9539285,1013.5921281,944.3043260
