Key,BID,ASK,STRIKE,ITYPE,ADJTHEOR,IVBID,IVASK,IVAVERAGE
XCME.ZN.SEP25,111.9375000,111.9531250,INVALID,F,,,,
XCME.ZN1.01AUG25.111:25.P,INVALID,.0069999,111.2500000,P,.0000977,,1204.0366659,1065.7093578
XCME.ZN1.01AUG25.112:5.P,.5468750,.5781250,112.5000000,P,.5472476,,1178.5152138,1099.4117891
XCME.ZN1.01AUG25.110.C,1.9375000,1.9531250,110,C,,927.7267275,,
XCME.ZN1.01AUG25.112.P,.0937500,.1250000,112,P,.1006009,501.5421719,738.9612517,620.8400172
XCME.ZN1.01AUG25.112:25.C,.0069999,.0156250,112.2500000,C,.0051785,610.5922206,756.5669108,689.9322245
XCME.ZN1.01AUG25.111:25.C,.6875000,.7031250,111.2500000,C,.7032227,,384.8087135,
XCME.ZN1.01AUG25.111:75.C,.2031250,.2187500,111.7500000,C,.2168003,157.4418623,584.0577517,473.6713933
