Key,BID,ASK,STRIKE,ITYPE,ADJTHEOR,IVBID,IVASK,IVAVERAGE
XCME.ZN.SEP25,112.1562500,112.1718750,INVALID,F,,,,
XCME.ZN1.01AUG25.112:75.P,.5781250,.6093750,112.7500000,P,.5816297,,,1949.6200764
XCME.ZN1.01AUG25.111:5.P,INVALID,.0069999,111.5000000,P,.0000012,,1812.3085700,1601.9348478
XCME.ZN1.01AUG25.111:25.P,INVALID,.0069999,111.2500000,P,0,,,
XCME.ZN1.01AUG25.112:5.P,.3281250,.3593750,112.5000000,P,.3318291,,1538.8534638,1292.8478732
XCME.ZN1.01AUG25.110.C,2.1406250,2.1718750,110,C,2.1683750,,,
XCME.ZN1.01AUG25.112.P,INVALID,.0069999,112,P,.0035924,,628.3102751,526.9772628
XCME.ZN1.01AUG25.112:25.C,.0069999,.0156250,112.2500000,C,.0149040,381.5453023,524.6033751,457.1168618
