Key,BID,ASK,STRIKE,ITYPE,ADJTHEOR,IVBID,IVASK,IVAVERAGE
XCME.ZN.SEP25,112.0937500,112.1093750,INVALID,F,,,,
XCME.GY1.05AUG25.110:5.P,INVALID,.0156250,110.5000000,P,.0070497,,1024.4608665,907.4696753
XCME.GY1.05AUG25.110:75.P,.0069999,.0156250,110.7500000,P,.0102479,773.5211291,893.4176625,840.2820508
XCME.GY1.05AUG25.111:75.P,.0781250,.1093750,111.7500000,P,.1001073,575.5741618,680.7914207,629.0223617
XCME.GY1.05AUG25.112.P,.1718750,.1875000,112,P,.1836853,604.5865369,648.7010820,626.6555922
XCME.WY1.06AUG25.110.C,2.0937500,2.1250000,110,C,2.1050671,,1162.6685660,1043.4907547
XCME.WY1.06AUG25.113.P,.9218750,.9531250,113,P,.9421191,560.8522165,723.0239883,650.1904385
