Key,BID,ASK,STRIKE,ITYPE,ADJTHEOR,IVBID,IVASK,IVAVERAGE
XCME.ZN.SEP25,112.0312500,112.0468750,INVALID,F,,,,
XCME.ZN1.01AUG25.112:25.P,.2187500,.2343750,112.2500000,P,.2365607,,733.3859791,559.5696939
XCME.ZN1.01AUG25.111.C,1.0156250,1.0468750,111,C,1.0199497,,,
XCME.ZN1.01AUG25.112.C,.0625000,.0937500,112,C,.0709937,409.2647211,533.5326772,471.4721046
XCME.GY1.05AUG25.110.P,INVALID,.0069999,110,P,.0035606,,1059.4161248,960.7309172
XCME.GY1.05AUG25.110:5.C,1.5156250,1.5468750,110.5000000,C,1.5240894,,1194.6155741,1037.2337448
XCME.GY1.05AUG25.111.C,1.0312500,1.0468750,111,C,1.0290639,,890.5064140,760.5802364
XCME.GY1.05AUG25.112:25.C,.1093750,.1250000,112.2500000,C,.1125004,553.8192035,600.3587877,577.1763813
