Key,BID,ASK,STRIKE,ITYPE,ADJTHEOR,IVBID,IVASK,IVAVERAGE
XCME.ZN.SEP25,111.8906250,111.9062500,INVALID,F,,,,
XCME.VY1.04AUG25.112.P,.2187500,.2343750,112,P,.2258070,597.0146932,654.1058628,625.5902413
XCME.VY1.04AUG25.111:5.C,.4218750,.4531250,111.5000000,C,.4459392,461.9527601,654.4634134,567.0752897
XCME.VY1.04AUG25.112:25.C,.0468750,.0625000,112.2500000,C,.0582985,589.1284023,664.9613034,627.7482610
XCME.VY1.04AUG25.110:5.P,INVALID,.0069999,110.5000000,P,.0026266,,1027.7844949,926.4393467
XCME.VY1.04AUG25.112:5.P,.6093750,.6406250,112.5000000,P,.6190802,,827.0701554,697.3914826
XCME.VY1.04AUG25.111.C,.8906250,.9218750,111,C,.9110678,,846.9315045,669.8694528
XCME.VY1.04AUG25.110:5.C,1.3906250,1.4218750,110.5000000,C,1.4080641,,1197.5811722,967.0107360
