Key,BID,ASK,STRIKE,ITYPE,ADJTHEOR,IVBID,IVASK,IVAVERAGE
XCME.ZN.SEP25,110.9531250,110.9687500,INVALID,F,,,,
XCME.ZN1.01AUG25.112:5.C,INVALID,.0069999,112.5000000,C,.0000232,,1258.5316738,1135.0523923
XCME.ZN1.01AUG25.112.C,.0069999,.0156250,112,C,.0005779,906.4559037,1057.9914481,990.6323840
