Key,BID,ASK,STRIKE,ITYPE,ADJTHEOR,IVBID,IVASK,IVAVERAGE
XCME.ZN.SEP25,112.1406250,112.1562500,INVALID,F,,,,
XCME.VY1.04AUG25.112.P,.0781250,.0937500,112,P,.0864731,545.5863831,611.9455348,578.9127680
XCME.VY1.04AUG25.111:5.C,.6406250,.6718750,111.5000000,C,.6570315,,816.2811459,704.4004414
XCME.VY1.04AUG25.112:25.C,.0937500,.1250000,112.2500000,C,.1035467,550.6582762,614.6025963,582.7009662
XCME.VY1.04AUG25.110:5.P,INVALID,.0069999,110.5000000,P,.0032758,,1291.1866327,1167.2227932
XCME.VY1.04AUG25.112:5.P,.3906250,.4062500,112.5000000,P,.3976146,594.6711783,684.4949083,640.7780161
XCME.VY1.04AUG25.111.C,1.1406250,1.1562500,111,C,1.1488724,,1040.1591210,963.8438047
XCME.VY1.04AUG25.110:5.C,1.6406250,1.6562500,110.5000000,C,1.6482133,,1398.0057554,1302.6045538
