Key,BID,ASK,STRIKE,ITYPE,ADJTHEOR,IVBID,IVASK,IVAVERAGE
XCME.ZN.SEP25,110.9531250,110.9687500,INVALID,F,,,,
XCME.ZN1.01AUG25.113.C,INVALID,.0069999,113,C,.0,,1836.6511546,1667.2804244
XCME.ZN1.01AUG25.111:5.C,.0468750,.0625000,111.5000000,C,.0081023,1035.8024710,1149.0516275,1093.7352067
