Key,BID,ASK,STRIKE,ITYPE,ADJTHEOR,IVBID,IVASK,IVAVERAGE
XCME.ZN.SEP25,112.0937500,112.1093750,INVALID,F,,,,
XCME.VY1.04AUG25.111:75.P,.0312500,.0468750,111.7500000,P,.0464070,555.6484029,647.5554293,603.0323640
XCME.VY1.04AUG25.111:75.C,.3906250,.4218750,111.7500000,C,.3979696,603.0344023,770.4355749,689.9790015
XCME.VY1.04AUG25.112:75.P,.6406250,.6718750,112.7500000,P,.6705942,,782.1614661,660.9560964
XCME.VY1.04AUG25.111:25.P,.0069999,.0156250,111.2500000,P,.0081305,733.8641535,863.9833322,805.9229747
XCME.VY1.04AUG25.111:5.P,.0069999,.0312500,111.5000000,P,.0176230,557.7529729,802.1189959,699.9532790
XCME.VY1.04AUG25.112:5.C,.0312500,.0625000,112.5000000,C,.0468452,605.4141366,786.5598936,700.6514466
XCME.VY1.04AUG25.110:25.P,INVALID,.0069999,110.2500000,P,.0033613,,1411.1709883,1278.6240442
