Key,BID,ASK,STRIKE,ITYPE,ADJTHEOR,IVBID,IVASK,IVAVERAGE
XCME.ZN.SEP25,112.0937500,112.1093750,INVALID,F,,,,
XCME.GY1.05AUG25.111:25.P,.0069999,.0156250,111.2500000,P,.0123034,515.9011026,607.4198252,566.5541406
XCME.GY1.05AUG25.110:25.P,INVALID,.0069999,110.2500000,P,.0031829,,993.7890486,900.4229995
XCME.GY1.05AUG25.111:5.C,.6093750,.6406250,111.5000000,C,.6263244,433.1960655,620.6510549,539.5548555
XCME.GY1.05AUG25.110.C,2.0781250,2.1093750,110,C,2.1013641,,1193.3473228,1115.9281494
XCME.GY1.05AUG25.111:5.P,.0156250,.0312500,111.5000000,P,.0282618,467.2183823,563.4678034,518.9442223
XCME.GY1.05AUG25.110:25.C,1.8281250,1.8593750,110.2500000,C,1.8512454,,1073.8390815,1002.4549648
XCME.GY1.05AUG25.112:75.C,.0156250,.0468750,112.7500000,C,.0319865,500.0562448,680.0048105,600.0316769
