Key,BID,ASK,STRIKE,ITYPE,ADJTHEOR,IVBID,IVASK,IVAVERAGE
XCME.ZN.SEP25,112.1093750,112.1250000,INVALID,F,,,,
XCME.ZN1.01AUG25.111:25.P,INVALID,.0069999,111.2500000,P,.0000552,,1751.7197891,1556.5813058
XCME.ZN1.01AUG25.112:5.P,.3750000,.4062500,112.5000000,P,.3916580,,1146.9709423,837.0527296
XCME.ZN1.01AUG25.110.C,2.1093750,2.1250000,110,C,2.1093750,1141.8426654,,
XCME.ZN1.01AUG25.112.P,.0069999,.0156250,112,P,.0219880,368.9591785,492.7591418,434.7473718
XCME.ZN1.01AUG25.112:25.C,.0069999,.0156250,112.2500000,C,.0156972,438.2155682,573.6243609,510.7192132
XCME.ZN1.01AUG25.111:25.C,.8593750,.8750000,111.2500000,C,.8594302,682.0156422,,1936.4629980
XCME.ZN1.01AUG25.111:75.C,.3593750,.3750000,111.7500000,C,.3612145,305.1579732,1073.7079773,991.9393178
