Key,BID,ASK,STRIKE,ITYPE,ADJTHEOR,IVBID,IVASK,IVAVERAGE
XCME.ZN.SEP25,111.0781250,111.0937500,INVALID,F,,,,
XCME.ZN1.01AUG25.113.C,INVALID,.0069999,113,C,.0000120,,1421.3316438,1288.6046986
XCME.ZN1.01AUG25.111:5.C,.0781250,.0937500,111.5000000,C,.0414124,864.3905233,940.1285149,902.6434521
