Key,BID,ASK,STRIKE,ITYPE,ADJTHEOR,IVBID,IVASK,IVAVERAGE
XCME.ZN.SEP25,111.9375000,111.9531250,INVALID,F,,,,
XCME.VY1.04AUG25.110.C,1.9375000,1.9531250,110,C,1.9486532,,1714.8080881,1509.0807010
XCME.VY1.04AUG25.110:75.C,1.1875000,1.2187500,110.7500000,C,1.1983899,,1168.7472918,1012.4437797
XCME.VY1.04AUG25.110.P,INVALID,.0069999,110,P,.0033407,,1389.2538104,1259.6303767
XCME.VY1.04AUG25.111:25.C,.6875000,.7187500,111.2500000,C,.7048969,,776.0020180,657.5454264
XCME.VY1.04AUG25.113.P,1.0468750,1.0781250,113,P,1.0594397,,1061.6862655,915.7367244
XCME.VY1.04AUG25.113.C,INVALID,.0069999,113,C,.0047522,,833.3232064,746.6610590
XCME.VY1.04AUG25.112:25.P,.3437500,.3750000,112.2500000,P,.3540071,523.3497288,675.3998678,602.0709899
