Key,BID,ASK,STRIKE,ITYPE,ADJTHEOR,IVBID,IVASK,IVAVERAGE
XCME.ZN.SEP25,110.9843750,111,INVALID,F,,,,
XCME.ZN1.01AUG25.113.C,INVALID,.0069999,113,C,.0000035,,1571.0262962,1424.4763711
XCME.ZN1.01AUG25.111:5.C,.0468750,.0781250,111.5000000,C,.0190682,854.9222285,1040.1884075,951.0352285
