Key,BID,ASK,STRIKE,ITYPE,ADJTHEOR,IVBID,IVASK,IVAVERAGE
XCME.ZN.SEP25,112.0781250,112.0937500,INVALID,F,,,,
XCME.VY1.04AUG25.111.C,1.0781250,1.1093750,111,C,1.0927084,,1087.5551082,912.3786430
XCME.VY1.04AUG25.110:5.C,1.5781250,1.6093750,110.5000000,C,1.5922608,,1464.0247879,1246.4836454
XCME.VY1.04AUG25.110.C,2.0781250,2.1093750,110,C,2.0930396,,1823.6754314,1567.8456353
XCME.VY1.04AUG25.110:75.C,1.3281250,1.3593750,110.7500000,C,1.3421509,,1278.2942758,1081.2313676
XCME.VY1.04AUG25.110.P,INVALID,.0069999,110,P,.0036021,,1530.2118994,1389.6101747
XCME.VY1.04AUG25.111:25.C,.8281250,.8593750,111.2500000,C,.8454038,,885.9341941,732.7764023
XCME.VY1.04AUG25.113.P,.9062500,.9375000,113,P,.9158930,,1016.2959446,888.1069939
