Key,BID,ASK,STRIKE,ITYPE,ADJTHEOR,IVBID,IVASK,IVAVERAGE
XCME.ZN.SEP25,111.8281250,111.8437500,INVALID,F,,,,
XCME.WY1.06AUG25.112:75.P,.9218750,.9531250,112.7500000,P,.9490254,409.5973027,638.1879147,551.3441807
XCME.WY1.06AUG25.110:5.C,1.3281250,1.3593750,110.5000000,C,1.3386017,,788.0021090,698.1545209
XCME.WY1.06AUG25.112.P,.3281250,.3437500,112,P,.3495768,518.1926085,553.9928418,536.1152860
XCME.WY1.06AUG25.110:75.C,1.0781250,1.1093750,110.7500000,C,1.0934474,,672.2214815,591.6371450
XCME.WY1.06AUG25.111:5.P,.0937500,.1250000,111.5000000,P,.1141388,488.4304666,568.8347421,529.1020178
XCME.WY1.06AUG25.111.C,.8437500,.8750000,111,C,.8563281,452.0356579,626.8818395,552.2065452
