Key,BID,ASK,STRIKE,ITYPE,ADJTHEOR,IVBID,IVASK,IVAVERAGE
XCME.ZN.SEP25,112.0937500,112.1093750,INVALID,F,,,,
XCME.VY1.04AUG25.113.P,.8906250,.9062500,113,P,.9003551,,821.6711887,756.5282304
XCME.VY1.04AUG25.113.C,INVALID,.0069999,113,C,.0054176,,748.6747995,665.3001692
XCME.VY1.04AUG25.112:25.P,.2187500,.2500000,112.2500000,P,.2324025,509.9985242,638.1128914,574.5863833
XCME.VY1.04AUG25.112.C,.1875000,.2187500,112,C,.2065314,487.8374378,611.9525069,550.1934125
XCME.VY1.04AUG25.112:75.C,.0069999,.0156250,112.7500000,C,.0113486,579.0372411,688.2859497,639.2810454
XCME.VY1.04AUG25.110:25.C,1.8437500,1.8750000,110.2500000,C,1.8582724,,1656.8619506,1418.5835930
