Key,BID,ASK,STRIKE,ITYPE,ADJTHEOR,IVBID,IVASK,IVAVERAGE
XCME.ZN.SEP25,112.1093750,112.1250000,INVALID,F,,,,
XCME.WY1.06AUG25.111:25.P,.0312500,.0468750,111.2500000,P,.0418371,607.0655084,681.7327767,645.9882435
XCME.WY1.06AUG25.111:75.C,.4843750,.5000000,111.7500000,C,.4979960,583.6974648,625.0359715,604.4768402
XCME.WY1.06AUG25.113.C,.0312500,.0468750,113,C,.0449508,612.2133311,687.2342766,651.3375164
XCME.WY1.06AUG25.110.P,INVALID,.0156250,110,P,.0064504,,1051.7096809,938.2495694
XCME.WY1.06AUG25.110:75.P,.0069999,.0312500,110.7500000,P,.0155255,639.2063446,856.5545541,768.6121413
XCME.WY1.06AUG25.112:25.P,.3281250,.3593750,112.2500000,P,.3417182,585.5442528,657.6449885,621.6317142
XCME.WY1.06AUG25.111:25.C,.8906250,.9218750,111.2500000,C,.9125246,541.6893373,700.3993350,629.0278459
