Key,BID,ASK,STRIKE,ITYPE,ADJTHEOR,IVBID,IVASK,IVAVERAGE
XCME.ZN.SEP25,112.0625000,112.0781250,INVALID,F,,,,
XCME.VY1.04AUG25.110:75.P,INVALID,.0069999,110.7500000,P,.0021550,,994.2452211,894.4917066
XCME.VY1.04AUG25.112.P,.1093750,.1406250,112,P,.1259301,525.2584640,640.5411370,583.0076606
XCME.VY1.04AUG25.111:5.C,.5625000,.5937500,111.5000000,C,.5944994,,601.2347326,561.5789581
XCME.VY1.04AUG25.112:25.C,.0781250,.0937500,112.2500000,C,.0917721,537.5909447,599.8181751,568.8671400
XCME.VY1.04AUG25.110:5.P,INVALID,.0069999,110.5000000,P,.0022932,,1148.4376728,1036.7225108
XCME.VY1.04AUG25.112:5.P,.4687500,.4843750,112.5000000,P,.4567762,675.7073460,757.0171039,717.2091405
