Key,BID,ASK,STRIKE,ITYPE,ADJTHEOR,IVBID,IVASK,IVAVERAGE
XCME.ZN.SEP25,111.9843750,112,INVALID,F,,,,
XCME.WY1.06AUG25.111.P,.0069999,.0312500,111,P,.0155876,479.9939672,660.9177923,586.8323517
XCME.WY1.06AUG25.112:25.C,.1250000,.1562500,112.2500000,C,.1409053,526.1023978,602.8428830,564.7056870
XCME.WY1.06AUG25.112:5.C,.0625000,.0937500,112.5000000,C,.0777918,529.8276868,626.5806677,579.5004241
XCME.WY1.06AUG25.111:25.P,.0156250,.0468750,111.2500000,P,.0369251,448.2756289,603.3557917,534.7100425
XCME.WY1.06AUG25.111:75.C,.3593750,.3906250,111.7500000,C,.3828754,500.5221919,576.2832588,538.6063577
XCME.WY1.06AUG25.113.C,.0156250,.0312500,113,C,.0234280,576.4403915,677.2015212,631.0383727
