Key,BID,ASK,STRIKE,ITYPE,ADJTHEOR,IVBID,IVASK,IVAVERAGE
XCME.ZN.SEP25,111.7968750,111.8125000,INVALID,F,,,,
XCME.WY1.06AUG25.110.P,INVALID,.0069999,110,P,.0035272,,795.6933281,720.2698164
XCME.WY1.06AUG25.110:75.P,.0069999,.0156250,110.7500000,P,.0097823,513.0429405,597.5574744,559.9401399
XCME.WY1.06AUG25.112:25.P,.5156250,.5468750,112.2500000,P,.5180658,616.0833060,656.5883725,636.4395927
XCME.WY1.06AUG25.111:25.C,.5937500,.6250000,111.2500000,C,.6387903,283.9379569,466.6605809,395.3433128
XCME.WY1.06AUG25.110:5.P,INVALID,.0156250,110.5000000,P,.0055387,,704.4525717,620.6478952
XCME.WY1.06AUG25.110:25.C,1.5468750,1.5781250,110.2500000,C,1.5934627,,,
