Key,BID,ASK,STRIKE,ITYPE,ADJTHEOR,IVBID,IVASK,IVAVERAGE
XCME.ZN.SEP25,111.9843750,112,INVALID,F,,,,
XCME.WY1.06AUG25.110:5.C,1.4843750,1.5156250,110.5000000,C,1.4957573,,870.7171556,773.7952404
XCME.WY1.06AUG25.112.P,.2343750,.2500000,112,P,.2420273,511.7287674,546.7008746,529.2149261
XCME.WY1.06AUG25.110:75.C,1.2343750,1.2656250,110.7500000,C,1.2492368,,755.3273695,667.4672632
XCME.WY1.06AUG25.111:5.P,.0625000,.0781250,111.5000000,P,.0693051,510.9332197,559.6966628,535.6859171
XCME.WY1.06AUG25.111.C,1,1.0156250,111,C,1.0068259,525.0414734,636.2731380,586.6819043
XCME.ZN1.01AUG25.112:75.C,INVALID,.0069999,112.7500000,C,.0001130,,1326.6275825,1175.1283075
XCME.ZN1.01AUG25.110:25.C,1.7343750,1.7500000,110.2500000,C,1.7386874,,,
