Key,BID,ASK,STRIKE,ITYPE,ADJTHEOR,IVBID,IVASK,IVAVERAGE
XCME.ZN.SEP25,112.0156250,112.0312500,INVALID,F,,,,
XCME.VY1.04AUG25.111.C,1,1.0312500,111,C,1.0343404,,329.3990269,
XCME.VY1.04AUG25.110:5.C,1.5000000,1.5312500,110.5000000,C,1.5314820,,376.5442859,
XCME.VY1.04AUG25.110.C,2,2.0312500,110,C,2.0312635,,1,
XCME.VY1.04AUG25.110:75.C,1.2500000,1.2812500,110.7500000,C,1.2821967,,389.6136209,
XCME.VY1.04AUG25.110.P,INVALID,.0069999,110,P,.0000135,,1455.1204739,1319.6839332
XCME.VY1.04AUG25.111:25.C,.7500000,.7812500,111.2500000,C,.7894140,,246.0487435,
XCME.VY1.04AUG25.113.P,.9843750,1,113,P,.9721948,917.1293331,1079.8296159,1005.2565050
