Key,BID,ASK,STRIKE,ITYPE,ADJTHEOR,IVBID,IVASK,IVAVERAGE
XCME.ZN.SEP25,112.1406250,112.1562500,INVALID,F,,,,
XCME.VY1.04AUG25.113.C,.0069999,.0156250,113,C,.0109339,734.3064295,866.0787065,807.2882524
XCME.VY1.04AUG25.112:25.P,.1875000,.2187500,112.2500000,P,.2048631,532.7216060,659.4254117,596.2807887
XCME.VY1.04AUG25.112.C,.2187500,.2500000,112,C,.2420696,493.4522539,628.7593695,561.8919760
XCME.VY1.04AUG25.112:75.C,.0156250,.0312500,112.7500000,C,.0202756,666.4093678,803.8924518,740.2807925
XCME.VY1.04AUG25.110:25.C,1.8906250,1.9218750,110.2500000,C,1.9096751,,1671.3285768,1344.6020330
XCME.GY1.05AUG25.110.P,INVALID,.0069999,110,P,.0044224,,1154.6770928,1048.8778895
XCME.GY1.05AUG25.110:5.C,1.6406250,1.6718750,110.5000000,C,1.6624250,,1060.3555571,847.8582419
