Key,BID,ASK,STRIKE,ITYPE,ADJTHEOR,IVBID,IVASK,IVAVERAGE
XCME.ZN.SEP25,111.0312500,111.0468750,INVALID,F,,,,
XCME.ZN1.01AUG25.110:5.C,.5625000,.5937500,110.5000000,C,.5707100,540.3853378,811.0339143,696.7257470
XCME.ZN1.01AUG25.111:75.C,.0156250,.0312500,111.7500000,C,.0082178,736.9183769,881.8600385,815.0455265
