Key,BID,ASK,STRIKE,ITYPE,ADJTHEOR,IVBID,IVASK,IVAVERAGE
XCME.ZN.SEP25,112.1093750,112.1250000,INVALID,F,,,,
XCME.WY1.06AUG25.112.P,.1875000,.2187500,112,P,.2021631,547.5784842,619.5920708,583.6220555
XCME.WY1.06AUG25.110:75.C,1.3593750,1.3906250,110.7500000,C,1.3807179,,800.9073446,697.2218539
XCME.WY1.06AUG25.111:5.P,.0625000,.0781250,111.5000000,P,.0647568,598.0981685,650.9277648,624.9613432
XCME.WY1.06AUG25.111.C,1.1093750,1.1406250,111,C,1.1384896,,685.0032770,592.1977841
XCME.ZN1.01AUG25.112:75.C,INVALID,.0069999,112.7500000,C,.0000833,,1394.9671507,1232.3384400
XCME.ZN1.01AUG25.110:25.C,1.8593750,1.8750000,110.2500000,C,1.8593750,1190.7731475,,
