Key,BID,ASK,STRIKE,ITYPE,ADJTHEOR,IVBID,IVASK,IVAVERAGE
XCME.ZN.SEP25,112,112.0156250,INVALID,F,,,,
XCME.GY1.05AUG25.110.P,INVALID,.0069999,110,P,.0033277,,1044.5436225,947.1227219
XCME.GY1.05AUG25.110:5.C,1.5000000,1.5312500,110.5000000,C,1.5151271,,991.6053937,842.0041739
XCME.GY1.05AUG25.111.C,1,1.0312500,111,C,1.0202911,,723.1746224,603.7641095
XCME.GY1.05AUG25.112:25.C,.1093750,.1406250,112.2500000,C,.1197330,556.4309120,648.3048088,602.6851561
XCME.GY1.05AUG25.111:25.C,.7656250,.7968750,111.2500000,C,.7803496,428.7311813,680.6724288,583.8293038
XCME.GY1.05AUG25.111:75.C,.3593750,.3750000,111.7500000,C,.3637207,543.8019837,591.1892127,567.6157816
XCME.GY1.05AUG25.112:5.P,.5468750,.5625000,112.5000000,P,.5521152,531.6929807,655.8387288,596.2959134
