Key,BID,ASK,STRIKE,ITYPE,ADJTHEOR,IVBID,IVASK,IVAVERAGE
XCME.ZN.SEP25,110.9531250,110.9687500,INVALID,F,,,,
XCME.ZN1.01AUG25.110:25.P,.0156250,.0312500,110.2500000,P,.0032944,841.2317048,1006.7209211,930.4352862
XCME.ZN1.01AUG25.110:5.P,.0625000,.0781250,110.5000000,P,.0185095,957.9138987,1051.3797627,1005.3350556
