Key,BID,ASK,STRIKE,ITYPE,ADJTHEOR,IVBID,IVASK,IVAVERAGE
XCME.ZN.SEP25,110.9062500,110.9218750,INVALID,F,,,,
XCME.ZN1.01AUG25.110:25.P,.0156250,.0312500,110.2500000,P,.0011751,985.0942473,1181.5711343,1090.8782887
XCME.ZN1.01AUG25.110:5.P,.0625000,.0937500,110.5000000,P,.0116365,1103.1442907,1320.9507748,1214.6270498
