Key,BID,ASK,STRIKE,ITYPE,ADJTHEOR,IVBID,IVASK,IVAVERAGE
XCME.ZN.SEP25,111.8437500,111.8593750,INVALID,F,,,,
XCME.WY1.06AUG25.112:5.P,.7031250,.7187500,112.5000000,P,.7062521,526.3163888,637.6342101,584.5262619
XCME.WY1.06AUG25.111:5.C,.4375000,.4687500,111.5000000,C,.4611632,474.1343937,557.0448686,516.2034105
XCME.WY1.06AUG25.110:25.P,INVALID,.0069999,110.2500000,P,.0046126,,709.8558474,640.9871492
XCME.WY1.06AUG25.111:75.P,.1875000,.2031250,111.7500000,P,.1994755,521.3442276,556.3256577,538.8433790
XCME.WY1.06AUG25.112:75.P,.9218750,.9531250,112.7500000,P,.9294037,581.7694053,659.0756445,622.3611743
XCME.WY1.06AUG25.110:5.C,1.3437500,1.3750000,110.5000000,C,1.3614540,,747.6076817,632.5579454
