Key,BID,ASK,STRIKE,ITYPE,ADJTHEOR,IVBID,IVASK,IVAVERAGE
XCME.ZN.SEP25,111.8593750,111.8750000,INVALID,F,,,,
XCME.VY1.04AUG25.111.C,.8750000,.9062500,111,C,.8808302,330.6264508,960.1695268,854.1026828
XCME.VY1.04AUG25.110:5.C,1.3750000,1.4062500,110.5000000,C,1.3774768,409.1354657,1346.3785030,1213.3933297
XCME.VY1.04AUG25.110.C,1.8750000,1.9062500,110,C,1.8780129,438.7341246,1711.2191946,1554.4621684
XCME.VY1.04AUG25.110:75.C,1.0937500,1.1250000,110.7500000,C,1.1280801,,391.4083893,775.8193435
XCME.VY1.04AUG25.110.P,INVALID,.0069999,110,P,.0030129,,1303.9217675,1181.5966531
XCME.VY1.04AUG25.111:25.C,.6093750,.6406250,111.2500000,C,.6406001,,625.8980301,585.4145860
