Key,BID,ASK,STRIKE,ITYPE,ADJTHEOR,IVBID,IVASK,IVAVERAGE
XCME.ZN.SEP25,110.9531250,110.9687500,INVALID,F,,,,
XCME.ZN1.01AUG25.110.P,INVALID,.0156250,110,P,.0000802,,1199.4269635,1045.5113067
XCME.ZN1.01AUG25.110:75.P,.1406250,.1562500,110.7500000,P,.0583537,1104.1763696,1186.2185201,1145.2750967
