Key,BID,ASK,STRIKE,ITYPE,ADJTHEOR,IVBID,IVASK,IVAVERAGE
XCME.ZN.SEP25,112.0468750,112.0625000,INVALID,F,,,,
XCME.WY1.06AUG25.112:75.C,.0312500,.0625000,112.7500000,C,.0497989,515.8366678,642.6112143,583.2963976
XCME.WY1.06AUG25.112.C,.2500000,.2812500,112,C,.2664853,506.2169855,576.4907360,541.3607182
XCME.WY1.06AUG25.111.P,.0069999,.0156250,111,P,.0210443,504.3168847,588.3262047,550.9817807
XCME.WY1.06AUG25.112:25.C,.1406250,.1718750,112.2500000,C,.1553642,511.0236904,585.0617363,548.1807420
XCME.WY1.06AUG25.112:5.C,.0781250,.0937500,112.5000000,C,.0873624,537.0761524,582.6126299,560.0875880
XCME.WY1.06AUG25.111:25.P,.0156250,.0312500,111.2500000,P,.0396619,476.1418475,565.8184494,524.5735290
XCME.WY1.06AUG25.111:75.C,.3906250,.4218750,111.7500000,C,.4241880,510.7628135,550.4596694,530.7036758
