Key,BID,ASK,STRIKE,ITYPE,ADJTHEOR,IVBID,IVASK,IVAVERAGE
XCME.ZN.SEP25,111.8906250,111.9062500,INVALID,F,,,,
XCME.WY1.06AUG25.112:5.P,.6562500,.6718750,112.5000000,P,.6707312,476.6397440,590.8985312,536.8313452
XCME.WY1.06AUG25.111:5.C,.4843750,.5000000,111.5000000,C,.4872061,477.9603107,605.6391680,543.3692647
XCME.WY1.06AUG25.110:25.P,INVALID,.0069999,110.2500000,P,.0046878,,725.9668960,656.2170804
XCME.WY1.06AUG25.111:75.P,.1562500,.1875000,111.7500000,P,.1775064,488.8245311,559.9722538,524.4703525
XCME.WY1.06AUG25.112:75.P,.8593750,.8906250,112.7500000,P,.8924590,383.5065399,605.7998192,521.2040829
XCME.WY1.06AUG25.110:5.C,1.4062500,1.4218750,110.5000000,C,1.4012269,686.4907468,817.9934991,759.7183481
