Key,BID,ASK,STRIKE,ITYPE,ADJTHEOR,IVBID,IVASK,IVAVERAGE
XCME.ZN.SEP25,112.0312500,112.0468750,INVALID,F,,,,
XCME.ZN1.01AUG25.112:5.P,.4531250,.4843750,112.5000000,P,.4766121,,962.5048178,840.0054589
XCME.ZN1.01AUG25.110.C,2.0156250,2.0468750,110,C,2.0234476,,,
XCME.ZN1.01AUG25.112.P,.0312500,.0468750,112,P,.0497184,330.5075479,455.8975566,393.3816567
XCME.ZN1.01AUG25.112:25.C,INVALID,.0156250,112.2500000,C,.0041695,,668.8219170,545.9025633
XCME.ZN1.01AUG25.111:25.C,.7812500,.7968750,111.2500000,C,.7734689,1417.0827741,1805.0970612,1637.3616991
XCME.ZN1.01AUG25.111:75.C,.2812500,.2968750,111.7500000,C,.2771821,629.6372937,870.1282115,762.5810290
