Key,BID,ASK,STRIKE,ITYPE,ADJTHEOR,IVBID,IVASK,IVAVERAGE
XCME.ZN.SEP25,112.1250000,112.1406250,INVALID,F,,,,
XCME.VY1.04AUG25.112.P,.1093750,.1250000,112,P,.1202264,601.2922250,663.3860970,632.3898730
XCME.VY1.04AUG25.111:5.C,.6250000,.6562500,111.5000000,C,.6248225,506.1795746,933.3575745,799.6885677
XCME.VY1.04AUG25.112:25.C,.0937500,.1250000,112.2500000,C,.1088145,598.4769993,725.7341259,662.4547466
XCME.VY1.04AUG25.110:5.P,INVALID,.0069999,110.5000000,P,.0037348,,1237.9841260,1118.3905116
XCME.VY1.04AUG25.112:5.P,.4062500,.4375000,112.5000000,P,.4442790,567.0375578,751.4708749,664.7197836
XCME.VY1.04AUG25.111.C,1.1093750,1.1406250,111,C,1.1104120,839.7286675,1276.3652206,1157.3232657
XCME.VY1.04AUG25.110:5.C,1.6093750,1.6406250,110.5000000,C,1.6087973,1151.2838078,1690.5948607,1547.1845715
