Key,BID,ASK,STRIKE,ITYPE,ADJTHEOR,IVBID,IVASK,IVAVERAGE
XCME.ZN.SEP25,112.0937500,112.1093750,INVALID,F,,,,
XCME.GY1.05AUG25.112:75.C,.0156250,.0468750,112.7500000,C,.0327471,495.9852063,675.1162226,595.4760089
XCME.GY1.05AUG25.112:5.C,.0625000,.0781250,112.5000000,C,.0674409,551.9759841,608.5631137,580.6561951
XCME.GY1.05AUG25.110:5.P,INVALID,.0069999,110.5000000,P,.0033087,,882.7135864,797.1623051
XCME.GY1.05AUG25.110:75.P,INVALID,.0069999,110.7500000,P,.0039350,,766.1542743,689.6951398
XCME.GY1.05AUG25.111:75.P,.0625000,.0781250,111.7500000,P,.0671205,518.3869144,573.6809713,546.3892305
XCME.GY1.05AUG25.112.P,.1406250,.1562500,112,P,.1472666,517.0424127,560.8847777,538.9837503
