Key,BID,ASK,STRIKE,ITYPE,ADJTHEOR,IVBID,IVASK,IVAVERAGE
XCME.ZN.SEP25,110.9062500,110.9218750,INVALID,F,,,,
XCME.ZN1.01AUG25.111.C,.1875000,.2031250,111,C,.0889435,1099.6903922,1263.5839903,1181.7017751
XCME.ZN1.01AUG25.111:25.P,.4218750,.4375000,111.2500000,P,.3593350,1104.9948662,1296.7481345,1202.1606240
