Key,BID,ASK,STRIKE,ITYPE,ADJTHEOR,IVBID,IVASK,IVAVERAGE
XCME.ZN.SEP25,111.9843750,112,INVALID,F,,,,
XCME.ZN1.01AUG25.111:25.C,.7187500,.7500000,111.2500000,C,.7271576,,1282.6689198,1178.1195820
XCME.ZN1.01AUG25.111:75.C,.2500000,.2812500,111.7500000,C,.2623050,547.2816116,879.7305401,730.0128007
XCME.ZN1.01AUG25.110:5.C,1.4687500,1.5000000,110.5000000,C,1.4769026,,,
XCME.ZN1.01AUG25.110:75.C,1.2187500,1.2500000,110.7500000,C,1.2259469,,1935.2039403,1793.8212102
XCME.ZN1.01AUG25.111.P,INVALID,.0069999,111,P,.0027418,,1473.6422041,1316.0051567
XCME.ZN1.01AUG25.113.C,INVALID,.0069999,113,C,.0032287,,1507.3925450,1349.6130903
XCME.ZN1.01AUG25.112:5.C,.0069999,.0156250,112.5000000,C,.0103448,865.6134049,1040.5810802,961.6697223
