Key,BID,ASK,STRIKE,ITYPE,ADJTHEOR,IVBID,IVASK,IVAVERAGE
XCME.ZN.SEP25,110.8437500,110.8593750,INVALID,F,,,,
XCME.WY1.06AUG25.112.P,1.1562500,1.1875000,112,P,,,,
XCME.WY1.06AUG25.110:75.C,.3437500,.3750000,110.7500000,C,,,,
XCME.WY1.06AUG25.111:5.P,.7187500,.7343750,111.5000000,P,,,,
XCME.WY1.06AUG25.111.C,.2187500,.2500000,111,C,,,,
XCME.ZN1.01AUG25.112:75.C,INVALID,.0069999,112.7500000,C,,,,
XCME.ZN1.01AUG25.110:25.C,.6093750,.6562500,110.2500000,C,,,,
