Key,BID,ASK,STRIKE,ITYPE,ADJTHEOR,IVBID,IVASK,IVAVERAGE
XCME.ZN.SEP25,112.1250000,112.1406250,INVALID,F,,,,
XCME.VY1.04AUG25.111:75.P,.0312500,.0468750,111.7500000,P,.0417361,595.3295536,690.3675499,644.4012171
XCME.VY1.04AUG25.111:75.C,.3750000,.4062500,111.7500000,C,.4280484,,515.4531421,407.4275754
XCME.VY1.04AUG25.112:75.P,.6250000,.6562500,112.7500000,P,.6376362,784.1233396,1002.2485995,900.8266400
XCME.VY1.04AUG25.111:25.P,.0069999,.0156250,111.2500000,P,.0071630,761.0850494,895.1194825,835.3397618
XCME.VY1.04AUG25.111:5.P,.0069999,.0312500,111.5000000,P,.0156516,585.9529033,838.7616666,733.4224703
XCME.VY1.04AUG25.112:5.C,.0312500,.0625000,112.5000000,C,.0531705,573.5227338,750.6031412,666.4278505
XCME.VY1.04AUG25.110:25.P,INVALID,.0069999,110.2500000,P,.0033992,,1441.0735315,1305.8782649
