Key,BID,ASK,STRIKE,ITYPE,ADJTHEOR,IVBID,IVASK,IVAVERAGE
XCME.ZN.SEP25,110.9062500,110.9218750,INVALID,F,,,,
XCME.ZN1.01AUG25.112:75.P,1.8125000,1.8593750,112.7500000,P,1.8168125,,,
XCME.ZN1.01AUG25.111:75.P,.8281250,.8593750,111.7500000,P,.8168706,,1544.5138637,1346.1157214
