Key,BID,ASK,STRIKE,ITYPE,ADJTHEOR,IVBID,IVASK,IVAVERAGE
XCME.ZN.SEP25,112.0312500,112.0468750,INVALID,F,,,,
XCME.ZN1.01AUG25.111:25.C,.7812500,.8125000,111.2500000,C,.7855740,,,1770.7052894
XCME.ZN1.01AUG25.111:75.C,.2812500,.3125000,111.7500000,C,.2871252,,1011.0372439,838.7984544
XCME.ZN1.01AUG25.110:5.C,1.5312500,1.5625000,110.5000000,C,1.5355624,,,
XCME.ZN1.01AUG25.110:75.C,1.2812500,1.3125000,110.7500000,C,1.2855625,,,
XCME.ZN1.01AUG25.111.P,INVALID,.0069999,111,P,.0000014,,1889.2162467,1689.5799551
XCME.ZN1.01AUG25.113.C,INVALID,.0069999,113,C,.0000008,,1785.9528584,1595.1974691
XCME.ZN1.01AUG25.112:5.C,INVALID,.0069999,112.5000000,C,.0001558,,990.9088304,866.7932063
