Key,BID,ASK,STRIKE,ITYPE,ADJTHEOR,IVBID,IVASK,IVAVERAGE
XCME.ZN.SEP25,110.9531250,110.9687500,INVALID,F,,,,
XCME.ZN1.01AUG25.111.C,.2031250,.2343750,111,C,.1296849,988.1270678,1127.4530828,1057.7999851
XCME.ZN1.01AUG25.111:25.P,.3906250,.4218750,111.2500000,P,.3349314,961.0591125,1118.1844494,1040.3486050
