Key,BID,ASK,STRIKE,ITYPE,ADJTHEOR,IVBID,IVASK,IVAVERAGE
XCME.ZN.SEP25,112.0781250,112.0937500,INVALID,F,,,,
XCME.GY1.05AUG25.110:75.C,1.3281250,1.3593750,110.7500000,C,1.3363658,,982.6842281,870.7657640
XCME.GY1.05AUG25.112:25.P,.2812500,.3125000,112.2500000,P,.2928854,510.3599790,601.1766438,555.9727010
XCME.GY1.05AUG25.113.C,.0069999,.0312500,113,C,.0147525,553.2106023,767.6602365,679.7841467
XCME.GY1.05AUG25.111.P,INVALID,.0156250,111,P,.0060398,,742.1118940,650.0230563
XCME.GY1.05AUG25.112.C,.2343750,.2500000,112,C,.2378957,523.4660696,567.0377762,545.2638682
XCME.GY1.05AUG25.111:25.P,.0069999,.0156250,111.2500000,P,.0126104,510.3071794,601.0727466,560.5481364
XCME.GY1.05AUG25.110:25.P,INVALID,.0069999,110.2500000,P,.0031608,,989.3791429,896.2149895
