Key,BID,ASK,STRIKE,ITYPE,ADJTHEOR,IVBID,IVASK,IVAVERAGE
XCME.ZN.SEP25,112.0781250,112.0937500,INVALID,F,,,,
XCME.VY1.04AUG25.111:5.P,.0069999,.0156250,111.5000000,P,.0108664,534.4413825,637.9671627,591.4287078
XCME.VY1.04AUG25.112:5.C,.0156250,.0312500,112.5000000,C,.0236442,487.4732457,601.1303599,548.1340214
XCME.VY1.04AUG25.110:25.P,INVALID,.0069999,110.2500000,P,.0032777,,1366.2842296,1237.7980951
XCME.VY1.04AUG25.111.P,INVALID,.0069999,111,P,.0033225,,882.4609144,790.9101277
XCME.VY1.04AUG25.110:75.P,INVALID,.0069999,110.7500000,P,.0029291,,1047.1254501,942.2010370
XCME.VY1.04AUG25.112.P,.0781250,.1093750,112,P,.0925040,444.6823209,567.3371066,506.2779434
