Key,BID,ASK,STRIKE,ITYPE,ADJTHEOR,IVBID,IVASK,IVAVERAGE
XCME.ZN.SEP25,110.9687500,110.9843750,INVALID,F,,,,
XCME.ZN1.01AUG25.110:25.P,.0156250,.0312500,110.2500000,P,.0038786,817.6011688,977.9107373,904.0816923
XCME.ZN1.01AUG25.110:5.P,.0468750,.0781250,110.5000000,P,.0197667,838.2543525,1025.6691256,935.3819935
