Key,BID,ASK,STRIKE,ITYPE,ADJTHEOR,IVBID,IVASK,IVAVERAGE
XCME.ZN.SEP25,110.9843750,111,INVALID,F,,,,
XCME.ZN1.01AUG25.110.C,.9843750,1.0156250,110,C,.9846715,506.7357047,1244.3248839,1110.9363423
