Key,BID,ASK,STRIKE,ITYPE,ADJTHEOR,IVBID,IVASK,IVAVERAGE
XCME.ZN.SEP25,111.9531250,111.9687500,INVALID,F,,,,
XCME.WY1.06AUG25.110.C,1.9531250,1.9843750,110,C,1.9761400,,925.3152408,606.2658795
XCME.WY1.06AUG25.113.P,1.0468750,1.0781250,113,P,1.0553574,598.9996780,767.0694086,692.0295624
XCME.WY1.06AUG25.112:75.C,.0312500,.0468750,112.7500000,C,.0483509,545.5239703,615.1977344,581.8085351
XCME.WY1.06AUG25.112.C,.2343750,.2500000,112,C,.2431029,549.0456475,583.6697593,566.3581976
XCME.WY1.06AUG25.111.P,.0156250,.0312500,111,P,.0170625,548.2576138,645.7183850,601.0630859
XCME.WY1.06AUG25.112:25.C,.1406250,.1562500,112.2500000,C,.1470316,566.4756363,604.2454140,585.4143115
XCME.WY1.06AUG25.112:5.C,.0781250,.0937500,112.5000000,C,.0846113,579.0123471,625.7004676,602.6289677
