Key,BID,ASK,STRIKE,ITYPE,ADJTHEOR,IVBID,IVASK,IVAVERAGE
XCME.ZN.SEP25,111.8750000,111.8906250,INVALID,F,,,,
XCME.VY1.04AUG25.110.C,1.8593750,1.8906250,110,C,1.8848925,,1350.9569870,
XCME.VY1.04AUG25.110:75.C,1.1093750,1.1406250,110.7500000,C,1.1349343,,886.5782628,
XCME.VY1.04AUG25.110.P,INVALID,.0069999,110,P,.0028925,,1308.0460486,1185.1431318
XCME.VY1.04AUG25.111:25.C,.6250000,.6562500,111.2500000,C,.6478931,,706.5974946,553.1647436
XCME.VY1.04AUG25.113.P,1.1093750,1.1406250,113,P,1.1242376,,1064.6784946,1020.6023354
XCME.VY1.04AUG25.113.C,INVALID,.0156250,113,C,.0062376,,982.0653700,860.0005787
XCME.VY1.04AUG25.112:25.P,.4062500,.4375000,112.2500000,P,.4250181,564.1986987,719.3797301,644.9090215
