Key,BID,ASK,STRIKE,ITYPE,ADJTHEOR,IVBID,IVASK,IVAVERAGE
XCME.ZN.SEP25,112.0625000,112.0781250,INVALID,F,,,,
XCME.VY1.04AUG25.111.P,INVALID,.0069999,111,P,.0033241,,871.5033482,780.4036713
XCME.VY1.04AUG25.110:75.P,INVALID,.0069999,110.7500000,P,.0028213,,1036.5454748,932.1217751
XCME.VY1.04AUG25.112.P,.0937500,.1093750,112,P,.1048807,481.7727903,542.3466155,512.1026257
XCME.VY1.04AUG25.111:5.C,.5625000,.5937500,111.5000000,C,.5863964,,665.4527264,540.4913069
XCME.VY1.04AUG25.112:25.C,.0625000,.0781250,112.2500000,C,.0701708,501.0324312,568.0202030,534.7871683
XCME.VY1.04AUG25.110:5.P,INVALID,.0069999,110.5000000,P,.0029023,,1197.8185730,1081.1525493
XCME.VY1.04AUG25.112:5.P,.4375000,.4687500,112.5000000,P,.4509253,460.8013332,686.1699239,587.3236474
