Key,BID,ASK,STRIKE,ITYPE,ADJTHEOR,IVBID,IVASK,IVAVERAGE
XCME.ZN.SEP25,111.9375000,111.9531250,INVALID,F,,,,
XCME.GY1.05AUG25.112:75.P,.8125000,.8437500,112.7500000,P,.8203612,636.6582070,801.6047408,725.4295751
XCME.GY1.05AUG25.110:75.C,1.2031250,1.2187500,110.7500000,C,1.2192616,,629.8051184,474.8804589
XCME.GY1.05AUG25.112:25.P,.3906250,.4218750,112.2500000,P,.3985266,584.5195841,678.3207243,631.8267174
XCME.GY1.05AUG25.113.C,.0156250,.0312500,113,C,.0197742,695.8407457,816.9101155,761.4840088
XCME.GY1.05AUG25.111.P,.0069999,.0156250,111,P,.0090004,562.1727244,657.3030159,614.9117678
XCME.GY1.05AUG25.112.C,.1875000,.2187500,112,C,.2005600,546.9868501,630.6283630,588.8137881
