Key,BID,ASK,STRIKE,ITYPE,ADJTHEOR,IVBID,IVASK,IVAVERAGE
XCME.ZN.SEP25,110.8750000,110.8906250,INVALID,F,,,,
XCME.ZN1.01AUG25.110:25.P,.0156250,.0312500,110.2500000,P,.0006543,1065.6177204,1280.9590394,1181.4564643
XCME.ZN1.01AUG25.110:5.P,.0625000,.0937500,110.5000000,P,.0094863,1180.5138885,1420.2651399,1303.1032488
