Key,BID,ASK,STRIKE,ITYPE,ADJTHEOR,IVBID,IVASK,IVAVERAGE
XCME.ZN.SEP25,111.6093750,111.6250000,INVALID,F,,,,
XCME.GY1.05AUG25.112:75.P,1.1250000,1.1562500,112.7500000,P,1.1618866,,642.3597235,
XCME.GY1.05AUG25.110:75.C,.8906250,.9218750,110.7500000,C,.8662333,748.6034624,898.5354179,827.6071457
XCME.GY1.05AUG25.112:25.P,.6250000,.6718750,112.2500000,P,.6914348,,527.0917186,349.7500896
XCME.GY1.05AUG25.113.C,INVALID,.0156250,113,C,.0085092,,874.1791758,770.9671065
XCME.GY1.05AUG25.111.P,.0312500,.0468750,111,P,.0367504,545.3565660,619.9787557,584.0725066
XCME.GY1.05AUG25.112.C,.0781250,.0937500,112,C,.0831096,591.2894344,643.4108617,617.6075986
