Key,BID,ASK,STRIKE,ITYPE,ADJTHEOR,IVBID,IVASK,IVAVERAGE
XCME.ZN.SEP25,110.9218750,110.9375000,INVALID,F,,,,
XCME.ZN1.01AUG25.111.P,.2656250,.2812500,111,P,.2006652,930.5941504,995.3526545,962.9821994
XCME.ZN1.01AUG25.110:75.C,.3281250,.3437500,110.7500000,C,.2619592,944.8855021,1011.9716184,978.4783962
