Key,BID,ASK,STRIKE,ITYPE,ADJTHEOR,IVBID,IVASK,IVAVERAGE
XCME.ZN.SEP25,112,112.0156250,INVALID,F,,,,
XCME.WY1.06AUG25.112:75.C,.0312500,.0468750,112.7500000,C,.0458698,532.1042937,601.0526110,567.9773729
XCME.WY1.06AUG25.112.C,.2343750,.2500000,112,C,.2424207,509.5900900,544.6943811,527.1424214
XCME.WY1.06AUG25.111.P,.0069999,.0156250,111,P,.0135710,492.0318505,574.8195246,538.0135963
XCME.WY1.06AUG25.112:25.C,.1250000,.1562500,112.2500000,C,.1424215,501.1961454,576.9824441,539.2933193
XCME.WY1.06AUG25.112:5.C,.0625000,.0781250,112.5000000,C,.0805058,510.5988447,559.4384640,535.3857883
XCME.WY1.06AUG25.111:25.P,.0156250,.0312500,111.2500000,P,.0274603,462.6260118,550.7014986,510.1577467
XCME.WY1.06AUG25.111:75.C,.3750000,.3906250,111.7500000,C,.3871525,488.4339444,527.5712980,508.0851393
