Key,BID,ASK,STRIKE,ITYPE,ADJTHEOR,IVBID,IVASK,IVAVERAGE
XCME.ZN.SEP25,112.1250000,112.1406250,INVALID,F,,,,
XCME.WY1.06AUG25.110:75.C,1.3750000,1.4062500,110.7500000,C,1.3895031,,856.8480342,770.2893038
XCME.WY1.06AUG25.111:5.P,.0625000,.0781250,111.5000000,P,.0667587,605.6256888,658.8828485,632.7101401
XCME.WY1.06AUG25.111.C,1.1250000,1.1562500,111,C,1.1473460,,735.8862289,657.8006701
XCME.ZN1.01AUG25.112:75.C,INVALID,.0069999,112.7500000,C,.0000152,,1444.4458607,1274.7428319
XCME.ZN1.01AUG25.110:25.C,1.8750000,1.9062500,110.2500000,C,1.8828125,,,
XCME.ZN1.01AUG25.110:25.P,INVALID,.0069999,110.2500000,P,0,,,
XCME.ZN1.01AUG25.110:75.P,INVALID,.0069999,110.7500000,P,0,,,
