Key,BID,ASK,STRIKE,ITYPE,ADJTHEOR,IVBID,IVASK,IVAVERAGE
XCME.ZN.SEP25,110.9531250,110.9687500,INVALID,F,,,,
XCME.ZN1.01AUG25.113.C,INVALID,.0069999,113,C,.0000016,,1637.0447722,1484.3737859
XCME.ZN1.01AUG25.111:5.C,.0468750,.0625000,111.5000000,C,.0160914,893.4159636,993.6227553,944.6436325
