Key,BID,ASK,STRIKE,ITYPE,ADJTHEOR,IVBID,IVASK,IVAVERAGE
XCME.ZN.SEP25,112.0156250,112.0312500,INVALID,F,,,,
XCME.VY1.04AUG25.110.C,2.0156250,2.0468750,110,C,2.0461329,,1385.3213706,1064.1562477
XCME.VY1.04AUG25.110:75.C,1.2812500,1.2968750,110.7500000,C,1.2953257,,935.0850901,702.4459406
XCME.VY1.04AUG25.110.P,INVALID,.0069999,110,P,.0035704,,1484.8944925,1347.0017564
XCME.VY1.04AUG25.111:25.C,.7812500,.7968750,111.2500000,C,.7981817,,620.7643802,454.1856553
XCME.VY1.04AUG25.113.P,.9531250,.9843750,113,P,.9628037,,1046.3821362,917.0524664
XCME.VY1.04AUG25.113.C,INVALID,.0069999,113,C,.0053662,,788.6177575,704.0564285
XCME.VY1.04AUG25.112:25.P,.2656250,.2812500,112.2500000,P,.2704479,518.9718024,587.9759301,553.8151805
