Key,BID,ASK,STRIKE,ITYPE,ADJTHEOR,IVBID,IVASK,IVAVERAGE
XCME.ZN.SEP25,112.1093750,112.1250000,INVALID,F,,,,
XCME.GY1.05AUG25.110:5.P,INVALID,.0156250,110.5000000,P,.0065856,,1033.6289779,915.9959922
XCME.GY1.05AUG25.110:75.P,.0069999,.0156250,110.7500000,P,.0093683,782.4322706,903.1983665,849.6962839
XCME.GY1.05AUG25.111:75.P,.0781250,.0937500,111.7500000,P,.0927809,594.4976449,648.4854618,621.7496815
XCME.GY1.05AUG25.112.P,.1562500,.1875000,112,P,.1731378,586.4162397,675.0743011,630.8163833
XCME.VY1.04AUG25.111:75.P,.0312500,.0468750,111.7500000,P,.0452602,573.2760576,666.2104386,621.2355894
XCME.VY1.04AUG25.111:75.C,.4062500,.4218750,111.7500000,C,.4167599,595.2082727,685.6200273,641.6913966
