Key,BID,ASK,STRIKE,ITYPE,ADJTHEOR,IVBID,IVASK,IVAVERAGE
XCME.ZN.SEP25,110.8750000,110.8906250,INVALID,F,,,,
XCME.ZN1.01AUG25.110:25.P,.0156250,.0312500,110.2500000,P,.0004214,1118.8548825,1344.5941357,1240.3308453
XCME.ZN1.01AUG25.110:5.P,.0625000,.0781250,110.5000000,P,.0076090,1240.8561383,1369.3021618,1305.9354093
