Key,BID,ASK,STRIKE,ITYPE,ADJTHEOR,IVBID,IVASK,IVAVERAGE
XCME.ZN.SEP25,110.9375000,110.9531250,INVALID,F,,,,
XCME.ZN1.01AUG25.111.C,.2031250,.2187500,111,C,.1326582,955.7145102,1086.4071792,1021.0774386
XCME.ZN1.01AUG25.111:25.P,.3906250,.4218750,111.2500000,P,.3544711,845.2975571,996.8449334,922.0181588
