Key,BID,ASK,STRIKE,ITYPE,ADJTHEOR,IVBID,IVASK,IVAVERAGE
XCME.ZN.SEP25,112.0937500,112.1093750,INVALID,F,,,,
XCME.WY1.06AUG25.110:5.P,INVALID,.0156250,110.5000000,P,.0051466,,831.8753292,736.8506665
XCME.WY1.06AUG25.110:25.C,1.8437500,1.8593750,110.2500000,C,1.8524015,,884.1532713,825.3857077
XCME.WY1.06AUG25.112:5.P,.4843750,.5000000,112.5000000,P,.4919791,518.4222850,562.6005257,540.7147356
XCME.WY1.06AUG25.111:5.C,.6250000,.6562500,111.5000000,C,.6433661,444.2520744,569.1091850,511.0244974
XCME.WY1.06AUG25.110:25.P,INVALID,.0069999,110.2500000,P,.0043390,,818.2485503,741.3708868
XCME.WY1.06AUG25.111:75.P,.0781250,.1093750,111.7500000,P,.0945003,467.3719391,552.8092114,510.7723590
XCME.WY1.06AUG25.112:75.P,.6875000,.7031250,112.7500000,P,.7001225,513.2937084,576.5136355,545.9724738
