Key,BID,ASK,STRIKE,ITYPE,ADJTHEOR,IVBID,IVASK,IVAVERAGE
XCME.ZN.SEP25,111.6875000,111.7031250,INVALID,F,,,,
XCME.GY1.05AUG25.111:25.P,.0625000,.0781250,111.2500000,P,.0679303,555.8829199,611.4147192,584.0401113
XCME.GY1.05AUG25.110:25.P,INVALID,.0069999,110.2500000,P,.0034039,,770.1423249,694.1239381
XCME.GY1.05AUG25.111:5.C,.2968750,.3281250,111.5000000,C,.3218021,520.7686852,607.9483245,564.5396789
XCME.GY1.05AUG25.110.C,1.6562500,1.6875000,110,C,1.6783406,,966.0174423,1016.7000387
XCME.GY1.05AUG25.111:5.P,.1406250,.1562500,111.5000000,P,.1464271,574.2917477,617.6304860,595.9988802
XCME.GY1.05AUG25.110:25.C,1.4375000,1.4687500,110.2500000,C,1.4287789,846.4351853,1114.9823205,1032.3870467
