Key,BID,ASK,STRIKE,ITYPE,ADJTHEOR,IVBID,IVASK,IVAVERAGE
XCME.ZN.SEP25,112,112.0156250,INVALID,F,,,,
XCME.WY1.06AUG25.112:75.C,.0312500,.0625000,112.7500000,C,.0529930,518.4821693,645.2921769,585.9988676
XCME.WY1.06AUG25.112.C,.2343750,.2656250,112,C,.2582520,485.2200203,554.7490767,519.9878623
XCME.WY1.06AUG25.111.P,.0069999,.0156250,111,P,.0199436,493.2662501,575.9097009,539.1782622
XCME.WY1.06AUG25.112:25.C,.1406250,.1562500,112.2500000,C,.1536217,519.6846108,556.7297574,538.2487209
XCME.WY1.06AUG25.112:5.C,.0781250,.0937500,112.5000000,C,.0896643,542.5981820,588.0850760,565.5885050
XCME.WY1.06AUG25.111:25.P,.0156250,.0312500,111.2500000,P,.0378379,465.1016791,553.1371209,512.6416078
XCME.WY1.06AUG25.111:75.C,.3906250,.4062500,111.7500000,C,.4103001,494.1299263,533.1758605,513.7403609
