Key,BID,ASK,STRIKE,ITYPE,ADJTHEOR,IVBID,IVASK,IVAVERAGE
XCME.ZN.SEP25,110.8437500,110.8593750,INVALID,F,,,,
XCME.ZN1.01AUG25.111.C,.1562500,.1718750,111,C,.0528958,1308.1022945,1402.4863296,1355.3499303
XCME.ZN1.01AUG25.111:25.P,.4687500,.5000000,111.2500000,P,.4114249,1221.0659385,1454.4649859,1340.2646585
