Key,BID,ASK,STRIKE,ITYPE,ADJTHEOR,IVBID,IVASK,IVAVERAGE
XCME.ZN.SEP25,110.9375000,110.9531250,INVALID,F,,,,
XCME.ZN1.01AUG25.110:5.C,.5000000,.5312500,110.5000000,C,.4539163,1048.5161726,1259.9776203,1157.1070409
XCME.ZN1.01AUG25.111:75.C,.0156250,.0312500,111.7500000,C,.0005624,1080.1118460,1282.5224892,1189.4741847
