Key,BID,ASK,STRIKE,ITYPE,ADJTHEOR,IVBID,IVASK,IVAVERAGE
XCME.ZN.SEP25,111.7656250,111.7812500,INVALID,F,,,,
XCME.WY1.06AUG25.113.C,.0069999,.0312500,113,C,.0207785,567.8134598,766.8243493,685.9456002
XCME.WY1.06AUG25.110.P,INVALID,.0069999,110,P,.0041319,,768.2200818,694.8138462
XCME.WY1.06AUG25.110:75.P,.0069999,.0156250,110.7500000,P,.0125907,484.1350665,565.4811379,529.2387116
XCME.WY1.06AUG25.112:25.P,.5468750,.5781250,112.2500000,P,.5710620,508.8963101,600.9725353,556.0431956
XCME.WY1.06AUG25.111:25.C,.5781250,.6093750,111.2500000,C,.5787773,510.2016065,606.4612419,559.7221480
XCME.WY1.06AUG25.110:5.P,INVALID,.0156250,110.5000000,P,.0070499,,673.1816324,591.9907568
XCME.WY1.06AUG25.110:25.C,1.5156250,1.5468750,110.2500000,C,1.5240621,,876.1556038,847.5767913
