Key,BID,ASK,STRIKE,ITYPE,ADJTHEOR,IVBID,IVASK,IVAVERAGE
XCME.ZN.SEP25,112.1250000,112.1406250,INVALID,F,,,,
XCME.GY1.05AUG25.112:25.P,.2968750,.3281250,112.2500000,P,.2946339,651.4731846,740.1674909,695.8701830
XCME.GY1.05AUG25.113.C,.0156250,.0312500,113,C,.0328382,628.0554156,745.0824728,691.4197865
XCME.GY1.05AUG25.111.P,.0069999,.0312500,111,P,.0124537,671.4490082,912.1192183,813.9610193
XCME.GY1.05AUG25.112.C,.2812500,.2968750,112,C,.3003108,535.2818129,625.3145147,580.4119993
XCME.GY1.05AUG25.111:25.P,.0156250,.0312500,111.2500000,P,.0228192,636.5455751,754.3552415,700.3186064
XCME.GY1.05AUG25.110:25.P,INVALID,.0069999,110.2500000,P,.0046632,,1026.4376720,929.9230436
