Key,BID,ASK,STRIKE,ITYPE,ADJTHEOR,IVBID,IVASK,IVAVERAGE
XCME.ZN.SEP25,110.9531250,110.9687500,INVALID,F,,,,
XCME.ZN1.01AUG25.111.C,.2031250,.2187500,111,C,.1033387,1203.1742387,1288.0101254,1245.5955064
XCME.ZN1.01AUG25.111:25.P,.3906250,.4218750,111.2500000,P,.3167463,1170.2134235,1361.5368121,1266.7581507
