Key,BID,ASK,STRIKE,ITYPE,ADJTHEOR,IVBID,IVASK,IVAVERAGE
XCME.ZN.SEP25,112.1093750,112.1250000,INVALID,F,,,,
XCME.ZN1.01AUG25.112:25.P,.1406250,.1562500,112.2500000,P,.1563222,180.2099342,573.6238439,453.0499074
XCME.ZN1.01AUG25.111.C,1.1093750,1.1250000,111,C,1.1093693,1173.5392534,,
XCME.ZN1.01AUG25.112.C,.1250000,.1406250,112,C,.1313630,492.7592356,676.3279085,588.0088724
XCME.WY1.06AUG25.110.C,2.1093750,2.1406250,110,C,2.1202249,,1162.9226258,1043.9554889
XCME.WY1.06AUG25.113.P,.9062500,.9375000,113,P,.9304634,549.7481286,709.8996349,637.9408175
XCME.WY1.06AUG25.112:75.C,.0625000,.0781250,112.7500000,C,.0737958,610.5235908,663.7971271,637.6140871
XCME.WY1.06AUG25.112.C,.3125000,.3437500,112,C,.3320278,570.2328230,642.0941321,606.1942675
