Key,BID,ASK,STRIKE,ITYPE,ADJTHEOR,IVBID,IVASK,IVAVERAGE
XCME.ZN.SEP25,111.9687500,111.9843750,INVALID,F,,,,
XCME.VY1.04AUG25.111:5.C,.5000000,.5156250,111.5000000,C,.5002596,569.9306633,679.6106296,627.8290949
XCME.VY1.04AUG25.112:25.C,.0468750,.0625000,112.2500000,C,.0494953,528.4580133,602.3710281,566.0143628
XCME.VY1.04AUG25.110:5.P,INVALID,.0069999,110.5000000,P,.0031530,,1108.5826381,999.3122502
XCME.VY1.04AUG25.112:5.P,.5312500,.5468750,112.5000000,P,.5385608,523.0868419,657.5046794,596.6808536
XCME.VY1.04AUG25.111.C,.9687500,1,111,C,.9847614,,970.7037140,809.6367141
XCME.VY1.04AUG25.110:5.C,1.4687500,1.5000000,110.5000000,C,1.4832155,,1340.9209751,1137.9164306
