Key,BID,ASK,STRIKE,ITYPE,ADJTHEOR,IVBID,IVASK,IVAVERAGE
XCME.ZN.SEP25,112,112.0156250,INVALID,F,,,,
XCME.GY1.05AUG25.113.P,.9843750,1.0312500,113,P,1.0241196,,643.0393407,402.8374646
XCME.GY1.05AUG25.112:75.P,.7500000,.7812500,112.7500000,P,.7902918,,621.8648131,508.6635943
XCME.GY1.05AUG25.110:75.C,1.2500000,1.2812500,110.7500000,C,1.2518758,621.7146489,960.7805998,871.8805786
XCME.GY1.05AUG25.112:25.P,.3750000,.4062500,112.2500000,P,.3758321,602.1164910,692.9395156,647.8045781
XCME.GY1.05AUG25.113.C,.0156250,.0312500,113,C,.0206196,677.3544736,796.1940158,741.7585068
XCME.GY1.05AUG25.111.P,.0069999,.0156250,111,P,.0095914,574.9955392,672.1616889,628.9255644
XCME.GY1.05AUG25.112.C,.2187500,.2343750,112,C,.2166526,587.4670318,670.7280063,629.0975694
