Key,BID,ASK,STRIKE,ITYPE,ADJTHEOR,IVBID,IVASK,IVAVERAGE
XCME.ZN.SEP25,111.7656250,111.7812500,INVALID,F,,,,
XCME.WY1.06AUG25.110:75.C,1.0156250,1.0468750,110.7500000,C,1.0069510,611.4680338,765.4062367,713.7416673
XCME.WY1.06AUG25.111:5.P,.1250000,.1562500,111.5000000,P,.1367908,496.3863739,570.8873264,533.8432181
XCME.WY1.06AUG25.111.C,.7500000,.7812500,111,C,.7736668,388.1923932,565.2287480,548.1711926
XCME.VY1.04AUG25.111:75.P,.1562500,.1718750,111.7500000,P,.1687673,537.3418643,592.6283114,564.9854020
XCME.VY1.04AUG25.111:75.C,.1562500,.1875000,111.7500000,C,.1601423,567.8602963,678.4287076,623.1454526
XCME.VY1.04AUG25.112:75.P,1,1.0312500,112.7500000,P,1.0143791,,980.5306104,774.4126599
XCME.VY1.04AUG25.111:25.P,.0156250,.0312500,111.2500000,P,.0266931,520.0997485,634.2462345,581.2271289
