Key,BID,ASK,STRIKE,ITYPE,ADJTHEOR,IVBID,IVASK,IVAVERAGE
XCME.ZN.SEP25,112.1093750,112.1250000,INVALID,F,,,,
XCME.GY1.05AUG25.111.C,1.1093750,1.1406250,111,C,1.1375449,,769.3514460,603.8321318
XCME.GY1.05AUG25.112:25.C,.1562500,.1875000,112.2500000,C,.1714411,588.9006243,633.2295035,611.0854734
XCME.GY1.05AUG25.111:25.C,.8593750,.8906250,111.2500000,C,.8988028,,627.2018553,482.3132193
XCME.GY1.05AUG25.111:75.C,.4375000,.4687500,111.7500000,C,.4674352,539.4644114,649.8581758,595.9120414
XCME.GY1.05AUG25.112:5.P,.4687500,.5000000,112.5000000,P,.4639478,650.5244627,753.4244221,702.6315383
XCME.GY1.05AUG25.113.P,.9062500,.9375000,113,P,.8954734,744.2831607,915.1370318,835.6275723
