Key,BID,ASK,STRIKE,ITYPE,ADJTHEOR,IVBID,IVASK,IVAVERAGE
XCME.ZN.SEP25,112.1250000,112.1406250,INVALID,F,,,,
XCME.VY1.04AUG25.111:5.P,.0069999,.0312500,111.5000000,P,.0159579,577.6844098,827.8082833,723.5248935
XCME.VY1.04AUG25.112:5.C,.0312500,.0625000,112.5000000,C,.0466401,577.6177814,754.7425746,670.5825111
XCME.VY1.04AUG25.110:25.P,INVALID,.0069999,110.2500000,P,.0033866,,1428.9800564,1294.5922591
XCME.VY1.04AUG25.111.P,INVALID,.0069999,111,P,.0044825,,933.8735126,837.8736309
XCME.VY1.04AUG25.110:75.P,INVALID,.0069999,110.7500000,P,.0035435,,1102.1511168,992.8698330
XCME.VY1.04AUG25.112.P,.0937500,.1093750,112,P,.1036547,581.6974539,645.7972540,613.8364111
