Key,BID,ASK,STRIKE,ITYPE,ADJTHEOR,IVBID,IVASK,IVAVERAGE
XCME.ZN.SEP25,112.1093750,112.1250000,INVALID,F,,,,
XCME.VY1.04AUG25.112.C,.2031250,.2343750,112,C,.2225046,513.5277503,639.4096773,576.8249763
XCME.VY1.04AUG25.112:75.C,.0156250,.0312500,112.7500000,C,.0194827,678.6432301,815.8746153,752.4749620
XCME.VY1.04AUG25.110:25.C,1.8593750,1.8906250,110.2500000,C,1.8740498,,1676.6438905,1436.0183631
XCME.GY1.05AUG25.110.P,INVALID,.0069999,110,P,.0040084,,1121.2156935,1018.4764063
XCME.GY1.05AUG25.110:5.C,1.6093750,1.6406250,110.5000000,C,1.6227549,,1111.8357060,973.1505774
XCME.GY1.05AUG25.111.C,1.1093750,1.1406250,111,C,1.1290608,,833.4273911,720.5171712
XCME.GY1.05AUG25.112:25.C,.1562500,.1718750,112.2500000,C,.1629108,596.2121367,640.5241500,618.3903900
