Key,BID,ASK,STRIKE,ITYPE,ADJTHEOR,IVBID,IVASK,IVAVERAGE
XCME.ZN.SEP25,110.8437500,110.8593750,INVALID,F,,,,
XCME.VY1.04AUG25.111:75.P,.9062500,.9375000,111.7500000,P,,,,
XCME.VY1.04AUG25.111:75.C,.0156250,.0312500,111.7500000,C,,,,
XCME.VY1.04AUG25.112:75.P,1.8750000,1.9062500,112.7500000,P,,,,
XCME.VY1.04AUG25.111:25.P,.4843750,.5156250,111.2500000,P,,,,
XCME.VY1.04AUG25.111:5.P,.6875000,.7187500,111.5000000,P,,,,
XCME.VY1.04AUG25.112:5.C,INVALID,.0069999,112.5000000,C,,,,
XCME.VY1.04AUG25.110:25.P,.0468750,.0625000,110.2500000,P,,,,
