Key,BID,ASK,STRIKE,ITYPE,ADJTHEOR,IVBID,IVASK,IVAVERAGE
XCME.ZN.SEP25,112.0156250,112.0312500,INVALID,F,,,,
XCME.WY1.06AUG25.112:75.C,.0312500,.0468750,112.7500000,C,.0488760,518.0912533,585.7194115,553.2589234
XCME.WY1.06AUG25.112.C,.2500000,.2656250,112,C,.2613516,511.3701555,546.4923105,528.9327429
XCME.WY1.06AUG25.111.P,.0069999,.0156250,111,P,.0133236,502.5630098,586.4147615,549.1586373
XCME.WY1.06AUG25.112:25.C,.1406250,.1562500,112.2500000,C,.1553794,514.7388755,551.9574588,533.3873394
XCME.WY1.06AUG25.112:5.C,.0781250,.0937500,112.5000000,C,.0877932,539.9686139,585.6060244,563.0329440
XCME.WY1.06AUG25.111:25.P,.0156250,.0312500,111.2500000,P,.0269250,474.1564434,563.5967612,522.4551407
XCME.WY1.06AUG25.111:75.C,.3906250,.4218750,111.7500000,C,.4105433,478.2279549,518.4312031,498.4420967
