Key,BID,ASK,STRIKE,ITYPE,ADJTHEOR,IVBID,IVASK,IVAVERAGE
XCME.ZN.SEP25,111.8437500,111.8593750,INVALID,F,,,,
XCME.VY1.04AUG25.110.C,1.8281250,1.8593750,110,C,1.8580948,,1547.2951688,1324.4500144
XCME.VY1.04AUG25.110:75.C,1.0937500,1.1093750,110.7500000,C,1.1085952,,775.0505978,581.1990917
XCME.VY1.04AUG25.110.P,INVALID,.0069999,110,P,.0030323,,1292.0150786,1170.1693270
XCME.VY1.04AUG25.111:25.C,.5937500,.6406250,111.2500000,C,.6236468,,765.6818182,614.8010136
XCME.VY1.04AUG25.113.P,1.1406250,1.1718750,113,P,1.1506236,,1129.5015494,995.5001842
XCME.VY1.04AUG25.113.C,INVALID,.0156250,113,C,.0056861,,1000.9055352,877.1536903
XCME.VY1.04AUG25.112:25.P,.4218750,.4531250,112.2500000,P,.4458827,523.7853089,694.3003054,614.1129279
