Key,BID,ASK,STRIKE,ITYPE,ADJTHEOR,IVBID,IVASK,IVAVERAGE
XCME.ZN.SEP25,112.0312500,112.0468750,INVALID,F,,,,
XCME.WY1.06AUG25.111:75.C,.3906250,.4218750,111.7500000,C,.4120492,481.1455308,559.7225504,520.7960599
XCME.WY1.06AUG25.113.C,.0156250,.0312500,113,C,.0259689,546.5330348,643.9067030,599.2807157
XCME.WY1.06AUG25.110.P,INVALID,.0069999,110,P,.0040128,,876.1487129,794.7286679
XCME.WY1.06AUG25.110:75.P,INVALID,.0156250,110.7500000,P,.0084369,,689.1964788,606.3977420
XCME.WY1.06AUG25.112:25.P,.3593750,.3906250,112.2500000,P,.3664776,532.5572993,605.9999904,569.4071977
XCME.WY1.06AUG25.111:25.C,.7968750,.8281250,111.2500000,C,.8185389,517.0021712,659.3076130,594.2528630
