Key,BID,ASK,STRIKE,ITYPE,ADJTHEOR,IVBID,IVASK,IVAVERAGE
XCME.ZN.SEP25,110.8437500,110.8593750,INVALID,F,,,,
XCME.ZN1.01AUG25.111.C,.1562500,.1718750,111,C,.0539384,1299.7510868,1394.0270935,1346.9440165
XCME.ZN1.01AUG25.111:25.P,.4687500,.5000000,111.2500000,P,.4081906,1242.1618719,1472.9305313,1359.8430535
