Key,BID,ASK,STRIKE,ITYPE,ADJTHEOR,IVBID,IVASK,IVAVERAGE
XCME.ZN.SEP25,112.1718750,112.1875000,INVALID,F,,,,
XCME.VY1.04AUG25.110.C,2.1718750,2.1875000,110,C,2.1867221,,1540.3069756,1187.1203613
XCME.VY1.04AUG25.110:75.C,1.4218750,1.4375000,110.7500000,C,1.4366674,,1073.1650083,813.6012602
XCME.VY1.04AUG25.110.P,INVALID,.0069999,110,P,.0035346,,1649.1760729,1498.0351355
XCME.VY1.04AUG25.111:25.C,.9218750,.9531250,111.2500000,C,.9394187,,996.7538016,827.4156123
XCME.VY1.04AUG25.113.P,.8125000,.8437500,113,P,.8276644,,970.0596432,843.5171945
XCME.VY1.04AUG25.113.C,.0069999,.0156250,113,C,.0108519,718.7171367,848.5877688,790.5805490
XCME.VY1.04AUG25.112:25.P,.1718750,.2031250,112.2500000,P,.1843898,537.0724260,662.5566881,599.9175890
