Key,BID,ASK,STRIKE,ITYPE,ADJTHEOR,IVBID,IVASK,IVAVERAGE
XCME.ZN.SEP25,110.8125000,110.8281250,INVALID,F,,,,
XCME.VY1.04AUG25.111.P,.3437500,.3593750,111,P,.2934696,830.5056486,945.5995794,888.2226882
XCME.VY1.04AUG25.110:75.P,.2031250,.2343750,110.7500000,P,.1527978,869.4648487,979.8535407,924.6724595
XCME.VY1.04AUG25.112.P,1.1718750,1.2031250,112,P,1.1916208,,973.5105183,617.8887454
XCME.VY1.04AUG25.111:5.C,.0312500,.0468750,111.5000000,C,.0122069,800.4410648,905.5172368,855.0755184
XCME.VY1.04AUG25.112:25.C,INVALID,.0156250,112.2500000,C,.0001514,,1191.9710056,1052.7574745
XCME.VY1.04AUG25.110:5.P,.1093750,.1406250,110.5000000,P,.0631398,878.4083302,940.0111027,909.3301285
XCME.VY1.04AUG25.112:5.P,1.6718750,1.7031250,112.5000000,P,1.6910465,,1295.4205134,840.9957438
