Key,BID,ASK,STRIKE,ITYPE,ADJTHEOR,IVBID,IVASK,IVAVERAGE
XCME.ZN.SEP25,112.0781250,112.0937500,INVALID,F,,,,
XCME.GY1.05AUG25.111:5.C,.6093750,.6406250,111.5000000,C,.6199744,493.1256082,656.1815420,581.9387102
XCME.GY1.05AUG25.110.C,2.0781250,2.0937500,110,C,2.0927084,,1032.0260492,795.0646868
XCME.GY1.05AUG25.111:5.P,.0156250,.0312500,111.5000000,P,.0305364,463.5186755,559.3973284,515.0387974
XCME.GY1.05AUG25.110:25.C,1.8281250,1.8437500,110.2500000,C,1.8425780,,924.7555541,708.7951295
XCME.GY1.05AUG25.112:75.C,.0156250,.0468750,112.7500000,C,.0321491,506.5922506,688.0687864,607.4483572
XCME.GY1.05AUG25.112:5.C,.0625000,.0781250,112.5000000,C,.0667810,566.1093147,623.4054535,595.1525529
