Key,BID,ASK,STRIKE,ITYPE,ADJTHEOR,IVBID,IVASK,IVAVERAGE
XCME.ZN.SEP25,111.7343750,111.7500000,INVALID,F,,,,
XCME.VY1.04AUG25.112:25.P,.5625000,.5937500,112.2500000,P,.5668300,620.7676230,815.7822391,725.6912790
XCME.VY1.04AUG25.112.C,.0625000,.0937500,112,C,.0673790,526.5208915,666.5738442,598.4810743
XCME.VY1.04AUG25.112:75.C,INVALID,.0156250,112.7500000,C,.0060341,,924.1931528,808.6721384
XCME.VY1.04AUG25.110:25.C,1.4843750,1.5156250,110.2500000,C,1.4638051,1069.7678399,1479.9668344,1442.6670550
XCME.WY1.06AUG25.110.C,1.6875000,1.7187500,110,C,1.7139711,,772.1764514,901.3495501
XCME.WY1.06AUG25.113.P,1.2968750,1.3281250,113,P,1.3040008,590.2784576,835.0085396,737.7879624
