Key,BID,ASK,STRIKE,ITYPE,ADJTHEOR,IVBID,IVASK,IVAVERAGE
XCME.ZN.SEP25,110.8750000,110.8906250,INVALID,F,,,,
XCME.ZN1.01AUG25.110.P,INVALID,.0156250,110,P,.0000030,,1455.0494897,1264.4908281
XCME.ZN1.01AUG25.110:75.P,.1562500,.1718750,110.7500000,P,.0475849,1388.1214374,1489.3439026,1438.7895872
