Key,BID,ASK,STRIKE,ITYPE,ADJTHEOR,IVBID,IVASK,IVAVERAGE
XCME.ZN.SEP25,111.9843750,112,INVALID,F,,,,
XCME.VY1.04AUG25.112.C,.1718750,.1875000,112,C,.1692674,685.4777508,741.6895610,713.5871934
XCME.VY1.04AUG25.112:75.C,.0069999,.0156250,112.7500000,C,.0132884,634.7562418,750.2615681,698.6591848
XCME.VY1.04AUG25.110:25.C,1.7187500,1.7343750,110.2500000,C,1.7129037,1257.3471027,1521.0927086,1467.7860445
XCME.GY1.05AUG25.110.P,INVALID,.0069999,110,P,.0032057,,1016.1952321,921.1969534
XCME.GY1.05AUG25.110:5.C,1.4687500,1.5000000,110.5000000,C,1.4949888,715.0279798,1085.9229614,989.5994566
XCME.GY1.05AUG25.111.C,.9843750,1.0156250,111,C,1.0015138,685.7954882,882.8128578,794.7374680
XCME.GY1.05AUG25.112:25.C,.1093750,.1250000,112.2500000,C,.1352221,595.3881317,642.3206531,618.9614585
