Key,BID,ASK,STRIKE,ITYPE,ADJTHEOR,IVBID,IVASK,IVAVERAGE
XCME.ZN.SEP25,110.8906250,110.9062500,INVALID,F,,,,
XCME.ZN1.01AUG25.112:25.P,1.3281250,1.3593750,112.2500000,P,1.3480628,,1566.2481068,1454.9522115
XCME.ZN1.01AUG25.113.P,2.0781250,2.1093750,113,P,2.0980624,,,
