Key,BID,ASK,STRIKE,ITYPE,ADJTHEOR,IVBID,IVASK,IVAVERAGE
XCME.ZN.SEP25,111.9687500,111.9843750,INVALID,F,,,,
XCME.GY1.05AUG25.111:25.C,.7343750,.7656250,111.2500000,C,.7439568,493.8976926,693.9639053,608.0766135
XCME.GY1.05AUG25.111:75.C,.3281250,.3437500,111.7500000,C,.3368162,529.7148357,575.9362407,552.9165623
XCME.GY1.05AUG25.112:5.P,.5625000,.5937500,112.5000000,P,.5824329,527.4713187,660.4784956,597.3645590
XCME.GY1.05AUG25.113.P,1.0312500,1.0468750,113,P,1.0430580,552.7765332,846.2829638,734.9340068
XCME.GY1.05AUG25.112:75.P,.7812500,.8125000,112.7500000,P,.8065513,431.0392853,687.8688241,589.2654781
XCME.GY1.05AUG25.110:75.C,1.2187500,1.2500000,110.7500000,C,1.2282434,,750.4654984,695.8078587
