Key,BID,ASK,STRIKE,ITYPE,ADJTHEOR,IVBID,IVASK,IVAVERAGE
XCME.ZN.SEP25,112.0781250,112.0937500,INVALID,F,,,,
XCME.GY1.05AUG25.110:75.C,1.3437500,1.3750000,110.7500000,C,1.3613512,,932.3091840,789.0096789
XCME.GY1.05AUG25.112:25.P,.2968750,.3125000,112.2500000,P,.2951724,596.1256474,640.5477101,618.3631900
XCME.GY1.05AUG25.113.C,.0156250,.0312500,113,C,.0240632,636.1245121,753.1258796,699.5058051
XCME.GY1.05AUG25.111.P,.0069999,.0156250,111,P,.0098102,648.9126544,754.4348711,707.5335892
XCME.GY1.05AUG25.112.C,.2500000,.2656250,112,C,.2675196,530.6495136,574.5718868,552.6298330
XCME.GY1.05AUG25.111:25.P,.0156250,.0312500,111.2500000,P,.0185943,613.1005295,727.2685404,674.8291527
XCME.GY1.05AUG25.110:25.P,INVALID,.0069999,110.2500000,P,.0040296,,999.7989095,905.9826168
