Key,BID,ASK,STRIKE,ITYPE,ADJTHEOR,IVBID,IVASK,IVAVERAGE
XCME.ZN.SEP25,111.8750000,111.8906250,INVALID,F,,,,
XCME.VY1.04AUG25.111.C,.8750000,.9062500,111,C,.8797379,330.6264508,960.1695268,854.1026828
XCME.VY1.04AUG25.110:5.C,1.3750000,1.4062500,110.5000000,C,1.3752466,409.1354657,1346.3785030,1213.3933297
XCME.VY1.04AUG25.110.C,1.8750000,1.9062500,110,C,1.8750089,438.7341246,1711.2191946,1554.4621684
XCME.VY1.04AUG25.110:75.C,1.1250000,1.1562500,110.7500000,C,1.1262118,391.4083893,1156.6359523,1036.7069380
XCME.VY1.04AUG25.110.P,INVALID,.0069999,110,P,.0000089,,1303.9217675,1181.5966531
XCME.VY1.04AUG25.111:25.C,.6250000,.6562500,111.2500000,C,.6410214,213.4891949,753.1115165,661.7037382
