Key,BID,ASK,STRIKE,ITYPE,ADJTHEOR,IVBID,IVASK,IVAVERAGE
XCME.ZN.SEP25,112.1250000,112.1406250,INVALID,F,,,,
XCME.WY1.06AUG25.110:75.C,1.3906250,1.4062500,110.7500000,C,1.3989828,660.4942895,814.0590449,748.6204114
XCME.WY1.06AUG25.111:5.P,.0625000,.0781250,111.5000000,P,.0692908,612.2304875,665.8674352,639.5015890
XCME.WY1.06AUG25.111.C,1.1406250,1.1718750,111,C,1.1576476,560.2385098,790.8558216,697.4547879
XCME.GY1.05AUG25.110.P,INVALID,.0069999,110,P,.0039936,,1142.3646705,1037.6988444
XCME.GY1.05AUG25.110:5.C,1.6250000,1.6562500,110.5000000,C,1.6418082,,1097.8084255,935.4827795
XCME.GY1.05AUG25.111.C,1.1250000,1.1562500,111,C,1.1480690,,823.3503845,691.9583017
XCME.GY1.05AUG25.112:25.C,.1718750,.1875000,112.2500000,C,.1778644,625.0556993,669.4689534,647.2768808
