Key,BID,ASK,STRIKE,ITYPE,ADJTHEOR,IVBID,IVASK,IVAVERAGE
XCME.ZN.SEP25,112.0937500,112.1093750,INVALID,F,,,,
XCME.ZN1.01AUG25.112:5.C,INVALID,.0156250,112.5000000,C,.0201006,,857.2208999,720.5905628
XCME.ZN1.01AUG25.111:5.C,.5937500,.6250000,111.5000000,C,.6359910,,1046.2257865,919.5877272
XCME.ZN1.01AUG25.113.P,.8906250,.9218750,113,P,.8855349,1386.7476125,,1759.2341100
XCME.ZN1.01AUG25.112:25.P,.1718750,.2031250,112.2500000,P,.2139403,631.9881256,879.3221607,758.1518950
XCME.ZN1.01AUG25.111.C,1.0937500,1.1250000,111,C,1.1197019,,1697.0616081,1518.1974192
XCME.ZN1.01AUG25.112.C,.1406250,.1718750,112,C,.2163057,462.8601640,719.3065167,595.4929387
