Key,BID,ASK,STRIKE,ITYPE,ADJTHEOR,IVBID,IVASK,IVAVERAGE
XCME.ZN.SEP25,111.9218750,111.9375000,INVALID,F,,,,
XCME.WY1.06AUG25.112:75.P,.8437500,.8593750,112.7500000,P,.8617958,569.5326478,641.2840518,606.9211917
XCME.WY1.06AUG25.110:5.C,1.4218750,1.4531250,110.5000000,C,1.4456781,,756.5621401,600.8025147
XCME.WY1.06AUG25.112.P,.2656250,.2812500,112,P,.2723080,521.5039531,556.6576664,539.0838753
XCME.WY1.06AUG25.110:75.C,1.1718750,1.2031250,110.7500000,C,1.2037524,,649.4877376,510.8250650
XCME.WY1.06AUG25.111:5.P,.0625000,.0937500,111.5000000,P,.0881287,478.1447936,570.6072859,525.5122292
XCME.WY1.06AUG25.111.C,.9375000,.9687500,111,C,.9667228,267.3954734,635.6451827,539.1255079
