Key,BID,ASK,STRIKE,ITYPE,ADJTHEOR,IVBID,IVASK,IVAVERAGE
XCME.ZN.SEP25,110.8281250,110.8437500,INVALID,F,,,,
XCME.ZN1.01AUG25.111:5.C,.0156250,.0312500,111.5000000,C,.0002353,1216.5753732,1456.8678057,1346.0752319
XCME.ZN1.01AUG25.113.P,2.1562500,2.1875000,113,P,2.1875000,,1012.2059714,
XCME.ZN1.01AUG25.112:25.P,1.4218750,1.4375000,112.2500000,P,1.4374999,,848.9703304,
XCME.ZN1.01AUG25.111.C,.1250000,.1562500,111,C,.0349365,1319.2397219,1531.8997174,1426.0232582
XCME.ZN1.01AUG25.112.C,INVALID,.0069999,112,C,0,,1607.9524966,1443.9556712
XCME.WY1.06AUG25.110.C,.8593750,.8906250,110,C,,,,
XCME.WY1.06AUG25.113.P,2.1718750,2.2031250,113,P,,,,
