Key,BID,ASK,STRIKE,ITYPE,ADJTHEOR,IVBID,IVASK,IVAVERAGE
XCME.ZN.SEP25,112.0156250,112.0312500,INVALID,F,,,,
XCME.GY1.05AUG25.110:75.C,1.2656250,1.2968750,110.7500000,C,1.2778873,,913.8057547,793.0137119
XCME.GY1.05AUG25.112:25.P,.3281250,.3437500,112.2500000,P,.3363811,531.1757979,578.3882341,554.8816722
XCME.GY1.05AUG25.113.C,.0069999,.0156250,113,C,.0154909,582.6585641,680.6107211,636.9939890
XCME.GY1.05AUG25.111.P,.0069999,.0156250,111,P,.0073146,603.5282582,704.8683088,659.8267132
XCME.GY1.05AUG25.112.C,.2031250,.2187500,112,C,.2085583,522.9646698,565.7539864,544.3602608
XCME.GY1.05AUG25.111:25.P,.0069999,.0156250,111.2500000,P,.0151598,481.7086364,676.1047058,595.7481287
XCME.GY1.05AUG25.110:25.P,INVALID,.0069999,110.2500000,P,.0032183,,956.3524410,865.0879610
