Key,BID,ASK,STRIKE,ITYPE,ADJTHEOR,IVBID,IVASK,IVAVERAGE
XCME.ZN.SEP25,111.0468750,111.0625000,INVALID,F,,,,
XCME.ZN1.01AUG25.111.P,.2031250,.2187500,111,P,.1464870,849.9016259,910.2573461,880.0815026
XCME.ZN1.01AUG25.110:75.C,.4218750,.4375000,110.7500000,C,.3596958,979.1015663,1045.2934594,1012.3001040
