Key,BID,ASK,STRIKE,ITYPE,ADJTHEOR,IVBID,IVASK,IVAVERAGE
XCME.ZN.SEP25,111,111.0156250,INVALID,F,,,,
XCME.ZN1.01AUG25.112:5.C,INVALID,.0069999,112.5000000,C,.0000073,,1298.7605324,1171.0830148
XCME.ZN1.01AUG25.112.C,INVALID,.0156250,112,C,.0004170,,1081.6408575,944.2974554
