Key,BID,ASK,STRIKE,ITYPE,ADJTHEOR,IVBID,IVASK,IVAVERAGE
XCME.ZN.SEP25,112.0156250,112.0312500,INVALID,F,,,,
XCME.WY1.06AUG25.112:75.C,.0312500,.0468750,112.7500000,C,.0414070,528.3280268,596.9807957,564.0431547
XCME.WY1.06AUG25.112.C,.2343750,.2500000,112,C,.2432633,497.3781805,532.6391606,515.0093410
XCME.WY1.06AUG25.111.P,.0069999,.0156250,111,P,.0135357,498.7375530,582.3889313,545.2036308
XCME.WY1.06AUG25.112:25.C,.1406250,.1562500,112.2500000,C,.1397017,530.9620841,568.6112754,549.8297352
XCME.WY1.06AUG25.112:5.C,.0625000,.0937500,112.5000000,C,.0761581,504.7303632,599.6635160,553.4102994
XCME.WY1.06AUG25.111:25.P,.0156250,.0312500,111.2500000,P,.0266180,469.8947094,558.9720096,517.9953663
