Key,BID,ASK,STRIKE,ITYPE,ADJTHEOR,IVBID,IVASK,IVAVERAGE
XCME.ZN.SEP25,110.8750000,110.8906250,INVALID,F,,,,
XCME.ZN1.01AUG25.110.C,.8750000,.8906250,110,C,.8671852,1147.0293795,1452.6052690,1320.8949371
