Key,BID,ASK,STRIKE,ITYPE,ADJTHEOR,IVBID,IVASK,IVAVERAGE
XCME.ZN.SEP25,111.8906250,111.9062500,INVALID,F,,,,
XCME.VY1.04AUG25.112:75.P,.8281250,.8593750,112.7500000,P,.8560709,,778.4840933,728.8964425
XCME.VY1.04AUG25.111:25.P,.0069999,.0156250,111.2500000,P,.0144023,548.2442139,651.6606168,605.2442086
XCME.VY1.04AUG25.111:5.P,.0312500,.0468750,111.5000000,P,.0405036,562.1883795,650.1754422,607.6137773
XCME.VY1.04AUG25.112:5.C,.0156250,.0312500,112.5000000,C,.0245171,606.5778708,731.4368892,673.6513975
XCME.VY1.04AUG25.110:25.P,INVALID,.0069999,110.2500000,P,.0027936,,1179.0864887,1065.9330899
XCME.VY1.04AUG25.111.P,INVALID,.0069999,111,P,.0056303,,715.7502736,639.6461343
XCME.VY1.04AUG25.110:75.P,INVALID,.0069999,110.7500000,P,.0031419,,873.6256766,784.5341655
