Key,BID,ASK,STRIKE,ITYPE,ADJTHEOR,IVBID,IVASK,IVAVERAGE
XCME.ZN.SEP25,110.8593750,110.8750000,INVALID,F,,,,
XCME.ZN1.01AUG25.110.P,.0069999,.0156250,110,P,0,1139.4885651,1339.3744952,1250.1181200
XCME.ZN1.01AUG25.110:75.P,.1562500,.1875000,110.7500000,P,.0661456,1218.3387629,1409.1474095,1313.8620061
