Key,BID,ASK,STRIKE,ITYPE,ADJTHEOR,IVBID,IVASK,IVAVERAGE
XCME.ZN.SEP25,110.9375000,110.9531250,INVALID,F,,,,
XCME.ZN1.01AUG25.111.C,.2031250,.2187500,111,C,.1070740,1142.1731781,1220.2882767,1181.2362260
XCME.ZN1.01AUG25.111:25.P,.4062500,.4375000,111.2500000,P,.3364703,1101.9022704,1191.3276149,1146.8607116
