Key,BID,ASK,STRIKE,ITYPE,ADJTHEOR,IVBID,IVASK,IVAVERAGE
XCME.ZN.SEP25,110.9375000,110.9531250,INVALID,F,,,,
XCME.ZN1.01AUG25.112:25.P,1.2968750,1.3281250,112.2500000,P,1.3046877,,1911.9816077,1660.5088826
XCME.ZN1.01AUG25.113.P,2.0312500,2.0625000,113,P,2.0546874,,,
