Key,BID,ASK,STRIKE,ITYPE,ADJTHEOR,IVBID,IVASK,IVAVERAGE
XCME.ZN.SEP25,111.9218750,111.9375000,INVALID,F,,,,
XCME.VY1.04AUG25.113.P,1.0625000,1.0937500,113,P,1.0716914,,1065.0665439,1020.5283270
XCME.VY1.04AUG25.113.C,INVALID,.0069999,113,C,.0048789,,842.8272399,754.8833054
XCME.VY1.04AUG25.112:25.P,.3593750,.3750000,112.2500000,P,.3617886,536.0100860,616.2234055,577.0498520
XCME.VY1.04AUG25.112.C,.1093750,.1250000,112,C,.1159520,521.9926250,580.4231592,551.2362590
XCME.VY1.04AUG25.112:75.C,INVALID,.0156250,112.7500000,C,.0085630,,792.2475730,685.0013665
XCME.VY1.04AUG25.110:25.C,1.6718750,1.7031250,110.2500000,C,1.6861163,,1536.1325079,1268.7950911
