Key,BID,ASK,STRIKE,ITYPE,ADJTHEOR,IVBID,IVASK,IVAVERAGE
XCME.ZN.SEP25,110.9531250,110.9687500,INVALID,F,,,,
XCME.ZN1.01AUG25.113.C,INVALID,.0069999,113,C,0,,,
XCME.ZN1.01AUG25.111:5.C,.0312500,.0625000,111.5000000,C,.0036957,1062.8716060,1349.7323377,1214.6314577
