Key,BID,ASK,STRIKE,ITYPE,ADJTHEOR,IVBID,IVASK,IVAVERAGE
XCME.ZN.SEP25,112.1250000,112.1406250,INVALID,F,,,,
XCME.WY1.06AUG25.110:75.C,1.3750000,1.4062500,110.7500000,C,1.3816565,650.7016946,904.2188462,830.4047810
XCME.WY1.06AUG25.111:5.P,.0625000,.0781250,111.5000000,P,.0703857,599.2260836,652.1608747,626.1460741
XCME.WY1.06AUG25.111.C,1.1250000,1.1562500,111,C,1.1399394,550.8207189,778.4832535,711.5115980
XCME.VY1.04AUG25.111:75.P,.0312500,.0468750,111.7500000,P,.0454413,570.0536523,662.3709565,617.6907635
XCME.VY1.04AUG25.111:75.C,.4062500,.4375000,111.7500000,C,.4161287,596.7861753,767.8439144,686.0733650
XCME.VY1.04AUG25.112:75.P,.6406250,.6718750,112.7500000,P,.6510911,632.9252536,901.5740486,785.5866434
XCME.VY1.04AUG25.111:25.P,.0069999,.0156250,111.2500000,P,.0100392,737.8812004,868.4950346,810.2175695
