Key,BID,ASK,STRIKE,ITYPE,ADJTHEOR,IVBID,IVASK,IVAVERAGE
XCME.ZN.SEP25,112.1562500,112.1718750,INVALID,F,,,,
XCME.VY1.04AUG25.111.C,1.1406250,1.1718750,111,C,1.1714124,,897.6571291,678.0064476
XCME.VY1.04AUG25.110:5.C,1.6406250,1.6718750,110.5000000,C,1.6708244,,1214.9177697,927.9534143
XCME.VY1.04AUG25.110.C,2.1406250,2.1718750,110,C,2.1711644,,1522.5698094,1173.4230030
XCME.VY1.04AUG25.110:75.C,1.3906250,1.4218750,110.7500000,C,1.4208631,,1057.8499709,802.8636889
XCME.VY1.04AUG25.110.P,INVALID,.0069999,110,P,.0036019,,1630.3460006,1480.9093094
XCME.VY1.04AUG25.111:25.C,.8906250,.9218750,111.2500000,C,.9236822,,724.1407300,531.0331701
XCME.VY1.04AUG25.113.P,.8437500,.8593750,113,P,.8432495,798.3792721,978.6957223,898.0665314
