Key,BID,ASK,STRIKE,ITYPE,ADJTHEOR,IVBID,IVASK,IVAVERAGE
XCME.ZN.SEP25,112.0312500,112.0468750,INVALID,F,,,,
XCME.GY1.05AUG25.112:25.P,.3281250,.3593750,112.2500000,P,.3375972,559.0005293,648.8243596,604.1396124
XCME.GY1.05AUG25.113.C,.0156250,.0312500,113,C,.0207941,657.4949026,774.7142458,720.9516027
XCME.GY1.05AUG25.111.P,INVALID,.0156250,111,P,.0075539,,702.3559448,613.7629648
XCME.GY1.05AUG25.112.C,.2187500,.2500000,112,C,.2326912,528.2933914,612.4786620,570.3960159
XCME.GY1.05AUG25.111:25.P,.0069999,.0312500,111.2500000,P,.0162395,481.7954455,675.0326181,595.2330405
XCME.GY1.05AUG25.110:25.P,INVALID,.0069999,110.2500000,P,.0031854,,947.6057341,857.5029895
