Key,BID,ASK,STRIKE,ITYPE,ADJTHEOR,IVBID,IVASK,IVAVERAGE
XCME.ZN.SEP25,111.8906250,111.9062500,INVALID,F,,,,
XCME.WY1.06AUG25.111:25.P,.0312500,.0468750,111.2500000,P,.0399113,503.7056903,569.8233867,538.0796514
XCME.WY1.06AUG25.111:75.C,.3281250,.3593750,111.7500000,C,.3563862,486.0125715,522.5979277,504.3424720
XCME.WY1.06AUG25.113.C,.0156250,.0312500,113,C,.0223457,586.6525310,688.2348039,641.7448241
XCME.WY1.06AUG25.110.P,INVALID,.0069999,110,P,.0052367,,835.9093057,757.9657319
XCME.WY1.06AUG25.110:75.P,.0069999,.0156250,110.7500000,P,.0097433,555.1572982,644.0481633,604.6362369
XCME.WY1.06AUG25.112:25.P,.4531250,.4843750,112.2500000,P,.4427585,600.1086546,675.9428519,638.2325078
XCME.WY1.06AUG25.111:25.C,.6875000,.7031250,111.2500000,C,.7309113,,397.1390971,324.9070454
