Key,BID,ASK,STRIKE,ITYPE,ADJTHEOR,IVBID,IVASK,IVAVERAGE
XCME.ZN.SEP25,112.0781250,112.0937500,INVALID,F,,,,
XCME.WY1.06AUG25.111:75.C,.4218750,.4531250,111.7500000,C,.4346464,487.4548005,570.4482022,529.4774171
XCME.WY1.06AUG25.113.C,.0156250,.0312500,113,C,.0256614,533.2406339,630.2916636,585.7948198
XCME.WY1.06AUG25.110.P,INVALID,.0069999,110,P,.0040119,,905.2994344,822.0833666
XCME.WY1.06AUG25.110:75.P,INVALID,.0156250,110.7500000,P,.0074181,,718.6737808,633.3290574
XCME.WY1.06AUG25.112:25.P,.3125000,.3281250,112.2500000,P,.3285857,493.5957447,567.0967146,530.4498720
XCME.WY1.06AUG25.111:25.C,.8437500,.8750000,111.2500000,C,.8566241,460.2152024,639.8973013,563.2013918
