Key,BID,ASK,STRIKE,ITYPE,ADJTHEOR,IVBID,IVASK,IVAVERAGE
XCME.ZN.SEP25,110.9531250,110.9687500,INVALID,F,,,,
XCME.ZN1.01AUG25.111:25.C,.1093750,.1250000,111.2500000,C,.0500803,963.9618640,1039.5790244,1001.9456208
