Key,BID,ASK,STRIKE,ITYPE,ADJTHEOR,IVBID,IVASK,IVAVERAGE
XCME.ZN.SEP25,112.1406250,112.1562500,INVALID,F,,,,
XCME.ZN1.01AUG25.111:5.C,.6250000,.6562500,111.5000000,C,.6484830,,1532.0502058,1347.9930907
XCME.ZN1.01AUG25.113.P,.8593750,.8750000,113,P,.8515729,1891.5635972,,
XCME.ZN1.01AUG25.112:25.P,.1250000,.1406250,112.2500000,P,.1199353,603.9819715,785.8236153,696.8688422
XCME.ZN1.01AUG25.111.C,1.1250000,1.1562500,111,C,1.1484333,,,
XCME.ZN1.01AUG25.112.C,.1250000,.1562500,112,C,.1587985,,504.4225022,418.3461508
XCME.GY1.05AUG25.110.P,INVALID,.0069999,110,P,.0040166,,1141.3816457,1036.6998379
XCME.GY1.05AUG25.110:5.C,1.6250000,1.6562500,110.5000000,C,1.6540844,,928.2312551,837.1943175
