Key,BID,ASK,STRIKE,ITYPE,ADJTHEOR,IVBID,IVASK,IVAVERAGE
XCME.ZN.SEP25,110.9375000,110.9531250,INVALID,F,,,,
XCME.ZN1.01AUG25.110:25.P,.0156250,.0312500,110.2500000,P,.0013823,956.8355379,1145.1476106,1058.3525476
XCME.ZN1.01AUG25.110:5.P,.0625000,.0781250,110.5000000,P,.0115908,1085.9762654,1192.4640667,1139.9924693
