Key,BID,ASK,STRIKE,ITYPE,ADJTHEOR,IVBID,IVASK,IVAVERAGE
XCME.ZN.SEP25,112.0312500,112.0468750,INVALID,F,,,,
XCME.GY1.05AUG25.112:5.C,.0625000,.0781250,112.5000000,C,.0658080,591.9439968,649.5380415,621.1654395
XCME.GY1.05AUG25.110:5.P,INVALID,.0069999,110.5000000,P,.0040729,,833.0640524,751.4268205
XCME.GY1.05AUG25.110:75.P,INVALID,.0069999,110.7500000,P,.0054198,,718.1600050,644.9614211
XCME.GY1.05AUG25.111:75.P,.0781250,.1093750,111.7500000,P,.0924004,506.4015251,604.4968753,556.1266128
XCME.GY1.05AUG25.112.P,.1875000,.2031250,112,P,.1886029,512.2720422,596.4281132,554.3592331
XCME.ZN1.01AUG25.112:75.C,INVALID,.0069999,112.7500000,C,.0006107,,1187.6969433,1051.3257223
XCME.ZN1.01AUG25.110:25.C,1.7656250,1.7968750,110.2500000,C,,,,
