Key,BID,ASK,STRIKE,ITYPE,ADJTHEOR,IVBID,IVASK,IVAVERAGE
XCME.ZN.SEP25,111.9375000,111.9531250,INVALID,F,,,,
XCME.ZN1.01AUG25.113.P,1.0468750,1.0625000,113,P,1.0583823,,,1732.2646494
XCME.ZN1.01AUG25.112:25.P,.2968750,.3281250,112.2500000,P,.3157202,,836.9625500,652.8468635
XCME.ZN1.01AUG25.111.C,.9375000,.9531250,111,C,.9419058,,1673.3734240,1545.0372910
XCME.ZN1.01AUG25.112.C,.0468750,.0625000,112,C,.0543302,535.0402734,655.6944360,595.6252212
XCME.VY1.04AUG25.111:75.P,.0625000,.0781250,111.7500000,P,.0751513,507.2708957,572.9715800,540.4015675
XCME.VY1.04AUG25.111:75.C,.2500000,.2812500,111.7500000,C,.2704638,473.4404650,605.0921700,540.4026773
