Key,BID,ASK,STRIKE,ITYPE,ADJTHEOR,IVBID,IVASK,IVAVERAGE
XCME.ZN.SEP25,112.1250000,112.1406250,INVALID,F,,,,
XCME.GY1.05AUG25.111:5.C,.6562500,.6875000,111.5000000,C,.6740001,551.2084113,714.9926603,639.6708880
XCME.GY1.05AUG25.110.C,2.1250000,2.1562500,110,C,2.1372487,,1405.8635591,1240.6495848
XCME.GY1.05AUG25.111:5.P,.0312500,.0468750,111.5000000,P,.0411881,597.7447549,678.4726500,639.6705147
XCME.GY1.05AUG25.110:25.C,1.8750000,1.9062500,110.2500000,C,1.8879204,,1272.1893588,1118.6327681
XCME.GY1.05AUG25.112:75.C,.0468750,.0625000,112.7500000,C,.0474834,667.8348489,738.4927235,704.0223738
XCME.GY1.05AUG25.112:5.C,.0781250,.1093750,112.5000000,C,.0884905,596.6136133,703.3246128,650.8424437
XCME.GY1.05AUG25.110:5.P,INVALID,.0156250,110.5000000,P,.0062961,,1048.2696815,928.9005773
