Key,BID,ASK,STRIKE,ITYPE,ADJTHEOR,IVBID,IVASK,IVAVERAGE
XCME.ZN.SEP25,112.1250000,112.1406250,INVALID,F,,,,
XCME.VY1.04AUG25.112.C,.2187500,.2500000,112,C,.2336107,557.7948898,684.3630270,621.4124990
XCME.VY1.04AUG25.112:75.C,.0156250,.0312500,112.7500000,C,.0228434,674.7485890,811.8760574,748.4862642
XCME.VY1.04AUG25.110:25.C,1.8750000,1.9062500,110.2500000,C,1.8826898,,1526.9283955,1425.9662932
XCME.WY1.06AUG25.110.C,2.1250000,2.1562500,110,C,2.1359159,,1171.9631831,1052.2920357
XCME.WY1.06AUG25.113.P,.8906250,.9218750,113,P,.9151364,542.9296173,702.1995172,630.5981302
XCME.WY1.06AUG25.112:75.C,.0625000,.0781250,112.7500000,C,.0742445,601.8148452,654.8048285,628.7503275
XCME.WY1.06AUG25.112.C,.3281250,.3437500,112,C,.3377367,586.6703139,622.8270127,604.7588437
