Key,BID,ASK,STRIKE,ITYPE,ADJTHEOR,IVBID,IVASK,IVAVERAGE
XCME.ZN.SEP25,111.0781250,111.0937500,INVALID,F,,,,
XCME.ZN1.01AUG25.110.P,INVALID,.0156250,110,P,.0003948,,1032.4640400,903.5883254
XCME.ZN1.01AUG25.110:75.P,.0937500,.1093750,110.7500000,P,.0475101,852.9722293,923.5439104,888.4930701
