Key,BID,ASK,STRIKE,ITYPE,ADJTHEOR,IVBID,IVASK,IVAVERAGE
XCME.ZN.SEP25,111.9843750,112,INVALID,F,,,,
XCME.VY1.04AUG25.111.P,INVALID,.0069999,111,P,.0041568,,796.4663247,711.3271505
XCME.VY1.04AUG25.110:75.P,INVALID,.0069999,110.7500000,P,.0030184,,959.2870354,861.3162757
XCME.VY1.04AUG25.112.P,.1406250,.1562500,112,P,.1505902,511.1421887,626.5143031,568.8286153
XCME.VY1.04AUG25.111:5.C,.5000000,.5156250,111.5000000,C,.5160924,,583.0864256,469.5805037
XCME.VY1.04AUG25.112:25.C,.0468750,.0625000,112.2500000,C,.0585338,511.0511238,583.9999652,548.0952996
XCME.VY1.04AUG25.110:5.P,INVALID,.0069999,110.5000000,P,.0028419,,1118.1120806,1008.0644257
XCME.VY1.04AUG25.112:5.P,.5156250,.5468750,112.5000000,P,.5264723,511.2936992,746.0366493,643.7344315
