Key,BID,ASK,STRIKE,ITYPE,ADJTHEOR,IVBID,IVASK,IVAVERAGE
XCME.ZN.SEP25,110.9062500,110.9218750,INVALID,F,,,,
XCME.ZN1.01AUG25.110:25.P,.0156250,.0468750,110.2500000,P,.0056380,771.2262775,1046.3963808,924.2153494
XCME.ZN1.01AUG25.110:5.P,.0625000,.0937500,110.5000000,P,.0271119,866.2192804,1035.6311621,952.9564630
