Key,BID,ASK,STRIKE,ITYPE,ADJTHEOR,IVBID,IVASK,IVAVERAGE
XCME.ZN.SEP25,111.0156250,111.0312500,INVALID,F,,,,
XCME.ZN1.01AUG25.111:5.P,.5312500,.5625000,111.5000000,P,.4884653,896.2735624,1050.3520106,974.8784771
