Key,BID,ASK,STRIKE,ITYPE,ADJTHEOR,IVBID,IVASK,IVAVERAGE
XCME.ZN.SEP25,111.9062500,111.9218750,INVALID,F,,,,
XCME.VY1.04AUG25.112:75.P,.8281250,.8593750,112.7500000,P,.8373500,,833.2501366,687.7618713
XCME.VY1.04AUG25.111:25.P,.0069999,.0156250,111.2500000,P,.0127793,553.9334730,658.4126694,611.5855189
XCME.VY1.04AUG25.111:5.P,.0312500,.0468750,111.5000000,P,.0365419,569.3992399,658.1611050,615.2518957
XCME.VY1.04AUG25.112:5.C,.0156250,.0312500,112.5000000,C,.0275514,604.8231997,729.7829413,671.9226701
XCME.VY1.04AUG25.110:25.P,INVALID,.0069999,110.2500000,P,.0027950,,1187.1471624,1073.4665284
XCME.VY1.04AUG25.111.P,INVALID,.0069999,111,P,.0050613,,721.9227049,645.2978516
