Key,BID,ASK,STRIKE,ITYPE,ADJTHEOR,IVBID,IVASK,IVAVERAGE
XCME.ZN.SEP25,110.9687500,110.9843750,INVALID,F,,,,
XCME.ZN1.01AUG25.111.P,.2343750,.2656250,111,P,.1790121,876.6958781,998.9255857,937.8129277
XCME.ZN1.01AUG25.110:75.C,.3593750,.3906250,110.7500000,C,.3063744,883.2829873,1014.5448011,949.2403353
