Key,BID,ASK,STRIKE,ITYPE,ADJTHEOR,IVBID,IVASK,IVAVERAGE
XCME.ZN.SEP25,112.1562500,112.1718750,INVALID,F,,,,
XCME.WY1.06AUG25.113.C,.0312500,.0468750,113,C,.0427826,595.6966955,670.0543262,634.4490883
XCME.WY1.06AUG25.110.P,INVALID,.0156250,110,P,.0059592,,1081.3378375,965.3233227
XCME.WY1.06AUG25.110:75.P,.0069999,.0156250,110.7500000,P,.0125145,663.0947764,764.9024290,719.8633934
XCME.WY1.06AUG25.112:25.P,.2812500,.3125000,112.2500000,P,.2969453,540.5771627,612.8918060,576.7556199
XCME.WY1.06AUG25.111:25.C,.9218750,.9531250,111.2500000,C,.9457711,467.0754376,676.6779421,591.2340735
XCME.WY1.06AUG25.110:5.P,.0069999,.0156250,110.5000000,P,.0090963,760.0929814,872.4252389,822.8694385
XCME.WY1.06AUG25.110:25.C,1.9062500,1.9375000,110.2500000,C,1.9211983,,1056.4998885,929.4727314
