Key,BID,ASK,STRIKE,ITYPE,ADJTHEOR,IVBID,IVASK,IVAVERAGE
XCME.ZN.SEP25,112.1718750,112.1875000,INVALID,F,,,,
XCME.WY1.06AUG25.113.C,.0312500,.0468750,113,C,.0464408,587.4122507,661.1753021,625.8493841
XCME.WY1.06AUG25.110.P,INVALID,.0156250,110,P,.0055403,,1087.6181248,971.1634875
XCME.WY1.06AUG25.110:75.P,.0069999,.0156250,110.7500000,P,.0106724,669.0005906,771.5559932,726.2034271
XCME.WY1.06AUG25.112:25.P,.2812500,.3125000,112.2500000,P,.2883268,560.5059486,632.5689009,596.5501748
XCME.WY1.06AUG25.111:25.C,.9375000,.9531250,111.2500000,C,.9572206,473.8317264,599.1425388,545.3110165
XCME.WY1.06AUG25.110:5.P,.0069999,.0156250,110.5000000,P,.0079287,765.8446395,878.9460214,829.0867017
XCME.WY1.06AUG25.110:25.C,1.9062500,1.9375000,110.2500000,C,1.9361093,,876.0767816,792.2146338
