Key,BID,ASK,STRIKE,ITYPE,ADJTHEOR,IVBID,IVASK,IVAVERAGE
XCME.ZN.SEP25,112.2031250,112.2187500,INVALID,F,,,,
XCME.WY1.06AUG25.112:5.P,.4062500,.4375000,112.5000000,P,.4232066,542.3009758,621.5771669,582.2122616
XCME.WY1.06AUG25.111:5.C,.7500000,.7812500,111.5000000,C,.7594343,555.3571311,681.1269416,621.8303948
XCME.WY1.06AUG25.110:25.P,INVALID,.0156250,110.2500000,P,.0063650,,998.3843227,889.1100709
XCME.WY1.06AUG25.111:75.P,.0781250,.0937500,111.7500000,P,.0847498,556.9231756,603.7613565,580.5944328
XCME.WY1.06AUG25.112:75.P,.6093750,.6250000,112.7500000,P,.6153124,590.4802689,639.7117764,615.4040845
XCME.WY1.06AUG25.110:5.C,1.7031250,1.7343750,110.5000000,C,1.7221720,,936.4371896,799.1092371
XCME.WY1.06AUG25.112.P,.1406250,.1718750,112,P,.1555662,532.4644723,608.4921018,570.6285944
