Key,BID,ASK,STRIKE,ITYPE,ADJTHEOR,IVBID,IVASK,IVAVERAGE
XCME.ZN.SEP25,112.0312500,112.0468750,INVALID,F,,,,
XCME.GY1.05AUG25.111:25.P,.0069999,.0156250,111.2500000,P,.0154580,489.0483965,576.5532742,537.4593315
XCME.GY1.05AUG25.110:25.P,INVALID,.0069999,110.2500000,P,.0032830,,963.6980304,871.9798190
XCME.GY1.05AUG25.111:5.C,.5625000,.5937500,111.5000000,C,.5758117,480.0544871,630.8449784,561.1859903
XCME.GY1.05AUG25.110.C,2.0312500,2.0468750,110,C,2.0423634,,1325.8613750,1168.7312149
XCME.GY1.05AUG25.111:5.P,.0312500,.0468750,111.5000000,P,.0367490,522.6350475,597.0082942,561.1852798
XCME.GY1.05AUG25.110:25.C,1.7812500,1.7968750,110.2500000,C,1.7923455,,1194.2316911,1048.5259368
XCME.GY1.05AUG25.112:75.C,.0156250,.0312500,112.7500000,C,.0287336,530.5147313,634.3749731,586.4943264
