Key,BID,ASK,STRIKE,ITYPE,ADJTHEOR,IVBID,IVASK,IVAVERAGE
XCME.ZN.SEP25,110.9687500,110.9843750,INVALID,F,,,,
XCME.ZN1.01AUG25.111.P,.2343750,.2656250,111,P,.1745312,862.5422043,984.8314255,923.6910067
XCME.ZN1.01AUG25.110:75.C,.3593750,.3750000,110.7500000,C,.3123247,902.6334785,968.0969493,935.4452332
