Key,BID,ASK,STRIKE,ITYPE,ADJTHEOR,IVBID,IVASK,IVAVERAGE
XCME.ZN.SEP25,112.0468750,112.0625000,INVALID,F,,,,
XCME.VY1.04AUG25.112.P,.0937500,.1250000,112,P,.1151397,445.0937520,564.8077698,505.0349466
XCME.VY1.04AUG25.111:5.C,.5468750,.5781250,111.5000000,C,.5647066,,702.7711088,602.4631822
XCME.VY1.04AUG25.112:25.C,.0625000,.0781250,112.2500000,C,.0650640,530.0666366,598.2505878,564.4516749
XCME.VY1.04AUG25.110:5.P,INVALID,.0069999,110.5000000,P,.0028389,,1182.7961707,1067.1312870
XCME.VY1.04AUG25.112:5.P,.4531250,.4843750,112.5000000,P,.4722699,389.8572118,666.2189517,556.5188014
XCME.VY1.04AUG25.111.C,1.0468750,1.0781250,111,C,1.0544921,,934.1430131,863.8898125
XCME.VY1.04AUG25.110:5.C,1.5468750,1.5781250,110.5000000,C,1.5540264,,1282.0220428,1193.6182343
