Key,BID,ASK,STRIKE,ITYPE,ADJTHEOR,IVBID,IVASK,IVAVERAGE
XCME.ZN.SEP25,111.9531250,111.9687500,INVALID,F,,,,
XCME.ZN1.01AUG25.112:5.C,INVALID,.0069999,112.5000000,C,.0004833,,1042.5079278,916.1872015
XCME.ZN1.01AUG25.111:5.C,.4375000,.4531250,111.5000000,C,.4414054,,1237.6503793,1055.0689016
XCME.ZN1.01AUG25.113.P,1.0468750,1.0625000,113,P,1.0590041,,1573.8542087,
XCME.ZN1.01AUG25.112:25.P,.2968750,.3281250,112.2500000,P,.3133115,,564.8205444,
XCME.ZN1.01AUG25.111.C,.9375000,.9531250,111,C,.9409750,,,1873.5338826
XCME.ZN1.01AUG25.112.C,.0312500,.0468750,112,C,.0427571,430.9911640,560.0806581,496.1110481
