Key,BID,ASK,STRIKE,ITYPE,ADJTHEOR,IVBID,IVASK,IVAVERAGE
XCME.ZN.SEP25,112.1093750,112.1250000,INVALID,F,,,,
XCME.ZN1.01AUG25.111:5.C,.6093750,.6250000,111.5000000,C,.6207643,,1278.2375038,924.2856966
XCME.ZN1.01AUG25.113.P,.8750000,.8906250,113,P,.8793352,,,1860.2141169
XCME.ZN1.01AUG25.112:25.P,.1406250,.1562500,112.2500000,P,.1442513,498.4805341,707.3442422,609.0056986
XCME.ZN1.01AUG25.111.C,1.1093750,1.1250000,111,C,1.1206826,,,1585.9252206
XCME.ZN1.01AUG25.112.C,.1250000,.1406250,112,C,.1370135,354.3297487,595.8128831,489.4463974
XCME.GY1.05AUG25.110.P,INVALID,.0069999,110,P,.0040637,,1124.3748860,1021.2170848
XCME.GY1.05AUG25.110:5.C,1.6093750,1.6406250,110.5000000,C,1.6231139,,1114.9937749,975.8795054
