Key,BID,ASK,STRIKE,ITYPE,ADJTHEOR,IVBID,IVASK,IVAVERAGE
XCME.ZN.SEP25,112.0781250,112.0937500,INVALID,F,,,,
XCME.WY1.06AUG25.110.C,2.0781250,2.1093750,110,C,2.0802585,819.4319827,1204.3041383,1106.3783775
XCME.WY1.06AUG25.113.P,.9218750,.9531250,113,P,.9481114,,614.9718179,508.6077417
XCME.WY1.06AUG25.112:75.C,.0312500,.0625000,112.7500000,C,.0425357,506.6354861,632.2202471,573.4003057
XCME.WY1.06AUG25.112.C,.2656250,.2812500,112,C,.2674664,511.1685761,546.7399404,528.9591120
XCME.WY1.06AUG25.111.P,.0069999,.0156250,111,P,.0122152,520.4963499,605.8417112,567.9005561
XCME.WY1.06AUG25.112:25.C,.1562500,.1718750,112.2500000,C,.1543546,527.3503078,564.1516201,545.7771507
XCME.WY1.06AUG25.112:5.C,.0781250,.0937500,112.5000000,C,.0827952,522.0172333,567.2365109,544.8605044
