Key,BID,ASK,STRIKE,ITYPE,ADJTHEOR,IVBID,IVASK,IVAVERAGE
XCME.ZN.SEP25,111.6875000,111.7031250,INVALID,F,,,,
XCME.WY1.06AUG25.110:5.P,.0069999,.0156250,110.5000000,P,.0085689,547.7932418,635.5047054,596.5957515
XCME.WY1.06AUG25.110:25.C,1.3906250,1.4218750,110.2500000,C,1.4343934,,,604.7000423
XCME.WY1.06AUG25.112:5.P,.8437500,.8750000,112.5000000,P,.8548846,518.9400721,664.3838716,598.2131586
XCME.WY1.06AUG25.111:5.C,.3281250,.3593750,111.5000000,C,.3328023,501.3481054,573.1657035,537.3596020
XCME.WY1.06AUG25.110:25.P,INVALID,.0069999,110.2500000,P,.0055184,,642.7587011,579.3266052
XCME.WY1.06AUG25.111:75.P,.2656250,.2812500,111.7500000,P,.2739225,502.7345550,537.3913377,520.0671238
