Key,BID,ASK,STRIKE,ITYPE,ADJTHEOR,IVBID,IVASK,IVAVERAGE
XCME.ZN.SEP25,110.9687500,110.9843750,INVALID,F,,,,
XCME.ZN1.01AUG25.111.P,.2343750,.2656250,111,P,.1816471,929.3137976,990.8263932,960.0710531
XCME.ZN1.01AUG25.110:75.C,.3437500,.3750000,110.7500000,C,.3005573,908.1278061,973.9898194,941.1399788
