Key,BID,ASK,STRIKE,ITYPE,ADJTHEOR,IVBID,IVASK,IVAVERAGE
XCME.ZN.SEP25,111.9687500,111.9843750,INVALID,F,,,,
XCME.VY1.04AUG25.112.P,.1718750,.1875000,112,P,.1858663,567.9320052,624.3613512,596.1497028
XCME.VY1.04AUG25.111:5.C,.4843750,.5156250,111.5000000,C,.5035010,482.9563807,702.5134866,605.9097792
XCME.VY1.04AUG25.112:25.C,.0625000,.0781250,112.2500000,C,.0708978,596.8533052,665.6571247,631.6298609
XCME.VY1.04AUG25.110:5.P,INVALID,.0069999,110.5000000,P,.0028561,,1077.2669453,970.9999937
XCME.VY1.04AUG25.112:5.P,.5468750,.5625000,112.5000000,P,.5570472,588.8041441,701.5292381,648.5416693
XCME.VY1.04AUG25.111.C,.9687500,1,111,C,.9774866,,1019.3771766,896.9535081
XCME.VY1.04AUG25.110:5.C,1.4687500,1.5000000,110.5000000,C,1.4751061,,1399.3392357,1247.5266331
