Key,BID,ASK,STRIKE,ITYPE,ADJTHEOR,IVBID,IVASK,IVAVERAGE
XCME.ZN.SEP25,112.1093750,112.1250000,INVALID,F,,,,
XCME.WY1.06AUG25.111.P,.0156250,.0312500,111,P,.0249791,628.2904186,735.1896110,686.3198213
XCME.WY1.06AUG25.112:25.C,.2031250,.2187500,112.2500000,C,.2124790,600.0720889,636.2354804,618.1637844
XCME.WY1.06AUG25.112:5.C,.1093750,.1406250,112.5000000,C,.1278031,582.8184259,665.6778571,624.6734156
XCME.WY1.06AUG25.111:25.P,.0312500,.0468750,111.2500000,P,.0428917,606.4439775,681.0976643,645.3681933
XCME.WY1.06AUG25.111:75.C,.4843750,.5156250,111.7500000,C,.4971630,591.5033813,673.0987236,632.6684891
XCME.WY1.06AUG25.113.C,.0312500,.0468750,113,C,.0443691,615.1791764,690.4798857,654.4542621
