Key,BID,ASK,STRIKE,ITYPE,ADJTHEOR,IVBID,IVASK,IVAVERAGE
XCME.ZN.SEP25,110.9843750,111,INVALID,F,,,,
XCME.ZN1.01AUG25.112:5.P,1.5156250,1.5312500,112.5000000,P,1.5269804,,1112.2194634,843.4055367
