Key,BID,ASK,STRIKE,ITYPE,ADJTHEOR,IVBID,IVASK,IVAVERAGE
XCME.ZN.SEP25,110.9375000,110.9531250,INVALID,F,,,,
XCME.ZN1.01AUG25.111.P,.2500000,.2812500,111,P,.1872395,916.1117846,979.7120573,947.9153691
XCME.ZN1.01AUG25.110:75.C,.3281250,.3593750,110.7500000,C,.2826402,856.5783802,991.7430604,924.4762239
