Key,BID,ASK,STRIKE,ITYPE,ADJTHEOR,IVBID,IVASK,IVAVERAGE
XCME.ZN.SEP25,112.1562500,112.1718750,INVALID,F,,,,
XCME.VY1.04AUG25.112.P,.0625000,.0937500,112,P,.0813266,496.9457215,633.1352417,565.8362559
XCME.VY1.04AUG25.111:5.C,.6562500,.6875000,111.5000000,C,.6686002,,861.2702078,755.7816693
XCME.VY1.04AUG25.112:25.C,.0937500,.1250000,112.2500000,C,.1063732,534.3259417,661.6735959,598.2059114
XCME.VY1.04AUG25.110:5.P,INVALID,.0069999,110.5000000,P,.0033037,,1305.8930037,1180.6632965
XCME.VY1.04AUG25.112:5.P,.3750000,.3906250,112.5000000,P,.3860617,563.1022890,654.8922543,610.3633424
XCME.VY1.04AUG25.111.C,1.1562500,1.1875000,111,C,1.1610251,,1304.9335453,1167.2097424
XCME.VY1.04AUG25.110:5.C,1.6562500,1.6875000,110.5000000,C,1.6603662,,1718.3596084,1552.1843837
