Key,BID,ASK,STRIKE,ITYPE,ADJTHEOR,IVBID,IVASK,IVAVERAGE
XCME.ZN.SEP25,111.9531250,111.9687500,INVALID,F,,,,
XCME.WY1.06AUG25.110.C,1.9531250,1.9843750,110,C,1.9620547,,1079.8616948,967.3180143
XCME.WY1.06AUG25.113.P,1.0468750,1.0625000,113,P,1.0646908,,617.9657320,517.4938415
XCME.WY1.06AUG25.112:75.C,.0312500,.0468750,112.7500000,C,.0391599,559.1008369,630.0623173,596.0665536
XCME.WY1.06AUG25.112.C,.2187500,.2343750,112,C,.2207419,535.7968264,570.8451900,553.3223187
XCME.WY1.06AUG25.111.P,.0156250,.0312500,111,P,.0201882,547.5416563,645.3248694,600.5092999
XCME.WY1.06AUG25.112:25.C,.1250000,.1406250,112.2500000,C,.1271549,545.7384270,584.6492185,565.2652680
XCME.WY1.06AUG25.112:5.C,.0625000,.0781250,112.5000000,C,.0701290,544.6753953,594.8927453,570.1840411
