Key,BID,ASK,STRIKE,ITYPE,ADJTHEOR,IVBID,IVASK,IVAVERAGE
XCME.ZN.SEP25,110.9375000,110.9531250,INVALID,F,,,,
XCME.ZN1.01AUG25.112:25.P,1.2968750,1.3125000,112.2500000,P,1.3013393,,1145.8851437,1063.4235311
XCME.ZN1.01AUG25.113.P,2.0312500,2.0625000,113,P,2.0511940,,1668.3507180,1559.7261047
