Key,BID,ASK,STRIKE,ITYPE,ADJTHEOR,IVBID,IVASK,IVAVERAGE
XCME.ZN.SEP25,110.9531250,110.9687500,INVALID,F,,,,
XCME.ZN1.01AUG25.111:5.P,.5937500,.6250000,111.5000000,P,.5408119,990.2181942,1153.0856375,1073.4287904
