Key,BID,ASK,STRIKE,ITYPE,ADJTHEOR,IVBID,IVASK,IVAVERAGE
XCME.ZN.SEP25,110.9687500,110.9843750,INVALID,F,,,,
XCME.ZN1.01AUG25.113.C,INVALID,.0069999,113,C,.0000080,,1510.2928286,1369.5352558
XCME.ZN1.01AUG25.111:5.C,.0468750,.0625000,111.5000000,C,.0214141,827.2176568,919.7495915,874.5326896
