Key,BID,ASK,STRIKE,ITYPE,ADJTHEOR,IVBID,IVASK,IVAVERAGE
XCME.ZN.SEP25,110.9218750,110.9375000,INVALID,F,,,,
XCME.ZN1.01AUG25.111.C,.1875000,.2187500,111,C,.0991529,1110.5023055,1268.7305468,1189.6535016
XCME.ZN1.01AUG25.111:25.P,.4218750,.4375000,111.2500000,P,.3485391,1139.3445555,1230.3600403,1185.1072694
