Key,BID,ASK,STRIKE,ITYPE,ADJTHEOR,IVBID,IVASK,IVAVERAGE
XCME.ZN.SEP25,110.9687500,110.9843750,INVALID,F,,,,
XCME.ZN1.01AUG25.110.P,INVALID,.0156250,110,P,.0000232,,1223.1204833,1068.5884227
XCME.ZN1.01AUG25.110:75.P,.1250000,.1406250,110.7500000,P,.0475823,1088.3470335,1171.1582419,1129.8742316
