Key,BID,ASK,STRIKE,ITYPE,ADJTHEOR,IVBID,IVASK,IVAVERAGE
XCME.ZN.SEP25,110.9843750,111,INVALID,F,,,,
XCME.ZN1.01AUG25.110:5.C,.5312500,.5625000,110.5000000,C,.5044812,851.6756164,1049.1687875,954.3916411
XCME.ZN1.01AUG25.111:75.C,.0156250,.0312500,111.7500000,C,.0028473,879.5385248,1047.3009860,970.0754703
