Key,BID,ASK,STRIKE,ITYPE,ADJTHEOR,IVBID,IVASK,IVAVERAGE
XCME.ZN.SEP25,112.0156250,112.0312500,INVALID,F,,,,
XCME.VY1.04AUG25.110.C,2.0156250,2.0312500,110,C,2.0330362,,1355.0966035,1040.0799569
XCME.VY1.04AUG25.110:75.C,1.2656250,1.2812500,110.7500000,C,1.2810611,910.9519680,1198.7382982,1084.7021434
XCME.VY1.04AUG25.110.P,INVALID,.0069999,110,P,.0060987,,1452.5705102,1317.3186644
XCME.VY1.04AUG25.111:25.C,.7656250,.7812500,111.2500000,C,.7846195,,602.0185096,440.4599302
XCME.VY1.04AUG25.113.P,.9687500,1,113,P,.9781819,,861.3314110,795.7470521
XCME.VY1.04AUG25.113.C,INVALID,.0069999,113,C,.0051194,,787.8413977,704.2995722
