Key,BID,ASK,STRIKE,ITYPE,ADJTHEOR,IVBID,IVASK,IVAVERAGE
XCME.ZN.SEP25,110.9687500,110.9843750,INVALID,F,,,,
XCME.ZN1.01AUG25.110:5.C,.5312500,.5625000,110.5000000,C,.4944162,913.2470467,1099.5704376,1009.2492276
XCME.ZN1.01AUG25.111:75.C,.0156250,.0312500,111.7500000,C,.0026083,890.0208741,1058.9381462,981.2130751
