Key,BID,ASK,STRIKE,ITYPE,ADJTHEOR,IVBID,IVASK,IVAVERAGE
XCME.ZN.SEP25,110.9687500,110.9843750,INVALID,F,,,,
XCME.ZN1.01AUG25.113.C,INVALID,.0069999,113,C,0,,1932.8717114,1753.5551899
XCME.ZN1.01AUG25.111:5.C,.0468750,.0625000,111.5000000,C,.0073895,1065.9845218,1184.6476595,1126.6701302
