Key,BID,ASK,STRIKE,ITYPE,ADJTHEOR,IVBID,IVASK,IVAVERAGE
XCME.ZN.SEP25,112.1562500,112.1718750,INVALID,F,,,,
XCME.ZN1.01AUG25.111:5.C,.6406250,.6718750,111.5000000,C,.6640632,,,
XCME.ZN1.01AUG25.113.P,.8281250,.8593750,113,P,.8359367,,,
XCME.ZN1.01AUG25.112:25.P,.0937500,.1093750,112.2500000,P,.0987299,391.9782091,1013.4776332,726.3980505
XCME.ZN1.01AUG25.111.C,1.1406250,1.1718750,111,C,1.1640623,,,
XCME.ZN1.01AUG25.112.C,.1562500,.1875000,112,C,.1674159,,608.2232690,506.6258477
XCME.WY1.06AUG25.110.C,2.1562500,2.1875000,110,C,2.1737369,,1129.6594476,972.3135681
XCME.WY1.06AUG25.113.P,.8750000,.9062500,113,P,.8861974,647.5337065,830.5379918,745.0029201
