Key,BID,ASK,STRIKE,ITYPE,ADJTHEOR,IVBID,IVASK,IVAVERAGE
XCME.ZN.SEP25,111.9375000,111.9531250,INVALID,F,,,,
XCME.ZN1.01AUG25.111:25.P,INVALID,.0069999,111.2500000,P,.0001463,,1193.0210948,1055.9968604
XCME.ZN1.01AUG25.112:5.P,.5156250,.5468750,112.5000000,P,.5553724,,,
XCME.ZN1.01AUG25.110.C,1.9531250,1.9843750,110,C,,,,
XCME.ZN1.01AUG25.112.P,.0781250,.1093750,112,P,.1045968,338.0327842,585.1396183,463.7597894
XCME.ZN1.01AUG25.112:25.C,.0069999,.0156250,112.2500000,C,.0057246,622.6071276,770.3763509,702.9718876
XCME.ZN1.01AUG25.111:25.C,.7031250,.7343750,111.2500000,C,.6954588,1218.7342444,1807.3853330,1564.0832893
XCME.ZN1.01AUG25.111:75.C,.2187500,.2500000,111.7500000,C,.2094211,657.9611155,958.7557845,815.6184111
