Key,BID,ASK,STRIKE,ITYPE,ADJTHEOR,IVBID,IVASK,IVAVERAGE
XCME.ZN.SEP25,112.1093750,112.1250000,INVALID,F,,,,
XCME.VY1.04AUG25.112.C,.2031250,.2343750,112,C,.2248613,531.1897332,658.5766044,595.2064125
XCME.VY1.04AUG25.112:75.C,.0156250,.0312500,112.7500000,C,.0201981,692.7126549,832.5449981,767.9310355
XCME.VY1.04AUG25.110:25.C,1.8437500,1.8750000,110.2500000,C,1.8705685,,1445.6746988,1306.5785367
XCME.WY1.06AUG25.110.C,2.1093750,2.1406250,110,C,2.1236733,,1139.1307373,1005.0686210
XCME.WY1.06AUG25.113.P,.9218750,.9375000,113,P,.9287530,656.9118414,726.8507644,693.0717722
XCME.WY1.06AUG25.112:75.C,.0625000,.0781250,112.7500000,C,.0746515,611.8389194,665.3257510,639.0424375
XCME.WY1.06AUG25.112.C,.3125000,.3437500,112,C,.3287809,568.8237169,641.1755460,605.0333429
