Key,BID,ASK,STRIKE,ITYPE,ADJTHEOR,IVBID,IVASK,IVAVERAGE
XCME.ZN.SEP25,111.5625000,111.5781250,INVALID,F,,,,
XCME.GY1.05AUG25.113.P,1.4062500,1.4375000,113,P,,,,
XCME.GY1.05AUG25.112:75.P,1.1562500,1.2031250,112.7500000,P,,,,
XCME.GY1.05AUG25.110:75.C,.8125000,.8593750,110.7500000,C,,,,
XCME.GY1.05AUG25.112:25.P,.6875000,.7343750,112.2500000,P,,,,
XCME.GY1.05AUG25.113.C,INVALID,.0156250,113,C,,,,
XCME.GY1.05AUG25.111.P,.0312500,.0468750,111,P,,,,
XCME.GY1.05AUG25.112.C,.0625000,.0781250,112,C,,,,
