Key,BID,ASK,STRIKE,ITYPE,ADJTHEOR,IVBID,IVASK,IVAVERAGE
XCME.ZN.SEP25,111,111.0156250,INVALID,F,,,,
XCME.ZN1.01AUG25.111:25.C,.1250000,.1406250,111.2500000,C,.0566355,998.2194529,1071.7525192,1035.1092446
