Key,BID,ASK,STRIKE,ITYPE,ADJTHEOR,IVBID,IVASK,IVAVERAGE
XCME.ZN.SEP25,110.8750000,110.8906250,INVALID,F,,,,
XCME.VY1.04AUG25.111:5.P,.6562500,.6875000,111.5000000,P,.6318243,809.7692181,984.9685167,901.3078166
XCME.VY1.04AUG25.112:5.C,INVALID,.0069999,112.5000000,C,.0000702,,1138.4688450,1028.6684511
XCME.VY1.04AUG25.110:25.P,.0312500,.0625000,110.2500000,P,.0122545,757.6078058,949.1991295,859.3267294
XCME.VY1.04AUG25.111.P,.3125000,.3281250,111,P,.2444756,886.0801211,941.9604579,914.0333974
XCME.VY1.04AUG25.110:75.P,.1875000,.2031250,110.7500000,P,.1196631,879.6712542,935.9433396,907.8266679
XCME.VY1.04AUG25.112.P,1.1250000,1.1406250,112,P,1.1146892,911.5702286,1232.7899759,1097.0736913
