Key,BID,ASK,STRIKE,ITYPE,ADJTHEOR,IVBID,IVASK,IVAVERAGE
XCME.ZN.SEP25,112.1093750,112.1250000,INVALID,F,,,,
XCME.GY1.05AUG25.110:5.P,INVALID,.0156250,110.5000000,P,.0058276,,1025.7152703,908.9050809
XCME.GY1.05AUG25.110:75.P,INVALID,.0156250,110.7500000,P,.0082015,,895.9419309,790.2211317
XCME.GY1.05AUG25.111:75.P,.0781250,.1093750,111.7500000,P,.0930910,587.5110585,692.8900617,641.0705702
XCME.GY1.05AUG25.112.P,.1562500,.1875000,112,P,.1757078,578.1707996,666.2300022,622.2676575
XCME.WY1.06AUG25.110.C,2.1093750,2.1406250,110,C,2.1273270,,1099.4285447,945.6275998
XCME.WY1.06AUG25.113.P,.9062500,.9375000,113,P,.9236907,588.7177880,735.1904716,667.7518603
