Key,BID,ASK,STRIKE,ITYPE,ADJTHEOR,IVBID,IVASK,IVAVERAGE
XCME.ZN.SEP25,110.8750000,110.8906250,INVALID,F,,,,
XCME.ZN1.01AUG25.111:25.C,.0625000,.0937500,111.2500000,C,.0086729,1238.3525169,1493.6914799,1368.8376426
XCME.ZN1.01AUG25.111:75.C,.0069999,.0156250,111.7500000,C,.0000157,1232.9099759,1450.1308562,1353.1703473
XCME.ZN1.01AUG25.110:5.C,.4375000,.4687500,110.5000000,C,.3928239,1181.0461565,1449.8664415,1319.3970096
XCME.ZN1.01AUG25.110:75.C,.2812500,.2968750,110.7500000,C,.1840713,1328.4798056,1432.5774870,1380.5920991
XCME.ZN1.01AUG25.111.P,.2812500,.2968750,111,P,.1690532,1417.4068640,1520.2144964,1468.8467964
XCME.ZN1.01AUG25.113.C,INVALID,.0069999,113,C,0,,,
XCME.ZN1.01AUG25.112:5.C,INVALID,.0069999,112.5000000,C,0,,,1881.5405188
