Key,BID,ASK,STRIKE,ITYPE,ADJTHEOR,IVBID,IVASK,IVAVERAGE
XCME.ZN.SEP25,111.9687500,111.9843750,INVALID,F,,,,
XCME.VY1.04AUG25.110.C,1.9687500,2,110,C,1.9755990,,1759.7975305,1581.8171465
XCME.VY1.04AUG25.110:75.C,1.2187500,1.2500000,110.7500000,C,1.2255274,,1212.3870651,1074.8588603
XCME.VY1.04AUG25.110.P,INVALID,.0069999,110,P,.0033490,,1378.5295669,1249.7343065
XCME.VY1.04AUG25.111:25.C,.7187500,.7500000,111.2500000,C,.7338457,,819.8330283,713.8993061
XCME.VY1.04AUG25.113.P,1.0156250,1.0312500,113,P,1.0340068,,717.4671211,
XCME.VY1.04AUG25.113.C,INVALID,.0156250,113,C,.0062568,,933.3961892,816.4722472
XCME.VY1.04AUG25.112:25.P,.3437500,.3593750,112.2500000,P,.3486475,612.5357625,680.6937132,646.9597226
