Key,BID,ASK,STRIKE,ITYPE,ADJTHEOR,IVBID,IVASK,IVAVERAGE
XCME.ZN.SEP25,110.9687500,110.9843750,INVALID,F,,,,
XCME.ZN1.01AUG25.110.P,INVALID,.0156250,110,P,.0000608,,1186.4016617,1035.9354271
XCME.ZN1.01AUG25.110:75.P,.1250000,.1562500,110.7500000,P,.0535875,1041.1518826,1201.9185856,1121.9369458
