Key,BID,ASK,STRIKE,ITYPE,ADJTHEOR,IVBID,IVASK,IVAVERAGE
XCME.ZN.SEP25,112.1875000,112.2031250,INVALID,F,,,,
XCME.VY1.04AUG25.110.C,2.1718750,2.2031250,110,C,2.2109339,,,
XCME.VY1.04AUG25.110:75.C,1.4218750,1.4531250,110.7500000,C,1.4602963,,,
XCME.VY1.04AUG25.110.P,INVALID,.0069999,110,P,.0034964,,1664.6007302,1512.2165005
XCME.VY1.04AUG25.111:25.C,.9218750,.9531250,111.2500000,C,.9619651,,,
XCME.VY1.04AUG25.113.P,.8125000,.8437500,113,P,.8062268,878.4323999,1144.5516319,1024.5337208
XCME.VY1.04AUG25.113.C,.0069999,.0156250,113,C,.0136643,701.4608313,829.0229410,771.9987583
XCME.VY1.04AUG25.112:25.P,.1718750,.1875000,112.2500000,P,.1697261,591.5152713,653.6443621,622.5889063
