Key,BID,ASK,STRIKE,ITYPE,ADJTHEOR,IVBID,IVASK,IVAVERAGE
XCME.ZN.SEP25,112,112.0156250,INVALID,F,,,,
XCME.WY1.06AUG25.110.C,2,2.0312500,110,C,2.0308311,,821.9255427,630.8590821
XCME.WY1.06AUG25.113.P,1,1.0156250,113,P,1.0044498,632.8514962,714.3843298,675.6918631
XCME.WY1.06AUG25.112:75.C,.0312500,.0468750,112.7500000,C,.0515222,527.3289263,595.8526649,562.9766826
XCME.WY1.06AUG25.112.C,.2343750,.2500000,112,C,.2479427,496.4386350,531.6330076,514.0364908
XCME.WY1.06AUG25.111.P,.0069999,.0156250,111,P,.0127244,497.7854688,581.2993701,544.1818018
XCME.WY1.06AUG25.112:25.C,.1250000,.1562500,112.2500000,C,.1481092,491.9948062,567.5373461,529.9590134
XCME.WY1.06AUG25.112:5.C,.0625000,.0937500,112.5000000,C,.0865413,503.7770480,598.5306439,552.3648645
