Key,BID,ASK,STRIKE,ITYPE,ADJTHEOR,IVBID,IVASK,IVAVERAGE
XCME.ZN.SEP25,112.1406250,112.1562500,INVALID,F,,,,
XCME.VY1.04AUG25.110:75.P,INVALID,.0069999,110.7500000,P,.0037339,,1105.7092144,996.0275020
XCME.VY1.04AUG25.112.P,.0781250,.1093750,112,P,.1016644,514.3391842,643.8114236,579.4932916
XCME.VY1.04AUG25.111:5.C,.6406250,.6718750,111.5000000,C,.6419325,680.0838340,935.8666693,822.5741520
XCME.VY1.04AUG25.112:25.C,.0937500,.1250000,112.2500000,C,.1034530,577.0138278,704.9424708,641.2721903
XCME.VY1.04AUG25.110:5.P,INVALID,.0069999,110.5000000,P,.0034041,,1271.7221632,1149.0018932
XCME.VY1.04AUG25.112:5.P,.3906250,.4218750,112.5000000,P,.4166490,478.2014039,682.6051091,589.4796779
