Key,BID,ASK,STRIKE,ITYPE,ADJTHEOR,IVBID,IVASK,IVAVERAGE
XCME.ZN.SEP25,112.1875000,112.2031250,INVALID,F,,,,
XCME.WY1.06AUG25.113.C,.0312500,.0468750,113,C,.0464907,575.5474919,648.4314182,613.5025279
XCME.WY1.06AUG25.110.P,INVALID,.0156250,110,P,.0050127,,1096.8578446,979.5845273
XCME.WY1.06AUG25.110:75.P,.0069999,.0156250,110.7500000,P,.0091357,677.6571093,781.2499008,735.4532967
XCME.WY1.06AUG25.112:25.P,.2656250,.2812500,112.2500000,P,.2753321,552.5851495,588.5118282,570.5501407
XCME.WY1.06AUG25.111:25.C,.9687500,.9843750,111.2500000,C,.9763536,562.3452177,661.0838878,615.6747321
XCME.WY1.06AUG25.110:5.P,INVALID,.0156250,110.5000000,P,.0068770,,888.4277829,787.9234040
XCME.WY1.06AUG25.110:25.C,1.9531250,1.9687500,110.2500000,C,1.9580056,665.1794409,1002.6933763,898.2012867
