Key,BID,ASK,STRIKE,ITYPE,ADJTHEOR,IVBID,IVASK,IVAVERAGE
XCME.ZN.SEP25,111.9375000,111.9531250,INVALID,F,,,,
XCME.ZN1.01AUG25.111:25.C,.6875000,.7031250,111.2500000,C,.6997959,,1119.5534035,813.9971647
XCME.ZN1.01AUG25.111:75.C,.2031250,.2343750,111.7500000,C,.2167422,407.4070710,638.4054646,539.2890592
XCME.ZN1.01AUG25.110:5.C,1.4375000,1.4687500,110.5000000,C,1.4488142,,,1570.3670789
XCME.ZN1.01AUG25.110:75.C,1.1875000,1.2187500,110.7500000,C,1.1988627,,1762.0311556,1329.8990058
XCME.ZN1.01AUG25.111.P,INVALID,.0069999,111,P,.0002492,,1569.3242805,1402.7616914
XCME.ZN1.01AUG25.113.C,INVALID,.0069999,113,C,.0000869,,1708.0923556,1530.4339991
