Key,BID,ASK,STRIKE,ITYPE,ADJTHEOR,IVBID,IVASK,IVAVERAGE
XCME.ZN.SEP25,110.8750000,110.8906250,INVALID,F,,,,
XCME.ZN1.01AUG25.110:5.C,.4375000,.4687500,110.5000000,C,.3809757,1199.0885280,1434.8275583,1319.3656864
XCME.ZN1.01AUG25.111:75.C,.0069999,.0156250,111.7500000,C,.0000369,1162.5277160,1367.0131048,1275.8237031
