Key,BID,ASK,STRIKE,ITYPE,ADJTHEOR,IVBID,IVASK,IVAVERAGE
XCME.ZN.SEP25,111.0781250,111.0937500,INVALID,F,,,,
XCME.ZN1.01AUG25.110:25.P,.0069999,.0156250,110.2500000,P,.0028020,719.6064546,848.4391761,790.9975434
XCME.ZN1.01AUG25.110:5.P,.0312500,.0468750,110.5000000,P,.0132524,788.1238120,896.2075379,844.2167028
