Key,BID,ASK,STRIKE,ITYPE,ADJTHEOR,IVBID,IVASK,IVAVERAGE
XCME.ZN.SEP25,110.9375000,110.9531250,INVALID,F,,,,
XCME.ZN1.01AUG25.111.P,.2500000,.2812500,111,P,.1849626,932.7165520,1063.3510756,998.0488902
XCME.ZN1.01AUG25.110:75.C,.3281250,.3593750,110.7500000,C,.2765363,889.5565677,1027.8495027,959.0050118
