Key,BID,ASK,STRIKE,ITYPE,ADJTHEOR,IVBID,IVASK,IVAVERAGE
XCME.ZN.SEP25,110.9531250,110.9687500,INVALID,F,,,,
XCME.ZN1.01AUG25.110.P,.0069999,.0156250,110,P,.0002940,915.1670343,1069.1745620,1000.4422510
XCME.ZN1.01AUG25.110:75.P,.1406250,.1562500,110.7500000,P,.0674151,1005.2394768,1077.5572861,1041.4755382
