Key,BID,ASK,STRIKE,ITYPE,ADJTHEOR,IVBID,IVASK,IVAVERAGE
XCME.ZN.SEP25,110.9375000,110.9531250,INVALID,F,,,,
XCME.ZN1.01AUG25.110.P,INVALID,.0156250,110,P,.0001236,,1145.3344752,999.8113933
XCME.ZN1.01AUG25.110:75.P,.1406250,.1562500,110.7500000,P,.0577691,1083.0789344,1160.3162540,1121.7836334
