Key,BID,ASK,STRIKE,ITYPE,ADJTHEOR,IVBID,IVASK,IVAVERAGE
XCME.ZN.SEP25,112.0156250,112.0312500,INVALID,F,,,,
XCME.VY1.04AUG25.111:5.C,.5312500,.5468750,111.5000000,C,.5349859,570.7171772,694.2167655,636.9221554
XCME.VY1.04AUG25.112:25.C,.0468750,.0781250,112.2500000,C,.0545690,495.8722658,637.9758429,568.6426800
XCME.VY1.04AUG25.110:5.P,INVALID,.0069999,110.5000000,P,.0001636,,1147.2469632,1034.6411952
XCME.VY1.04AUG25.112:5.P,.4843750,.5156250,112.5000000,P,.5027909,218.0326250,545.4405141,463.4068243
XCME.VY1.04AUG25.111.C,1.0156250,1.0468750,111,C,1.0183239,322.8719456,1128.5146945,1007.8195869
XCME.VY1.04AUG25.110:5.C,1.5156250,1.5468750,110.5000000,C,1.5157886,375.3740044,1528.7558929,1381.0300413
