Key,BID,ASK,STRIKE,ITYPE,ADJTHEOR,IVBID,IVASK,IVAVERAGE
XCME.ZN.SEP25,111.9687500,111.9843750,INVALID,F,,,,
XCME.WY1.06AUG25.112.P,.2656250,.2812500,112,P,.2722051,548.7374756,583.4424040,566.0907639
XCME.WY1.06AUG25.110:75.C,1.2031250,1.2343750,110.7500000,C,1.2253999,,689.1783469,580.3837662
XCME.WY1.06AUG25.111:5.P,.0625000,.0937500,111.5000000,P,.0825672,491.0980505,584.0596919,538.7559250
XCME.WY1.06AUG25.111.C,.9843750,1,111,C,.9841244,576.1313112,665.3578348,623.7388786
XCME.VY1.04AUG25.111:75.P,.0781250,.0937500,111.7500000,P,.0844166,588.5798816,652.3288748,620.6584226
XCME.VY1.04AUG25.111:75.C,.2812500,.2968750,111.7500000,C,.2988542,541.2333789,606.3419646,574.0531915
