Key,BID,ASK,STRIKE,ITYPE,ADJTHEOR,IVBID,IVASK,IVAVERAGE
XCME.ZN.SEP25,112.0937500,112.1093750,INVALID,F,,,,
XCME.GY1.05AUG25.110:5.P,INVALID,.0069999,110.5000000,P,.0035364,,872.0992688,787.3064108
XCME.GY1.05AUG25.110:75.P,INVALID,.0069999,110.7500000,P,.0043454,,755.3160695,679.6691141
XCME.GY1.05AUG25.111:75.P,.0625000,.0781250,111.7500000,P,.0723879,499.5457740,554.0290472,527.1233188
XCME.GY1.05AUG25.112.P,.1406250,.1562500,112,P,.1557356,490.4722724,533.9977914,512.2493210
XCME.WY1.06AUG25.110.C,2.0937500,2.1093750,110,C,2.0864332,976.4152028,1144.9989771,1070.9009669
XCME.WY1.06AUG25.113.P,.9218750,.9375000,113,P,.9431035,417.7925968,563.5555160,505.1768284
