Key,BID,ASK,STRIKE,ITYPE,ADJTHEOR,IVBID,IVASK,IVAVERAGE
XCME.ZN.SEP25,111.9531250,111.9687500,INVALID,F,,,,
XCME.GY1.05AUG25.112:75.P,.7968750,.8281250,112.7500000,P,.8172745,525.3824970,729.2164332,641.4405411
XCME.GY1.05AUG25.110:75.C,1.2187500,1.2500000,110.7500000,C,1.2213550,610.6193422,945.0931286,857.1200927
XCME.GY1.05AUG25.112:25.P,.3750000,.4062500,112.2500000,P,.3971132,586.2118605,633.4602620,609.9495163
XCME.GY1.05AUG25.113.C,.0156250,.0312500,113,C,.0178475,695.6231928,816.5308763,761.1548377
XCME.GY1.05AUG25.111.P,.0069999,.0156250,111,P,.0106098,562.0467046,657.4434937,614.9536538
XCME.GY1.05AUG25.112.C,.2031250,.2187500,112,C,.2019665,587.7815351,629.5927553,608.6884736
