Key,BID,ASK,STRIKE,ITYPE,ADJTHEOR,IVBID,IVASK,IVAVERAGE
XCME.ZN.SEP25,112.0468750,112.0625000,INVALID,F,,,,
XCME.VY1.04AUG25.110.C,2.0468750,2.0625000,110,C,2.0426899,1448.8016110,1754.3684042,1625.5339578
XCME.VY1.04AUG25.110:75.C,1.2968750,1.3125000,110.7500000,C,1.2922064,986.1749318,1220.9744911,1120.8228893
XCME.VY1.04AUG25.110.P,INVALID,.0069999,110,P,.0036274,,1424.9410746,1292.5799155
XCME.VY1.04AUG25.111:25.C,.7968750,.8281250,111.2500000,C,.7955210,660.6387230,966.4290600,840.7942170
XCME.VY1.04AUG25.113.P,.9375000,.9687500,113,P,.9718301,,775.1894889,690.1945099
XCME.VY1.04AUG25.113.C,INVALID,.0156250,113,C,.0108926,,888.8610677,775.1894889
