Key,BID,ASK,STRIKE,ITYPE,ADJTHEOR,IVBID,IVASK,IVAVERAGE
XCME.ZN.SEP25,112.1093750,112.1250000,INVALID,F,,,,
XCME.GY1.05AUG25.111:5.C,.6562500,.6875000,111.5000000,C,.6564349,654.2898963,788.1194752,723.9074599
XCME.GY1.05AUG25.110.C,2.1093750,2.1406250,110,C,2.1094034,331.7605992,1460.6983954,1330.4960627
XCME.GY1.05AUG25.111:5.P,.0312500,.0625000,111.5000000,P,.0470599,575.6170656,723.9073886,654.2899782
XCME.GY1.05AUG25.110:25.C,1.8593750,1.8906250,110.2500000,C,1.8595026,407.7786205,1322.9476013,1201.4354384
XCME.GY1.05AUG25.112:75.C,.0468750,.0625000,112.7500000,C,.0487652,677.3913982,748.1367918,713.6251374
XCME.GY1.05AUG25.112:5.C,.0781250,.1093750,112.5000000,C,.0909798,610.0179742,716.8634545,664.3513327
