Key,BID,ASK,STRIKE,ITYPE,ADJTHEOR,IVBID,IVASK,IVAVERAGE
XCME.ZN.SEP25,110.9531250,110.9687500,INVALID,F,,,,
XCME.ZN1.01AUG25.110.P,.0069999,.0156250,110,P,.0002172,939.1278578,1097.5102522,1026.9105513
XCME.ZN1.01AUG25.110:75.P,.1406250,.1562500,110.7500000,P,.0650605,1027.4076463,1101.8054222,1064.6843393
