Key,BID,ASK,STRIKE,ITYPE,ADJTHEOR,IVBID,IVASK,IVAVERAGE
XCME.ZN.SEP25,112.2187500,112.2343750,INVALID,F,,,,
XCME.VY1.04AUG25.113.C,.0069999,.0156250,113,C,.0117842,691.9357278,817.6876212,761.4318944
XCME.VY1.04AUG25.112:25.P,.1562500,.1875000,112.2500000,P,.1632179,562.8295992,686.6563726,624.7574724
XCME.VY1.04AUG25.112.C,.2656250,.2812500,112,C,.2868398,487.5850114,564.8855034,526.8729245
XCME.VY1.04AUG25.112:75.C,.0156250,.0312500,112.7500000,C,.0234833,610.1888558,741.9920419,680.8818813
XCME.VY1.04AUG25.110:25.C,1.9531250,1.9843750,110.2500000,C,1.9765072,,1633.4113759,1526.0466685
XCME.GY1.05AUG25.110.P,INVALID,.0069999,110,P,.0036456,,1188.0445879,1079.3332067
XCME.GY1.05AUG25.110:5.C,1.7031250,1.7343750,110.5000000,C,1.7272219,,1035.4323052,965.1698332
