Key,BID,ASK,STRIKE,ITYPE,ADJTHEOR,IVBID,IVASK,IVAVERAGE
XCME.ZN.SEP25,112.1250000,112.1406250,INVALID,F,,,,
XCME.WY1.06AUG25.110.P,INVALID,.0156250,110,P,.0065827,,1061.1703787,946.8285741
XCME.WY1.06AUG25.110:75.P,.0069999,.0312500,110.7500000,P,.0159530,646.1211911,865.5215316,776.7591533
XCME.WY1.06AUG25.112:25.P,.3281250,.3437500,112.2500000,P,.3337236,600.4011906,636.5841024,618.5009741
XCME.WY1.06AUG25.111:25.C,.9062500,.9375000,111.2500000,C,.9207463,591.2152226,738.4816634,670.6581977
XCME.WY1.06AUG25.110:5.P,.0069999,.0156250,110.5000000,P,.0110929,742.8097738,852.9156808,804.3054635
XCME.WY1.06AUG25.110:25.C,1.8750000,1.9062500,110.2500000,C,1.8875896,,1065.3195159,953.3546718
