Key,BID,ASK,STRIKE,ITYPE,ADJTHEOR,IVBID,IVASK,IVAVERAGE
XCME.ZN.SEP25,112.1406250,112.1562500,INVALID,F,,,,
XCME.ZN1.01AUG25.112:75.P,.5781250,.6093750,112.7500000,P,.6015673,,1628.6865610,1431.0020493
XCME.ZN1.01AUG25.111:5.P,INVALID,.0069999,111.5000000,P,.0000049,,1689.5304789,1491.5666212
XCME.ZN1.01AUG25.111:25.P,INVALID,.0069999,111.2500000,P,0,,,1941.7718736
XCME.ZN1.01AUG25.112:5.P,.3437500,.3593750,112.5000000,P,.3517349,,1071.6333556,925.6322992
XCME.ZN1.01AUG25.110.C,2.1406250,2.1562500,110,C,2.1484375,,,
XCME.ZN1.01AUG25.112.P,INVALID,.0069999,112,P,.0062779,,550.4872179,459.2059657
XCME.ZN1.01AUG25.112:25.C,.0069999,.0312500,112.2500000,C,.0127592,423.7087690,785.4200697,619.9900675
