Key,BID,ASK,STRIKE,ITYPE,ADJTHEOR,IVBID,IVASK,IVAVERAGE
XCME.ZN.SEP25,111.8281250,111.8437500,INVALID,F,,,,
XCME.VY1.04AUG25.111:75.P,.1250000,.1406250,111.7500000,P,.1203184,625.6436481,682.8915619,654.3054660
XCME.VY1.04AUG25.111:75.C,.2031250,.2343750,111.7500000,C,.2340058,493.8233026,609.7857626,552.0667436
XCME.VY1.04AUG25.112:75.P,.8750000,.9062500,112.7500000,P,.8974658,637.9306971,863.2838640,772.9126171
XCME.VY1.04AUG25.111:25.P,.0069999,.0312500,111.2500000,P,.0169448,518.1458217,743.5693931,649.4076587
XCME.VY1.04AUG25.111:5.P,.0468750,.0625000,111.5000000,P,.0474561,605.8297781,682.3947727,644.8437133
XCME.VY1.04AUG25.112:5.C,.0156250,.0312500,112.5000000,C,.0225172,636.3499689,764.4897843,705.2982871
XCME.VY1.04AUG25.110:25.P,INVALID,.0069999,110.2500000,P,.0027418,,1149.0186114,1037.8805693
