Key,BID,ASK,STRIKE,ITYPE,ADJTHEOR,IVBID,IVASK,IVAVERAGE
XCME.ZN.SEP25,111,111.0156250,INVALID,F,,,,
XCME.ZN1.01AUG25.112:5.C,INVALID,.0069999,112.5000000,C,.0000085,,1289.4626555,1162.6691911
XCME.ZN1.01AUG25.112.C,INVALID,.0156250,112,C,.0004482,,1073.8607233,937.4853004
