Key,BID,ASK,STRIKE,ITYPE,ADJTHEOR,IVBID,IVASK,IVAVERAGE
XCME.ZN.SEP25,111.7968750,111.8125000,INVALID,F,,,,
XCME.VY1.04AUG25.110.C,1.7656250,1.7968750,110,C,1.7876008,,1604.1513092,1281.2871355
XCME.VY1.04AUG25.110:75.C,1.0156250,1.0468750,110.7500000,C,1.0389518,,1053.5363262,814.3103846
XCME.VY1.04AUG25.110.P,INVALID,.0069999,110,P,.0028508,,1249.0576917,1130.1742108
XCME.VY1.04AUG25.111:25.C,.5312500,.5625000,111.2500000,C,.5545293,523.1638899,751.2574362,651.4724736
XCME.VY1.04AUG25.113.P,1.2031250,1.2343750,113,P,1.2199360,,,
XCME.VY1.04AUG25.113.C,INVALID,.0069999,113,C,.0046860,,906.9967113,814.8489211
