Key,BID,ASK,STRIKE,ITYPE,ADJTHEOR,IVBID,IVASK,IVAVERAGE
XCME.ZN.SEP25,111.9687500,111.9843750,INVALID,F,,,,
XCME.ZN1.01AUG25.112:75.P,.7812500,.7968750,112.7500000,P,.7929408,,1203.9549636,877.5712810
XCME.ZN1.01AUG25.111:5.P,INVALID,.0069999,111.5000000,P,.0017845,,855.2538744,748.2729614
XCME.ZN1.01AUG25.111:25.P,INVALID,.0069999,111.2500000,P,.0004741,,1211.0491064,1072.4278710
XCME.ZN1.01AUG25.112:5.P,.5156250,.5468750,112.5000000,P,.5436441,,889.6848546,635.1785243
XCME.ZN1.01AUG25.110.C,1.9531250,1.9843750,110,C,1.9574374,,,
XCME.ZN1.01AUG25.112.P,.0781250,.0937500,112,P,.0931721,401.3137657,521.4327711,461.6673632
XCME.ZN1.01AUG25.112:25.C,.0069999,.0156250,112.2500000,C,.0060488,603.8073987,748.8227538,682.5991921
