Key,BID,ASK,STRIKE,ITYPE,ADJTHEOR,IVBID,IVASK,IVAVERAGE
XCME.ZN.SEP25,112.1250000,112.1406250,INVALID,F,,,,
XCME.GY1.05AUG25.111:25.P,.0156250,.0312500,111.2500000,P,.0225525,635.6997948,753.0249065,699.2189266
XCME.GY1.05AUG25.110:25.P,INVALID,.0069999,110.2500000,P,.0046332,,1021.4764111,925.6997168
XCME.GY1.05AUG25.111:5.C,.6562500,.6875000,111.5000000,C,.6834344,496.0755835,676.4465496,596.2425509
XCME.GY1.05AUG25.110.C,2.1250000,2.1562500,110,C,2.1446579,,1293.1026635,1045.6921458
XCME.GY1.05AUG25.111:5.P,.0312500,.0468750,111.5000000,P,.0428085,596.2401957,747.2609770,676.4433255
XCME.GY1.05AUG25.110:25.C,1.8750000,1.9062500,110.2500000,C,1.8952582,,1167.9546900,939.2579184
