Key,BID,ASK,STRIKE,ITYPE,ADJTHEOR,IVBID,IVASK,IVAVERAGE
XCME.ZN.SEP25,111.7968750,111.8125000,INVALID,F,,,,
XCME.GY1.05AUG25.110:5.P,INVALID,.0069999,110.5000000,P,.0045007,,717.5333226,644.5593380
XCME.GY1.05AUG25.110:75.P,INVALID,.0156250,110.7500000,P,.0077007,,701.3498071,613.1037346
XCME.GY1.05AUG25.111:75.P,.1718750,.2031250,111.7500000,P,.1893754,529.1385632,612.4588667,570.8164832
XCME.GY1.05AUG25.112.P,.3125000,.3437500,112,P,.3319065,536.2154997,624.2994160,580.4628490
XCME.WY1.06AUG25.110.C,1.7968750,1.8281250,110,C,1.8165590,,899.5515819,721.6374837
XCME.WY1.06AUG25.113.P,1.1875000,1.2187500,113,P,1.2061758,224.6279520,747.6102714,670.9987152
