Key,BID,ASK,STRIKE,ITYPE,ADJTHEOR,IVBID,IVASK,IVAVERAGE
XCME.ZN.SEP25,110.8281250,110.8437500,INVALID,F,,,,
XCME.ZN1.01AUG25.110:5.C,.4218750,.4531250,110.5000000,C,.3541765,1225.5938616,1443.2498973,1335.9877939
XCME.ZN1.01AUG25.111:75.C,.0069999,.0156250,111.7500000,C,.0000371,1162.0671189,1365.4386085,1274.8465446
