Key,BID,ASK,STRIKE,ITYPE,ADJTHEOR,IVBID,IVASK,IVAVERAGE
XCME.ZN.SEP25,112.1250000,112.1406250,INVALID,F,,,,
XCME.VY1.04AUG25.110.C,2.1093750,2.1406250,110,C,2.1174156,,1963.1600213,1761.9552599
XCME.VY1.04AUG25.110:75.C,1.3593750,1.3906250,110.7500000,C,1.3664746,,1391.4862013,1233.8684044
XCME.VY1.04AUG25.110.P,INVALID,.0069999,110,P,.0037281,,1553.0884879,1410.5661891
XCME.VY1.04AUG25.111:25.C,.8750000,.8906250,111.2500000,C,.8694828,801.1043875,979.2306736,899.6495675
XCME.VY1.04AUG25.113.P,.8593750,.8906250,113,P,.8966603,,685.0042238,499.1040408
XCME.VY1.04AUG25.113.C,.0069999,.0156250,113,C,.0103478,745.4792397,877.2412471,818.5661662
XCME.VY1.04AUG25.112:25.P,.2187500,.2343750,112.2500000,P,.2369601,536.2249510,600.1589559,568.3130908
