Key,BID,ASK,STRIKE,ITYPE,ADJTHEOR,IVBID,IVASK,IVAVERAGE
XCME.ZN.SEP25,112.0156250,112.0312500,INVALID,F,,,,
XCME.WY1.06AUG25.110:5.P,INVALID,.0156250,110.5000000,P,.0078333,,805.2836554,712.9558795
XCME.WY1.06AUG25.110:25.C,INVALID,INVALID,110.2500000,C,1.8278328,,981.9248906,862.5627681
XCME.WY1.06AUG25.112:5.P,.6093750,.6406250,112.5000000,P,.5141651,784.5965793,861.7183496,823.3505747
XCME.WY1.06AUG25.111:5.C,.5156250,.5468750,111.5000000,C,.6232345,,,
XCME.WY1.06AUG25.110:25.P,INVALID,.0156250,110.2500000,P,.0075203,,907.9455529,806.8125455
XCME.WY1.06AUG25.111:75.P,.0937500,.1250000,111.7500000,P,.1078097,481.5005757,561.9421115,522.1815203
