Key,BID,ASK,STRIKE,ITYPE,ADJTHEOR,IVBID,IVASK,IVAVERAGE
XCME.ZN.SEP25,110.9843750,111,INVALID,F,,,,
XCME.ZN1.01AUG25.112:75.P,1.7343750,1.7656250,112.7500000,P,1.7457034,,1600.9769158,1367.1472498
XCME.ZN1.01AUG25.111:75.P,.7500000,.7812500,111.7500000,P,.7516660,605.3794564,963.8446681,825.7741280
