Key,BID,ASK,STRIKE,ITYPE,ADJTHEOR,IVBID,IVASK,IVAVERAGE
XCME.ZN.SEP25,112.1093750,112.1250000,INVALID,F,,,,
XCME.ZN1.01AUG25.111:25.C,.8593750,.8906250,111.2500000,C,.8628806,,,
XCME.ZN1.01AUG25.111:75.C,.3593750,.3906250,111.7500000,C,.3635984,,1429.9481079,1204.9736037
XCME.ZN1.01AUG25.110:5.C,1.6093750,1.6406250,110.5000000,C,1.6128749,,,
XCME.ZN1.01AUG25.110:75.C,1.3593750,1.3906250,110.7500000,C,1.3628748,,,
XCME.ZN1.01AUG25.111.P,INVALID,.0069999,111,P,0,,,
XCME.ZN1.01AUG25.113.C,INVALID,.0069999,113,C,.0000069,,,1767.3446989
XCME.ZN1.01AUG25.112:5.C,INVALID,.0069999,112.5000000,C,.0003261,,1034.6242274,900.9306290
