Key,BID,ASK,STRIKE,ITYPE,ADJTHEOR,IVBID,IVASK,IVAVERAGE
XCME.ZN.SEP25,112.1250000,112.1406250,INVALID,F,,,,
XCME.VY1.04AUG25.111.C,1.1250000,1.1562500,111,C,1.1407413,,1154.1915884,970.0442266
XCME.VY1.04AUG25.110:5.C,1.6250000,1.6406250,110.5000000,C,1.6396551,,1189.4389215,908.2140056
XCME.VY1.04AUG25.110.C,2.1093750,2.1406250,110,C,2.1398301,,1495.2049514,1152.2484002
XCME.VY1.04AUG25.110:75.C,1.3750000,1.4062500,110.7500000,C,1.3898698,,1349.0498102,1142.6793231
XCME.VY1.04AUG25.110.P,INVALID,.0069999,110,P,.0035176,,1601.4074723,1454.6519138
XCME.VY1.04AUG25.111:25.C,.8750000,.9062500,111.2500000,C,.8938038,,946.7785448,784.1876785
