Key,BID,ASK,STRIKE,ITYPE,ADJTHEOR,IVBID,IVASK,IVAVERAGE
XCME.ZN.SEP25,110.9531250,110.9687500,INVALID,F,,,,
XCME.ZN1.01AUG25.111.C,.2031250,.2343750,111,C,.1202252,1130.2752139,1204.7006412,1167.4903321
XCME.ZN1.01AUG25.111:25.P,.3906250,.4218750,111.2500000,P,.3281093,1026.9052538,1111.6273889,1069.4866381
