Key,BID,ASK,STRIKE,ITYPE,ADJTHEOR,IVBID,IVASK,IVAVERAGE
XCME.ZN.SEP25,112.0468750,112.0625000,INVALID,F,,,,
XCME.GY1.05AUG25.111.C,1.0468750,1.0781250,111,C,1.0626266,,784.1179354,675.9799001
XCME.GY1.05AUG25.112:25.C,.1093750,.1406250,112.2500000,C,.1303591,519.2858868,610.2719995,565.0374315
XCME.GY1.05AUG25.111:25.C,.8125000,.8281250,111.2500000,C,.8213328,501.9881418,638.4647964,579.5022935
XCME.GY1.05AUG25.111:75.C,.3750000,.4062500,111.7500000,C,.3935884,498.6669524,600.3547428,550.3635829
XCME.GY1.05AUG25.112:5.P,.5000000,.5156250,112.5000000,P,.5126667,555.5856441,615.1391357,585.8786732
XCME.GY1.05AUG25.113.P,.9531250,.9687500,113,P,.9637361,572.4861095,721.0871487,657.2044565
