Key,BID,ASK,STRIKE,ITYPE,ADJTHEOR,IVBID,IVASK,IVAVERAGE
XCME.ZN.SEP25,111.0468750,111.0625000,INVALID,F,,,,
XCME.ZN1.01AUG25.113.C,INVALID,.0069999,113,C,.0000072,,1446.6873688,1311.8963598
XCME.ZN1.01AUG25.111:5.C,.0625000,.0937500,111.5000000,C,.0324142,811.1767593,969.4441634,892.2246098
