Key,BID,ASK,STRIKE,ITYPE,ADJTHEOR,IVBID,IVASK,IVAVERAGE
XCME.ZN.SEP25,111.9687500,111.9843750,INVALID,F,,,,
XCME.ZN1.01AUG25.112:75.C,INVALID,.0069999,112.7500000,C,.0003778,,1312.9541556,1163.2492894
XCME.ZN1.01AUG25.110:25.C,1.7031250,1.7343750,110.2500000,C,1.7074372,,,
XCME.ZN1.01AUG25.110:25.P,INVALID,.0069999,110.2500000,P,0,,,
XCME.ZN1.01AUG25.110:75.P,INVALID,.0069999,110.7500000,P,.0000144,,1874.2923596,1684.2106427
XCME.ZN1.01AUG25.111:75.P,.0069999,.0156250,111.7500000,P,.0128252,464.2751978,590.2396891,532.2664108
XCME.ZN1.01AUG25.110.P,INVALID,.0069999,110,P,0,,,
XCME.ZN1.01AUG25.110:5.P,INVALID,.0069999,110.5000000,P,0,,,1978.4690278
