Key,BID,ASK,STRIKE,ITYPE,ADJTHEOR,IVBID,IVASK,IVAVERAGE
XCME.ZN.SEP25,112.0781250,112.0937500,INVALID,F,,,,
XCME.WY1.06AUG25.111:75.C,.4062500,.4375000,111.7500000,C,.4292378,460.2674451,544.0570862,502.7601448
XCME.WY1.06AUG25.113.C,.0156250,.0312500,113,C,.0229919,536.7719518,634.2623011,589.6034856
XCME.WY1.06AUG25.110.P,INVALID,.0069999,110,P,.0057309,,902.4545664,819.4319827
XCME.WY1.06AUG25.110:75.P,INVALID,.0156250,110.7500000,P,.0083158,618.8531399,715.2725606,672.5459813
XCME.WY1.06AUG25.112:25.P,.3281250,.3437500,112.2500000,P,.3329659,519.0766101,555.9259809,537.5287448
XCME.WY1.06AUG25.111:25.C,.8437500,.8750000,111.2500000,C,.8494798,513.3918552,669.3396034,599.3315778
