Key,BID,ASK,STRIKE,ITYPE,ADJTHEOR,IVBID,IVASK,IVAVERAGE
XCME.ZN.SEP25,112.0468750,112.0625000,INVALID,F,,,,
XCME.WY1.06AUG25.112:5.P,.5312500,.5468750,112.5000000,P,.5325880,562.3855758,606.4286632,584.5971477
XCME.WY1.06AUG25.111:5.C,.5937500,.6250000,111.5000000,C,.6131543,456.9401064,569.7937456,516.3043552
XCME.WY1.06AUG25.110:25.P,INVALID,.0069999,110.2500000,P,.0045578,,797.2643370,721.7272090
XCME.WY1.06AUG25.111:75.P,.1093750,.1250000,111.7500000,P,.1119569,519.0147796,558.9549210,539.0821441
XCME.WY1.06AUG25.112:75.P,.7343750,.7656250,112.7500000,P,.7429955,560.3583707,676.3152350,621.0603146
XCME.WY1.06AUG25.110:5.C,1.5468750,1.5781250,110.5000000,C,1.5637810,,848.6283373,721.8032963
