Key,BID,ASK,STRIKE,ITYPE,ADJTHEOR,IVBID,IVASK,IVAVERAGE
XCME.ZN.SEP25,111.9218750,111.9375000,INVALID,F,,,,
XCME.GY1.05AUG25.111.C,.9375000,.9531250,111,C,.9427878,512.5452656,793.0195590,685.9840505
XCME.GY1.05AUG25.112:25.C,.0781250,.0937500,112.2500000,C,.0936047,534.2276904,634.7090228,585.2118773
XCME.GY1.05AUG25.111:25.C,.6875000,.7187500,111.2500000,C,.7056954,541.1524201,711.5341035,634.3323428
XCME.GY1.05AUG25.111:75.C,.2968750,.3281250,111.7500000,C,.3074440,518.3982601,608.3656031,563.6041501
XCME.GY1.05AUG25.112:5.P,.5937500,.6250000,112.5000000,P,.6149427,512.5232403,659.2327171,590.8843085
XCME.GY1.05AUG25.113.P,1.0625000,1.0937500,113,P,1.0812197,,815.4728459,717.3245896
