Key,BID,ASK,STRIKE,ITYPE,ADJTHEOR,IVBID,IVASK,IVAVERAGE
XCME.ZN.SEP25,110.9375000,110.9531250,INVALID,F,,,,
XCME.ZN1.01AUG25.112:75.P,1.7968750,1.8281250,112.7500000,P,1.7968767,467.9516337,,1849.9507568
XCME.ZN1.01AUG25.111:75.P,.8125000,.8437500,111.7500000,P,.7987512,930.9890012,1244.6327576,1106.1674967
