Key,BID,ASK,STRIKE,ITYPE,ADJTHEOR,IVBID,IVASK,IVAVERAGE
XCME.ZN.SEP25,111.9531250,111.9687500,INVALID,F,,,,
XCME.VY1.04AUG25.111:5.P,.0156250,.0312500,111.5000000,P,.0273379,507.8711421,622.5474606,569.1714877
XCME.VY1.04AUG25.112:5.C,.0156250,.0312500,112.5000000,C,.0201731,591.1591854,716.2862654,658.3082490
XCME.VY1.04AUG25.110:25.P,INVALID,.0069999,110.2500000,P,.0029912,,1245.1716829,1126.2371892
XCME.VY1.04AUG25.111.P,INVALID,.0069999,111,P,.0048077,,767.3697943,685.9026702
XCME.VY1.04AUG25.110:75.P,INVALID,.0069999,110.7500000,P,.0031832,,930.3216752,835.3515191
XCME.VY1.04AUG25.112.P,.1562500,.1875000,112,P,.1815296,476.3866655,592.9186875,534.7162748
