Key,BID,ASK,STRIKE,ITYPE,ADJTHEOR,IVBID,IVASK,IVAVERAGE
XCME.ZN.SEP25,112.1406250,112.1562500,INVALID,F,,,,
XCME.VY1.04AUG25.112:25.P,.2031250,.2343750,112.2500000,P,.2062733,603.1832441,728.0819874,665.7626148
XCME.VY1.04AUG25.112.C,.2187500,.2500000,112,C,.2500574,476.9510297,612.9392800,545.8497954
XCME.VY1.04AUG25.112:75.C,.0156250,.0312500,112.7500000,C,.0215701,658.5027764,794.9132686,731.8051723
XCME.VY1.04AUG25.110:25.C,1.8906250,1.9218750,110.2500000,C,1.9139562,,1572.9176300,1469.2313638
XCME.ZN1.01AUG25.112:75.C,INVALID,.0069999,112.7500000,C,.0000036,,1498.3366830,1319.2166270
XCME.ZN1.01AUG25.110:25.C,1.8906250,1.9843750,110.2500000,C,1.9105625,,,
