Key,BID,ASK,STRIKE,ITYPE,ADJTHEOR,IVBID,IVASK,IVAVERAGE
XCME.ZN.SEP25,110.9687500,110.9843750,INVALID,F,,,,
XCME.ZN1.01AUG25.111.C,.2031250,.2343750,111,C,.1188402,1076.7414531,1231.0317112,1153.8939126
XCME.ZN1.01AUG25.111:25.P,.3750000,.4062500,111.2500000,P,.3184570,1095.8349705,1182.5211234,1139.3729199
