Key,BID,ASK,STRIKE,ITYPE,ADJTHEOR,IVBID,IVASK,IVAVERAGE
XCME.ZN.SEP25,111.9687500,111.9843750,INVALID,F,,,,
XCME.VY1.04AUG25.111:5.P,.0156250,.0312500,111.5000000,P,.0284421,513.3262086,627.8450030,574.5609524
XCME.VY1.04AUG25.112:5.C,.0156250,.0312500,112.5000000,C,.0224867,570.0974312,691.8880297,635.4247084
XCME.VY1.04AUG25.110:25.P,INVALID,.0069999,110.2500000,P,.0036238,,1236.0597422,1117.5361686
XCME.VY1.04AUG25.111.P,INVALID,.0069999,111,P,.0066669,,764.9478319,683.1334124
XCME.VY1.04AUG25.110:75.P,INVALID,.0069999,110.7500000,P,.0045893,,925.8246187,831.1656623
XCME.VY1.04AUG25.112.P,.1562500,.1875000,112,P,.1729531,501.0536896,615.2248581,558.1643654
