Key,BID,ASK,STRIKE,ITYPE,ADJTHEOR,IVBID,IVASK,IVAVERAGE
XCME.ZN.SEP25,112.0156250,112.0312500,INVALID,F,,,,
XCME.WY1.06AUG25.110:75.C,1.2656250,1.2968750,110.7500000,C,1.2848293,,728.4545334,614.4395949
XCME.WY1.06AUG25.111:5.P,.0468750,.0625000,111.5000000,P,.0557226,484.7302341,538.8604043,512.4108135
XCME.WY1.06AUG25.111.C,1.0312500,1.0468750,111,C,1.0403704,460.1567703,614.3800924,552.7630041
XCME.VY1.04AUG25.111:75.P,.0312500,.0468750,111.7500000,P,.0418199,465.1660492,547.7957780,507.6252983
XCME.VY1.04AUG25.111:75.C,.2968750,.3281250,111.7500000,C,.3187573,397.0776410,569.2363088,488.9393375
XCME.VY1.04AUG25.112:75.P,.7187500,.7500000,112.7500000,P,.7315344,,847.1539132,733.9878866
XCME.VY1.04AUG25.111:25.P,INVALID,.0069999,111.2500000,P,.0056539,,665.7441450,591.0804594
