Key,BID,ASK,STRIKE,ITYPE,ADJTHEOR,IVBID,IVASK,IVAVERAGE
XCME.ZN.SEP25,112.1250000,112.1406250,INVALID,F,,,,
XCME.ZN1.01AUG25.112:5.P,.3437500,.3750000,112.5000000,P,.3628987,,1223.0096382,1111.4924627
XCME.ZN1.01AUG25.110.C,2.1250000,2.1562500,110,C,2.1371250,,,
XCME.ZN1.01AUG25.112.P,INVALID,.0069999,112,P,.0061143,,519.2241791,430.9591577
XCME.ZN1.01AUG25.112:25.C,.0069999,.0156250,112.2500000,C,.0092021,453.6079396,604.0423385,533.4738490
XCME.ZN1.01AUG25.111:25.C,.8750000,.9062500,111.2500000,C,.8871246,,,
XCME.ZN1.01AUG25.111:75.C,.3593750,.3906250,111.7500000,C,.3872210,,967.2746996,
