Key,BID,ASK,STRIKE,ITYPE,ADJTHEOR,IVBID,IVASK,IVAVERAGE
XCME.ZN.SEP25,111.0468750,111.0625000,INVALID,F,,,,
XCME.ZN1.01AUG25.113.C,INVALID,.0069999,113,C,.0000086,,1449.4244358,1314.4320494
XCME.ZN1.01AUG25.111:5.C,.0625000,.0781250,111.5000000,C,.0367076,816.0019573,897.2543165,857.2085418
