Key,BID,ASK,STRIKE,ITYPE,ADJTHEOR,IVBID,IVASK,IVAVERAGE
XCME.ZN.SEP25,110.8906250,110.9062500,INVALID,F,,,,
XCME.ZN1.01AUG25.111.C,.1562500,.1875000,111,C,.0594402,1286.4932445,1483.6315421,1385.2069654
XCME.ZN1.01AUG25.111:25.P,.4218750,.4531250,111.2500000,P,.3740197,1150.6673419,1398.5045763,1277.5812816
