Key,BID,ASK,STRIKE,ITYPE,ADJTHEOR,IVBID,IVASK,IVAVERAGE
XCME.ZN.SEP25,110.9375000,110.9531250,INVALID,F,,,,
XCME.ZN1.01AUG25.110:5.C,.5000000,.5312500,110.5000000,C,.4751691,960.7173779,1233.1677960,1104.5072673
XCME.ZN1.01AUG25.111:75.C,.0069999,.0312500,111.7500000,C,.0002887,985.0830159,1381.1708879,1217.4959806
