Key,BID,ASK,STRIKE,ITYPE,ADJTHEOR,IVBID,IVASK,IVAVERAGE
XCME.ZN.SEP25,110.8593750,110.8750000,INVALID,F,,,,
XCME.ZN1.01AUG25.110:5.C,.4375000,.4687500,110.5000000,C,.3764332,1190.9736227,1412.5108024,1303.6967999
XCME.ZN1.01AUG25.111:75.C,.0069999,.0156250,111.7500000,C,.0000586,1123.2860423,1320.4420356,1232.5321464
