Key,BID,ASK,STRIKE,ITYPE,ADJTHEOR,IVBID,IVASK,IVAVERAGE
XCME.ZN.SEP25,110.9375000,110.9531250,INVALID,F,,,,
XCME.ZN1.01AUG25.110:5.C,.5000000,.5312500,110.5000000,C,.4700130,860.2206015,1048.1971224,957.2697583
XCME.ZN1.01AUG25.111:75.C,.0156250,.0312500,111.7500000,C,.0020311,920.2963135,1093.2432413,1013.7094955
