Key,BID,ASK,STRIKE,ITYPE,ADJTHEOR,IVBID,IVASK,IVAVERAGE
XCME.ZN.SEP25,112.0937500,112.1093750,INVALID,F,,,,
XCME.GY1.05AUG25.110:5.P,INVALID,.0069999,110.5000000,P,.0038125,,851.5595668,768.7545360
XCME.GY1.05AUG25.110:75.P,INVALID,.0069999,110.7500000,P,.0049455,,737.5480096,663.6133462
XCME.GY1.05AUG25.111:75.P,.0625000,.0937500,111.7500000,P,.0870062,487.7777698,591.9864870,540.9790732
XCME.GY1.05AUG25.112.P,.1562500,.1875000,112,P,.1761765,521.4192591,606.1430992,563.8202551
XCME.ZN1.01AUG25.112:75.C,INVALID,.0069999,112.7500000,C,.0012999,,1108.7479043,980.3098585
XCME.ZN1.01AUG25.110:25.C,1.8281250,1.8593750,110.2500000,C,,,,
