Key,BID,ASK,STRIKE,ITYPE,ADJTHEOR,IVBID,IVASK,IVAVERAGE
XCME.ZN.SEP25,112.1093750,112.1250000,INVALID,F,,,,
XCME.ZN1.01AUG25.111:5.C,.5937500,.6250000,111.5000000,C,.6215454,,1234.6052805,
XCME.ZN1.01AUG25.113.P,.8750000,.9062500,113,P,.8785128,,,
XCME.ZN1.01AUG25.112:25.P,.1406250,.1562500,112.2500000,P,.1421463,508.8247101,893.8113091,714.7479936
XCME.ZN1.01AUG25.111.C,1.0937500,1.1250000,111,C,1.1214963,,,
XCME.ZN1.01AUG25.112.C,.1093750,.1406250,112,C,.1361680,,587.6529672,416.1957899
XCME.WY1.06AUG25.110.C,2.0937500,2.1250000,110,C,2.1268456,,863.1585471,665.0457025
XCME.WY1.06AUG25.113.P,.9218750,.9531250,113,P,.9281719,669.0349069,797.5338494,736.6028355
