Key,BID,ASK,STRIKE,ITYPE,ADJTHEOR,IVBID,IVASK,IVAVERAGE
XCME.ZN.SEP25,111.8281250,111.8437500,INVALID,F,,,,
XCME.ZN1.01AUG25.111:25.C,.6093750,.6406250,111.2500000,C,.6061775,,1050.1901491,1125.3190436
XCME.ZN1.01AUG25.111:75.C,.1718750,.2031250,111.7500000,C,.1851261,773.2595249,990.3626041,882.4000777
XCME.ZN1.01AUG25.110:5.C,1.3437500,1.3750000,110.5000000,C,1.3512107,,,
XCME.ZN1.01AUG25.110:75.C,1.0937500,1.1250000,110.7500000,C,1.1006707,,,
XCME.ZN1.01AUG25.111.P,INVALID,.0069999,111,P,.0034035,,1263.4365718,1127.0360410
XCME.ZN1.01AUG25.113.C,INVALID,.0069999,113,C,.0024965,,1617.9235002,1449.4923962
