Key,BID,ASK,STRIKE,ITYPE,ADJTHEOR,IVBID,IVASK,IVAVERAGE
XCME.ZN.SEP25,112.1093750,112.1250000,INVALID,F,,,,
XCME.WY1.06AUG25.111:25.P,.0312500,.0468750,111.2500000,P,.0434208,603.9431053,678.6084701,642.8617545
XCME.WY1.06AUG25.111:75.C,.4843750,.5156250,111.7500000,C,.4855912,615.9949976,696.7008556,656.6533215
XCME.WY1.06AUG25.113.C,.0312500,.0625000,113,C,.0486446,624.4601757,766.7696482,700.5839713
XCME.WY1.06AUG25.110.P,INVALID,.0156250,110,P,.0067045,,1053.5301322,939.6982705
XCME.WY1.06AUG25.110:75.P,.0069999,.0312500,110.7500000,P,.0165129,638.2051893,855.8729750,767.7686724
XCME.WY1.06AUG25.112:25.P,.3281250,.3593750,112.2500000,P,.3502193,569.6883107,642.7542932,606.2732834
XCME.WY1.06AUG25.111:25.C,.9062500,.9375000,111.2500000,C,.8992958,693.8401003,815.7724567,757.4199944
