Key,BID,ASK,STRIKE,ITYPE,ADJTHEOR,IVBID,IVASK,IVAVERAGE
XCME.ZN.SEP25,112,112.0156250,INVALID,F,,,,
XCME.ZN1.01AUG25.112:5.P,.4843750,.5156250,112.5000000,P,.5110369,,1194.0478338,995.2684660
XCME.ZN1.01AUG25.110.C,1.9843750,2.0156250,110,C,,,,
XCME.ZN1.01AUG25.112.P,.0781250,.0937500,112,P,.0900973,594.8253967,708.2791163,651.5554219
XCME.ZN1.01AUG25.112:25.C,.0069999,.0312500,112.2500000,C,.0155982,512.8934088,823.8790596,688.2570886
XCME.ZN1.01AUG25.111:25.C,.7343750,.7656250,111.2500000,C,.7432242,,1283.6464414,1135.5845509
XCME.ZN1.01AUG25.111:75.C,.2500000,.2812500,111.7500000,C,.2588230,,770.1151161,617.7812568
