Key,BID,ASK,STRIKE,ITYPE,ADJTHEOR,IVBID,IVASK,IVAVERAGE
XCME.ZN.SEP25,111.7812500,111.7968750,INVALID,F,,,,
XCME.WY1.06AUG25.112:5.P,.7343750,.7656250,112.5000000,P,.7628089,449.8349226,592.8272159,528.3416895
XCME.WY1.06AUG25.111:5.C,.4062500,.4375000,111.5000000,C,.4052180,522.2521220,598.3207817,560.5457314
XCME.WY1.06AUG25.110:25.P,INVALID,.0069999,110.2500000,P,.0045355,,681.5108247,614.4414501
XCME.WY1.06AUG25.111:75.P,.2187500,.2343750,111.7500000,P,.2242949,519.0651509,553.5282626,536.2976055
XCME.WY1.06AUG25.112:75.P,.9843750,1.0156250,112.7500000,P,.9914874,567.5378230,730.0246521,657.3759440
XCME.WY1.06AUG25.110:5.C,1.2812500,1.3125000,110.5000000,C,1.2912392,,769.7368395,743.5392125
XCME.WY1.06AUG25.112.P,.3593750,.3750000,112,P,.3697310,520.3873155,556.9835879,538.7237714
