Key,BID,ASK,STRIKE,ITYPE,ADJTHEOR,IVBID,IVASK,IVAVERAGE
XCME.ZN.SEP25,112.0468750,112.0625000,INVALID,F,,,,
XCME.GY1.05AUG25.111:25.P,.0069999,.0312500,111.2500000,P,.0177050,488.9776134,684.7653395,603.9301777
XCME.GY1.05AUG25.110:25.P,INVALID,.0069999,110.2500000,P,.0020763,,959.4183599,868.1718823
XCME.GY1.05AUG25.111:5.C,.5781250,.6093750,111.5000000,C,.5880240,523.5955064,663.6729311,597.7518607
XCME.GY1.05AUG25.110.C,2.0312500,2.0625000,110,C,2.0486589,,1222.2463391,986.4886265
XCME.GY1.05AUG25.111:5.P,.0312500,.0468750,111.5000000,P,.0411488,523.5971804,597.7513985,562.0417223
XCME.GY1.05AUG25.110:25.C,1.7812500,1.8125000,110.2500000,C,1.7989513,,1098.6839357,881.3717472
