Key,BID,ASK,STRIKE,ITYPE,ADJTHEOR,IVBID,IVASK,IVAVERAGE
XCME.ZN.SEP25,110.9375000,110.9531250,INVALID,F,,,,
XCME.ZN1.01AUG25.111.P,.2656250,.2812500,111,P,.1948380,951.7481439,1015.9039167,983.8315738
XCME.ZN1.01AUG25.110:75.C,.3281250,.3593750,110.7500000,C,.2710958,906.0176214,1040.1402716,973.3088906
