Key,BID,ASK,STRIKE,ITYPE,ADJTHEOR,IVBID,IVASK,IVAVERAGE
XCME.ZN.SEP25,110.9687500,110.9843750,INVALID,F,,,,
XCME.ZN1.01AUG25.110.P,INVALID,.0156250,110,P,.0002729,,1064.4148168,930.1540506
XCME.ZN1.01AUG25.110:75.P,.1250000,.1406250,110.7500000,P,.0623115,953.4288990,1025.2961633,989.4750896
