Key,BID,ASK,STRIKE,ITYPE,ADJTHEOR,IVBID,IVASK,IVAVERAGE
XCME.ZN.SEP25,112.1406250,112.1562500,INVALID,F,,,,
XCME.ZN1.01AUG25.110:25.P,INVALID,.0069999,110.2500000,P,0,,,
XCME.ZN1.01AUG25.110:75.P,INVALID,.0069999,110.7500000,P,0,,,
XCME.ZN1.01AUG25.111:75.P,INVALID,.0069999,111.7500000,P,.0002954,,1096.4724329,951.7387562
XCME.ZN1.01AUG25.110.P,INVALID,.0069999,110,P,0,,,
XCME.ZN1.01AUG25.110:5.P,INVALID,.0069999,110.5000000,P,0,,,
XCME.ZN1.01AUG25.112:75.P,.5937500,.6093750,112.7500000,P,.6015840,,1558.5935370,1369.3111941
XCME.ZN1.01AUG25.111:5.P,INVALID,.0069999,111.5000000,P,.0000184,,1616.9720769,1427.1189660
