Key,BID,ASK,STRIKE,ITYPE,ADJTHEOR,IVBID,IVASK,IVAVERAGE
XCME.ZN.SEP25,110.9375000,110.9531250,INVALID,F,,,,
XCME.ZN1.01AUG25.111.C,.2031250,.2187500,111,C,.1044891,1165.1980107,1244.8878947,1205.0484943
XCME.ZN1.01AUG25.111:25.P,.4062500,.4218750,111.2500000,P,.3347862,1124.1173159,1215.3456287,1169.9771591
