Key,BID,ASK,STRIKE,ITYPE,ADJTHEOR,IVBID,IVASK,IVAVERAGE
XCME.ZN.SEP25,112.1562500,112.1718750,INVALID,F,,,,
XCME.GY1.05AUG25.112:25.P,.2656250,.2812500,112.2500000,P,.2684560,615.2549668,659.4519911,637.3621564
XCME.GY1.05AUG25.113.C,.0156250,.0468750,113,C,.0332097,611.4242495,817.4040911,726.6912367
XCME.GY1.05AUG25.111.P,.0069999,.0156250,111,P,.0125342,688.0346229,798.7855543,749.6069875
XCME.GY1.05AUG25.112.C,.2968750,.3281250,112,C,.3127360,571.7660844,663.1173178,617.5911453
XCME.GY1.05AUG25.111:25.P,.0156250,.0312500,111.2500000,P,.0215433,656.1398386,776.3715855,721.2489496
XCME.GY1.05AUG25.110:25.P,INVALID,.0156250,110.2500000,P,.0051093,,1192.6548806,1061.5910167
