Key,BID,ASK,STRIKE,ITYPE,ADJTHEOR,IVBID,IVASK,IVAVERAGE
XCME.ZN.SEP25,110.9687500,110.9843750,INVALID,F,,,,
XCME.ZN1.01AUG25.111.C,.2187500,.2343750,111,C,.1224931,1135.3356583,1212.4304958,1173.8840555
XCME.ZN1.01AUG25.111:25.P,.3750000,.4062500,111.2500000,P,.3122316,1038.5710206,1211.3983529,1125.7479472
