Key,BID,ASK,STRIKE,ITYPE,ADJTHEOR,IVBID,IVASK,IVAVERAGE
XCME.ZN.SEP25,112.0156250,112.0312500,INVALID,F,,,,
XCME.GY1.05AUG25.111:5.C,.5468750,.5781250,111.5000000,C,.5580970,502.7106832,640.0259793,575.3115230
XCME.GY1.05AUG25.110.C,2.0156250,2.0312500,110,C,2.0174271,,1206.7882445,1148.0295439
XCME.GY1.05AUG25.111:5.P,.0312500,.0468750,111.5000000,P,.0424718,502.7096800,575.3107702,540.3227271
XCME.GY1.05AUG25.110:25.C,1.7500000,1.7812500,110.2500000,C,1.7676815,,1082.9804977,1028.6091290
XCME.GY1.05AUG25.112:75.C,.0156250,.0312500,112.7500000,C,.0255389,538.3879534,643.1111614,594.8772918
XCME.GY1.05AUG25.112:5.C,.0468750,.0625000,112.5000000,C,.0532333,552.8268040,616.2499452,585.2289909
XCME.GY1.05AUG25.110:5.P,INVALID,.0069999,110.5000000,P,.0026708,,830.7588235,749.1632444
