Key,BID,ASK,STRIKE,ITYPE,ADJTHEOR,IVBID,IVASK,IVAVERAGE
XCME.ZN.SEP25,110.9218750,110.9375000,INVALID,F,,,,
XCME.ZN1.01AUG25.110:25.P,.0156250,.0312500,110.2500000,P,.0003087,1146.4703458,1373.3888417,1268.6914922
XCME.ZN1.01AUG25.110:5.P,.0468750,.0781250,110.5000000,P,.0055018,1155.1804652,1421.5424138,1292.9669183
