Key,BID,ASK,STRIKE,ITYPE,ADJTHEOR,IVBID,IVASK,IVAVERAGE
XCME.ZN.SEP25,112.1875000,112.2031250,INVALID,F,,,,
XCME.WY1.06AUG25.112:75.C,.0625000,.0937500,112.7500000,C,.0759575,565.3943462,666.1971035,617.1980631
XCME.WY1.06AUG25.112.C,.3437500,.3750000,112,C,.3581350,534.4931583,609.7462332,572.2412879
XCME.WY1.06AUG25.111.P,.0069999,.0156250,111,P,.0154045,575.9338739,668.3917182,627.3850351
XCME.WY1.06AUG25.112:25.C,.2187500,.2343750,112.2500000,C,.2234976,561.9673736,597.9228379,579.9471916
XCME.WY1.06AUG25.112:5.C,.1250000,.1406250,112.5000000,C,.1318678,568.8878432,608.9625651,589.0014174
XCME.WY1.06AUG25.111:25.P,.0156250,.0312500,111.2500000,P,.0261957,552.8399957,653.0440053,607.1453467
