Key,BID,ASK,STRIKE,ITYPE,ADJTHEOR,IVBID,IVASK,IVAVERAGE
XCME.ZN.SEP25,111.0312500,111.0468750,INVALID,F,,,,
XCME.ZN1.01AUG25.110:5.C,.5781250,.6093750,110.5000000,C,.5688709,705.8980239,906.6493702,812.8754778
XCME.ZN1.01AUG25.111:75.C,.0156250,.0312500,111.7500000,C,.0090490,723.2164964,865.4763339,799.9153626
