Key,BID,ASK,STRIKE,ITYPE,ADJTHEOR,IVBID,IVASK,IVAVERAGE
XCME.ZN.SEP25,112.0781250,112.0937500,INVALID,F,,,,
XCME.GY1.05AUG25.111:5.C,.6250000,.6406250,111.5000000,C,.6290139,434.4109018,622.3989282,541.0743496
XCME.GY1.05AUG25.110.C,2.0937500,2.1093750,110,C,2.1013964,,1196.6246211,1119.0588639
XCME.GY1.05AUG25.111:5.P,.0312500,.0468750,111.5000000,P,.0309522,565.0532497,642.7141383,605.3583440
XCME.GY1.05AUG25.110:25.C,1.8281250,1.8593750,110.2500000,C,1.8513395,,1076.8092679,1005.3108546
XCME.GY1.05AUG25.112:75.C,.0312500,.0468750,112.7500000,C,.0389242,601.7203931,681.9194512,643.3874845
XCME.GY1.05AUG25.112:5.C,.0625000,.0781250,112.5000000,C,.0746457,559.2011090,616.1839068,588.0805589
XCME.GY1.05AUG25.110:5.P,INVALID,.0069999,110.5000000,P,.0034588,,881.9888878,796.5446187
