Key,BID,ASK,STRIKE,ITYPE,ADJTHEOR,IVBID,IVASK,IVAVERAGE
XCME.ZN.SEP25,111.9062500,111.9218750,INVALID,F,,,,
XCME.ZN1.01AUG25.110:25.P,INVALID,.0069999,110.2500000,P,,,,
XCME.ZN1.01AUG25.110:75.P,INVALID,.0069999,110.7500000,P,.0027595,,1649.6316533,1480.7983981
XCME.ZN1.01AUG25.111:75.P,.0468750,.0625000,111.7500000,P,.0579424,716.3717070,837.8258785,777.7618962
XCME.ZN1.01AUG25.110.P,INVALID,.0069999,110,P,,,,
XCME.ZN1.01AUG25.110:5.P,INVALID,.0069999,110.5000000,P,.0039462,,1941.2921475,1749.5263540
XCME.ZN1.01AUG25.112:75.P,.8281250,.8593750,112.7500000,P,.8517216,,1394.2145944,
