Key,BID,ASK,STRIKE,ITYPE,ADJTHEOR,IVBID,IVASK,IVAVERAGE
XCME.ZN.SEP25,110.9531250,110.9687500,INVALID,F,,,,
XCME.ZN1.01AUG25.111:25.C,.1093750,.1250000,111.2500000,C,.0400636,1056.5685427,1139.1422615,1098.0453003
