Key,BID,ASK,STRIKE,ITYPE,ADJTHEOR,IVBID,IVASK,IVAVERAGE
XCME.ZN.SEP25,112.0312500,112.0468750,INVALID,F,,,,
XCME.VY1.04AUG25.112:75.P,.7031250,.7343750,112.7500000,P,.7204317,,803.3649425,681.0654065
XCME.VY1.04AUG25.111:25.P,INVALID,.0069999,111.2500000,P,.0058475,,669.8883459,594.8875283
XCME.VY1.04AUG25.111:5.P,.0069999,.0156250,111.5000000,P,.0145563,491.7441957,590.0413307,545.7937210
XCME.VY1.04AUG25.112:5.C,.0156250,.0312500,112.5000000,C,.0228522,525.7302326,643.3753428,588.6614679
XCME.VY1.04AUG25.110:25.P,INVALID,.0069999,110.2500000,P,.0032094,,1320.0475301,1194.4168003
XCME.VY1.04AUG25.111.P,INVALID,.0069999,111,P,.0034096,,837.5990658,748.6530744
XCME.VY1.04AUG25.110:75.P,INVALID,.0069999,110.7500000,P,.0027772,,1002.0593151,900.2281321
