Key,BID,ASK,STRIKE,ITYPE,ADJTHEOR,IVBID,IVASK,IVAVERAGE
XCME.ZN.SEP25,112.1093750,112.1250000,INVALID,F,,,,
XCME.GY1.05AUG25.110:75.C,1.3593750,1.3906250,110.7500000,C,1.3755078,,977.2167580,850.6989211
XCME.GY1.05AUG25.112:25.P,.2968750,.3125000,112.2500000,P,.3052875,620.1512348,664.5048049,642.3479037
XCME.GY1.05AUG25.113.C,.0156250,.0312500,113,C,.0300048,632.2181855,749.1951271,695.5676032
XCME.GY1.05AUG25.111.P,.0069999,.0312500,111,P,.0133003,658.3971798,895.3201814,798.5957701
XCME.GY1.05AUG25.112.C,.2812500,.3125000,112,C,.2934962,601.9469767,690.1285845,646.0982954
XCME.GY1.05AUG25.111:25.P,.0156250,.0312500,111.2500000,P,.0246261,622.8031512,738.5192345,685.4141700
XCME.GY1.05AUG25.110:25.P,INVALID,.0069999,110.2500000,P,.0047057,,1010.8435330,915.7661945
