Key,BID,ASK,STRIKE,ITYPE,ADJTHEOR,IVBID,IVASK,IVAVERAGE
XCME.ZN.SEP25,111.9062500,111.9218750,INVALID,F,,,,
XCME.VY1.04AUG25.111.C,.9062500,.9375000,111,C,.9224294,,919.3461937,765.8471412
XCME.VY1.04AUG25.110:5.C,1.4062500,1.4375000,110.5000000,C,1.4204195,,1289.9375945,1093.5912299
XCME.VY1.04AUG25.110.C,1.9062500,1.9375000,110,C,1.9208752,,1642.1536878,1407.4361199
XCME.VY1.04AUG25.110:75.C,1.1562500,1.1875000,110.7500000,C,1.1707759,,1107.5757449,931.7568034
XCME.VY1.04AUG25.110.P,INVALID,.0069999,110,P,.0033127,,1372.9290926,1244.8825789
XCME.VY1.04AUG25.111:25.C,.6562500,.6875000,111.2500000,C,.6781621,,721.8052581,590.6866987
