Key,BID,ASK,STRIKE,ITYPE,ADJTHEOR,IVBID,IVASK,IVAVERAGE
XCME.ZN.SEP25,112.0937500,112.1093750,INVALID,F,,,,
XCME.ZN1.01AUG25.112:75.P,.6250000,.6562500,112.7500000,P,.6441525,,1620.7864034,1492.3025609
XCME.ZN1.01AUG25.111:5.P,INVALID,.0069999,111.5000000,P,.0000351,,1372.2541659,1210.1642581
XCME.ZN1.01AUG25.111:25.P,INVALID,.0069999,111.2500000,P,.0000066,,1802.6419418,1602.1134823
XCME.ZN1.01AUG25.112:5.P,.3750000,.4062500,112.5000000,P,.3945012,,1112.3481479,1012.4368267
XCME.ZN1.01AUG25.110.C,2.0937500,2.1250000,110,C,2.1058750,,,
XCME.ZN1.01AUG25.112.P,.0069999,.0312500,112,P,.0169615,371.9144534,686.4378071,543.2793095
XCME.ZN1.01AUG25.112:25.C,.0069999,.0156250,112.2500000,C,.0106582,461.3329715,601.3901791,536.2852818
