Key,BID,ASK,STRIKE,ITYPE,ADJTHEOR,IVBID,IVASK,IVAVERAGE
XCME.ZN.SEP25,110.9062500,110.9218750,INVALID,F,,,,
XCME.ZN1.01AUG25.111.P,.2656250,.2812500,111,P,.1619395,1262.3498849,1352.1230483,1307.2521592
XCME.ZN1.01AUG25.110:75.C,.3125000,.3281250,110.7500000,C,.2177287,1243.2530573,1336.0479170,1289.7238732
