Key,BID,ASK,STRIKE,ITYPE,ADJTHEOR,IVBID,IVASK,IVAVERAGE
XCME.ZN.SEP25,111.9531250,111.9687500,INVALID,F,,,,
XCME.ZN1.01AUG25.111:5.C,.4531250,.4843750,111.5000000,C,.4936104,,987.7952416,566.2517156
XCME.ZN1.01AUG25.113.P,1.0156250,1.0468750,113,P,1.0200766,,1764.7641858,1855.4483524
XCME.ZN1.01AUG25.112:25.P,.2968750,.3281250,112.2500000,P,.3007556,666.6530255,1000.8465970,888.1806026
XCME.ZN1.01AUG25.111.C,.9531250,.9843750,111,C,.9860172,,1715.0079267,1079.6076177
XCME.ZN1.01AUG25.112.C,.0937500,.1250000,112,C,.1091301,749.1168239,964.9762652,857.1191813
XCME.VY1.04AUG25.111:75.P,.0781250,.0937500,111.7500000,P,.0818375,571.1086397,634.0110273,602.7517083
XCME.VY1.04AUG25.111:75.C,.2812500,.3125000,111.7500000,C,.2997753,574.4214325,698.7982400,637.2423565
