Key,BID,ASK,STRIKE,ITYPE,ADJTHEOR,IVBID,IVASK,IVAVERAGE
XCME.ZN.SEP25,112.1250000,112.1406250,INVALID,F,,,,
XCME.GY1.05AUG25.110:75.C,1.3750000,1.4062500,110.7500000,C,1.3886630,,1017.5205689,902.5447981
XCME.GY1.05AUG25.112:25.P,.2812500,.3125000,112.2500000,P,.2983225,597.7343868,686.2963335,642.0816937
XCME.GY1.05AUG25.113.C,.0156250,.0468750,113,C,.0300142,626.5804837,834.5686281,743.1050146
XCME.GY1.05AUG25.111.P,.0069999,.0312500,111,P,.0148077,666.0046825,904.9255238,807.4631335
XCME.GY1.05AUG25.112.C,.2812500,.3125000,112,C,.3024480,583.1678220,672.1179069,627.7251335
XCME.GY1.05AUG25.111:25.P,.0156250,.0312500,111.2500000,P,.0265160,631.0252194,747.9292741,694.2977531
XCME.GY1.05AUG25.110:25.P,INVALID,.0069999,110.2500000,P,.0050745,,1019.1232734,923.2411360
