Key,BID,ASK,STRIKE,ITYPE,ADJTHEOR,IVBID,IVASK,IVAVERAGE
XCME.ZN.SEP25,110.9843750,111,INVALID,F,,,,
XCME.ZN1.01AUG25.112:25.P,1.2500000,1.2812500,112.2500000,P,1.2580166,,1278.1729041,1108.8381591
XCME.ZN1.01AUG25.113.P,2,2.0156250,113,P,2.0078203,,1849.3376207,1629.0160449
