Key,BID,ASK,STRIKE,ITYPE,ADJTHEOR,IVBID,IVASK,IVAVERAGE
XCME.ZN.SEP25,112.0625000,112.0781250,INVALID,F,,,,
XCME.GY1.05AUG25.111:25.P,.0069999,.0156250,111.2500000,P,.0141127,508.8827599,599.3777873,558.9678386
XCME.GY1.05AUG25.110:25.P,INVALID,.0069999,110.2500000,P,.0033434,,986.6588829,893.8239024
XCME.GY1.05AUG25.111:5.C,.5781250,.6250000,111.5000000,C,.6140946,,609.7830497,506.7235006
XCME.GY1.05AUG25.110.C,2.0625000,2.0937500,110,C,2.0857932,,1185.9878642,1108.8641300
XCME.GY1.05AUG25.111:5.P,.0156250,.0468750,111.5000000,P,.0316574,458.0821133,629.8422889,553.1834813
XCME.GY1.05AUG25.110:25.C,1.8125000,1.8437500,110.2500000,C,1.8357809,,1066.3338376,995.2338140
XCME.GY1.05AUG25.112:75.C,.0156250,.0312500,112.7500000,C,.0283503,509.2248231,610.2795450,563.6573464
