Key,BID,ASK,STRIKE,ITYPE,ADJTHEOR,IVBID,IVASK,IVAVERAGE
XCME.ZN.SEP25,112.0781250,112.0937500,INVALID,F,,,,
XCME.VY1.04AUG25.112:25.P,.2187500,.2500000,112.2500000,P,.2415886,464.4670319,596.8419603,531.5368531
XCME.VY1.04AUG25.112.C,.1875000,.2031250,112,C,.1957735,525.9925377,587.2641088,556.6783888
XCME.VY1.04AUG25.112:75.C,.0069999,.0156250,112.7500000,C,.0104066,590.3721250,701.0105339,651.3901057
XCME.VY1.04AUG25.110:25.C,1.8281250,1.8593750,110.2500000,C,1.8426395,,1645.5758450,1408.3807883
XCME.WY1.06AUG25.110.C,2.0781250,2.1093750,110,C,2.0989497,,1038.7778989,839.3869638
XCME.WY1.06AUG25.113.P,.9218750,.9531250,113,P,.9306277,529.0396379,701.4569102,625.7366305
