Key,BID,ASK,STRIKE,ITYPE,ADJTHEOR,IVBID,IVASK,IVAVERAGE
XCME.ZN.SEP25,112.1093750,112.1250000,INVALID,F,,,,
XCME.GY1.05AUG25.111.C,1.1093750,1.1406250,111,C,1.1377812,297.4155109,888.1132412,758.7329637
XCME.GY1.05AUG25.112:25.C,.1562500,.1718750,112.2500000,C,.1761543,605.1334896,693.8049311,649.5554961
XCME.GY1.05AUG25.111:25.C,.8593750,.8906250,111.2500000,C,.8980879,617.1404916,822.1817566,731.9342450
XCME.GY1.05AUG25.111:75.C,.4375000,.4687500,111.7500000,C,.4628002,580.5599216,685.5296404,633.9003808
XCME.GY1.05AUG25.112:5.P,.4531250,.5000000,112.5000000,P,.4773700,551.4962259,714.8024354,635.6037940
XCME.GY1.05AUG25.113.P,.8906250,.9375000,113,P,.9080268,196.4116110,844.1456831,726.4943363
