Key,BID,ASK,STRIKE,ITYPE,ADJTHEOR,IVBID,IVASK,IVAVERAGE
XCME.ZN.SEP25,112.0937500,112.1093750,INVALID,F,,,,
XCME.GY1.05AUG25.110:5.P,INVALID,.0156250,110.5000000,P,.0059059,,1020.5963601,904.2019597
XCME.GY1.05AUG25.110:75.P,INVALID,.0156250,110.7500000,P,.0083089,,890.3073939,784.9510564
XCME.GY1.05AUG25.111:75.P,.0781250,.1093750,111.7500000,P,.0971520,575.4288064,680.2568683,628.6852249
XCME.GY1.05AUG25.112.P,.1562500,.1875000,112,P,.1828494,561.4209569,649.3474825,605.4391982
XCME.ZN1.01AUG25.112:75.C,INVALID,.0069999,112.7500000,C,.0000627,,1447.2623648,1278.6326234
XCME.ZN1.01AUG25.110:25.C,1.8437500,1.8750000,110.2500000,C,1.8550625,,,
