Key,BID,ASK,STRIKE,ITYPE,ADJTHEOR,IVBID,IVASK,IVAVERAGE
XCME.ZN.SEP25,112.0312500,112.0468750,INVALID,F,,,,
XCME.VY1.04AUG25.113.C,INVALID,.0069999,113,C,.0047404,,790.4489562,706.0814738
XCME.VY1.04AUG25.112:25.P,.2656250,.2968750,112.2500000,P,.2825700,462.9318658,604.4354536,535.4937654
XCME.VY1.04AUG25.112.C,.1562500,.1718750,112,C,.1557954,529.2544581,587.6743237,558.4685100
XCME.VY1.04AUG25.112:75.C,.0069999,.0156250,112.7500000,C,.0089652,618.1959214,731.9352605,680.9946120
XCME.VY1.04AUG25.110:25.C,1.7812500,1.7968750,110.2500000,C,1.7826375,1182.1711450,1555.3592750,1489.4521772
XCME.GY1.05AUG25.110.P,INVALID,.0069999,110,P,.0052292,,1065.9601140,966.8334557
XCME.GY1.05AUG25.110:5.C,1.5312500,1.5468750,110.5000000,C,1.5331822,756.4612715,1005.0482257,960.9333513
