Key,BID,ASK,STRIKE,ITYPE,ADJTHEOR,IVBID,IVASK,IVAVERAGE
XCME.ZN.SEP25,111.0937500,111.1093750,INVALID,F,,,,
XCME.ZN1.01AUG25.112:75.P,1.6406250,1.6562500,112.7500000,P,1.6363411,1165.6690295,1508.9416419,1373.6484059
XCME.ZN1.01AUG25.111:75.P,.6718750,.7031250,111.7500000,P,.6484511,853.6429595,1055.7357252,960.2318928
