Key,BID,ASK,STRIKE,ITYPE,ADJTHEOR,IVBID,IVASK,IVAVERAGE
XCME.ZN.SEP25,110.9375000,110.9531250,INVALID,F,,,,
XCME.ZN1.01AUG25.111.P,.2500000,.2656250,111,P,.1517881,1204.0456494,1290.1317970,1247.0964073
XCME.ZN1.01AUG25.110:75.C,.3281250,.3593750,110.7500000,C,.2389775,1199.7513276,1380.4243385,1290.4247500
