Key,BID,ASK,STRIKE,ITYPE,ADJTHEOR,IVBID,IVASK,IVAVERAGE
XCME.ZN.SEP25,112.1250000,112.1406250,INVALID,F,,,,
XCME.GY1.05AUG25.112:5.C,.0781250,.0937500,112.5000000,C,.0827326,580.7173841,632.9735117,607.0944592
XCME.GY1.05AUG25.110:5.P,INVALID,.0069999,110.5000000,P,.0043779,,869.1040761,785.5046261
XCME.GY1.05AUG25.110:75.P,INVALID,.0069999,110.7500000,P,.0048383,,755.5170930,680.5295827
XCME.GY1.05AUG25.111:75.P,.0625000,.0781250,111.7500000,P,.0703107,519.9171343,574.4274527,547.5301474
XCME.GY1.05AUG25.112.P,.1406250,.1562500,112,P,.1516292,523.2824905,566.3344214,544.8324649
XCME.ZN1.01AUG25.112:75.C,INVALID,.0069999,112.7500000,C,.0032345,,1054.4827529,930.8237646
XCME.ZN1.01AUG25.110:25.C,1.8593750,1.8906250,110.2500000,C,,,,
