Key,BID,ASK,STRIKE,ITYPE,ADJTHEOR,IVBID,IVASK,IVAVERAGE
XCME.ZN.SEP25,112.0468750,112.0625000,INVALID,F,,,,
XCME.VY1.04AUG25.111.P,INVALID,.0069999,111,P,.0033074,,861.8684275,770.9486320
XCME.VY1.04AUG25.110:75.P,INVALID,.0069999,110.7500000,P,.0027018,,1028.3542860,924.2823158
XCME.VY1.04AUG25.112.P,.1093750,.1250000,112,P,.1182372,512.2887557,572.4397462,542.3835587
XCME.VY1.04AUG25.111:5.C,.5468750,.5781250,111.5000000,C,.5682418,,687.8666466,580.1153379
XCME.VY1.04AUG25.112:25.C,.0625000,.0781250,112.2500000,C,.0690908,529.4875324,597.8967809,563.9829376
XCME.VY1.04AUG25.110:5.P,INVALID,.0069999,110.5000000,P,.0027923,,1190.8776736,1074.5190684
XCME.VY1.04AUG25.112:5.P,.4531250,.4843750,112.5000000,P,.4711623,430.0686311,684.0773365,577.9703917
