Key,BID,ASK,STRIKE,ITYPE,ADJTHEOR,IVBID,IVASK,IVAVERAGE
XCME.ZN.SEP25,111.9531250,111.9687500,INVALID,F,,,,
XCME.GY1.05AUG25.110:75.P,INVALID,.0069999,110.7500000,P,.0047223,,681.9687527,612.3904160
XCME.GY1.05AUG25.111:75.P,.1093750,.1406250,111.7500000,P,.1255553,536.2752963,626.7386199,581.7987441
XCME.GY1.05AUG25.112.P,.2343750,.2500000,112,P,.2406063,586.7377125,628.4165855,607.5779912
XCME.VY1.04AUG25.111:75.P,.0781250,.0937500,111.7500000,P,.0835045,590.4756944,654.0201541,622.4506399
XCME.VY1.04AUG25.111:75.C,.2812500,.3125000,111.7500000,C,.3014418,528.4051744,657.2825863,593.8202698
XCME.VY1.04AUG25.112:75.P,.7812500,.8125000,112.7500000,P,.7951344,,880.7611289,776.5498081
XCME.VY1.04AUG25.111:25.P,.0069999,.0156250,111.2500000,P,.0114794,593.6418299,702.4960236,653.7394705
