Key,BID,ASK,STRIKE,ITYPE,ADJTHEOR,IVBID,IVASK,IVAVERAGE
XCME.ZN.SEP25,110.9531250,110.9687500,INVALID,F,,,,
XCME.ZN1.01AUG25.110:25.C,.7187500,.7500000,110.2500000,C,.6994224,1125.0494447,1477.9235913,1318.0823432
XCME.ZN1.01AUG25.112:75.C,INVALID,.0069999,112.7500000,C,0,,1965.1199626,1778.1083605
