Key,BID,ASK,STRIKE,ITYPE,ADJTHEOR,IVBID,IVASK,IVAVERAGE
XCME.ZN.SEP25,112.1250000,112.1406250,INVALID,F,,,,
XCME.GY1.05AUG25.111:25.P,.0156250,.0312500,111.2500000,P,.0240161,633.0168225,750.1240490,696.3848651
XCME.GY1.05AUG25.110:25.P,INVALID,.0069999,110.2500000,P,.0047208,,1020.6746308,924.7665002
XCME.GY1.05AUG25.111:5.C,.6562500,.6875000,111.5000000,C,.6784605,546.5398426,708.9392589,634.2552567
XCME.GY1.05AUG25.110.C,2.1250000,2.1562500,110,C,2.1368972,,1393.9783679,1230.1323859
XCME.GY1.05AUG25.111:5.P,.0312500,.0468750,111.5000000,P,.0456479,592.6831231,672.7255786,634.2552759
XCME.GY1.05AUG25.110:25.C,1.8750000,1.9062500,110.2500000,C,1.8875333,,1261.4195559,1109.1551830
