Key,BID,ASK,STRIKE,ITYPE,ADJTHEOR,IVBID,IVASK,IVAVERAGE
XCME.ZN.SEP25,111.6875000,111.7031250,INVALID,F,,,,
XCME.WY1.06AUG25.110:5.C,1.1718750,1.2031250,110.5000000,C,1.1864450,,698.8719075,671.8982963
XCME.WY1.06AUG25.112.P,.4218750,.4531250,112,P,.4396823,497.3401374,576.4143276,537.2809045
XCME.WY1.06AUG25.110:75.C,.9375000,.9531250,110.7500000,C,.9437027,467.7541035,582.7745363,558.9172690
XCME.WY1.06AUG25.111:5.P,.1406250,.1562500,111.5000000,P,.1530826,481.3638036,517.5095259,499.4690579
XCME.WY1.06AUG25.111.C,.7343750,.7656250,111,C,.7122243,592.6634860,698.2662600,647.3000990
XCME.VY1.04AUG25.111:75.P,.2031250,.2187500,111.7500000,P,.2078278,608.5113927,664.2611335,636.3966994
XCME.VY1.04AUG25.111:75.C,.1406250,.1718750,111.7500000,C,.1488278,596.0111794,707.4709568,651.7802102
