Key,BID,ASK,STRIKE,ITYPE,ADJTHEOR,IVBID,IVASK,IVAVERAGE
XCME.ZN.SEP25,112.1250000,112.1406250,INVALID,F,,,,
XCME.WY1.06AUG25.110:5.P,.0069999,.0156250,110.5000000,P,.0111779,741.1974273,851.1623715,802.5913582
XCME.WY1.06AUG25.110:25.C,1.8750000,1.9062500,110.2500000,C,1.8798289,757.5794135,1123.8963836,1030.1716940
XCME.WY1.06AUG25.112:5.P,.4843750,.5156250,112.5000000,P,.5089327,573.2970248,656.8524293,615.5214887
XCME.WY1.06AUG25.111:5.C,.6875000,.7187500,111.5000000,C,.6932605,617.5178356,719.8313417,670.0830057
XCME.WY1.06AUG25.110:25.P,.0069999,.0156250,110.2500000,P,.0083289,836.3313218,956.3173056,903.4225943
XCME.WY1.06AUG25.111:75.P,.1093750,.1406250,111.7500000,P,.1252810,577.2498341,660.2179496,619.1527058
XCME.WY1.06AUG25.112:75.P,.7031250,.7343750,112.7500000,P,.7080788,651.8122319,751.4969169,702.8385884
