Key,BID,ASK,STRIKE,ITYPE,ADJTHEOR,IVBID,IVASK,IVAVERAGE
XCME.ZN.SEP25,111.0937500,111.1093750,INVALID,F,,,,
XCME.ZN1.01AUG25.110.P,INVALID,.0156250,110,P,.0003756,,1049.4234959,918.7554367
XCME.ZN1.01AUG25.110:75.P,.0937500,.1093750,110.7500000,P,.0469031,876.9505932,948.4466777,912.9481616
