Key,BID,ASK,STRIKE,ITYPE,ADJTHEOR,IVBID,IVASK,IVAVERAGE
XCME.ZN.SEP25,112.1562500,112.1718750,INVALID,F,,,,
XCME.ZN1.01AUG25.111:5.C,.6406250,.6718750,111.5000000,C,.6640632,,,
XCME.ZN1.01AUG25.113.P,.8281250,.8593750,113,P,.8359367,,,
XCME.ZN1.01AUG25.112:25.P,.0937500,.1093750,112.2500000,P,.0987299,391.9782091,1013.4776332,726.3980505
XCME.ZN1.01AUG25.111.C,1.1406250,1.1718750,111,C,1.1640623,,,
XCME.ZN1.01AUG25.112.C,.1562500,.1875000,112,C,.1674159,,608.2232690,506.6258477
XCME.VY1.04AUG25.111:75.P,.0312500,.0468750,111.7500000,P,.0331447,631.6071858,729.3847644,682.1245033
XCME.VY1.04AUG25.111:75.C,.4218750,.4531250,111.7500000,C,.4507081,382.3719675,659.9711302,549.1873370
