Key,BID,ASK,STRIKE,ITYPE,ADJTHEOR,IVBID,IVASK,IVAVERAGE
XCME.ZN.SEP25,110.9843750,111,INVALID,F,,,,
XCME.ZN1.01AUG25.111.C,.2187500,.2500000,111,C,.1688147,855.1356975,977.2979997,916.2168513
XCME.ZN1.01AUG25.111:25.P,.3750000,.4062500,111.2500000,P,.3218428,960.2954037,1026.2754233,993.3698448
