Key,BID,ASK,STRIKE,ITYPE,ADJTHEOR,IVBID,IVASK,IVAVERAGE
XCME.ZN.SEP25,112.1250000,112.1406250,INVALID,F,,,,
XCME.ZN1.01AUG25.110:5.C,1.6250000,1.6562500,110.5000000,C,1.6336249,,,
XCME.ZN1.01AUG25.110:75.C,1.3750000,1.4062500,110.7500000,C,1.3836249,,,
XCME.ZN1.01AUG25.111.P,INVALID,.0069999,111,P,0,,,
XCME.ZN1.01AUG25.113.C,INVALID,.0069999,113,C,.0000024,,1880.6042234,1670.1019957
XCME.ZN1.01AUG25.112:5.C,INVALID,.0069999,112.5000000,C,.0003015,,957.8867207,832.8926399
XCME.ZN1.01AUG25.111:5.C,.6250000,.6562500,111.5000000,C,.6336435,,1924.1479306,1613.0716022
XCME.ZN1.01AUG25.113.P,.8437500,.8750000,113,P,.8663774,,1958.2240921,1754.3293352
