Key,BID,ASK,STRIKE,ITYPE,ADJTHEOR,IVBID,IVASK,IVAVERAGE
XCME.ZN.SEP25,112.0312500,112.0468750,INVALID,F,,,,
XCME.VY1.04AUG25.113.C,INVALID,.0069999,113,C,.0049164,,790.4489562,706.0814738
XCME.VY1.04AUG25.112:25.P,.2656250,.2968750,112.2500000,P,.2882943,462.9318658,604.4354536,535.4937654
XCME.VY1.04AUG25.112.C,.1562500,.1718750,112,C,.1629250,529.2544581,587.6743237,558.4685100
XCME.VY1.04AUG25.112:75.C,.0069999,.0156250,112.7500000,C,.0098084,618.1959214,731.9352605,680.9946120
XCME.VY1.04AUG25.110:25.C,1.7812500,1.7968750,110.2500000,C,1.7825715,1182.1711450,1763.0092033,1613.8863331
XCME.ZN1.01AUG25.112:75.C,INVALID,.0069999,112.7500000,C,.0000826,,1321.0436373,1169.3742628
XCME.ZN1.01AUG25.110:25.C,1.7812500,1.8125000,110.2500000,C,1.7890628,,,
