Key,BID,ASK,STRIKE,ITYPE,ADJTHEOR,IVBID,IVASK,IVAVERAGE
XCME.ZN.SEP25,112.1406250,112.1562500,INVALID,F,,,,
XCME.GY1.05AUG25.111:5.C,.6718750,.7031250,111.5000000,C,.6871443,580.6531536,739.7892052,665.9117720
XCME.GY1.05AUG25.110.C,2.1406250,2.1718750,110,C,2.1494100,,1451.6160874,1303.6517453
XCME.GY1.05AUG25.111:5.P,.0312500,.0468750,111.5000000,P,.0422068,605.8267272,687.1436331,648.0693655
XCME.GY1.05AUG25.110:25.C,1.8906250,1.9218750,110.2500000,C,1.9001448,,1315.5859963,1177.5218244
XCME.GY1.05AUG25.112:75.C,.0468750,.0625000,112.7500000,C,.0503651,658.7586231,728.9649189,694.7084995
XCME.GY1.05AUG25.112:5.C,.0937500,.1093750,112.5000000,C,.0938801,639.8736112,692.0359739,666.1353196
