Key,BID,ASK,STRIKE,ITYPE,ADJTHEOR,IVBID,IVASK,IVAVERAGE
XCME.ZN.SEP25,112.1406250,112.1562500,INVALID,F,,,,
XCME.WY1.06AUG25.110:5.C,1.6406250,1.6718750,110.5000000,C,1.6559950,812.0037709,1067.3640600,960.9649699
XCME.WY1.06AUG25.112.P,.1875000,.2031250,112,P,.1970765,578.7498233,615.3125711,597.0448430
XCME.WY1.06AUG25.110:75.C,1.4062500,1.4218750,110.7500000,C,1.4106788,709.3063235,943.2171007,845.1617770
XCME.WY1.06AUG25.111:5.P,.0468750,.0625000,111.5000000,P,.0665146,561.0828379,673.6406493,619.6952460
XCME.WY1.06AUG25.111.C,1.1562500,1.1875000,111,C,1.1689509,726.2590490,890.8217134,815.4399609
XCME.ZN1.01AUG25.112:75.C,INVALID,.0069999,112.7500000,C,.0000009,,1531.7831240,1350.5049827
XCME.ZN1.01AUG25.110:25.C,1.8906250,1.9218750,110.2500000,C,1.8949375,,,
