Key,BID,ASK,STRIKE,ITYPE,ADJTHEOR,IVBID,IVASK,IVAVERAGE
XCME.ZN.SEP25,110.8593750,110.8750000,INVALID,F,,,,
XCME.WY1.06AUG25.111:75.C,.0468750,.0625000,111.7500000,C,,,,
XCME.WY1.06AUG25.113.C,INVALID,.0156250,113,C,,,,
XCME.WY1.06AUG25.110.P,.0312500,.0625000,110,P,,,,
XCME.WY1.06AUG25.110:75.P,.2343750,.2656250,110.7500000,P,,,,
XCME.WY1.06AUG25.112:25.P,1.3906250,1.4062500,112.2500000,P,,,,
XCME.WY1.06AUG25.111:25.C,.1406250,.1562500,111.2500000,C,,,,
