Key,BID,ASK,STRIKE,ITYPE,ADJTHEOR,IVBID,IVASK,IVAVERAGE
XCME.ZN.SEP25,110.9375000,110.9531250,INVALID,F,,,,
XCME.ZN1.01AUG25.110:25.C,.7031250,.7343750,110.2500000,C,.6886872,978.7090322,1172.7063270,1083.1992862
XCME.ZN1.01AUG25.112:75.C,INVALID,.0069999,112.7500000,C,0,,1845.7629481,1671.3827039
