Key,BID,ASK,STRIKE,ITYPE,ADJTHEOR,IVBID,IVASK,IVAVERAGE
XCME.ZN.SEP25,112.0156250,112.0312500,INVALID,F,,,,
XCME.GY1.05AUG25.112:75.C,.0156250,.0312500,112.7500000,C,.0298357,528.4973162,632.1454784,584.3619983
XCME.GY1.05AUG25.112:5.C,.0468750,.0625000,112.5000000,C,.0578908,537.4048384,600.2689638,569.5109964
XCME.GY1.05AUG25.110:5.P,INVALID,.0069999,110.5000000,P,.0035727,,850.2630927,767.0211630
XCME.GY1.05AUG25.110:75.P,INVALID,.0069999,110.7500000,P,.0045329,,733.2222805,658.7113312
XCME.GY1.05AUG25.111:75.P,.0781250,.0937500,111.7500000,P,.0817462,518.9845326,569.7462810,544.5690065
XCME.GY1.05AUG25.112.P,.1718750,.1875000,112,P,.1750051,526.3286795,569.2249249,547.7798333
