Key,BID,ASK,STRIKE,ITYPE,ADJTHEOR,IVBID,IVASK,IVAVERAGE
XCME.ZN.SEP25,112.0156250,112.0312500,INVALID,F,,,,
XCME.ZN1.01AUG25.111:25.C,.7656250,.7812500,111.2500000,C,.7769452,,1341.1810912,981.2815829
XCME.ZN1.01AUG25.111:75.C,.2656250,.2812500,111.7500000,C,.2784920,,581.2543746,396.4907445
XCME.ZN1.01AUG25.110:5.C,1.5156250,1.5312500,110.5000000,C,1.5269374,,,1791.4007989
XCME.ZN1.01AUG25.110:75.C,1.2656250,1.2812500,110.7500000,C,1.2769373,,,1523.2094466
XCME.ZN1.01AUG25.111.P,INVALID,.0069999,111,P,0,,1827.7225756,1633.0492812
XCME.ZN1.01AUG25.113.C,INVALID,.0069999,113,C,0,,1754.8225246,1568.6855764
