Key,BID,ASK,STRIKE,ITYPE,ADJTHEOR,IVBID,IVASK,IVAVERAGE
XCME.ZN.SEP25,111.8437500,111.8593750,INVALID,F,,,,
XCME.ZN1.01AUG25.111:25.C,.5781250,.6093750,111.2500000,C,.6005282,,1145.5512649,1070.5801733
XCME.ZN1.01AUG25.111:75.C,.1562500,.1875000,111.7500000,C,.1732761,693.7683367,915.8956876,805.6021885
XCME.ZN1.01AUG25.110:5.C,1.3281250,1.3593750,110.5000000,C,1.3464695,,,
XCME.ZN1.01AUG25.110:75.C,1.0781250,1.1093750,110.7500000,C,1.0958044,,1838.1257926,1735.5091786
XCME.ZN1.01AUG25.111.P,INVALID,.0069999,111,P,.0026853,,1278.2385035,1139.2694121
XCME.ZN1.01AUG25.113.C,INVALID,.0069999,113,C,.0009055,,1650.2616233,1478.7603800
XCME.ZN1.01AUG25.112:5.C,INVALID,.0069999,112.5000000,C,.0014094,,1042.6501120,921.3755571
