Key,BID,ASK,STRIKE,ITYPE,ADJTHEOR,IVBID,IVASK,IVAVERAGE
XCME.ZN.SEP25,112.1250000,112.1406250,INVALID,F,,,,
XCME.ZN1.01AUG25.111:25.C,.8593750,.8906250,111.2500000,C,.8979366,,,
XCME.ZN1.01AUG25.111:75.C,.3593750,.4062500,111.7500000,C,.4021252,,,
XCME.ZN1.01AUG25.110:5.C,1.6093750,1.7187500,110.5000000,C,,,,
XCME.ZN1.01AUG25.110:75.C,1.3593750,1.4687500,110.7500000,C,1.3994959,,,
XCME.ZN1.01AUG25.111.P,INVALID,.0069999,111,P,.0004924,,1732.1744810,1554.9812714
XCME.ZN1.01AUG25.113.C,INVALID,.0069999,113,C,.0022759,,1341.3994788,1189.8547520
XCME.ZN1.01AUG25.112:5.C,.0069999,.0156250,112.5000000,C,.0140139,669.6585889,821.3159814,752.3556496
