Key,BID,ASK,STRIKE,ITYPE,ADJTHEOR,IVBID,IVASK,IVAVERAGE
XCME.ZN.SEP25,111.8437500,111.8593750,INVALID,F,,,,
XCME.WY1.06AUG25.113.C,.0156250,.0312500,113,C,.0200261,622.7529627,728.5179269,680.2347447
XCME.WY1.06AUG25.110.P,INVALID,.0069999,110,P,.0038139,,800.6718003,725.1056397
XCME.WY1.06AUG25.110:75.P,.0069999,.0156250,110.7500000,P,.0105631,518.8400025,603.4311079,565.7802431
XCME.WY1.06AUG25.112:25.P,.5000000,.5156250,112.2500000,P,.5072922,556.5928274,598.0542530,577.4607152
XCME.WY1.06AUG25.111:25.C,.6406250,.6562500,111.2500000,C,.6514691,487.5307218,545.8481415,517.5528711
XCME.WY1.06AUG25.110:5.P,INVALID,.0156250,110.5000000,P,.0061158,,710.0749122,625.8490128
XCME.WY1.06AUG25.110:25.C,1.5937500,1.6093750,110.2500000,C,1.6059999,,721.0874186,649.6102158
