Key,BID,ASK,STRIKE,ITYPE,ADJTHEOR,IVBID,IVASK,IVAVERAGE
XCME.ZN.SEP25,111.9843750,112,INVALID,F,,,,
XCME.VY1.04AUG25.110:75.P,INVALID,.0069999,110.7500000,P,.0034791,,922.0707813,827.8074239
XCME.VY1.04AUG25.112.P,.1718750,.1875000,112,P,.1811275,579.9036577,635.9975841,607.9520157
XCME.VY1.04AUG25.111:5.C,.5000000,.5312500,111.5000000,C,.5108455,553.4416607,750.2039218,660.0600733
XCME.VY1.04AUG25.112:25.C,.0625000,.0937500,112.2500000,C,.0718194,585.0740260,718.8624746,653.1825819
XCME.VY1.04AUG25.110:5.P,INVALID,.0069999,110.5000000,P,.0030181,,1076.5610735,970.4282099
XCME.VY1.04AUG25.112:5.P,.5312500,.5468750,112.5000000,P,.5491131,508.4038535,638.8195352,579.7890165
