Key,BID,ASK,STRIKE,ITYPE,ADJTHEOR,IVBID,IVASK,IVAVERAGE
XCME.ZN.SEP25,111.9375000,111.9531250,INVALID,F,,,,
XCME.GY1.05AUG25.111.C,.9375000,.9687500,111,C,.9514689,,742.4196902,650.3423421
XCME.GY1.05AUG25.112:25.C,.0781250,.1093750,112.2500000,C,.0943703,526.7159803,626.7182828,577.4428383
XCME.GY1.05AUG25.111:25.C,.7031250,.7343750,111.2500000,C,.7139227,478.8876285,676.1474360,591.3182925
XCME.GY1.05AUG25.111:75.C,.2968750,.3281250,111.7500000,C,.3125956,501.5596737,592.4833491,547.2948177
XCME.GY1.05AUG25.112:5.P,.5781250,.6093750,112.5000000,P,.6061581,465.9231305,623.1687541,551.4754130
XCME.GY1.05AUG25.113.P,1.0468750,1.0781250,113,P,1.0721387,,755.7953008,633.2059274
XCME.GY1.05AUG25.112:75.P,.8125000,.8437500,112.7500000,P,.8336366,447.1649445,711.3355898,610.3299176
