Key,BID,ASK,STRIKE,ITYPE,ADJTHEOR,IVBID,IVASK,IVAVERAGE
XCME.ZN.SEP25,110.9375000,110.9531250,INVALID,F,,,,
XCME.ZN1.01AUG25.110:25.C,.7187500,.7343750,110.2500000,C,.7192463,.9900000,1081.3139684,931.8915614
XCME.ZN1.01AUG25.112:75.C,INVALID,.0069999,112.7500000,C,0,,1947.0670433,1761.1012203
