Key,BID,ASK,STRIKE,ITYPE,ADJTHEOR,IVBID,IVASK,IVAVERAGE
XCME.ZN.SEP25,112.1093750,112.1250000,INVALID,F,,,,
XCME.WY1.06AUG25.112.P,.2031250,.2187500,112,P,.2165023,583.4610600,619.6085570,601.5428037
XCME.WY1.06AUG25.110:75.C,1.3750000,1.4062500,110.7500000,C,1.3813810,695.2178182,925.8625724,829.1431374
XCME.WY1.06AUG25.111:5.P,.0625000,.0781250,111.5000000,P,.0763036,599.3324047,652.3708574,626.2999201
XCME.WY1.06AUG25.111.C,1.1250000,1.1562500,111,C,1.1411702,590.0689938,797.8449391,710.0043050
XCME.GY1.05AUG25.110.P,INVALID,.0069999,110,P,.0043374,,1129.0809265,1025.5453331
XCME.GY1.05AUG25.110:5.C,1.6093750,1.6406250,110.5000000,C,1.6207272,,1152.9575770,1027.4304907
