Key,BID,ASK,STRIKE,ITYPE,ADJTHEOR,IVBID,IVASK,IVAVERAGE
XCME.ZN.SEP25,112.0468750,112.0625000,INVALID,F,,,,
XCME.WY1.06AUG25.110.P,INVALID,.0069999,110,P,.0040691,,889.7703583,807.4807204
XCME.WY1.06AUG25.110:75.P,.0069999,.0156250,110.7500000,P,.0079303,607.4583357,702.7177301,660.5317493
XCME.WY1.06AUG25.112:25.P,.3437500,.3750000,112.2500000,P,.3510064,564.8382268,601.4207163,583.1544726
XCME.WY1.06AUG25.111:25.C,.8125000,.8437500,111.2500000,C,.8345511,508.5860049,591.7407074,552.8513759
XCME.WY1.06AUG25.110:5.P,INVALID,.0156250,110.5000000,P,.0055935,,808.8423707,715.8015428
XCME.WY1.06AUG25.110:25.C,1.7968750,1.8125000,110.2500000,C,1.8127453,,955.9301284,817.4191018
