Key,BID,ASK,STRIKE,ITYPE,ADJTHEOR,IVBID,IVASK,IVAVERAGE
XCME.ZN.SEP25,111.7656250,111.7812500,INVALID,F,,,,
XCME.VY1.04AUG25.110.C,1.7500000,1.7812500,110,C,1.7444407,1259.0892453,1699.3233836,1658.9443489
XCME.VY1.04AUG25.110:75.C,.9843750,1.0312500,110.7500000,C,.9963138,,982.2953627,1019.0111382
XCME.VY1.04AUG25.110.P,INVALID,.0069999,110,P,.0030657,,1217.6583525,1101.0874693
XCME.VY1.04AUG25.111:25.C,.5156250,.5468750,111.2500000,C,.5180681,587.0423611,774.0131780,709.8155424
XCME.VY1.04AUG25.113.P,1.2500000,1.2812500,113,P,1.2624439,,1162.9437863,929.3902683
XCME.VY1.04AUG25.113.C,INVALID,.0069999,113,C,.0038189,,929.3902683,835.5023677
