Key,BID,ASK,STRIKE,ITYPE,ADJTHEOR,IVBID,IVASK,IVAVERAGE
XCME.ZN.SEP25,112.1093750,112.1250000,INVALID,F,,,,
XCME.WY1.06AUG25.110:75.C,1.3750000,1.4062500,110.7500000,C,1.3813810,695.2178182,925.8625724,829.1431374
XCME.WY1.06AUG25.111:5.P,.0625000,.0781250,111.5000000,P,.0763036,599.3324047,652.3708574,626.2999201
XCME.WY1.06AUG25.111.C,1.1250000,1.1562500,111,C,1.1411702,590.0689938,797.8449391,710.0043050
XCME.VY1.04AUG25.111:75.P,.0312500,.0468750,111.7500000,P,.0447040,568.5109486,661.3372439,616.3949805
XCME.VY1.04AUG25.111:75.C,.4062500,.4375000,111.7500000,C,.4083912,636.8339774,802.7820260,722.7746631
XCME.VY1.04AUG25.112:75.P,.6406250,.6718750,112.7500000,P,.6549060,535.1592978,868.6238884,738.9463248
XCME.VY1.04AUG25.111:25.P,.0069999,.0156250,111.2500000,P,.0092083,741.5418388,872.8784548,814.2960724
