Key,BID,ASK,STRIKE,ITYPE,ADJTHEOR,IVBID,IVASK,IVAVERAGE
XCME.ZN.SEP25,111,111.0156250,INVALID,F,,,,
XCME.ZN1.01AUG25.110.C,.9843750,1.0156250,110,C,.9894305,908.9146570,1240.6569374,1099.7673264
