Key,BID,ASK,STRIKE,ITYPE,ADJTHEOR,IVBID,IVASK,IVAVERAGE
XCME.ZN.SEP25,112.1250000,112.1406250,INVALID,F,,,,
XCME.GY1.05AUG25.112:5.C,.0937500,.1093750,112.5000000,C,.0987332,647.1891017,699.3772187,673.4683750
XCME.GY1.05AUG25.110:5.P,INVALID,.0156250,110.5000000,P,.0062879,,1042.3918582,923.7357384
XCME.GY1.05AUG25.110:75.P,.0069999,.0156250,110.7500000,P,.0088199,789.9445181,911.6707432,857.7886030
XCME.GY1.05AUG25.111:75.P,.0781250,.0937500,111.7500000,P,.0893789,606.2693783,660.7274005,633.7611812
XCME.GY1.05AUG25.112.P,.1562500,.1718750,112,P,.1684536,601.2500554,645.9356909,623.6152665
XCME.ZN1.01AUG25.112:75.C,INVALID,.0069999,112.7500000,C,.0000166,,1494.7921512,1319.1416453
XCME.ZN1.01AUG25.110:25.C,1.8750000,1.9062500,110.2500000,C,1.8836250,,,
