Key,BID,ASK,STRIKE,ITYPE,ADJTHEOR,IVBID,IVASK,IVAVERAGE
XCME.ZN.SEP25,112.1093750,112.1250000,INVALID,F,,,,
XCME.GY1.05AUG25.111:25.C,.8750000,.9062500,111.2500000,C,.8971951,474.9886967,767.3532796,658.5761497
XCME.GY1.05AUG25.111:75.C,.4375000,.4687500,111.7500000,C,.4638434,552.5286349,662.2187512,608.5237723
XCME.GY1.05AUG25.112:5.P,.4687500,.4843750,112.5000000,P,.4741590,590.5420047,698.1401045,645.2974912
XCME.GY1.05AUG25.113.P,.8906250,.9218750,113,P,.9092131,599.4227459,823.3419025,727.4032419
XCME.GY1.05AUG25.112:75.P,.6718750,.7031250,112.7500000,P,.6811288,655.6506673,794.1293123,727.9604723
XCME.GY1.05AUG25.110:75.C,1.3593750,1.3906250,110.7500000,C,1.3805969,,943.4853350,791.9429358
