Key,BID,ASK,STRIKE,ITYPE,ADJTHEOR,IVBID,IVASK,IVAVERAGE
XCME.ZN.SEP25,112.1093750,112.1250000,INVALID,F,,,,
XCME.GY1.05AUG25.112:75.C,.0468750,.0625000,112.7500000,C,.0539319,671.1963095,741.7032449,707.2995449
XCME.GY1.05AUG25.112:5.C,.0781250,.1093750,112.5000000,C,.0977749,601.9742177,708.4748941,656.1151465
XCME.GY1.05AUG25.110:5.P,INVALID,.0156250,110.5000000,P,.0063926,,1033.2076195,915.5729358
XCME.GY1.05AUG25.110:75.P,.0069999,.0156250,110.7500000,P,.0090641,782.0283996,902.7551323,849.2815676
XCME.GY1.05AUG25.111:75.P,.0781250,.0937500,111.7500000,P,.0944289,593.7966277,647.7594398,621.0356428
XCME.GY1.05AUG25.112.P,.1562500,.1875000,112,P,.1761601,585.4689737,674.1062240,629.8579878
