Key,BID,ASK,STRIKE,ITYPE,ADJTHEOR,IVBID,IVASK,IVAVERAGE
XCME.ZN.SEP25,110.8593750,110.8750000,INVALID,F,,,,
XCME.ZN1.01AUG25.111:25.C,.0625000,.0937500,111.2500000,C,.0105846,1159.4905378,1391.7763178,1278.3214074
