Key,BID,ASK,STRIKE,ITYPE,ADJTHEOR,IVBID,IVASK,IVAVERAGE
XCME.ZN.SEP25,110.8750000,110.8906250,INVALID,F,,,,
XCME.ZN1.01AUG25.111.C,.1718750,.1875000,111,C,.0637745,1326.5123218,1420.7664531,1373.6705970
XCME.ZN1.01AUG25.111:25.P,.4375000,.4687500,111.2500000,P,.3759160,1223.4480130,1451.0292769,1339.2471778
