Key,BID,ASK,STRIKE,ITYPE,ADJTHEOR,IVBID,IVASK,IVAVERAGE
XCME.ZN.SEP25,111.9531250,111.9687500,INVALID,F,,,,
XCME.VY1.04AUG25.112:75.P,.7968750,.8281250,112.7500000,P,.8133947,,871.6278017,757.2643544
XCME.VY1.04AUG25.111:25.P,.0069999,.0156250,111.2500000,P,.0115836,,691.0232072,595.5695696
XCME.VY1.04AUG25.111:5.P,.0156250,.0312500,111.5000000,P,.0322293,495.7160281,607.6599261,555.5677577
XCME.VY1.04AUG25.112:5.C,.0156250,.0312500,112.5000000,C,.0267156,576.9984067,699.1678276,642.5820889
XCME.VY1.04AUG25.110:25.P,INVALID,.0069999,110.2500000,P,.0030005,,1215.3773592,1099.1524352
XCME.VY1.04AUG25.111.P,INVALID,.0069999,111,P,.0049385,,749.0221471,669.4898269
