Key,BID,ASK,STRIKE,ITYPE,ADJTHEOR,IVBID,IVASK,IVAVERAGE
XCME.ZN.SEP25,112.1406250,112.1562500,INVALID,F,,,,
XCME.ZN1.01AUG25.111:5.C,.6406250,.6718750,111.5000000,C,.6527509,,,1717.6242427
XCME.ZN1.01AUG25.113.P,.8281250,.8593750,113,P,.8472490,,,
XCME.ZN1.01AUG25.112:25.P,.0937500,.1250000,112.2500000,P,.1085162,,723.5046478,560.2800153
XCME.ZN1.01AUG25.111.C,1.1406250,1.1718750,111,C,1.1527497,,,
XCME.ZN1.01AUG25.112.C,.1406250,.1718750,112,C,.1571292,,786.7280448,570.9959786
XCME.GY1.05AUG25.110.P,INVALID,.0069999,110,P,.0044224,,1154.6770928,1048.8778895
XCME.GY1.05AUG25.110:5.C,1.6406250,1.6718750,110.5000000,C,1.6624250,,1060.3555571,847.8582419
