Key,BID,ASK,STRIKE,ITYPE,ADJTHEOR,IVBID,IVASK,IVAVERAGE
XCME.ZN.SEP25,112.1562500,112.1718750,INVALID,F,,,,
XCME.GY1.05AUG25.111.C,1.1562500,1.1875000,111,C,1.1731986,,900.9553915,794.7960401
XCME.GY1.05AUG25.112:25.C,.1718750,.1875000,112.2500000,C,.1710829,554.6031841,643.4803914,599.0880758
XCME.GY1.05AUG25.111:25.C,.9218750,.9531250,111.2500000,C,.9317047,612.3522002,746.7752265,686.7886253
XCME.GY1.05AUG25.111:75.C,.4687500,.5000000,111.7500000,C,.4830790,560.5552925,676.2574716,619.9066973
XCME.GY1.05AUG25.112:5.P,.4062500,.4375000,112.5000000,P,.4307269,588.7470916,693.3079532,641.7795090
XCME.GY1.05AUG25.113.P,.8437500,.8750000,113,P,.8679901,478.6440228,757.7246758,651.2243982
XCME.GY1.05AUG25.112:75.P,.6250000,.6406250,112.7500000,P,.6384528,593.2672712,737.0847261,669.0025903
