Key,BID,ASK,STRIKE,ITYPE,ADJTHEOR,IVBID,IVASK,IVAVERAGE
XCME.ZN.SEP25,112,112.0156250,INVALID,F,,,,
XCME.ZN1.01AUG25.112:5.C,INVALID,.0156250,112.5000000,C,.0001746,,1074.3833180,913.5503850
XCME.ZN1.01AUG25.111:5.C,.5000000,.5312500,111.5000000,C,.5044351,1466.3012511,1642.7324786,1556.7274329
XCME.ZN1.01AUG25.113.P,.9843750,1,113,P,.9956841,,,
XCME.ZN1.01AUG25.112:25.P,.2500000,.2812500,112.2500000,P,.2509252,,,
XCME.ZN1.01AUG25.111.C,1,1.0312500,111,C,1.0043163,,,
XCME.ZN1.01AUG25.112.C,.0781250,.0937500,112,C,.0661743,664.5297397,891.3274055,777.9310392
