Key,BID,ASK,STRIKE,ITYPE,ADJTHEOR,IVBID,IVASK,IVAVERAGE
XCME.ZN.SEP25,111.6093750,111.6250000,INVALID,F,,,,
XCME.ZN1.01AUG25.110:5.C,1.1093750,1.1406250,110.5000000,C,1.1004852,1674.1667871,,
XCME.ZN1.01AUG25.110:75.C,.8593750,.8906250,110.7500000,C,.8513105,1362.0298098,1884.6319505,1721.9807510
XCME.ZN1.01AUG25.111.P,INVALID,.0069999,111,P,.0076922,,938.3942993,829.5640551
XCME.ZN1.01AUG25.113.C,INVALID,.0069999,113,C,.0031544,,1876.7777706,1689.9831401
XCME.ZN1.01AUG25.112:5.C,INVALID,.0069999,112.5000000,C,.0043313,,1300.8741667,1157.4890992
XCME.ZN1.01AUG25.111:5.C,.1875000,.2031250,111.5000000,C,.1852405,874.6446181,980.3264075,927.5827002
XCME.ZN1.01AUG25.113.P,1.3750000,1.4062500,113,P,1.4050919,,1742.0408833,
