Key,BID,ASK,STRIKE,ITYPE,ADJTHEOR,IVBID,IVASK,IVAVERAGE
XCME.ZN.SEP25,112.1406250,112.1562500,INVALID,F,,,,
XCME.VY1.04AUG25.112.C,.2343750,.2656250,112,C,.2440507,574.2277365,705.9755772,640.5769292
XCME.VY1.04AUG25.112:75.C,.0156250,.0312500,112.7500000,C,.0210264,670.0582291,807.9911946,744.1784227
XCME.VY1.04AUG25.110:25.C,1.8906250,1.9218750,110.2500000,C,1.9053489,,1746.1752003,1496.4008395
XCME.ZN1.01AUG25.112:75.C,INVALID,.0069999,112.7500000,C,.0000048,,1593.2112073,1404.5636981
XCME.ZN1.01AUG25.110:25.C,1.8906250,1.9062500,110.2500000,C,1.8984375,,,
XCME.ZN1.01AUG25.110:25.P,INVALID,.0069999,110.2500000,P,0,,,
XCME.ZN1.01AUG25.110:75.P,INVALID,.0069999,110.7500000,P,0,,,
