Key,BID,ASK,STRIKE,ITYPE,ADJTHEOR,IVBID,IVASK,IVAVERAGE
XCME.ZN.SEP25,112.0937500,112.1093750,INVALID,F,,,,
XCME.ZN1.01AUG25.112:25.P,.1406250,.1562500,112.2500000,P,.1612291,,431.1050452,
XCME.ZN1.01AUG25.111.C,1.0937500,1.1250000,111,C,1.0972478,,,
XCME.ZN1.01AUG25.112.C,.1093750,.1406250,112,C,.1148292,458.9028695,847.9438495,664.7575596
XCME.WY1.06AUG25.110.C,2.0937500,2.1250000,110,C,2.1047074,,1162.6685660,1043.4907547
XCME.WY1.06AUG25.113.P,.9218750,.9531250,113,P,.9463911,560.8522165,723.0239883,650.1904385
XCME.WY1.06AUG25.112:75.C,.0625000,.0781250,112.7500000,C,.0722911,623.8017667,677.7770380,651.2658750
XCME.WY1.06AUG25.112.C,.3125000,.3437500,112,C,.3198946,593.8922139,665.8462769,629.8899049
