Key,BID,ASK,STRIKE,ITYPE,ADJTHEOR,IVBID,IVASK,IVAVERAGE
XCME.ZN.SEP25,110.8281250,110.8437500,INVALID,F,,,,
XCME.ZN1.01AUG25.111.P,.3125000,.3281250,111,P,.2097154,1298.0075225,1391.3281277,1344.7269101
XCME.ZN1.01AUG25.110:75.C,.2656250,.2968750,110.7500000,C,.1666204,1244.2557809,1426.6139190,1335.5151658
