Key,BID,ASK,STRIKE,ITYPE,ADJTHEOR,IVBID,IVASK,IVAVERAGE
XCME.ZN.SEP25,111.7968750,111.8125000,INVALID,F,,,,
XCME.WY1.06AUG25.110:75.C,1.0312500,1.0625000,110.7500000,C,1.0549640,,602.0473046,572.9852755
XCME.WY1.06AUG25.111:5.P,.1093750,.1250000,111.5000000,P,.1183663,498.6779343,575.9361434,537.6286539
XCME.WY1.06AUG25.111.C,.8125000,.8437500,111,C,.8183404,487.4407304,636.9300040,569.7549430
XCME.ZN1.01AUG25.112:75.C,INVALID,.0069999,112.7500000,C,.0029182,,1370.5500751,1224.4692197
XCME.ZN1.01AUG25.110:25.C,1.5312500,1.5625000,110.2500000,C,1.5475363,,1835.3655799,
XCME.ZN1.01AUG25.110:25.P,INVALID,.0069999,110.2500000,P,.0041613,,,1835.3655800
XCME.ZN1.01AUG25.110:75.P,INVALID,.0069999,110.7500000,P,.0023226,,1467.8058876,1311.7737167
