Key,BID,ASK,STRIKE,ITYPE,ADJTHEOR,IVBID,IVASK,IVAVERAGE
XCME.ZN.SEP25,110.9375000,110.9531250,INVALID,F,,,,
XCME.ZN1.01AUG25.110:5.C,.5000000,.5312500,110.5000000,C,.4544027,1038.2048211,1145.7367533,1092.8199732
XCME.ZN1.01AUG25.111:75.C,.0069999,.0312500,111.7500000,C,.0006142,908.1560652,1269.9216493,1120.6701501
