Key,BID,ASK,STRIKE,ITYPE,ADJTHEOR,IVBID,IVASK,IVAVERAGE
XCME.ZN.SEP25,111.9687500,111.9843750,INVALID,F,,,,
XCME.WY1.06AUG25.112:75.C,.0312500,.0468750,112.7500000,C,.0401909,557.0866346,627.7913939,593.9182281
XCME.WY1.06AUG25.112.C,.2187500,.2500000,112,C,.2217539,533.8655985,603.7001230,568.7876348
XCME.WY1.06AUG25.111.P,.0156250,.0312500,111,P,.0210350,545.5650197,642.9951746,598.3395427
XCME.WY1.06AUG25.112:25.C,.1250000,.1406250,112.2500000,C,.1281645,543.7713559,582.5419380,563.2278304
XCME.WY1.06AUG25.112:5.C,.0625000,.0937500,112.5000000,C,.0711788,542.7113450,640.1070839,592.7477742
XCME.WY1.06AUG25.111:25.P,.0312500,.0468750,111.2500000,P,.0404391,516.2583434,583.4348475,551.1872066
