Key,BID,ASK,STRIKE,ITYPE,ADJTHEOR,IVBID,IVASK,IVAVERAGE
XCME.ZN.SEP25,112.1406250,112.1562500,INVALID,F,,,,
XCME.WY1.06AUG25.110:5.P,.0069999,.0156250,110.5000000,P,.0093145,751.4064873,862.6976958,813.5923670
XCME.WY1.06AUG25.110:25.C,1.8906250,1.9218750,110.2500000,C,1.9021815,,1076.3146740,963.2778207
XCME.WY1.06AUG25.112:5.P,.4687500,.5000000,112.5000000,P,.4768551,577.7638764,659.8179240,619.1648880
XCME.WY1.06AUG25.111:5.C,.6875000,.7187500,111.5000000,C,.7032359,544.8054280,660.4000737,605.2475768
XCME.WY1.06AUG25.110:25.P,INVALID,.0156250,110.2500000,P,.0072440,,967.8783455,861.3223823
XCME.WY1.06AUG25.111:75.P,.0937500,.1093750,111.7500000,P,.1055983,552.6746519,596.2290659,574.6135003
