Key,BID,ASK,STRIKE,ITYPE,ADJTHEOR,IVBID,IVASK,IVAVERAGE
XCME.ZN.SEP25,111.9375000,111.9531250,INVALID,F,,,,
XCME.GY1.05AUG25.112:5.C,.0312500,.0625000,112.5000000,C,.0497990,526.0802828,666.1211433,600.2368652
XCME.GY1.05AUG25.110:5.P,INVALID,.0069999,110.5000000,P,.0036223,,795.0094967,716.5398622
XCME.GY1.05AUG25.110:75.P,INVALID,.0069999,110.7500000,P,.0051186,,678.6564596,609.3454740
XCME.GY1.05AUG25.111:75.P,.1093750,.1250000,111.7500000,P,.1213867,516.4469095,561.9770293,539.2851940
XCME.GY1.05AUG25.112.P,.2187500,.2500000,112,P,.2373380,513.3086515,598.1430799,555.7441533
XCME.VY1.04AUG25.111:75.P,.0625000,.0781250,111.7500000,P,.0729356,509.6664088,575.6780731,542.9528871
XCME.VY1.04AUG25.111:75.C,.2500000,.2812500,111.7500000,C,.2682480,475.6758552,607.9491506,542.9543336
