Key,BID,ASK,STRIKE,ITYPE,ADJTHEOR,IVBID,IVASK,IVAVERAGE
XCME.ZN.SEP25,110.9843750,111,INVALID,F,,,,
XCME.ZN1.01AUG25.111:5.P,.5468750,.5781250,111.5000000,P,.5030114,966.0413799,1146.3249738,1058.5218989
