Key,BID,ASK,STRIKE,ITYPE,ADJTHEOR,IVBID,IVASK,IVAVERAGE
XCME.ZN.SEP25,111.9218750,111.9375000,INVALID,F,,,,
XCME.VY1.04AUG25.112:25.P,.3437500,.3750000,112.2500000,P,.3551408,507.1407506,663.8675772,588.6986603
XCME.VY1.04AUG25.112.C,.1093750,.1250000,112,C,.1182756,505.2278274,563.6801713,534.4747140
XCME.VY1.04AUG25.112:75.C,INVALID,.0156250,112.7500000,C,.0091824,,786.6053854,679.7286849
XCME.VY1.04AUG25.110:25.C,1.6718750,1.7031250,110.2500000,C,1.6939878,,1359.1214808,882.5677343
XCME.GY1.05AUG25.110.P,INVALID,.0069999,110,P,.0031427,,1018.3752282,923.3989013
XCME.GY1.05AUG25.110:5.C,1.4218750,1.4531250,110.5000000,C,1.4367576,,958.6398023,812.9911424
