Key,BID,ASK,STRIKE,ITYPE,ADJTHEOR,IVBID,IVASK,IVAVERAGE
XCME.ZN.SEP25,111.9375000,111.9531250,INVALID,F,,,,
XCME.GY1.05AUG25.112:5.C,.0312500,.0625000,112.5000000,C,.0611694,520.9164026,660.2828212,594.7007704
XCME.GY1.05AUG25.110:5.P,INVALID,.0069999,110.5000000,P,.0041971,,798.6127396,719.8617232
XCME.GY1.05AUG25.110:75.P,INVALID,.0069999,110.7500000,P,.0059034,,682.3163721,612.7172590
XCME.GY1.05AUG25.111:75.P,.1093750,.1250000,111.7500000,P,.1176272,524.4406894,570.1313784,547.3620919
XCME.GY1.05AUG25.112.P,.2187500,.2500000,112,P,.2353374,524.8021085,609.4954087,567.1613643
XCME.WY1.06AUG25.110.C,1.9375000,1.9687500,110,C,1.9549534,,968.6471139,779.9705814
XCME.WY1.06AUG25.113.P,1.0625000,1.0937500,113,P,1.0816220,282.6878006,688.6509338,615.8498723
