Key,BID,ASK,STRIKE,ITYPE,ADJTHEOR,IVBID,IVASK,IVAVERAGE
XCME.ZN.SEP25,112.1875000,112.2031250,INVALID,F,,,,
XCME.WY1.06AUG25.112:75.C,.0781250,.0937500,112.7500000,C,.0810336,610.0023042,658.7138562,634.6395591
XCME.WY1.06AUG25.112.C,.3437500,.3750000,112,C,.3648598,516.9343113,592.8916932,555.0646844
XCME.WY1.06AUG25.111.P,.0069999,.0156250,111,P,.0140691,580.4281695,673.3914330,632.1662815
XCME.WY1.06AUG25.112:25.C,.2187500,.2500000,112.2500000,C,.2298568,549.7942217,621.6028943,585.7036277
XCME.WY1.06AUG25.112:5.C,.1250000,.1562500,112.5000000,C,.1378111,559.7293938,638.9661748,599.6119988
XCME.WY1.06AUG25.111:25.P,.0156250,.0312500,111.2500000,P,.0241207,558.0684468,658.8593948,612.7160752
XCME.WY1.06AUG25.111:75.C,.5156250,.5468750,111.7500000,C,.5416397,491.1315102,587.9662567,540.8551956
