Key,BID,ASK,STRIKE,ITYPE,ADJTHEOR,IVBID,IVASK,IVAVERAGE
XCME.ZN.SEP25,112.0625000,112.0781250,INVALID,F,,,,
XCME.VY1.04AUG25.110:75.P,INVALID,.0069999,110.7500000,P,.0027333,,1029.1601827,925.3625730
XCME.VY1.04AUG25.112.P,.0937500,.1250000,112,P,.1106216,463.6247256,583.8885318,523.8703246
XCME.VY1.04AUG25.111:5.C,.5625000,.5937500,111.5000000,C,.5753157,202.1779194,745.2385487,652.2521723
XCME.VY1.04AUG25.112:25.C,.0625000,.0781250,112.2500000,C,.0691432,515.6268123,583.2156663,549.6979644
XCME.VY1.04AUG25.110:5.P,INVALID,.0069999,110.5000000,P,.0028481,,1190.5982528,1074.4560337
XCME.VY1.04AUG25.112:5.P,.4375000,.4687500,112.5000000,P,.4627682,168.3905746,627.2039083,510.5645931
