Key,BID,ASK,STRIKE,ITYPE,ADJTHEOR,IVBID,IVASK,IVAVERAGE
XCME.ZN.SEP25,112.0625000,112.0781250,INVALID,F,,,,
XCME.WY1.06AUG25.110:5.C,1.5625000,1.5937500,110.5000000,C,1.5857396,,774.3102734,498.8783539
XCME.WY1.06AUG25.112.P,.2031250,.2187500,112,P,.2102198,537.1054707,572.1174369,554.6161615
XCME.WY1.06AUG25.110:75.C,1.3125000,1.3437500,110.7500000,C,1.3373739,,672.9437437,427.6236967
XCME.WY1.06AUG25.111:5.P,.0468750,.0625000,111.5000000,P,.0524721,509.7550004,564.7969496,537.9235210
XCME.WY1.06AUG25.111.C,1.0625000,1.0937500,111,C,1.0919441,,568.9948047,475.6110986
XCME.ZN1.01AUG25.112:75.C,INVALID,.0069999,112.7500000,C,.0006903,,1118.4392578,988.9479299
XCME.ZN1.01AUG25.110:25.C,1.8125000,1.8437500,110.2500000,C,,,,
