Key,BID,ASK,STRIKE,ITYPE,ADJTHEOR,IVBID,IVASK,IVAVERAGE
XCME.ZN.SEP25,112.1250000,112.1406250,INVALID,F,,,,
XCME.ZN1.01AUG25.112:25.P,.1250000,.1562500,112.2500000,P,.1290934,468.9784320,842.7883535,667.8472338
XCME.ZN1.01AUG25.111.C,1.1093750,1.1406250,111,C,1.1371211,,,
XCME.ZN1.01AUG25.112.C,.1250000,.1562500,112,C,.1490948,,630.8530916,452.4489366
XCME.WY1.06AUG25.110.C,2.1250000,2.1406250,110,C,2.1427029,,868.6324852,669.3489767
XCME.WY1.06AUG25.113.P,.9062500,.9375000,113,P,.9082331,660.2099442,787.9089721,727.3376062
XCME.WY1.06AUG25.112:75.C,.0625000,.0781250,112.7500000,C,.0752323,597.5004097,650.3119730,624.3562259
XCME.WY1.06AUG25.112.C,.3281250,.3437500,112,C,.3428382,577.2198704,613.4761748,595.3599005
