Key,BID,ASK,STRIKE,ITYPE,ADJTHEOR,IVBID,IVASK,IVAVERAGE
XCME.ZN.SEP25,111.9062500,111.9218750,INVALID,F,,,,
XCME.WY1.06AUG25.112.P,.2812500,.3125000,112,P,.2893108,511.2635565,581.1193456,546.2171252
XCME.WY1.06AUG25.110:75.C,1.1562500,1.1875000,110.7500000,C,1.1823965,292.2881545,734.0018369,658.3456846
XCME.WY1.06AUG25.111:5.P,.0781250,.0937500,111.5000000,P,.0829887,497.9595637,541.7605211,520.0795353
XCME.WY1.06AUG25.111.C,.9218750,.9531250,111,C,.9412207,518.7068021,686.0179350,612.3683141
XCME.VY1.04AUG25.111:75.P,.0937500,.1093750,111.7500000,P,.0970386,579.1498140,639.3177745,609.3390368
XCME.VY1.04AUG25.111:75.C,.2500000,.2656250,111.7500000,C,.2732257,562.3808158,622.7943930,592.7023407
