Key,BID,ASK,STRIKE,ITYPE,ADJTHEOR,IVBID,IVASK,IVAVERAGE
XCME.ZN.SEP25,110.9687500,110.9843750,INVALID,F,,,,
XCME.ZN1.01AUG25.110:25.P,.0156250,.0312500,110.2500000,P,.0056721,764.6583106,914.7727709,845.6647927
XCME.ZN1.01AUG25.110:5.P,.0625000,.0781250,110.5000000,P,.0244958,876.7053889,961.0852826,919.5399554
