Key,BID,ASK,STRIKE,ITYPE,ADJTHEOR,IVBID,IVASK,IVAVERAGE
XCME.ZN.SEP25,111.9218750,111.9375000,INVALID,F,,,,
XCME.VY1.04AUG25.110:75.P,INVALID,.0069999,110.7500000,P,.0036359,,911.5878326,818.4472552
XCME.VY1.04AUG25.112.P,.1718750,.1875000,112,P,.1864565,483.7067316,542.3920047,513.0857025
XCME.VY1.04AUG25.111:5.C,.4375000,.4687500,111.5000000,C,.4537799,447.2704790,665.8333051,569.9381825
XCME.VY1.04AUG25.112:25.C,.0468750,.0625000,112.2500000,C,.0427173,584.0856159,660.8902920,623.1740078
XCME.VY1.04AUG25.110:5.P,INVALID,.0069999,110.5000000,P,.0031539,,1070.0878176,964.3953826
XCME.VY1.04AUG25.112:5.P,.5781250,.5937500,112.5000000,P,.5901233,463.0626809,645.6071268,570.9427847
