Key,BID,ASK,STRIKE,ITYPE,ADJTHEOR,IVBID,IVASK,IVAVERAGE
XCME.ZN.SEP25,110.9218750,110.9375000,INVALID,F,,,,
XCME.ZN1.01AUG25.112:5.P,1.5468750,1.5781250,112.5000000,P,1.5468808,482.7029808,1829.7082367,1653.7673391
