Key,BID,ASK,STRIKE,ITYPE,ADJTHEOR,IVBID,IVASK,IVAVERAGE
XCME.ZN.SEP25,112.1562500,112.1718750,INVALID,F,,,,
XCME.GY1.05AUG25.113.P,.8593750,.8906250,113,P,.8516290,721.7058541,890.8677736,812.0488540
XCME.GY1.05AUG25.112:75.P,.6250000,.6562500,112.7500000,P,.6238441,639.0379350,772.1379038,708.2162082
XCME.GY1.05AUG25.110:75.C,1.4062500,1.4375000,110.7500000,C,1.4299898,,937.2535152,743.7130098
XCME.GY1.05AUG25.112:25.P,.2500000,.2812500,112.2500000,P,.2574519,583.4379370,671.6874280,627.5927805
XCME.GY1.05AUG25.113.C,.0156250,.0312500,113,C,.0235040,606.8842458,721.7058541,668.9889305
XCME.GY1.05AUG25.111.P,.0069999,.0156250,111,P,.0121176,691.8888288,803.0324168,753.6555660
XCME.GY1.05AUG25.112.C,.2812500,.3125000,112,C,.3148811,510.5981566,603.3763542,557.2181504
