Key,BID,ASK,STRIKE,ITYPE,ADJTHEOR,IVBID,IVASK,IVAVERAGE
XCME.ZN.SEP25,112.1250000,112.1406250,INVALID,F,,,,
XCME.WY1.06AUG25.110:75.C,1.3906250,1.4218750,110.7500000,C,1.3995022,660.4942895,917.0301686,814.0590449
XCME.WY1.06AUG25.111:5.P,.0625000,.0781250,111.5000000,P,.0709019,612.2304875,665.8674352,639.5015890
XCME.WY1.06AUG25.111.C,1.1406250,1.1718750,111,C,1.1584577,560.2385098,790.8558216,697.4547879
XCME.GY1.05AUG25.110.P,INVALID,.0069999,110,P,.0039943,,1142.3646705,1037.6988444
XCME.GY1.05AUG25.110:5.C,1.6250000,1.6406250,110.5000000,C,1.6418300,,848.4058402,647.9632881
XCME.GY1.05AUG25.111.C,1.1406250,1.1718750,111,C,1.1481976,,823.3503845,691.9583017
XCME.GY1.05AUG25.112:25.C,.1562500,.1875000,112.2500000,C,.1786574,580.5120293,669.4689534,625.0556993
