Key,BID,ASK,STRIKE,ITYPE,ADJTHEOR,IVBID,IVASK,IVAVERAGE
XCME.ZN.SEP25,112.0625000,112.0781250,INVALID,F,,,,
XCME.VY1.04AUG25.113.P,.9375000,.9687500,113,P,.9563323,,927.8430475,690.4462914
XCME.VY1.04AUG25.113.C,INVALID,.0156250,113,C,.0075198,,878.4894917,764.8934576
XCME.VY1.04AUG25.112:25.P,.2656250,.2812500,112.2500000,P,.2843066,524.9383836,589.5940435,557.5198893
XCME.VY1.04AUG25.112.C,.1875000,.2031250,112,C,.1882168,581.3893180,638.3689903,609.8891789
XCME.VY1.04AUG25.112:75.C,.0069999,.0312500,112.7500000,C,.0149071,587.0879319,831.7566917,730.1972782
XCME.VY1.04AUG25.110:25.C,1.7968750,1.8281250,110.2500000,C,1.8041513,,1635.9400284,1583.7280951
