Key,BID,ASK,STRIKE,ITYPE,ADJTHEOR,IVBID,IVASK,IVAVERAGE
XCME.ZN.SEP25,111.8906250,111.9062500,INVALID,F,,,,
XCME.VY1.04AUG25.111.C,.8906250,.9218750,111,C,.8949117,409.8838309,976.9282063,869.4808301
XCME.VY1.04AUG25.110:5.C,1.3906250,1.4062500,110.5000000,C,1.3908644,464.8081446,1364.0674229,1229.6667733
XCME.VY1.04AUG25.110.C,1.8906250,1.9062500,110,C,1.8906412,437.0743351,1507.6956924,1432.9615165
XCME.VY1.04AUG25.110:75.C,1.1406250,1.1718750,110.7500000,C,1.1417178,396.8465917,1173.8244062,1052.5101947
XCME.VY1.04AUG25.110.P,INVALID,.0069999,110,P,.0000162,,1318.7386725,1195.4246744
XCME.VY1.04AUG25.111:25.C,.6406250,.6718750,111.2500000,C,.6555388,220.6684203,769.6913626,676.8429015
XCME.VY1.04AUG25.113.P,1.0937500,1.1250000,113,P,1.1158458,,980.7158054,767.4783285
