Key,BID,ASK,STRIKE,ITYPE,ADJTHEOR,IVBID,IVASK,IVAVERAGE
XCME.ZN.SEP25,112.1718750,112.1875000,INVALID,F,,,,
XCME.VY1.04AUG25.112.C,.2500000,.2656250,112,C,.2579019,551.7906927,621.5948789,586.9470527
XCME.VY1.04AUG25.112:75.C,.0156250,.0312500,112.7500000,C,.0203900,646.0085879,781.7844315,718.9379547
XCME.VY1.04AUG25.110:25.C,1.9218750,1.9375000,110.2500000,C,1.9366139,,1386.8580624,1063.9513142
XCME.WY1.06AUG25.110.C,2.1718750,2.2031250,110,C,2.1854977,,1172.5610156,1035.4306421
XCME.WY1.06AUG25.113.P,.8437500,.8750000,113,P,.8651983,544.4096534,694.2321729,625.8493841
XCME.WY1.06AUG25.112:75.C,.0625000,.0781250,112.7500000,C,.0751244,575.4839701,627.6926197,602.0199260
XCME.WY1.06AUG25.112.C,.3437500,.3593750,112,C,.3517495,557.9028618,595.2215615,576.5869385
