Key,BID,ASK,STRIKE,ITYPE,ADJTHEOR,IVBID,IVASK,IVAVERAGE
XCME.ZN.SEP25,112.1093750,112.1250000,INVALID,F,,,,
XCME.VY1.04AUG25.112.C,.2187500,.2500000,112,C,.2289141,591.8796097,717.4498951,654.8957008
XCME.VY1.04AUG25.112:75.C,.0156250,.0312500,112.7500000,C,.0223706,688.8468591,827.8872751,763.6331863
XCME.VY1.04AUG25.110:25.C,1.8593750,1.8906250,110.2500000,C,1.8705416,,1747.2851467,1535.9946266
XCME.GY1.05AUG25.110.P,INVALID,.0069999,110,P,.0043032,,1127.4187353,1024.0545365
XCME.GY1.05AUG25.110:5.C,1.6093750,1.6406250,110.5000000,C,1.6240605,,1118.0116550,978.5902209
XCME.GY1.05AUG25.111.C,1.1250000,1.1562500,111,C,1.1325414,672.7653561,950.6834022,838.0644665
XCME.GY1.05AUG25.112:25.C,.1562500,.1875000,112.2500000,C,.1662059,599.5208727,688.4759223,644.0787160
