Key,BID,ASK,STRIKE,ITYPE,ADJTHEOR,IVBID,IVASK,IVAVERAGE
XCME.ZN.SEP25,112,112.0156250,INVALID,F,,,,
XCME.VY1.04AUG25.111.C,1,1.0156250,111,C,1.0349587,,,
XCME.VY1.04AUG25.110:5.C,1.5000000,1.5156250,110.5000000,C,1.5338879,,,
XCME.VY1.04AUG25.110.C,2,2.0156250,110,C,2.0346503,,,
XCME.VY1.04AUG25.110:75.C,1.2500000,1.2656250,110.7500000,C,1.2839542,,,
XCME.VY1.04AUG25.110.P,INVALID,.0069999,110,P,.0034003,,1426.8803570,1294.0558007
XCME.VY1.04AUG25.111:25.C,.7500000,.7812500,111.2500000,C,.7884738,,242.4397780,
XCME.VY1.04AUG25.113.P,.9843750,1.0156250,113,P,.9773756,899.7049509,1183.8276789,1092.4367895
