Key,BID,ASK,STRIKE,ITYPE,ADJTHEOR,IVBID,IVASK,IVAVERAGE
XCME.ZN.SEP25,111.9687500,111.9843750,INVALID,F,,,,
XCME.GY1.05AUG25.111:25.P,.0156250,.0312500,111.2500000,P,.0205446,533.4475634,636.8416340,589.1910368
XCME.GY1.05AUG25.110:25.P,INVALID,.0069999,110.2500000,P,.0031158,,923.4855694,835.0234739
XCME.GY1.05AUG25.111:5.C,.5000000,.5312500,111.5000000,C,.5236912,451.4630031,589.1322174,524.6921643
XCME.GY1.05AUG25.110.C,1.9531250,1.9687500,110,C,1.9762221,,,
XCME.GY1.05AUG25.111:5.P,.0468750,.0625000,111.5000000,P,.0506287,543.1288940,605.9468908,575.2165701
XCME.GY1.05AUG25.110:25.C,1.7031250,1.7343750,110.2500000,C,1.7261783,,999.3279831,931.7668546
XCME.GY1.05AUG25.112:75.C,.0156250,.0312500,112.7500000,C,.0268149,558.9129620,666.5378318,617.0339906
