Key,BID,ASK,STRIKE,ITYPE,ADJTHEOR,IVBID,IVASK,IVAVERAGE
XCME.ZN.SEP25,110.9218750,110.9375000,INVALID,F,,,,
XCME.ZN1.01AUG25.110:25.C,.7031250,.7343750,110.2500000,C,.6910113,835.2047330,1131.8145915,1000.2286801
XCME.ZN1.01AUG25.112:75.C,INVALID,.0069999,112.7500000,C,.0000014,,1572.1508745,1423.0532618
