Key,BID,ASK,STRIKE,ITYPE,ADJTHEOR,IVBID,IVASK,IVAVERAGE
XCME.ZN.SEP25,112.0312500,112.0468750,INVALID,F,,,,
XCME.GY1.05AUG25.111.C,1.0468750,1.0781250,111,C,1.0585523,,765.7434739,641.0573450
XCME.GY1.05AUG25.112:25.C,.1093750,.1250000,112.2500000,C,.1175929,521.3372947,567.5045200,544.4940309
XCME.GY1.05AUG25.111:25.C,.7968750,.8281250,111.2500000,C,.8162796,,622.1702459,514.1660526
XCME.GY1.05AUG25.111:75.C,.3750000,.3906250,111.7500000,C,.3832448,495.0618679,547.9163857,521.7693817
XCME.GY1.05AUG25.112:5.P,.4843750,.5156250,112.5000000,P,.5060204,508.7435714,631.9151216,572.7326948
XCME.GY1.05AUG25.113.P,.9531250,.9687500,113,P,.9629573,619.2910359,752.1887846,692.8996545
XCME.GY1.05AUG25.112:75.P,.7031250,.7343750,112.7500000,P,.7262561,485.5474910,685.5008048,599.5345005
