Key,BID,ASK,STRIKE,ITYPE,ADJTHEOR,IVBID,IVASK,IVAVERAGE
XCME.ZN.SEP25,110.9687500,110.9843750,INVALID,F,,,,
XCME.ZN1.01AUG25.112:25.P,1.2656250,1.2968750,112.2500000,P,1.2656323,556.3330686,1704.7411394,1532.4127294
XCME.ZN1.01AUG25.113.P,2.0156250,2.0468750,113,P,2.0156249,645.3497248,,
