Key,BID,ASK,STRIKE,ITYPE,ADJTHEOR,IVBID,IVASK,IVAVERAGE
XCME.ZN.SEP25,111.6406250,111.6562500,INVALID,F,,,,
XCME.ZN1.01AUG25.110:5.C,1.0937500,1.1250000,110.5000000,C,1.1158910,,,1591.7962530
XCME.ZN1.01AUG25.110:75.C,.8437500,.8750000,110.7500000,C,.8670917,,,1298.9807050
XCME.ZN1.01AUG25.111.P,INVALID,.0156250,111,P,.0092181,,1144.7921359,986.2272488
XCME.ZN1.01AUG25.113.C,INVALID,.0069999,113,C,.0037952,,1815.6661396,1634.2728350
XCME.ZN1.01AUG25.112:5.C,INVALID,.0069999,112.5000000,C,.0055431,,1241.5272631,1102.1557074
XCME.ZN1.01AUG25.111:5.C,.1875000,.2187500,111.5000000,C,.1985474,728.8683406,945.3004108,838.0791226
XCME.ZN1.01AUG25.113.P,1.3750000,1.4218750,113,P,1.3909202,1634.2728350,,
