Key,BID,ASK,STRIKE,ITYPE,ADJTHEOR,IVBID,IVASK,IVAVERAGE
XCME.ZN.SEP25,112.1250000,112.1406250,INVALID,F,,,,
XCME.ZN1.01AUG25.112:25.P,.1093750,.1406250,112.2500000,P,.1296671,,683.0484400,519.1394247
XCME.ZN1.01AUG25.111.C,1.1250000,1.1562500,111,C,1.1336226,,,
XCME.ZN1.01AUG25.112.C,.1250000,.1562500,112,C,.1441870,,715.1228929,540.0655857
XCME.VY1.04AUG25.111:75.P,.0312500,.0468750,111.7500000,P,.0421984,588.6189550,682.8708225,637.2746274
XCME.VY1.04AUG25.111:75.C,.4062500,.4375000,111.7500000,C,.4250108,535.4267395,726.2576087,637.2727661
XCME.VY1.04AUG25.112:75.P,.6250000,.6562500,112.7500000,P,.6409571,582.7797676,875.1081905,753.5317711
XCME.VY1.04AUG25.111:25.P,.0069999,.0156250,111.2500000,P,.0082378,754.5476237,887.5782929,828.2393812
