Key,BID,ASK,STRIKE,ITYPE,ADJTHEOR,IVBID,IVASK,IVAVERAGE
XCME.ZN.SEP25,111.9375000,111.9531250,INVALID,F,,,,
XCME.WY1.06AUG25.111:25.P,.0312500,.0468750,111.2500000,P,.0398947,515.2915349,582.2267217,550.1012885
XCME.WY1.06AUG25.111:75.C,.3437500,.3750000,111.7500000,C,.3595107,493.3839446,567.1566211,530.4305587
XCME.WY1.06AUG25.113.C,.0156250,.0312500,113,C,.0260085,579.2847257,679.9789529,633.8842739
XCME.WY1.06AUG25.110.P,INVALID,.0069999,110,P,.0040017,,844.3851174,765.5077862
XCME.WY1.06AUG25.110:75.P,.0069999,.0156250,110.7500000,P,.0095428,563.3383539,653.3784834,613.4279944
XCME.WY1.06AUG25.112:25.P,.4218750,.4531250,112.2500000,P,.4427215,557.3983320,633.4252308,595.6368521
XCME.WY1.06AUG25.111:25.C,.7343750,.7656250,111.2500000,C,.7352072,476.5277019,612.3926141,550.1012885
