Key,BID,ASK,STRIKE,ITYPE,ADJTHEOR,IVBID,IVASK,IVAVERAGE
XCME.ZN.SEP25,111.9687500,111.9843750,INVALID,F,,,,
XCME.GY1.05AUG25.112:5.C,.0468750,.0625000,112.5000000,C,.0616307,580.4387729,644.9061953,613.4080517
XCME.GY1.05AUG25.110:5.P,INVALID,.0069999,110.5000000,P,.0036313,,795.1894492,716.7727406
XCME.GY1.05AUG25.110:75.P,INVALID,.0069999,110.7500000,P,.0050778,,680.1110743,610.7244663
XCME.GY1.05AUG25.111:75.P,.1093750,.1406250,111.7500000,P,.1213773,529.7629733,575.2458142,552.5849583
XCME.GY1.05AUG25.112.P,.2343750,.2500000,112,P,.2363699,535.4400428,619.0886294,577.2708996
XCME.ZN1.01AUG25.112:75.C,INVALID,.0069999,112.7500000,C,.0044030,,1231.4242294,1090.5454399
XCME.ZN1.01AUG25.110:25.C,1.7187500,1.7343750,110.2500000,C,,,,
