Key,BID,ASK,STRIKE,ITYPE,ADJTHEOR,IVBID,IVASK,IVAVERAGE
XCME.ZN.SEP25,112,112.0156250,INVALID,F,,,,
XCME.WY1.06AUG25.111:75.C,.3750000,.4062500,111.7500000,C,.3751016,522.7246479,597.5897941,560.3410640
XCME.WY1.06AUG25.113.C,.0156250,.0312500,113,C,.0242874,568.1900300,667.6983138,622.1056690
XCME.WY1.06AUG25.110.P,INVALID,.0069999,110,P,.0007809,,858.4876079,778.3369095
XCME.WY1.06AUG25.110:75.P,.0069999,.0156250,110.7500000,P,.0036060,576.7143284,668.5923019,627.8660504
XCME.WY1.06AUG25.112:25.P,.3906250,.4062500,112.2500000,P,.4000020,494.4742703,570.8415095,532.9133399
XCME.WY1.06AUG25.111:25.C,.7656250,.7812500,111.2500000,C,.7660726,498.2820485,635.6881803,572.5924500
