Key,BID,ASK,STRIKE,ITYPE,ADJTHEOR,IVBID,IVASK,IVAVERAGE
XCME.ZN.SEP25,112.0468750,112.0625000,INVALID,F,,,,
XCME.WY1.06AUG25.110:5.P,INVALID,.0156250,110.5000000,P,.0055328,,801.9930900,709.2039634
XCME.WY1.06AUG25.110:25.C,1.7812500,1.8125000,110.2500000,C,1.7865514,,1036.8453643,938.2699922
XCME.WY1.06AUG25.112:5.P,.5312500,.5468750,112.5000000,P,.5488003,504.0256491,552.4186471,528.5735552
XCME.WY1.06AUG25.111:5.C,.5781250,.6093750,111.5000000,C,.5890713,484.8325237,589.8605558,539.3867525
XCME.WY1.06AUG25.110:25.P,INVALID,.0069999,110.2500000,P,.0044889,,791.5390205,716.2057298
XCME.WY1.06AUG25.111:75.P,.0937500,.1250000,111.7500000,P,.1163306,461.5204312,541.6047739,501.9730801
