Key,BID,ASK,STRIKE,ITYPE,ADJTHEOR,IVBID,IVASK,IVAVERAGE
XCME.ZN.SEP25,111.9531250,111.9687500,INVALID,F,,,,
XCME.GY1.05AUG25.112:75.P,.7968750,.8281250,112.7500000,P,.8131406,584.4190130,762.7992459,682.3079929
XCME.GY1.05AUG25.110:75.C,1.2031250,1.2343750,110.7500000,C,1.2279144,,892.9849764,690.6175873
XCME.GY1.05AUG25.112:25.P,.3906250,.4062500,112.2500000,P,.3979215,555.1311342,649.3089569,602.6641600
XCME.GY1.05AUG25.113.C,.0156250,.0312500,113,C,.0198915,691.2889542,811.8435073,756.6452687
XCME.GY1.05AUG25.111.P,.0069999,.0156250,111,P,.0094487,566.2807811,661.9035575,619.3039997
XCME.GY1.05AUG25.112.C,.1875000,.2187500,112,C,.2122772,536.0120121,619.5832291,577.8013696
