Key,BID,ASK,STRIKE,ITYPE,ADJTHEOR,IVBID,IVASK,IVAVERAGE
XCME.ZN.SEP25,110.8125000,110.8281250,INVALID,F,,,,
XCME.ZN1.01AUG25.112:5.C,INVALID,.0069999,112.5000000,C,0,,,1950.9524276
XCME.ZN1.01AUG25.111:5.C,.0156250,.0312500,111.5000000,C,.0002249,1221.3393765,1462.1565180,1351.0839434
XCME.ZN1.01AUG25.113.P,2.1718750,2.2031250,113,P,2.1910000,,,1939.4157776
XCME.ZN1.01AUG25.112:25.P,1.4218750,1.4531250,112.2500000,P,1.4409999,,,1332.4734178
XCME.ZN1.01AUG25.111.C,.1250000,.1562500,111,C,.0341281,1327.8267905,1540.7904097,1434.7727312
XCME.ZN1.01AUG25.112.C,INVALID,.0069999,112,C,0,,1611.9914785,1447.4761009
