Key,BID,ASK,STRIKE,ITYPE,ADJTHEOR,IVBID,IVASK,IVAVERAGE
XCME.ZN.SEP25,112.0156250,112.0312500,INVALID,F,,,,
XCME.VY1.04AUG25.111:5.C,.5000000,.5468750,111.5000000,C,.5278172,,721.3660157,587.0885283
XCME.VY1.04AUG25.112:25.C,.0625000,.0781250,112.2500000,C,.0690248,562.2093427,629.9587302,596.4234354
XCME.VY1.04AUG25.110:5.P,INVALID,.0069999,110.5000000,P,.0028156,,1108.4566565,999.5970934
XCME.VY1.04AUG25.112:5.P,.5000000,.5312500,112.5000000,P,.5214773,445.6489682,698.3979438,593.2220777
XCME.VY1.04AUG25.111.C,1,1.0312500,111,C,1.0109853,,1022.1507566,883.8578167
XCME.VY1.04AUG25.110:5.C,1.5000000,1.5312500,110.5000000,C,1.5098156,,1396.5163697,1224.7903871
