Key,BID,ASK,STRIKE,ITYPE,ADJTHEOR,IVBID,IVASK,IVAVERAGE
XCME.ZN.SEP25,112,112.0156250,INVALID,F,,,,
XCME.WY1.06AUG25.112.P,.2187500,.2343750,112,P,.2368377,487.3090528,522.4655067,504.8872977
XCME.WY1.06AUG25.110:75.C,1.2343750,1.2656250,110.7500000,C,1.2539866,,713.0645281,600.8836023
XCME.WY1.06AUG25.111:5.P,.0468750,.0625000,111.5000000,P,.0639821,465.1727868,518.1585107,492.2489499
XCME.WY1.06AUG25.111.C,1,1.0156250,111,C,1.0104447,447.7669879,598.7522905,538.2451199
XCME.GY1.05AUG25.110.P,INVALID,.0069999,110,P,.0032213,,1054.0728461,955.6859261
XCME.GY1.05AUG25.110:5.C,1.4843750,1.5156250,110.5000000,C,1.4991689,,999.0580397,848.0544089
