Key,BID,ASK,STRIKE,ITYPE,ADJTHEOR,IVBID,IVASK,IVAVERAGE
XCME.ZN.SEP25,111.9375000,111.9531250,INVALID,F,,,,
XCME.GY1.05AUG25.111:25.P,.0156250,.0312500,111.2500000,P,.0218440,517.6763895,619.2648434,572.4152111
XCME.GY1.05AUG25.110:25.P,INVALID,.0069999,110.2500000,P,.0030320,,910.4793832,823.4748732
XCME.GY1.05AUG25.111:5.C,.5000000,.5156250,111.5000000,C,.5023409,541.5384319,601.8705107,572.2731647
XCME.GY1.05AUG25.110.C,1.9375000,1.9687500,110,C,1.9518367,,1222.5949396,1048.3937049
XCME.GY1.05AUG25.111:5.P,.0468750,.0625000,111.5000000,P,.0535287,523.9731332,585.6588337,555.4656153
XCME.GY1.05AUG25.110:25.C,1.6875000,1.7187500,110.2500000,C,1.7018445,,1094.7327743,934.0883761
XCME.GY1.05AUG25.112:75.C,.0156250,.0312500,112.7500000,C,.0272861,570.7008744,679.8219251,629.6853315
