Key,BID,ASK,STRIKE,ITYPE,ADJTHEOR,IVBID,IVASK,IVAVERAGE
XCME.ZN.SEP25,112,112.0156250,INVALID,F,,,,
XCME.WY1.06AUG25.110:75.C,1.2500000,1.2812500,110.7500000,C,1.2909830,,232.1617049,
XCME.WY1.06AUG25.111:5.P,.0468750,.0781250,111.5000000,P,.0707787,480.2877738,583.3393436,533.7785334
XCME.WY1.06AUG25.111.C,1.0156250,1.0312500,111,C,1.0511936,,198.9875383,
XCME.VY1.04AUG25.111:75.P,.0468750,.0625000,111.7500000,P,.0467098,550.5062715,624.9190232,588.3505802
XCME.VY1.04AUG25.111:75.C,.3125000,.3281250,111.7500000,C,.3435851,372.6181249,469.1274265,423.7918630
XCME.VY1.04AUG25.112:75.P,.7343750,.7656250,112.7500000,P,.7187364,835.5950842,1041.5207231,945.1596578
XCME.VY1.04AUG25.111:25.P,INVALID,.0069999,111.2500000,P,.0066326,,656.2806578,582.9935671
