Key,BID,ASK,STRIKE,ITYPE,ADJTHEOR,IVBID,IVASK,IVAVERAGE
XCME.ZN.SEP25,110.9687500,110.9843750,INVALID,F,,,,
XCME.ZN1.01AUG25.110:5.C,.5156250,.5625000,110.5000000,C,.5163603,627.1309255,976.8262688,822.9292397
XCME.ZN1.01AUG25.111:75.C,.0156250,.0312500,111.7500000,C,.0034065,856.4451512,1020.6055394,945.0228245
