Key,BID,ASK,STRIKE,ITYPE,ADJTHEOR,IVBID,IVASK,IVAVERAGE
XCME.ZN.SEP25,111.9531250,111.9687500,INVALID,F,,,,
XCME.WY1.06AUG25.110:5.C,1.4375000,1.4687500,110.5000000,C,1.4565751,613.3830064,799.4044324,725.8342700
XCME.WY1.06AUG25.112.P,.2500000,.2812500,112,P,.2736833,500.0912658,570.2792775,535.1936981
XCME.WY1.06AUG25.110:75.C,1.1875000,1.2343750,110.7500000,C,1.2108303,522.2661762,788.5586454,688.5580609
XCME.WY1.06AUG25.111:5.P,.0625000,.0781250,111.5000000,P,.0842536,485.5095557,533.1742113,509.6880279
XCME.WY1.06AUG25.111.C,.9531250,.9843750,111,C,.9703852,429.2015852,663.5709017,574.2895601
XCME.GY1.05AUG25.110.P,INVALID,.0069999,110,P,.0033984,,1025.1741967,929.5013788
XCME.GY1.05AUG25.110:5.C,1.4375000,1.4687500,110.5000000,C,1.4527771,,966.7785787,820.0880161
