Key,BID,ASK,STRIKE,ITYPE,ADJTHEOR,IVBID,IVASK,IVAVERAGE
XCME.ZN.SEP25,110.9687500,110.9843750,INVALID,F,,,,
XCME.ZN1.01AUG25.110.P,.0069999,.0156250,110,P,.0008076,825.9849323,964.4481501,902.7063992
XCME.ZN1.01AUG25.110:75.P,.1250000,.1562500,110.7500000,P,.0792386,849.6924718,980.1635295,915.2611595
