Key,BID,ASK,STRIKE,ITYPE,ADJTHEOR,IVBID,IVASK,IVAVERAGE
XCME.ZN.SEP25,112.0312500,112.0468750,INVALID,F,,,,
XCME.ZN1.01AUG25.110:5.C,1.5312500,1.5468750,110.5000000,C,1.5355624,,,1855.6859993
XCME.ZN1.01AUG25.110:75.C,1.2812500,1.2968750,110.7500000,C,1.2855625,,,1581.6517797
XCME.ZN1.01AUG25.111.P,INVALID,.0069999,111,P,.0000012,,1899.8961189,1699.3801818
XCME.ZN1.01AUG25.113.C,INVALID,.0069999,113,C,.00000,,1775.5856465,1585.2001315
XCME.ZN1.01AUG25.112:5.C,INVALID,.0069999,112.5000000,C,.0001412,,979.1788819,856.1396460
XCME.ZN1.01AUG25.111:5.C,.5312500,.5468750,111.5000000,C,.5356506,,1019.1730080,726.2785743
XCME.ZN1.01AUG25.113.P,.9531250,.9687500,113,P,.9644380,,1942.6821583,1793.3677364
