Key,BID,ASK,STRIKE,ITYPE,ADJTHEOR,IVBID,IVASK,IVAVERAGE
XCME.ZN.SEP25,111.8437500,111.8593750,INVALID,F,,,,
XCME.ZN1.01AUG25.112:75.C,INVALID,.0069999,112.7500000,C,.0036835,,1315.1756918,1169.6889399
XCME.ZN1.01AUG25.110:25.C,1.5781250,1.6093750,110.2500000,C,1.6055988,,,1956.1238257
XCME.ZN1.01AUG25.110:25.P,INVALID,.0069999,110.2500000,P,.0040363,,,1927.0364063
XCME.ZN1.01AUG25.110:75.P,INVALID,.0069999,110.7500000,P,.0024214,,1563.4069064,1401.0592017
XCME.ZN1.01AUG25.111:75.P,.0781250,.0937500,111.7500000,P,.0816487,701.9700310,921.6691737,812.6519570
XCME.ZN1.01AUG25.110.P,INVALID,.0069999,110,P,,,,
XCME.ZN1.01AUG25.110:5.P,INVALID,.0069999,110.5000000,P,.0028967,,1851.8544054,1666.9866783
