Key,BID,ASK,STRIKE,ITYPE,ADJTHEOR,IVBID,IVASK,IVAVERAGE
XCME.ZN.SEP25,112.0781250,112.0937500,INVALID,F,,,,
XCME.VY1.04AUG25.112.C,.1718750,.2031250,112,C,.1855218,464.2358286,587.2641088,525.9925377
XCME.VY1.04AUG25.112:75.C,.0069999,.0156250,112.7500000,C,.0095279,590.3721250,701.0105339,651.3901057
XCME.VY1.04AUG25.110:25.C,1.8125000,1.8437500,110.2500000,C,1.8426928,,1279.6379052,980.7391220
XCME.WY1.06AUG25.110.C,2.0781250,2.0937500,110,C,2.0899234,,1117.1505026,985.4488397
XCME.WY1.06AUG25.113.P,.9375000,.9531250,113,P,.9398911,462.8687275,669.3662508,585.2112162
XCME.WY1.06AUG25.112:75.C,.0312500,.0468750,112.7500000,C,.0465119,501.5651882,568.0221939,536.0949253
XCME.WY1.06AUG25.112.C,.2656250,.2812500,112,C,.2742031,497.7367528,533.4917013,515.6212554
