Key,BID,ASK,STRIKE,ITYPE,ADJTHEOR,IVBID,IVASK,IVAVERAGE
XCME.ZN.SEP25,110.9062500,110.9218750,INVALID,F,,,,
XCME.ZN1.01AUG25.110:25.P,.0156250,.0312500,110.2500000,P,.0003209,1145.9208289,1373.6973199,1268.6067226
XCME.ZN1.01AUG25.110:5.P,.0468750,.0781250,110.5000000,P,.0058549,1147.3775131,1414.8181977,1285.6250620
