Key,BID,ASK,STRIKE,ITYPE,ADJTHEOR,IVBID,IVASK,IVAVERAGE
XCME.ZN.SEP25,110.9375000,110.9531250,INVALID,F,,,,
XCME.ZN1.01AUG25.110:5.C,.5000000,.5312500,110.5000000,C,.4561082,964.1565837,1150.9979715,1059.8823319
XCME.ZN1.01AUG25.111:75.C,.0069999,.0312500,111.7500000,C,.0013160,827.8174883,1156.9443179,1021.1819348
