Key,BID,ASK,STRIKE,ITYPE,ADJTHEOR,IVBID,IVASK,IVAVERAGE
XCME.ZN.SEP25,110.9218750,110.9375000,INVALID,F,,,,
XCME.ZN1.01AUG25.112:5.C,INVALID,.0069999,112.5000000,C,0,,1945.2691226,1756.5536695
XCME.ZN1.01AUG25.112.C,INVALID,.0069999,112,C,.0000015,,1412.4549314,1263.5649352
