Key,BID,ASK,STRIKE,ITYPE,ADJTHEOR,IVBID,IVASK,IVAVERAGE
XCME.ZN.SEP25,112.1250000,112.1406250,INVALID,F,,,,
XCME.GY1.05AUG25.111.C,1.1406250,1.1718750,111,C,1.1489636,624.7770303,947.3066334,825.7332013
XCME.GY1.05AUG25.112:25.C,.1562500,.1875000,112.2500000,C,.1669520,582.2023147,671.4182622,626.8756852
XCME.GY1.05AUG25.111:25.C,.8906250,.9218750,111.2500000,C,.9083668,500.5506465,786.0730775,677.3594583
XCME.GY1.05AUG25.111:75.C,.4375000,.4687500,111.7500000,C,.4664720,511.3464033,628.0810175,571.4390694
XCME.GY1.05AUG25.112:5.P,.4531250,.4687500,112.5000000,P,.4542336,632.9422958,685.7579080,659.5504675
XCME.GY1.05AUG25.113.P,.8906250,.9062500,113,P,.8927427,716.2527922,813.0658182,767.0717731
XCME.GY1.05AUG25.112:75.P,.6562500,.6875000,112.7500000,P,.6629959,644.4794942,783.3427550,717.0319915
