Key,BID,ASK,STRIKE,ITYPE,ADJTHEOR,IVBID,IVASK,IVAVERAGE
XCME.ZN.SEP25,112.0156250,112.0312500,INVALID,F,,,,
XCME.ZN1.01AUG25.110:5.C,1.5312500,1.5625000,110.5000000,C,1.5390624,,,
XCME.ZN1.01AUG25.110:75.C,1.2812500,1.3125000,110.7500000,C,1.2890625,,,
XCME.ZN1.01AUG25.111.P,INVALID,.0069999,111,P,.0000014,,1846.2548824,1650.8116283
XCME.ZN1.01AUG25.113.C,INVALID,.0069999,113,C,.000001,,1734.9347835,1549.0968241
XCME.ZN1.01AUG25.112:5.C,INVALID,.0069999,112.5000000,C,.0001678,,959.6594368,839.2701197
XCME.ZN1.01AUG25.111:5.C,.5312500,.5625000,111.5000000,C,.5391536,,1109.2071487,970.1965217
