Key,BID,ASK,STRIKE,ITYPE,ADJTHEOR,IVBID,IVASK,IVAVERAGE
XCME.ZN.SEP25,111.9843750,112,INVALID,F,,,,
XCME.VY1.04AUG25.111.C,.9843750,1,111,C,.9990900,,992.2615604,827.9123522
XCME.VY1.04AUG25.110:5.C,1.4843750,1.5000000,110.5000000,C,1.4983169,,1365.5860789,1159.1684783
XCME.VY1.04AUG25.110.C,1.9843750,2,110,C,1.9992458,,1721.3211050,1477.0253437
XCME.VY1.04AUG25.110:75.C,1.2343750,1.2500000,110.7500000,C,1.2482582,,1181.6890943,995.7636852
XCME.VY1.04AUG25.110.P,INVALID,.0069999,110,P,.0035583,,1440.7949923,1306.2774518
XCME.VY1.04AUG25.111:25.C,.7343750,.7656250,111.2500000,C,.7523001,,797.8444343,657.2662616
