Key,BID,ASK,STRIKE,ITYPE,ADJTHEOR,IVBID,IVASK,IVAVERAGE
XCME.ZN.SEP25,112.1250000,112.1406250,INVALID,F,,,,
XCME.GY1.05AUG25.112:5.C,.0781250,.1093750,112.5000000,C,.0889474,593.5609017,700.0732074,647.6829064
XCME.GY1.05AUG25.110:5.P,INVALID,.0156250,110.5000000,P,.0063298,,1050.0934531,930.6108887
XCME.GY1.05AUG25.110:75.P,INVALID,.0156250,110.7500000,P,.0085323,,918.6792484,810.6191237
XCME.GY1.05AUG25.111:75.P,.0625000,.0937500,111.7500000,P,.0790483,555.2620223,667.5880675,612.7167319
XCME.GY1.05AUG25.112.P,.1406250,.1718750,112,P,.1538063,563.5064500,653.6917191,608.7039509
XCME.ZN1.01AUG25.112:75.C,INVALID,.0069999,112.7500000,C,.0000048,,1628.1277779,1436.7769177
XCME.ZN1.01AUG25.110:25.C,1.8750000,1.8906250,110.2500000,C,1.8828125,,,
