Key,BID,ASK,STRIKE,ITYPE,ADJTHEOR,IVBID,IVASK,IVAVERAGE
XCME.ZN.SEP25,111.9687500,111.9843750,INVALID,F,,,,
XCME.GY1.05AUG25.113.P,1.0156250,1.0312500,113,P,1.0299343,332.5145715,694.5393718,655.0208532
XCME.GY1.05AUG25.112:75.P,.7656250,.7968750,112.7500000,P,.7922165,192.2777231,659.4280102,582.8184661
XCME.GY1.05AUG25.110:75.C,1.2187500,1.2500000,110.7500000,C,1.2399397,,809.4291306,637.1544129
XCME.GY1.05AUG25.112:25.P,.3593750,.3750000,112.2500000,P,.3678331,538.5483959,586.7118238,562.7644425
XCME.GY1.05AUG25.113.C,.0069999,.0156250,113,C,.0143093,595.8309413,694.5393718,650.5249852
XCME.GY1.05AUG25.111.P,.0069999,.0156250,111,P,.0096720,578.7984886,676.5261641,633.0129849
XCME.GY1.05AUG25.112.C,.1875000,.2031250,112,C,.1950702,528.3119913,570.6185052,549.4656359
