Key,BID,ASK,STRIKE,ITYPE,ADJTHEOR,IVBID,IVASK,IVAVERAGE
XCME.ZN.SEP25,111.9687500,111.9843750,INVALID,F,,,,
XCME.WY1.06AUG25.112:5.P,.5781250,.6093750,112.5000000,P,.5801763,565.1035238,656.0652177,611.4859437
XCME.WY1.06AUG25.111:5.C,.5468750,.5625000,111.5000000,C,.5696326,404.5915855,516.2166981,463.5674475
XCME.WY1.06AUG25.110:25.P,INVALID,.0069999,110.2500000,P,.0052687,,770.7597882,697.0858807
XCME.WY1.06AUG25.111:75.P,.1250000,.1406250,111.7500000,P,.1352802,509.6733339,547.7397575,528.7675760
XCME.WY1.06AUG25.112:75.P,.7968750,.8125000,112.7500000,P,.7930948,604.5592208,665.0781941,635.6128908
XCME.WY1.06AUG25.110:5.C,1.4843750,1.5000000,110.5000000,C,1.5068996,,258.0668887,
