Key,BID,ASK,STRIKE,ITYPE,ADJTHEOR,IVBID,IVASK,IVAVERAGE
XCME.ZN.SEP25,112,112.0156250,INVALID,F,,,,
XCME.ZN1.01AUG25.110:5.C,1.5000000,1.5156250,110.5000000,C,1.5078124,,,
XCME.ZN1.01AUG25.110:75.C,1.2500000,1.2656250,110.7500000,C,1.2578118,,,1929.0637142
XCME.ZN1.01AUG25.111.P,INVALID,.0069999,111,P,0,,1758.0827651,1570.1399495
XCME.ZN1.01AUG25.113.C,INVALID,.0069999,113,C,0,,1742.8347568,1559.5891665
XCME.ZN1.01AUG25.112:5.C,INVALID,.0069999,112.5000000,C,.0001551,,987.4358979,865.7961432
XCME.ZN1.01AUG25.111:5.C,.5000000,.5156250,111.5000000,C,.5079641,,1034.1922505,903.4752269
