Key,BID,ASK,STRIKE,ITYPE,ADJTHEOR,IVBID,IVASK,IVAVERAGE
XCME.ZN.SEP25,111.9531250,111.9687500,INVALID,F,,,,
XCME.ZN1.01AUG25.110:25.P,INVALID,.0069999,110.2500000,P,.0008047,,,
XCME.ZN1.01AUG25.110:75.P,INVALID,.0069999,110.7500000,P,.0001412,,1882.8436179,1692.4517930
XCME.ZN1.01AUG25.111:75.P,.0069999,.0156250,111.7500000,P,.0125686,475.9089595,603.5550801,544.8535310
XCME.ZN1.01AUG25.110.P,INVALID,.0069999,110,P,,,,
XCME.ZN1.01AUG25.110:5.P,INVALID,.0069999,110.5000000,P,.0003321,,,
XCME.ZN1.01AUG25.112:75.P,.7812500,.8125000,112.7500000,P,.7858692,,1435.0359262,1317.3293407
