Key,BID,ASK,STRIKE,ITYPE,ADJTHEOR,IVBID,IVASK,IVAVERAGE
XCME.ZN.SEP25,112.0156250,112.0312500,INVALID,F,,,,
XCME.GY1.05AUG25.111.C,1.0156250,1.0468750,111,C,1.0387662,,239.3490363,
XCME.GY1.05AUG25.112:25.C,.0937500,.1250000,112.2500000,C,.1114750,498.2936051,592.1291124,545.5988076
XCME.GY1.05AUG25.111:25.C,.7656250,.7968750,111.2500000,C,.7978153,,571.0535859,437.6290272
XCME.GY1.05AUG25.111:75.C,.3437500,.3750000,111.7500000,C,.3744680,455.3126503,507.4927199,481.6905523
XCME.GY1.05AUG25.112:5.P,.5156250,.5468750,112.5000000,P,.5174758,544.2975381,666.2050203,607.4386964
XCME.GY1.05AUG25.113.P,.9843750,1,113,P,.9764352,674.4566322,887.6690184,794.0934125
