Key,BID,ASK,STRIKE,ITYPE,ADJTHEOR,IVBID,IVASK,IVAVERAGE
XCME.ZN.SEP25,111.8437500,111.8593750,INVALID,F,,,,
XCME.GY1.05AUG25.111:5.C,.4218750,.4531250,111.5000000,C,.4560824,461.4572413,573.2959570,519.1676585
XCME.GY1.05AUG25.110.C,1.8437500,1.8750000,110,C,1.8781186,,1,
XCME.GY1.05AUG25.111:5.P,.0781250,.0937500,111.5000000,P,.0810826,573.2958502,625.0506120,599.4190285
XCME.GY1.05AUG25.110:25.C,1.5937500,1.6250000,110.2500000,C,1.6282422,,262.2019747,
XCME.GY1.05AUG25.112:75.C,.0156250,.0312500,112.7500000,C,.0253106,604.2202629,715.9293180,664.6739314
XCME.GY1.05AUG25.112:5.C,.0312500,.0468750,112.5000000,C,.0519812,564.4201185,640.6496628,604.0041826
