Key,BID,ASK,STRIKE,ITYPE,ADJTHEOR,IVBID,IVASK,IVAVERAGE
XCME.ZN.SEP25,111.0781250,111.0937500,INVALID,F,,,,
XCME.ZN1.01AUG25.110:5.C,.6250000,.6406250,110.5000000,C,.6003363,829.0896490,928.9017505,880.4640039
XCME.ZN1.01AUG25.111:75.C,.0312500,.0468750,111.7500000,C,.0106022,842.3341015,954.6028325,900.6789733
