Key,BID,ASK,STRIKE,ITYPE,ADJTHEOR,IVBID,IVASK,IVAVERAGE
XCME.ZN.SEP25,112.1875000,112.2031250,INVALID,F,,,,
XCME.VY1.04AUG25.112:25.P,.1718750,.1875000,112.2500000,P,.1829905,540.0897073,603.3428703,571.7485942
XCME.VY1.04AUG25.112.C,.2500000,.2656250,112,C,.2550754,555.1716100,625.3757283,590.5270186
XCME.VY1.04AUG25.112:75.C,.0156250,.0312500,112.7500000,C,.0205118,649.1920502,785.8989220,722.6180648
XCME.VY1.04AUG25.110:25.C,1.9218750,1.9531250,110.2500000,C,1.9380702,,1789.1443102,1717.2713817
XCME.GY1.05AUG25.110.P,INVALID,.0069999,110,P,.0000166,,1175.3215346,1067.5253974
XCME.GY1.05AUG25.110:5.C,1.6875000,1.7187500,110.5000000,C,1.6878765,400.8907436,1247.1488842,1129.8530805
