Key,BID,ASK,STRIKE,ITYPE,ADJTHEOR,IVBID,IVASK,IVAVERAGE
XCME.ZN.SEP25,110.8593750,110.8750000,INVALID,F,,,,
XCME.ZN1.01AUG25.110:5.C,.4375000,.4687500,110.5000000,C,.3815671,1182.3981215,1414.8503215,1300.9955028
XCME.ZN1.01AUG25.111:75.C,.0069999,.0156250,111.7500000,C,.0000448,1146.4156147,1347.9754327,1258.0522228
