Key,BID,ASK,STRIKE,ITYPE,ADJTHEOR,IVBID,IVASK,IVAVERAGE
XCME.ZN.SEP25,112.1406250,112.1562500,INVALID,F,,,,
XCME.GY1.05AUG25.111:25.C,.9062500,.9375000,111.2500000,C,.9244476,507.7340941,796.1296675,686.4795284
XCME.GY1.05AUG25.111:75.C,.4687500,.4843750,111.7500000,C,.4824658,584.7925376,696.6549501,641.9259229
XCME.GY1.05AUG25.112:5.P,.4375000,.4687500,112.5000000,P,.4458865,564.6848324,671.2795638,618.8937688
XCME.GY1.05AUG25.113.P,.8593750,.8906250,113,P,.8791567,576.6668287,802.2345282,706.1771429
XCME.GY1.05AUG25.112:75.P,.6406250,.6718750,112.7500000,P,.6514412,633.0469249,770.7833650,704.9806851
XCME.GY1.05AUG25.110:75.C,1.3906250,1.4218750,110.7500000,C,1.4104788,,973.5656558,824.9915761
