Key,BID,ASK,STRIKE,ITYPE,ADJTHEOR,IVBID,IVASK,IVAVERAGE
XCME.ZN.SEP25,112.1406250,112.1562500,INVALID,F,,,,
XCME.VY1.04AUG25.111:75.P,.0156250,.0468750,111.7500000,P,.0351652,495.2742547,707.9517909,611.8065991
XCME.VY1.04AUG25.111:75.C,.4218750,.4531250,111.7500000,C,.4371039,530.8690849,732.5857588,639.6832695
XCME.VY1.04AUG25.112:75.P,.6093750,.6406250,112.7500000,P,.6190847,617.7571855,884.8632238,769.3053656
XCME.VY1.04AUG25.111:25.P,.0069999,.0156250,111.2500000,P,.0071130,771.8494502,907.3774060,846.9709163
XCME.VY1.04AUG25.111:5.P,.0069999,.0156250,111.5000000,P,.0139561,597.5300053,710.6089129,659.8928904
XCME.VY1.04AUG25.112:5.C,.0468750,.0625000,112.5000000,C,.0479931,649.0306094,732.2562152,691.4148264
XCME.VY1.04AUG25.110:25.P,INVALID,.0069999,110.2500000,P,.0034116,,1451.0271570,1314.8579396
