Key,BID,ASK,STRIKE,ITYPE,ADJTHEOR,IVBID,IVASK,IVAVERAGE
XCME.ZN.SEP25,110.9062500,110.9218750,INVALID,F,,,,
XCME.ZN1.01AUG25.112:25.P,1.3281250,1.3593750,112.2500000,P,1.3324382,,1871.7882482,1658.6127920
XCME.ZN1.01AUG25.113.P,2.0625000,2.0937500,113,P,2.0824375,,,
