Key,BID,ASK,STRIKE,ITYPE,ADJTHEOR,IVBID,IVASK,IVAVERAGE
XCME.ZN.SEP25,112.1250000,112.1406250,INVALID,F,,,,
XCME.VY1.04AUG25.113.P,.8593750,.8906250,113,P,.8745096,,1006.8835329,877.4749578
XCME.VY1.04AUG25.113.C,.0069999,.0156250,113,C,.0108221,749.1787955,882.6758449,823.1522141
XCME.VY1.04AUG25.112:25.P,.2187500,.2343750,112.2500000,P,.2181551,610.7022970,674.5533347,642.6893397
XCME.VY1.04AUG25.112.C,.2187500,.2343750,112,C,.2300107,551.1212186,616.8260135,584.0964553
XCME.VY1.04AUG25.112:75.C,.0156250,.0312500,112.7500000,C,.0195418,683.7835192,823.2615088,758.7847056
XCME.VY1.04AUG25.110:25.C,1.8750000,1.8906250,110.2500000,C,1.8897243,,1350.8926098,1036.2733950
