Key,BID,ASK,STRIKE,ITYPE,ADJTHEOR,IVBID,IVASK,IVAVERAGE
XCME.ZN.SEP25,112.0625000,112.0781250,INVALID,F,,,,
XCME.VY1.04AUG25.111.C,1.0312500,1.0625000,111,C,1.0414648,,1042.3397869,1080.6450648
XCME.VY1.04AUG25.110:5.C,1.5312500,1.5625000,110.5000000,C,1.5409578,,1413.0103997,1459.7195280
XCME.VY1.04AUG25.110.C,2.0312500,2.0625000,110,C,2.0417367,,1766.4140881,1820.6739490
XCME.VY1.04AUG25.110:75.C,1.2812500,1.3125000,110.7500000,C,1.2908774,,1230.3273397,1272.9776107
XCME.VY1.04AUG25.110.P,INVALID,.0069999,110,P,.0034867,,1424.8736781,1293.2512257
XCME.VY1.04AUG25.111:25.C,.7812500,.8125000,111.2500000,C,.7941841,,844.6405246,878.3882910
XCME.VY1.04AUG25.113.P,.9218750,.9531250,113,P,.9712267,,965.7820589,758.2488766
