Key,BID,ASK,STRIKE,ITYPE,ADJTHEOR,IVBID,IVASK,IVAVERAGE
XCME.ZN.SEP25,112.1406250,112.1562500,INVALID,F,,,,
XCME.WY1.06AUG25.110.C,2.1406250,2.1718750,110,C,2.1511273,,1187.6293444,1066.5766212
XCME.WY1.06AUG25.113.P,.8750000,.9062500,113,P,.8965676,539.1320859,698.3862814,626.7605369
XCME.WY1.06AUG25.112:75.C,.0625000,.0781250,112.7500000,C,.0691258,596.3911540,649.3877291,623.3276548
XCME.WY1.06AUG25.112.C,.3281250,.3437500,112,C,.3324613,569.7470843,606.4121551,588.0940029
XCME.WY1.06AUG25.111.P,.0156250,.0312500,111,P,.0211107,645.1769122,754.3231208,704.4307701
XCME.WY1.06AUG25.112:25.C,.2031250,.2187500,112.2500000,C,.2047995,577.0192887,613.2386447,595.1361119
XCME.WY1.06AUG25.112:5.C,.1093750,.1406250,112.5000000,C,.1198732,566.1787904,648.6629912,607.8203739
