Key,BID,ASK,STRIKE,ITYPE,ADJTHEOR,IVBID,IVASK,IVAVERAGE
XCME.ZN.SEP25,110.8281250,110.8437500,INVALID,F,,,,
XCME.VY1.04AUG25.111:5.P,.6875000,.7343750,111.5000000,P,.6853337,654.6580664,980.9112479,839.1954269
XCME.VY1.04AUG25.112:5.C,INVALID,.0069999,112.5000000,C,.0000489,,1172.7338186,1060.4605268
XCME.VY1.04AUG25.110:25.P,.0468750,.0625000,110.2500000,P,.0171615,805.2622829,892.3415290,849.8323288
XCME.VY1.04AUG25.111.P,.3281250,.3593750,111,P,.2807714,817.5892445,931.9487706,874.9113548
XCME.VY1.04AUG25.110:75.P,.2031250,.2343750,110.7500000,P,.1439831,845.8896261,901.3587905,873.6311540
XCME.VY1.04AUG25.112.P,1.1562500,1.2031250,112,P,1.1725575,,1011.7253474,795.5929100
