Key,BID,ASK,STRIKE,ITYPE,ADJTHEOR,IVBID,IVASK,IVAVERAGE
XCME.ZN.SEP25,111.9687500,111.9843750,INVALID,F,,,,
XCME.GY1.05AUG25.110:75.P,INVALID,.0069999,110.7500000,P,.0039614,,692.4848723,621.7724538
XCME.GY1.05AUG25.111:75.P,.0937500,.1250000,111.7500000,P,.1104501,502.3789712,595.5586433,549.3727023
XCME.GY1.05AUG25.112.P,.2031250,.2343750,112,P,.2212616,519.5556741,603.7455375,561.6529138
XCME.ZN1.01AUG25.112:75.C,INVALID,.0069999,112.7500000,C,.0005544,,1282.9810562,1136.1112246
XCME.ZN1.01AUG25.110:25.C,1.7187500,1.7343750,110.2500000,C,1.7300786,,,1798.8759427
XCME.ZN1.01AUG25.110:25.P,INVALID,.0069999,110.2500000,P,.0000161,,,
XCME.ZN1.01AUG25.110:75.P,INVALID,.0069999,110.7500000,P,.0001298,,1902.3013375,1709.7886213
