Key,BID,ASK,STRIKE,ITYPE,ADJTHEOR,IVBID,IVASK,IVAVERAGE
XCME.ZN.SEP25,110.8906250,110.9062500,INVALID,F,,,,
XCME.ZN1.01AUG25.110.P,INVALID,.0156250,110,P,.0000080,,1461.8528863,1271.8429745
XCME.ZN1.01AUG25.110:75.P,.1406250,.1562500,110.7500000,P,.0425163,1323.0866864,1424.1072486,1373.6791239
