Key,BID,ASK,STRIKE,ITYPE,ADJTHEOR,IVBID,IVASK,IVAVERAGE
XCME.ZN.SEP25,111.1093750,111.1250000,INVALID,F,,,,
XCME.ZN1.01AUG25.111.C,.2968750,.3125000,111,C,.2341489,903.3357475,964.2727744,933.8213081
XCME.ZN1.01AUG25.111:25.P,.3125000,.3281250,111.2500000,P,.2488218,912.8445056,974.2147677,943.5541436
