Key,BID,ASK,STRIKE,ITYPE,ADJTHEOR,IVBID,IVASK,IVAVERAGE
XCME.ZN.SEP25,111.9062500,111.9218750,INVALID,F,,,,
XCME.GY1.05AUG25.112:75.C,.0156250,.0312500,112.7500000,C,.0232554,601.5427572,714.0602280,662.4478741
XCME.GY1.05AUG25.112:5.C,.0312500,.0468750,112.5000000,C,.0430747,559.8937809,636.3974129,599.6024713
XCME.GY1.05AUG25.110:5.P,INVALID,.0069999,110.5000000,P,.0037241,,772.3025505,695.9461502
XCME.GY1.05AUG25.110:75.P,INVALID,.0069999,110.7500000,P,.0054243,,655.6132036,588.5205726
XCME.GY1.05AUG25.111:75.P,.1250000,.1406250,111.7500000,P,.1386197,509.3173851,553.3585017,531.3775415
XCME.GY1.05AUG25.112.P,.2500000,.2656250,112,P,.2652314,520.8072292,563.9148297,542.3797571
