Key,BID,ASK,STRIKE,ITYPE,ADJTHEOR,IVBID,IVASK,IVAVERAGE
XCME.ZN.SEP25,112.1250000,112.1406250,INVALID,F,,,,
XCME.WY1.06AUG25.112.P,.2031250,.2187500,112,P,.2088232,598.8971615,635.1675595,617.0420803
XCME.WY1.06AUG25.110:75.C,1.3750000,1.4062500,110.7500000,C,1.3938913,,836.4017694,741.9019230
XCME.WY1.06AUG25.111:5.P,.0625000,.0781250,111.5000000,P,.0691257,608.9583565,662.4077824,636.1332185
XCME.WY1.06AUG25.111.C,1.1406250,1.1718750,111,C,1.1522128,,805.9188068,691.7467887
XCME.GY1.05AUG25.110.P,INVALID,.0069999,110,P,.0041641,,1136.0888969,1031.8842501
XCME.GY1.05AUG25.110:5.C,1.6250000,1.6562500,110.5000000,C,1.6355142,,981.2772817,914.2516766
