Key,BID,ASK,STRIKE,ITYPE,ADJTHEOR,IVBID,IVASK,IVAVERAGE
XCME.ZN.SEP25,112.1250000,112.1406250,INVALID,F,,,,
XCME.VY1.04AUG25.110:75.P,INVALID,.0069999,110.7500000,P,.0036376,,1110.3885372,1000.3261546
XCME.VY1.04AUG25.112.P,.0937500,.1093750,112,P,.1046293,590.0976397,654.6672236,622.4772048
XCME.VY1.04AUG25.111:5.C,.6250000,.6562500,111.5000000,C,.6495204,596.2631071,894.1014662,770.4559908
XCME.VY1.04AUG25.112:25.C,.1093750,.1250000,112.2500000,C,.1121647,630.3038524,693.7647441,662.0932300
XCME.VY1.04AUG25.110:5.P,INVALID,.0069999,110.5000000,P,.0033511,,1276.3411048,1153.1494273
XCME.VY1.04AUG25.112:5.P,.4062500,.4375000,112.5000000,P,.4150251,625.1668578,713.3003474,670.2928830
