Key,BID,ASK,STRIKE,ITYPE,ADJTHEOR,IVBID,IVASK,IVAVERAGE
XCME.ZN.SEP25,112.0781250,112.0937500,INVALID,F,,,,
XCME.VY1.04AUG25.112.C,.1718750,.2031250,112,C,.1855218,464.2358286,587.2641088,525.9925377
XCME.VY1.04AUG25.112:75.C,.0069999,.0156250,112.7500000,C,.0095279,590.3721250,701.0105339,651.3901057
XCME.VY1.04AUG25.110:25.C,1.8281250,1.8593750,110.2500000,C,1.8426928,,1645.5758450,1408.3807883
XCME.WY1.06AUG25.110.C,2.0781250,2.1093750,110,C,2.0934310,,1084.2981158,932.0513677
XCME.WY1.06AUG25.113.P,.9218750,.9531250,113,P,.9372235,495.9279266,684.1241171,604.1738649
XCME.WY1.06AUG25.112:75.C,.0312500,.0625000,112.7500000,C,.0474070,499.7030489,624.4873828,566.0106268
XCME.WY1.06AUG25.112.C,.2656250,.2812500,112,C,.2750415,493.2174527,529.0138806,511.1235235
