Key,BID,ASK,STRIKE,ITYPE,ADJTHEOR,IVBID,IVASK,IVAVERAGE
XCME.ZN.SEP25,111.9531250,111.9687500,INVALID,F,,,,
XCME.WY1.06AUG25.112:5.P,.6093750,.6406250,112.5000000,P,.6133602,549.5486772,647.1841067,599.6921941
XCME.WY1.06AUG25.111:5.C,.5000000,.5312500,111.5000000,C,.5278900,434.7302906,534.2052576,486.2583308
XCME.WY1.06AUG25.110:25.P,INVALID,.0069999,110.2500000,P,.0053750,,756.5561416,684.0714768
XCME.WY1.06AUG25.111:75.P,.1406250,.1562500,111.7500000,P,.1442519,510.5900507,547.7015689,529.1844370
XCME.WY1.06AUG25.112:75.P,.8281250,.8593750,112.7500000,P,.8342632,564.9193001,697.2023151,635.4205154
XCME.WY1.06AUG25.110:5.C,1.4375000,1.4531250,110.5000000,C,1.4610199,,,586.7189008
XCME.WY1.06AUG25.112.P,.2656250,.2812500,112,P,.2581662,541.3167848,576.3774002,558.8485804
