Key,BID,ASK,STRIKE,ITYPE,ADJTHEOR,IVBID,IVASK,IVAVERAGE
XCME.ZN.SEP25,110.9687500,110.9843750,INVALID,F,,,,
XCME.ZN1.01AUG25.110:25.P,.0156250,.0312500,110.2500000,P,.0030319,848.8740569,1013.9882528,937.9643609
XCME.ZN1.01AUG25.110:5.P,.0625000,.0781250,110.5000000,P,.0163596,976.8249606,1069.5513032,1023.9047082
