Key,BID,ASK,STRIKE,ITYPE,ADJTHEOR,IVBID,IVASK,IVAVERAGE
XCME.ZN.SEP25,112.0937500,112.1093750,INVALID,F,,,,
XCME.VY1.04AUG25.111.C,1.0781250,1.1093750,111,C,1.0857416,,1160.1278458,1021.3235114
XCME.VY1.04AUG25.110:5.C,1.5781250,1.6093750,110.5000000,C,1.5853710,,1553.9639558,1383.9151291
XCME.VY1.04AUG25.110.C,2.0781250,2.1093750,110,C,2.0860225,,1928.9297483,1731.4996932
XCME.VY1.04AUG25.110:75.C,1.3281250,1.3593750,110.7500000,C,1.3352778,,1359.8076390,1204.9637996
XCME.VY1.04AUG25.110.P,INVALID,.0069999,110,P,.0035850,,1525.8272050,1385.5601769
XCME.VY1.04AUG25.111:25.C,.8281250,.8593750,111.2500000,C,.8380309,,949.2424817,826.8511569
XCME.VY1.04AUG25.113.P,.9062500,.9218750,113,P,.9225091,,704.1552771,514.9416949
