Key,BID,ASK,STRIKE,ITYPE,ADJTHEOR,IVBID,IVASK,IVAVERAGE
XCME.ZN.SEP25,111.9218750,111.9375000,INVALID,F,,,,
XCME.ZN1.01AUG25.113.P,1.0468750,1.0625000,113,P,1.0511886,,,
XCME.ZN1.01AUG25.112:25.P,.2968750,.3281250,112.2500000,P,.3040131,,950.1767542,790.1704219
XCME.ZN1.01AUG25.111.C,.9375000,.9531250,111,C,.9488653,,1479.8442636,1113.7791906
XCME.ZN1.01AUG25.112.C,.0312500,.0468750,112,C,.0441102,408.5441967,661.0019723,536.1422382
XCME.GY1.05AUG25.110.P,INVALID,.0069999,110,P,.0030210,,1025.1741963,929.5014013
XCME.GY1.05AUG25.110:5.C,1.4218750,1.4531250,110.5000000,C,1.4522709,,741.7991253,562.9572283
