Key,BID,ASK,STRIKE,ITYPE,ADJTHEOR,IVBID,IVASK,IVAVERAGE
XCME.ZN.SEP25,111.8906250,111.9062500,INVALID,F,,,,
XCME.GY1.05AUG25.112:5.C,.0312500,.0625000,112.5000000,C,.0506823,546.6819388,688.0794850,621.6641626
XCME.GY1.05AUG25.110:5.P,INVALID,.0069999,110.5000000,P,.0040190,,763.4201150,688.0953558
XCME.GY1.05AUG25.110:75.P,INVALID,.0156250,110.7500000,P,.0062053,,753.1542325,660.9213010
XCME.GY1.05AUG25.111:75.P,.1406250,.1562500,111.7500000,P,.1509003,552.2256093,595.4163159,573.8529229
XCME.GY1.05AUG25.112.P,.2656250,.2812500,112,P,.2763765,566.0309680,608.2077903,587.1313027
XCME.ZN1.01AUG25.112:75.C,INVALID,.0069999,112.7500000,C,.0037357,,1273.5326930,1129.6624861
XCME.ZN1.01AUG25.110:25.C,1.6406250,1.6718750,110.2500000,C,,,,
