Key,BID,ASK,STRIKE,ITYPE,ADJTHEOR,IVBID,IVASK,IVAVERAGE
XCME.ZN.SEP25,112.1250000,112.1406250,INVALID,F,,,,
XCME.WY1.06AUG25.112.P,.2031250,.2187500,112,P,.2065257,603.4787933,639.6706546,621.5851213
XCME.WY1.06AUG25.110:75.C,1.3750000,1.4062500,110.7500000,C,1.4018754,,783.7038278,663.8202609
XCME.WY1.06AUG25.111:5.P,.0625000,.0781250,111.5000000,P,.0702511,610.9675397,664.3991221,638.1435634
XCME.WY1.06AUG25.111.C,1.1406250,1.1562500,111,C,1.1605798,507.3726221,670.5234137,605.2889634
XCME.GY1.05AUG25.110.P,INVALID,.0069999,110,P,.0000233,,1134.8999137,1031.0555043
XCME.GY1.05AUG25.110:5.C,1.6093750,1.6406250,110.5000000,C,1.6411323,,400.2441259,
