Key,BID,ASK,STRIKE,ITYPE,ADJTHEOR,IVBID,IVASK,IVAVERAGE
XCME.ZN.SEP25,112,112.0156250,INVALID,F,,,,
XCME.GY1.05AUG25.110:75.P,INVALID,.0069999,110.7500000,P,.0047537,,720.2167299,646.7764393
XCME.GY1.05AUG25.111:75.P,.0781250,.1093750,111.7500000,P,.0937848,497.3535961,595.9071924,547.2755386
XCME.GY1.05AUG25.112.P,.1875000,.2031250,112,P,.1930406,538.2360476,580.8914455,559.5643553
XCME.VY1.04AUG25.111:75.P,.0312500,.0625000,111.7500000,P,.0470505,451.8212710,607.8991646,533.1530707
XCME.VY1.04AUG25.111:75.C,.2812500,.3125000,111.7500000,C,.3134871,350.3319563,529.1265386,447.3108758
XCME.VY1.04AUG25.112:75.P,.7187500,.7500000,112.7500000,P,.7425096,,751.7255785,584.1665716
XCME.VY1.04AUG25.111:25.P,INVALID,.0069999,111.2500000,P,.0058563,,655.0210420,581.1972758
