Key,BID,ASK,STRIKE,ITYPE,ADJTHEOR,IVBID,IVASK,IVAVERAGE
XCME.ZN.SEP25,111.9531250,111.9687500,INVALID,F,,,,
XCME.ZN1.01AUG25.111:25.C,.7031250,.7343750,111.2500000,C,.7273884,,1282.3024622,
XCME.ZN1.01AUG25.111:75.C,.2343750,.2656250,111.7500000,C,.2627650,531.3571649,862.5316338,712.8628048
XCME.ZN1.01AUG25.110:5.C,1.4531250,1.4843750,110.5000000,C,1.4769456,,,
XCME.ZN1.01AUG25.110:75.C,1.2031250,1.2343750,110.7500000,C,1.2259923,,1949.3246564,
XCME.ZN1.01AUG25.111.P,INVALID,.0069999,111,P,.0028275,,1483.0134297,1325.5397718
XCME.ZN1.01AUG25.113.C,INVALID,.0069999,113,C,.0029072,,1553.4260842,1391.3019623
XCME.ZN1.01AUG25.112:5.C,INVALID,.0156250,112.5000000,C,.0095481,,1082.7617204,922.2516171
