Key,BID,ASK,STRIKE,ITYPE,ADJTHEOR,IVBID,IVASK,IVAVERAGE
XCME.ZN.SEP25,111.9843750,112,INVALID,F,,,,
XCME.ZN1.01AUG25.113.P,1.0156250,1.0468750,113,P,1.0201353,,,1894.6813304
XCME.ZN1.01AUG25.112:25.P,.2812500,.2968750,112.2500000,P,.2793976,644.2521474,849.9580263,755.1496119
XCME.ZN1.01AUG25.111.C,.9531250,.9843750,111,C,.9803734,,1455.3415929,1088.3172803
XCME.ZN1.01AUG25.112.C,.0468750,.0781250,112,C,.0679674,416.6591819,649.5114379,533.2508139
XCME.GY1.05AUG25.110.P,INVALID,.0069999,110,P,.0032523,,1033.3523765,936.9051696
XCME.GY1.05AUG25.110:5.C,1.4531250,1.4843750,110.5000000,C,1.4837303,,750.7966639,569.0428799
