Key,BID,ASK,STRIKE,ITYPE,ADJTHEOR,IVBID,IVASK,IVAVERAGE
XCME.ZN.SEP25,112.1875000,112.2031250,INVALID,F,,,,
XCME.GY1.05AUG25.112:25.P,.2343750,.2500000,112.2500000,P,.2390788,595.7078470,639.6579507,617.6852205
XCME.GY1.05AUG25.113.C,.0156250,.0468750,113,C,.0347677,588.1559112,789.6542478,700.7274801
XCME.GY1.05AUG25.111.P,INVALID,.0156250,111,P,.0070177,,824.1662955,723.8218896
XCME.GY1.05AUG25.112.C,.3125000,.3437500,112,C,.3323507,535.8480554,630.7801952,583.6226446
XCME.GY1.05AUG25.111:25.P,.0069999,.0156250,111.2500000,P,.0127879,582.4906086,683.1256884,638.3371324
XCME.GY1.05AUG25.110:25.P,INVALID,.0069999,110.2500000,P,.0036961,,1066.2722116,966.3612722
