Key,BID,ASK,STRIKE,ITYPE,ADJTHEOR,IVBID,IVASK,IVAVERAGE
XCME.ZN.SEP25,112,112.0156250,INVALID,F,,,,
XCME.GY1.05AUG25.110.P,INVALID,.0069999,110,P,.0039259,,1022.9890966,927.3820473
XCME.GY1.05AUG25.110:5.C,1.5000000,1.5312500,110.5000000,C,1.4855348,959.8799387,1201.3234403,1094.6750901
XCME.GY1.05AUG25.111.C,1,1.0312500,111,C,.9922145,694.2186277,892.7639829,804.0719932
XCME.GY1.05AUG25.112:25.C,.1250000,.1406250,112.2500000,C,.1158587,627.4363587,673.3022331,650.4475348
XCME.GY1.05AUG25.111:25.C,.7500000,.7968750,111.2500000,C,.7548903,555.8860744,799.8680311,692.2303374
XCME.GY1.05AUG25.111:75.C,.3437500,.3750000,111.7500000,C,.3501262,554.8964504,645.4561718,600.4633239
XCME.GY1.05AUG25.112:5.P,.5468750,.5781250,112.5000000,P,.5800619,478.3254907,617.3457274,552.3182138
