Key,BID,ASK,STRIKE,ITYPE,ADJTHEOR,IVBID,IVASK,IVAVERAGE
XCME.ZN.SEP25,110.9531250,110.9687500,INVALID,F,,,,
XCME.ZN1.01AUG25.112:5.C,INVALID,.0069999,112.5000000,C,.00000,,1517.6840638,1368.9643838
XCME.ZN1.01AUG25.112.C,INVALID,.0156250,112,C,.0000713,,1276.8047016,1115.5385926
