Key,BID,ASK,STRIKE,ITYPE,ADJTHEOR,IVBID,IVASK,IVAVERAGE
XCME.ZN.SEP25,112.1875000,112.2031250,INVALID,F,,,,
XCME.WY1.06AUG25.111:75.C,.5156250,.5468750,111.7500000,C,.5381263,559.2608859,605.1991923,582.4547777
XCME.WY1.06AUG25.113.C,.0312500,.0468750,113,C,.0449412,577.3947002,714.2055180,650.4120965
XCME.WY1.06AUG25.110.P,INVALID,.0156250,110,P,.0057666,,1095.3767754,978.3039141
XCME.WY1.06AUG25.110:75.P,.0069999,.0156250,110.7500000,P,.0108485,676.3018518,779.7462835,733.9872928
XCME.WY1.06AUG25.112:25.P,.2656250,.2812500,112.2500000,P,.2765692,548.2953936,584.2400187,566.2696600
XCME.WY1.06AUG25.111:25.C,.9687500,.9843750,111.2500000,C,.9758167,585.8498141,677.9111965,635.0057722
