Key,BID,ASK,STRIKE,ITYPE,ADJTHEOR,IVBID,IVASK,IVAVERAGE
XCME.ZN.SEP25,112.0625000,112.0781250,INVALID,F,,,,
XCME.GY1.05AUG25.112:5.C,.0468750,.0625000,112.5000000,C,.0706352,523.7348724,585.9934643,555.5216699
XCME.GY1.05AUG25.110:5.P,INVALID,.0069999,110.5000000,P,.0001731,,862.6220795,778.4379080
XCME.GY1.05AUG25.110:75.P,INVALID,.0069999,110.7500000,P,.0010309,,745.6348145,670.4259294
XCME.GY1.05AUG25.111:75.P,.0625000,.0781250,111.7500000,P,.0739779,483.0369185,536.7682254,510.2215295
XCME.GY1.05AUG25.112.P,.1562500,.1718750,112,P,.1625854,509.6751754,552.8869978,531.2883145
XCME.WY1.06AUG25.110.C,2.0625000,2.0781250,110,C,2.0667278,1,1023.9570199,974.3381003
XCME.WY1.06AUG25.113.P,.9375000,.9687500,113,P,.9627736,150.5929513,640.8034845,542.8626816
