Key,BID,ASK,STRIKE,ITYPE,ADJTHEOR,IVBID,IVASK,IVAVERAGE
XCME.ZN.SEP25,111.8593750,111.8750000,INVALID,F,,,,
XCME.WY1.06AUG25.110:5.C,1.3593750,1.3906250,110.5000000,C,1.3774667,,,
XCME.WY1.06AUG25.112.P,.2968750,.3125000,112,P,.3218396,501.3168078,536.6788549,519.0122131
XCME.WY1.06AUG25.110:75.C,1.1093750,1.1406250,110.7500000,C,1.1315480,,,
XCME.WY1.06AUG25.111:5.P,.0937500,.1093750,111.5000000,P,.0987664,474.3584552,558.8762530,517.3141296
XCME.WY1.06AUG25.111.C,.8750000,.9062500,111,C,.8921964,383.2328370,,
XCME.ZN1.01AUG25.112:75.C,INVALID,.0069999,112.7500000,C,.0036427,,1311.5744422,1164.9867818
XCME.ZN1.01AUG25.110:25.C,1.6093750,1.6250000,110.2500000,C,,,,
