Key,BID,ASK,STRIKE,ITYPE,ADJTHEOR,IVBID,IVASK,IVAVERAGE
XCME.ZN.SEP25,112.1093750,112.1250000,INVALID,F,,,,
XCME.ZN1.01AUG25.112:25.P,.1250000,.1562500,112.2500000,P,.1332263,361.6354003,831.5284391,683.2661433
XCME.ZN1.01AUG25.111.C,1.1093750,1.1406250,111,C,1.1284986,,,1711.4852577
XCME.ZN1.01AUG25.112.C,.1093750,.1406250,112,C,.1388753,,546.4785743,251.2263657
XCME.WY1.06AUG25.110.C,2.1093750,2.1406250,110,C,2.1273145,,1105.6540463,950.9365493
XCME.WY1.06AUG25.113.P,.9062500,.9375000,113,P,.9240681,592.0699314,739.3676298,671.5471101
XCME.WY1.06AUG25.112:75.C,.0625000,.0937500,112.7500000,C,.0741190,609.6874042,713.4341634,663.0916854
XCME.WY1.06AUG25.112.C,.3125000,.3437500,112,C,.3336446,600.4020856,636.5848561,618.5018165
