Key,BID,ASK,STRIKE,ITYPE,ADJTHEOR,IVBID,IVASK,IVAVERAGE
XCME.ZN.SEP25,110.9843750,111,INVALID,F,,,,
XCME.ZN1.01AUG25.112:5.P,1.5000000,1.5312500,112.5000000,P,1.5000119,549.2313069,1709.6064249,1544.0829445
