Key,BID,ASK,STRIKE,ITYPE,ADJTHEOR,IVBID,IVASK,IVAVERAGE
XCME.ZN.SEP25,112.1093750,112.1250000,INVALID,F,,,,
XCME.WY1.06AUG25.111:25.P,.0312500,.0468750,111.2500000,P,.0424189,608.2498850,683.0346593,647.2437146
XCME.WY1.06AUG25.111:75.C,.4843750,.5000000,111.7500000,C,.4973456,584.8185206,626.2363709,605.6380133
XCME.WY1.06AUG25.113.C,.0312500,.0468750,113,C,.0430591,613.3867135,688.5543905,652.5883230
XCME.WY1.06AUG25.110.P,INVALID,.0156250,110,P,.0064715,,1053.7268188,940.0376302
XCME.WY1.06AUG25.110:75.P,.0069999,.0312500,110.7500000,P,.0159607,640.4553218,858.2005641,770.0785750
XCME.WY1.06AUG25.112:25.P,.3281250,.3437500,112.2500000,P,.3391652,586.6689152,622.8257742,604.7574759
XCME.WY1.06AUG25.111:25.C,.8906250,.9218750,111.2500000,C,.9131064,542.7212429,701.7604918,630.2237188
