Key,BID,ASK,STRIKE,ITYPE,ADJTHEOR,IVBID,IVASK,IVAVERAGE
XCME.ZN.SEP25,112.1250000,112.1406250,INVALID,F,,,,
XCME.WY1.06AUG25.112:75.P,.6875000,.7187500,112.7500000,P,.7051571,581.0244945,687.9946298,636.3530947
XCME.WY1.06AUG25.110:5.C,1.6250000,1.6562500,110.5000000,C,1.6285686,748.2334553,1026.3611176,946.1111251
XCME.WY1.06AUG25.112.P,.2031250,.2187500,112,P,.2143385,584.7429880,620.7820973,602.7709119
XCME.WY1.06AUG25.110:75.C,1.3750000,1.4062500,110.7500000,C,1.3836481,650.7016946,904.2188462,830.4047810
XCME.WY1.06AUG25.111:5.P,.0625000,.0781250,111.5000000,P,.0736445,599.2260836,652.1608747,626.1460741
XCME.WY1.06AUG25.111.C,1.1406250,1.1718750,111,C,1.1428368,550.8207189,778.4832535,711.5115980
