Key,BID,ASK,STRIKE,ITYPE,ADJTHEOR,IVBID,IVASK,IVAVERAGE
XCME.ZN.SEP25,111.9062500,111.9218750,INVALID,F,,,,
XCME.ZN1.01AUG25.111:25.C,.6406250,.6718750,111.2500000,C,.6651555,,1196.7240609,1053.8395528
XCME.ZN1.01AUG25.111:75.C,.1562500,.2031250,111.7500000,C,.1867240,,758.9027376,562.9168940
XCME.ZN1.01AUG25.110:5.C,1.3906250,1.4218750,110.5000000,C,1.4140630,,,
XCME.ZN1.01AUG25.110:75.C,1.1406250,1.1718750,110.7500000,C,1.1640995,,1891.3529153,1695.5136588
XCME.ZN1.01AUG25.111.P,INVALID,.0069999,111,P,.0002066,,1524.6646542,1362.8197040
XCME.ZN1.01AUG25.113.C,INVALID,.0069999,113,C,.0000520,,1752.1643976,1569.6223309
