Key,BID,ASK,STRIKE,ITYPE,ADJTHEOR,IVBID,IVASK,IVAVERAGE
XCME.ZN.SEP25,112.0312500,112.0468750,INVALID,F,,,,
XCME.ZN1.01AUG25.111:5.P,INVALID,.0069999,111.5000000,P,.0000928,,1029.2336792,902.3585447
XCME.ZN1.01AUG25.111:25.P,INVALID,.0069999,111.2500000,P,.0000108,,1414.5537814,1255.2196322
XCME.ZN1.01AUG25.112:5.P,.4531250,.4843750,112.5000000,P,.4802856,876.4201793,1243.7256132,1092.3628199
XCME.ZN1.01AUG25.110.C,2.0156250,2.0468750,110,C,2.0199375,,,
XCME.ZN1.01AUG25.112.P,.0312500,.0625000,112,P,.0447972,325.9581554,581.2882237,454.1029545
XCME.ZN1.01AUG25.112:25.C,INVALID,.0069999,112.2500000,C,.0037503,,552.0003449,472.0742084
