Key,BID,ASK,STRIKE,ITYPE,ADJTHEOR,IVBID,IVASK,IVAVERAGE
XCME.ZN.SEP25,112,112.0156250,INVALID,F,,,,
XCME.VY1.04AUG25.110.C,1.9843750,2.0156250,110,C,2.0034192,,1607.5947665,1529.1645207
XCME.VY1.04AUG25.110:75.C,1.2343750,1.2656250,110.7500000,C,1.2524807,401.0326925,1098.6486343,1038.6830754
XCME.VY1.04AUG25.110.P,INVALID,.0069999,110,P,.0034192,,1408.3124200,1276.8326213
XCME.VY1.04AUG25.111:25.C,.7343750,.7656250,111.2500000,C,.7563331,245.5895069,879.4990145,778.1115597
XCME.VY1.04AUG25.113.P,1,1.0156250,113,P,1.0063647,,922.3510858,719.1853739
XCME.VY1.04AUG25.113.C,INVALID,.0156250,113,C,.0063647,,922.3510858,806.0357562
XCME.VY1.04AUG25.112:25.P,.2968750,.3281250,112.2500000,P,.3116800,498.7835893,638.5086922,570.4089957
