Key,BID,ASK,STRIKE,ITYPE,ADJTHEOR,IVBID,IVASK,IVAVERAGE
XCME.ZN.SEP25,112.1406250,112.1562500,INVALID,F,,,,
XCME.GY1.05AUG25.110.P,INVALID,.0069999,110,P,.0040243,,1151.1134001,1045.6007064
XCME.GY1.05AUG25.110:5.C,1.6406250,1.6718750,110.5000000,C,1.6540485,,1144.5899473,1002.3528556
XCME.GY1.05AUG25.111.C,1.1406250,1.1718750,111,C,1.1602609,,863.0625885,746.7168046
XCME.GY1.05AUG25.112:25.C,.1718750,.1875000,112.2500000,C,.1797109,612.2562137,656.6584678,634.4697438
XCME.GY1.05AUG25.111:25.C,.9062500,.9375000,111.2500000,C,.9198302,561.7184373,815.1370374,711.7406380
XCME.GY1.05AUG25.111:75.C,.4687500,.5000000,111.7500000,C,.4798587,594.9049235,705.5047197,651.3117574
XCME.GY1.05AUG25.112:5.P,.4375000,.4687500,112.5000000,P,.4512907,610.0633626,714.3080856,662.9076261
