Key,BID,ASK,STRIKE,ITYPE,ADJTHEOR,IVBID,IVASK,IVAVERAGE
XCME.ZN.SEP25,111.9218750,111.9375000,INVALID,F,,,,
XCME.GY1.05AUG25.110:5.P,INVALID,.0069999,110.5000000,P,.0035276,,800.6707882,721.7470076
XCME.GY1.05AUG25.110:75.P,INVALID,.0069999,110.7500000,P,.0048461,,684.3101044,614.5556657
XCME.GY1.05AUG25.111:75.P,.1093750,.1406250,111.7500000,P,.1115051,528.7290737,619.7558368,574.5167443
XCME.GY1.05AUG25.112.P,.2343750,.2500000,112,P,.2235951,573.3959637,615.6999391,594.5501814
XCME.VY1.04AUG25.111:75.P,.0625000,.0781250,111.7500000,P,.0729134,519.6344215,586.0042726,553.1091587
XCME.VY1.04AUG25.111:75.C,.2500000,.2656250,111.7500000,C,.2760378,450.2995993,519.6363928,485.4355354
