Key,BID,ASK,STRIKE,ITYPE,ADJTHEOR,IVBID,IVASK,IVAVERAGE
XCME.ZN.SEP25,112.1093750,112.1250000,INVALID,F,,,,
XCME.GY1.05AUG25.110:5.P,INVALID,.0156250,110.5000000,P,.0064447,,1036.1886163,918.2825192
XCME.GY1.05AUG25.110:75.P,.0069999,.0156250,110.7500000,P,.0091221,784.2902825,905.3629064,851.7279783
XCME.GY1.05AUG25.111:75.P,.0781250,.0937500,111.7500000,P,.0925563,595.5061466,649.6241124,622.8239809
XCME.GY1.05AUG25.112.P,.1562500,.1875000,112,P,.1733451,587.1546446,676.0470639,631.6714561
XCME.WY1.06AUG25.110.C,2.1093750,2.1406250,110,C,2.1273669,,1105.6540463,950.9365493
XCME.WY1.06AUG25.113.P,.9062500,.9375000,113,P,.9239842,592.0699314,739.3676298,671.5471101
