Key,BID,ASK,STRIKE,ITYPE,ADJTHEOR,IVBID,IVASK,IVAVERAGE
XCME.ZN.SEP25,110.9687500,110.9843750,INVALID,F,,,,
XCME.ZN1.01AUG25.112:5.P,1.5156250,1.5312500,112.5000000,P,1.5199875,,1285.9565610,1196.5548559
