Key,BID,ASK,STRIKE,ITYPE,ADJTHEOR,IVBID,IVASK,IVAVERAGE
XCME.ZN.SEP25,110.9062500,110.9218750,INVALID,F,,,,
XCME.ZN1.01AUG25.112:75.P,1.8281250,1.8593750,112.7500000,P,1.8281291,,1953.9426293,1773.5001966
XCME.ZN1.01AUG25.111:75.P,.8281250,.8750000,111.7500000,P,.8304155,241.8552839,1205.0649334,1034.4538507
