Key,BID,ASK,STRIKE,ITYPE,ADJTHEOR,IVBID,IVASK,IVAVERAGE
XCME.ZN.SEP25,111.9062500,111.9218750,INVALID,F,,,,
XCME.VY1.04AUG25.111.C,.8750000,.9062500,111,C,.9155957,,,
XCME.VY1.04AUG25.110:5.C,1.3750000,1.4062500,110.5000000,C,1.4130136,,,
XCME.VY1.04AUG25.110.C,1.8750000,1.9062500,110,C,1.9138016,,,
XCME.VY1.04AUG25.110:75.C,1.1406250,1.1718750,110.7500000,C,1.1633850,,955.1016876,885.0618713
XCME.VY1.04AUG25.110.P,INVALID,.0069999,110,P,.0032391,,1330.2469803,1206.0694596
XCME.VY1.04AUG25.111:25.C,.6250000,.6562500,111.2500000,C,.6738621,,,
XCME.VY1.04AUG25.113.P,1.0781250,1.1093750,113,P,1.0961786,,1019.1867657,854.4053000
