Key,BID,ASK,STRIKE,ITYPE,ADJTHEOR,IVBID,IVASK,IVAVERAGE
XCME.ZN.SEP25,112.0625000,112.0781250,INVALID,F,,,,
XCME.WY1.06AUG25.112:5.P,.5000000,.5156250,112.5000000,P,.5010041,544.5029229,630.6274646,588.1935099
XCME.WY1.06AUG25.111:5.C,.6093750,.6406250,111.5000000,C,.6384527,404.8753015,538.7538945,477.7982917
XCME.WY1.06AUG25.110:25.P,INVALID,.0069999,110.2500000,P,.0045290,,814.9604778,738.3090792
XCME.WY1.06AUG25.111:75.P,.0937500,.1093750,111.7500000,P,.1002713,504.3681898,546.2200479,525.4354617
XCME.WY1.06AUG25.112:75.P,.7031250,.7343750,112.7500000,P,.7090751,547.6562450,662.5242393,607.7407058
XCME.WY1.06AUG25.110:5.C,1.5781250,1.5937500,110.5000000,C,1.5949231,,670.0938256,510.0271648
