Key,BID,ASK,STRIKE,ITYPE,ADJTHEOR,IVBID,IVASK,IVAVERAGE
XCME.ZN.SEP25,112.1250000,112.1406250,INVALID,F,,,,
XCME.ZN1.01AUG25.111:25.C,.8593750,.8906250,111.2500000,C,.8706882,,,
XCME.ZN1.01AUG25.111:75.C,.3593750,.3906250,111.7500000,C,.3711117,,1360.6442979,1276.1025102
XCME.ZN1.01AUG25.110:5.C,1.6093750,1.6406250,110.5000000,C,1.6206874,,,
XCME.ZN1.01AUG25.110:75.C,1.3593750,1.3906250,110.7500000,C,1.3706874,,,
XCME.ZN1.01AUG25.111.P,INVALID,.0069999,111,P,0,,,
XCME.ZN1.01AUG25.113.C,INVALID,.0069999,113,C,.00000,,,1824.0171756
