Key,BID,ASK,STRIKE,ITYPE,ADJTHEOR,IVBID,IVASK,IVAVERAGE
XCME.ZN.SEP25,110.9375000,110.9531250,INVALID,F,,,,
XCME.ZN1.01AUG25.110.P,INVALID,.0156250,110,P,.0000012,,1355.4276231,1183.2499692
XCME.ZN1.01AUG25.110:75.P,.1250000,.1562500,110.7500000,P,.0403742,1189.4239916,1373.1626837,1281.7564812
