Key,BID,ASK,STRIKE,ITYPE,ADJTHEOR,IVBID,IVASK,IVAVERAGE
XCME.ZN.SEP25,110.8281250,110.8437500,INVALID,F,,,,
XCME.VY1.04AUG25.112:25.P,1.4062500,1.4375000,112.2500000,P,1.4177320,,1236.9387777,1048.6012310
XCME.VY1.04AUG25.112.C,.0069999,.0156250,112,C,.0007037,869.3293755,1008.7707537,946.7946108
XCME.VY1.04AUG25.112:75.C,INVALID,.0069999,112.7500000,C,.0000205,,1316.7241013,1193.6967362
XCME.VY1.04AUG25.110:25.C,.6250000,.6562500,110.2500000,C,.5992271,783.4553340,955.4004131,873.2029775
XCME.GY1.05AUG25.110.P,.0312500,.0468750,110,P,,,,
XCME.GY1.05AUG25.110:5.C,.4687500,.5000000,110.5000000,C,,,,
