Key,BID,ASK,STRIKE,ITYPE,ADJTHEOR,IVBID,IVASK,IVAVERAGE
XCME.ZN.SEP25,112,112.0156250,INVALID,F,,,,
XCME.VY1.04AUG25.112:25.P,.3125000,.3281250,112.2500000,P,.3342080,516.0094336,588.5854426,552.8813652
XCME.VY1.04AUG25.112.C,.1406250,.1562500,112,C,.1550302,539.4970646,596.3818153,567.9405955
XCME.VY1.04AUG25.112:75.C,.0069999,.0156250,112.7500000,C,.0133888,628.3887797,743.3697872,691.9419455
XCME.VY1.04AUG25.110:25.C,1.7343750,1.7656250,110.2500000,C,1.7376358,463.1420175,1647.5886667,1493.6463990
XCME.WY1.06AUG25.110.C,1.9843750,2.0156250,110,C,1.9921559,,1065.7443923,943.0309279
XCME.WY1.06AUG25.113.P,1.0156250,1.0468750,113,P,1.0329124,487.3100365,704.2048615,616.9667018
