Key,BID,ASK,STRIKE,ITYPE,ADJTHEOR,IVBID,IVASK,IVAVERAGE
XCME.ZN.SEP25,112.0156250,112.0312500,INVALID,F,,,,
XCME.WY1.06AUG25.112:5.P,.5468750,.5625000,112.5000000,P,.5478579,490.7274958,587.0945248,540.2562330
XCME.WY1.06AUG25.111:5.C,.5625000,.5937500,111.5000000,C,.5826603,441.6508228,553.0309925,500.1801506
XCME.WY1.06AUG25.110:25.P,INVALID,.0069999,110.2500000,P,.0045003,,789.4708752,714.1713043
XCME.WY1.06AUG25.111:75.P,.1093750,.1250000,111.7500000,P,.1140355,497.9547893,537.4883862,517.8090539
XCME.WY1.06AUG25.112:75.P,.7500000,.7812500,112.7500000,P,.7636281,506.9879726,641.2468052,579.0883706
XCME.WY1.06AUG25.110:5.C,1.5156250,1.5468750,110.5000000,C,1.5324750,,839.2993430,712.9857130
XCME.WY1.06AUG25.112.P,.2031250,.2343750,112,P,.2144169,487.6451576,558.1650327,522.9076573
