Key,BID,ASK,STRIKE,ITYPE,ADJTHEOR,IVBID,IVASK,IVAVERAGE
XCME.ZN.SEP25,110.9375000,110.9531250,INVALID,F,,,,
XCME.ZN1.01AUG25.111.P,.2500000,.2812500,111,P,.1828917,1028.7557381,1098.1031029,1063.4355255
XCME.ZN1.01AUG25.110:75.C,.3281250,.3593750,110.7500000,C,.2603535,979.1279527,1124.1301837,1051.8786040
