Key,BID,ASK,STRIKE,ITYPE,ADJTHEOR,IVBID,IVASK,IVAVERAGE
XCME.ZN.SEP25,112,112.0156250,INVALID,F,,,,
XCME.WY1.06AUG25.110.P,INVALID,.0069999,110,P,.0040511,,858.6695060,778.5466502
XCME.WY1.06AUG25.110:75.P,INVALID,.0156250,110.7500000,P,.0087989,,670.4664091,589.3442603
XCME.WY1.06AUG25.112:25.P,.3750000,.4062500,112.2500000,P,.3973859,550.6171846,587.8191405,569.2624081
XCME.WY1.06AUG25.111:25.C,.7812500,.8125000,111.2500000,C,.7872402,516.1799094,649.8930057,588.0541803
XCME.WY1.06AUG25.110:5.P,INVALID,.0156250,110.5000000,P,.0058457,,775.9153654,685.7083036
XCME.WY1.06AUG25.110:25.C,1.7500000,1.7812500,110.2500000,C,1.7589026,,979.5497478,874.6764776
