Key,BID,ASK,STRIKE,ITYPE,ADJTHEOR,IVBID,IVASK,IVAVERAGE
XCME.ZN.SEP25,112.1250000,112.1406250,INVALID,F,,,,
XCME.WY1.06AUG25.110:5.P,.0069999,.0156250,110.5000000,P,.0101217,747.0402082,857.6357332,808.7651233
XCME.WY1.06AUG25.110:25.C,1.8750000,1.9062500,110.2500000,C,1.8904900,,1040.8191402,915.2045713
XCME.WY1.06AUG25.112:5.P,.4843750,.5000000,112.5000000,P,.4871388,596.4667095,637.9016929,617.2869432
XCME.WY1.06AUG25.111:5.C,.6875000,.7031250,111.5000000,C,.6968033,584.9632812,640.7544419,613.4187299
XCME.WY1.06AUG25.110:25.P,INVALID,.0156250,110.2500000,P,.0076775,,962.9458214,856.7218258
XCME.WY1.06AUG25.111:75.P,.0937500,.1250000,111.7500000,P,.1134697,543.6157589,629.1260577,586.9279632
XCME.WY1.06AUG25.112:75.P,.6718750,.7031250,112.7500000,P,.6867542,575.9815398,682.9391025,631.2886116
