Key,BID,ASK,STRIKE,ITYPE,ADJTHEOR,IVBID,IVASK,IVAVERAGE
XCME.ZN.SEP25,112.0468750,112.0625000,INVALID,F,,,,
XCME.GY1.05AUG25.111:5.C,.5625000,.5937500,111.5000000,C,.5692795,513.7436853,654.5482954,588.3475814
XCME.GY1.05AUG25.110.C,2.0312500,2.0625000,110,C,2.0354404,,1394.9232504,1266.3843027
XCME.GY1.05AUG25.111:5.P,.0312500,.0468750,111.5000000,P,.0372173,517.9358024,591.9541572,556.2958224
XCME.GY1.05AUG25.110:25.C,1.7812500,1.8125000,110.2500000,C,1.7854954,,1258.2117181,1138.5721890
XCME.GY1.05AUG25.112:75.C,.0156250,.0312500,112.7500000,C,.0279389,534.5282787,638.8631472,590.7719764
XCME.GY1.05AUG25.112:5.C,.0468750,.0625000,112.5000000,C,.0552259,545.1955676,608.4829730,577.5212099
