Key,BID,ASK,STRIKE,ITYPE,ADJTHEOR,IVBID,IVASK,IVAVERAGE
XCME.ZN.SEP25,112.1093750,112.1250000,INVALID,F,,,,
XCME.VY1.04AUG25.111.C,1.1093750,1.1406250,111,C,1.1336635,,1211.1619940,1067.3276768
XCME.VY1.04AUG25.110:5.C,1.6093750,1.6406250,110.5000000,C,1.6326087,,1361.1908592,1268.4142349
XCME.VY1.04AUG25.110.C,2.1093750,2.1406250,110,C,2.1328536,,1702.1454476,1592.0468745
XCME.VY1.04AUG25.110:75.C,1.3593750,1.3906250,110.7500000,C,1.3827890,,1185.9078669,1102.0242648
XCME.VY1.04AUG25.110.P,INVALID,.0069999,110,P,.0035411,,1578.6303391,1433.7958701
XCME.VY1.04AUG25.111:25.C,.8593750,.8906250,111.2500000,C,.8868773,,995.3406734,867.7489914
