Key,BID,ASK,STRIKE,ITYPE,ADJTHEOR,IVBID,IVASK,IVAVERAGE
XCME.ZN.SEP25,111.9375000,111.9531250,INVALID,F,,,,
XCME.GY1.05AUG25.111:25.P,.0156250,.0312500,111.2500000,P,.0211736,521.2790120,622.7980144,576.0107822
XCME.GY1.05AUG25.110:25.P,INVALID,.0069999,110.2500000,P,.0032375,,907.6745418,820.8424014
XCME.GY1.05AUG25.111:5.C,.5000000,.5312500,111.5000000,C,.5173219,481.0170445,607.6654314,547.3922514
XCME.GY1.05AUG25.110.C,1.9375000,1.9687500,110,C,1.9677960,,949.8505536,728.8093154
XCME.GY1.05AUG25.111:5.P,.0468750,.0625000,111.5000000,P,.0528846,529.8300514,591.4757339,561.3117471
XCME.GY1.05AUG25.110:25.C,1.6875000,1.7187500,110.2500000,C,1.7176750,,844.9605649,644.6148877
