Key,BID,ASK,STRIKE,ITYPE,ADJTHEOR,IVBID,IVASK,IVAVERAGE
XCME.ZN.SEP25,111.9687500,111.9843750,INVALID,F,,,,
XCME.ZN1.01AUG25.110:5.C,1.4843750,1.5156250,110.5000000,C,1.5113871,,,1577.5787880
XCME.ZN1.01AUG25.110:75.C,1.2343750,1.2656250,110.7500000,C,1.2614706,,1781.2722053,1338.5858706
XCME.ZN1.01AUG25.111.P,INVALID,.0069999,111,P,.0003237,,1597.2954789,1426.4647068
XCME.ZN1.01AUG25.113.C,INVALID,.0069999,113,C,.0002627,,1614.9811008,1445.8748886
XCME.ZN1.01AUG25.112:5.C,INVALID,.0069999,112.5000000,C,.0020501,,922.5906490,809.1460879
XCME.ZN1.01AUG25.111:5.C,.4843750,.5156250,111.5000000,C,.5134015,,828.2943177,594.5047526
