Key,BID,ASK,STRIKE,ITYPE,ADJTHEOR,IVBID,IVASK,IVAVERAGE
XCME.ZN.SEP25,112.0625000,112.0781250,INVALID,F,,,,
XCME.GY1.05AUG25.111:25.P,.0069999,.0156250,111.2500000,P,.0151731,497.4733125,585.7180118,546.3221658
XCME.GY1.05AUG25.110:25.P,INVALID,.0069999,110.2500000,P,.0030840,,963.0161792,872.1910017
XCME.GY1.05AUG25.111:5.C,.5937500,.6250000,111.5000000,C,.6183506,420.7069344,598.6174244,521.0265771
XCME.GY1.05AUG25.110.C,2.0625000,2.0937500,110,C,2.0848314,,1171.0566675,771.2148999
XCME.GY1.05AUG25.111:5.P,.0312500,.0468750,111.5000000,P,.0367253,539.6421602,614.4528034,578.4507305
XCME.GY1.05AUG25.110:25.C,1.8125000,1.8437500,110.2500000,C,1.8347090,,1053.1717539,686.9284903
XCME.GY1.05AUG25.112:75.C,.0312500,.0468750,112.7500000,C,.0422880,596.1868917,675.0510972,637.1702758
