Key,BID,ASK,STRIKE,ITYPE,ADJTHEOR,IVBID,IVASK,IVAVERAGE
XCME.ZN.SEP25,112.0781250,112.0937500,INVALID,F,,,,
XCME.VY1.04AUG25.111:75.P,.0156250,.0312500,111.7500000,P,.0327170,422.6777539,528.7611364,479.1007257
XCME.VY1.04AUG25.111:75.C,.3593750,.3750000,111.7500000,C,.3721562,454.9298898,554.3320543,507.1265822
XCME.VY1.04AUG25.112:75.P,.6562500,.6875000,112.7500000,P,.6703469,,801.6903023,692.9269501
XCME.VY1.04AUG25.111:25.P,INVALID,.0069999,111.2500000,P,.0052591,,707.2383264,628.4004738
XCME.VY1.04AUG25.111:5.P,.0069999,.0156250,111.5000000,P,.0112493,534.4413825,637.9671627,591.4287078
XCME.VY1.04AUG25.112:5.C,.0156250,.0312500,112.5000000,C,.0252924,487.4732457,601.1303599,548.1340214
XCME.VY1.04AUG25.110:25.P,INVALID,.0069999,110.2500000,P,.0031733,,1366.2842296,1237.7980951
