Key,BID,ASK,STRIKE,ITYPE,ADJTHEOR,IVBID,IVASK,IVAVERAGE
XCME.ZN.SEP25,110.9218750,110.9375000,INVALID,F,,,,
XCME.ZN1.01AUG25.110.P,.0069999,.0156250,110,P,.0000427,1094.4775964,1282.4876589,1198.6762116
XCME.ZN1.01AUG25.110:75.P,.1406250,.1562500,110.7500000,P,.0550585,1159.3049825,1335.9334611,1247.8830221
