Key,BID,ASK,STRIKE,ITYPE,ADJTHEOR,IVBID,IVASK,IVAVERAGE
XCME.ZN.SEP25,110.8750000,110.8906250,INVALID,F,,,,
XCME.ZN1.01AUG25.110:5.C,.4531250,.4843750,110.5000000,C,.4124655,1061.6677760,1301.8656022,1185.4338663
XCME.ZN1.01AUG25.111:75.C,.0069999,.0156250,111.7500000,C,.0001104,1071.7197606,1261.1637765,1176.6358452
