Key,BID,ASK,STRIKE,ITYPE,ADJTHEOR,IVBID,IVASK,IVAVERAGE
XCME.ZN.SEP25,112.1093750,112.1250000,INVALID,F,,,,
XCME.ZN1.01AUG25.111:25.C,.8437500,.8750000,111.2500000,C,.8715077,,1624.5799679,
XCME.ZN1.01AUG25.111:75.C,.3437500,.3750000,111.7500000,C,.3722490,,799.0747474,
XCME.ZN1.01AUG25.110:5.C,1.5937500,1.6250000,110.5000000,C,1.6214999,,,
XCME.ZN1.01AUG25.110:75.C,1.3437500,1.3750000,110.7500000,C,1.3714997,,,
XCME.ZN1.01AUG25.111.P,INVALID,.0069999,111,P,0,,,
XCME.ZN1.01AUG25.113.C,INVALID,.0069999,113,C,.0000128,,1839.6705356,1633.8686310
XCME.ZN1.01AUG25.112:5.C,INVALID,.0069999,112.5000000,C,.0005091,,947.8632676,824.8645799
