Key,BID,ASK,STRIKE,ITYPE,ADJTHEOR,IVBID,IVASK,IVAVERAGE
XCME.ZN.SEP25,110.9375000,110.9531250,INVALID,F,,,,
XCME.ZN1.01AUG25.110:25.P,.0156250,.0312500,110.2500000,P,.0029274,859.6999552,1030.1367833,951.5072462
XCME.ZN1.01AUG25.110:5.P,.0625000,.0781250,110.5000000,P,.0180775,972.0182761,1068.5201831,1020.9689557
