Key,BID,ASK,STRIKE,ITYPE,ADJTHEOR,IVBID,IVASK,IVAVERAGE
XCME.ZN.SEP25,111.8437500,111.8593750,INVALID,F,,,,
XCME.ZN1.01AUG25.110:5.C,1.3281250,1.3593750,110.5000000,C,1.3433067,,,
XCME.ZN1.01AUG25.110:75.C,1.0781250,1.1093750,110.7500000,C,1.0920689,,,1841.2198419
XCME.ZN1.01AUG25.111.P,INVALID,.0069999,111,P,.0027175,,1270.9787918,1131.3289773
XCME.ZN1.01AUG25.113.C,INVALID,.0069999,113,C,.0030805,,1656.1376324,1484.2815031
XCME.ZN1.01AUG25.112:5.C,INVALID,.0069999,112.5000000,C,.0056257,,1046.6905684,924.8781696
XCME.ZN1.01AUG25.111:5.C,.3437500,.3750000,111.5000000,C,.3584378,558.4624557,993.6677052,817.2234053
XCME.ZN1.01AUG25.113.P,1.1406250,1.1718750,113,P,1.1636430,,1805.2263742,1672.1927910
