Key,BID,ASK,STRIKE,ITYPE,ADJTHEOR,IVBID,IVASK,IVAVERAGE
XCME.ZN.SEP25,112.0312500,112.0468750,INVALID,F,,,,
XCME.ZN1.01AUG25.112:25.P,.2031250,.2343750,112.2500000,P,.2191656,,475.1250036,317.8529134
XCME.ZN1.01AUG25.111.C,1.0312500,1.0468750,111,C,1.0355659,,,
XCME.ZN1.01AUG25.112.C,.0625000,.0781250,112,C,.0744794,349.9811158,484.4425510,417.6540835
XCME.GY1.05AUG25.110.P,INVALID,.0069999,110,P,.0033158,,1075.3632212,975.4828988
XCME.GY1.05AUG25.110:5.C,1.5312500,1.5625000,110.5000000,C,1.5461862,,1024.0545189,870.4660617
XCME.GY1.05AUG25.111.C,1.0312500,1.0625000,111,C,1.0501618,,752.4783005,629.2271236
XCME.GY1.05AUG25.112:25.C,.1093750,.1250000,112.2500000,C,.1181867,487.3042545,580.5790428,534.3081936
