Key,BID,ASK,STRIKE,ITYPE,ADJTHEOR,IVBID,IVASK,IVAVERAGE
XCME.ZN.SEP25,110.8281250,110.8437500,INVALID,F,,,,
XCME.VY1.04AUG25.111:5.P,.7031250,.7187500,111.5000000,P,.6813172,811.8896309,911.5431749,863.4272875
XCME.VY1.04AUG25.112:5.C,INVALID,.0069999,112.5000000,C,.0000522,,1170.1965193,1058.0636687
XCME.VY1.04AUG25.110:25.P,.0468750,.0625000,110.2500000,P,.0167896,809.2248046,896.5058823,853.8836694
XCME.VY1.04AUG25.111.P,.3281250,.3593750,111,P,.2779880,827.3201929,941.3721056,884.4765356
XCME.VY1.04AUG25.110:75.P,.2031250,.2187500,110.7500000,P,.1421307,852.7419119,963.7090330,908.2531595
XCME.VY1.04AUG25.112.P,1.1562500,1.1875000,112,P,1.1682662,,1062.0629227,893.4899201
