Key,BID,ASK,STRIKE,ITYPE,ADJTHEOR,IVBID,IVASK,IVAVERAGE
XCME.ZN.SEP25,112.1562500,112.1718750,INVALID,F,,,,
XCME.WY1.06AUG25.110.P,INVALID,.0156250,110,P,.0059767,,1081.0130030,965.0616427
XCME.WY1.06AUG25.110:75.P,.0069999,.0156250,110.7500000,P,.0127976,663.5203223,765.3020571,720.2751614
XCME.WY1.06AUG25.112:25.P,.2968750,.3125000,112.2500000,P,.2969180,581.1295071,617.1591004,599.1484890
XCME.WY1.06AUG25.111:25.C,.9218750,.9531250,111.2500000,C,.9507499,407.8596358,655.9466990,564.0834622
XCME.WY1.06AUG25.110:5.P,.0069999,.0156250,110.5000000,P,.0092548,760.3675394,872.5590849,823.0222279
XCME.WY1.06AUG25.110:25.C,1.8906250,1.9218750,110.2500000,C,1.9255852,,775.1463580,
