Key,BID,ASK,STRIKE,ITYPE,ADJTHEOR,IVBID,IVASK,IVAVERAGE
XCME.ZN.SEP25,110.7968750,110.8125000,INVALID,F,,,,
XCME.GY1.05AUG25.111:25.P,.5468750,.5781250,111.2500000,P,,,,
XCME.GY1.05AUG25.110:25.P,.0781250,.0937500,110.2500000,P,,,,
XCME.GY1.05AUG25.111:5.C,.0625000,.0781250,111.5000000,C,,,,
XCME.GY1.05AUG25.110.C,.8437500,.8750000,110,C,,,,
XCME.GY1.05AUG25.111:5.P,.7343750,.7656250,111.5000000,P,,,,
XCME.GY1.05AUG25.110:25.C,.6250000,.6562500,110.2500000,C,,,,
XCME.GY1.05AUG25.112:75.C,INVALID,.0156250,112.7500000,C,,,,
