Key,BID,ASK,STRIKE,ITYPE,ADJTHEOR,IVBID,IVASK,IVAVERAGE
XCME.ZN.SEP25,112.0937500,112.1093750,INVALID,F,,,,
XCME.VY1.04AUG25.113.C,INVALID,.0069999,113,C,.0058002,,744.6705784,661.7265661
XCME.VY1.04AUG25.112:25.P,.2187500,.2343750,112.2500000,P,.2248122,507.2666876,634.6943451,571.5081432
XCME.VY1.04AUG25.112.C,.1718750,.2031250,112,C,.1976312,422.3259143,547.2445206,485.2232697
XCME.VY1.04AUG25.112:75.C,.0069999,.0156250,112.7500000,C,.0109711,575.9524720,684.5872613,635.8511538
XCME.VY1.04AUG25.110:25.C,1.8437500,1.8593750,110.2500000,C,1.8583234,,1282.1863576,983.1661462
XCME.GY1.05AUG25.110.P,INVALID,.0069999,110,P,.0033144,,1109.6978867,1007.9330814
XCME.GY1.05AUG25.110:5.C,1.5937500,1.6093750,110.5000000,C,1.6084041,,820.9647198,625.6475386
