Key,BID,ASK,STRIKE,ITYPE,ADJTHEOR,IVBID,IVASK,IVAVERAGE
XCME.ZN.SEP25,112,112.0156250,INVALID,F,,,,
XCME.GY1.05AUG25.112:75.P,.7656250,.7968750,112.7500000,P,.7810951,512.7263750,720.4886186,631.4922379
XCME.GY1.05AUG25.110:75.C,1.2343750,1.2656250,110.7500000,C,1.2503518,,864.5337597,728.5139819
XCME.GY1.05AUG25.112:25.P,.3281250,.3593750,112.2500000,P,.3603921,468.8254477,567.2626146,518.7158320
XCME.GY1.05AUG25.113.C,.0069999,.0156250,113,C,.0139748,595.0710414,694.0387748,649.9621520
XCME.GY1.05AUG25.111.P,.0069999,.0156250,111,P,.0081651,588.5606469,687.8281295,643.6233586
XCME.GY1.05AUG25.112.C,.1875000,.2187500,112,C,.2011343,517.3403590,602.5899752,559.9652816
