Key,BID,ASK,STRIKE,ITYPE,ADJTHEOR,IVBID,IVASK,IVAVERAGE
XCME.ZN.SEP25,111.9062500,111.9218750,INVALID,F,,,,
XCME.GY1.05AUG25.110.P,INVALID,.0069999,110,P,.0031784,,994.1512369,901.1499552
XCME.GY1.05AUG25.110:5.C,1.4062500,1.4375000,110.5000000,C,1.4178425,,966.3529318,929.8006844
XCME.GY1.05AUG25.111.C,.9218750,.9375000,111,C,.9264022,548.3717271,690.6971473,661.5446554
XCME.GY1.05AUG25.112:25.C,.0937500,.1093750,112.2500000,C,.0948187,592.9419051,642.1520450,617.7108075
XCME.GY1.05AUG25.111:25.C,.6875000,.7031250,111.2500000,C,.6945227,544.0082820,629.9706900,589.2602144
XCME.GY1.05AUG25.111:75.C,.2812500,.3125000,111.7500000,C,.3142853,500.8425319,588.4928205,544.8489171
XCME.GY1.05AUG25.112:5.P,.6250000,.6406250,112.5000000,P,.6285065,578.3628726,648.1506470,614.2800391
