Key,BID,ASK,STRIKE,ITYPE,ADJTHEOR,IVBID,IVASK,IVAVERAGE
XCME.ZN.SEP25,111.9687500,111.9843750,INVALID,F,,,,
XCME.VY1.04AUG25.110:75.P,INVALID,.0069999,110.7500000,P,.0031088,,912.5893479,819.2682767
XCME.VY1.04AUG25.112.P,.1718750,.2031250,112,P,.1937322,537.5697976,650.8023424,594.2160527
XCME.VY1.04AUG25.111:5.C,.4843750,.5156250,111.5000000,C,.4888021,592.0886453,771.9471144,687.5173100
XCME.VY1.04AUG25.112:25.C,.0625000,.0781250,112.2500000,C,.0672708,614.4705418,684.0346580,649.6473314
XCME.VY1.04AUG25.110:5.P,INVALID,.0069999,110.5000000,P,.0027248,,1067.9707920,962.5323417
XCME.VY1.04AUG25.112:5.P,.5468750,.5625000,112.5000000,P,.5715013,417.8349536,601.4263806,528.0237338
