Key,BID,ASK,STRIKE,ITYPE,ADJTHEOR,IVBID,IVASK,IVAVERAGE
XCME.ZN.SEP25,112.0781250,112.0937500,INVALID,F,,,,
XCME.WY1.06AUG25.111.P,.0156250,.0312500,111,P,.0213706,622.4952432,728.6396805,680.1236868
XCME.WY1.06AUG25.112:25.C,.1875000,.2031250,112.2500000,C,.1911308,569.2173062,605.4056576,587.3245427
XCME.WY1.06AUG25.112:5.C,.1093750,.1250000,112.5000000,C,.1155986,586.4445475,628.2939129,607.4909577
XCME.WY1.06AUG25.111:25.P,.0312500,.0468750,111.2500000,P,.0359501,600.4811974,674.5490976,639.0825321
XCME.WY1.06AUG25.111:75.C,.4531250,.4687500,111.7500000,C,.4720996,520.0694823,562.4265834,541.3985723
XCME.WY1.06AUG25.113.C,.0156250,.0468750,113,C,.0406484,521.3329431,692.5596706,617.3168986
