Key,BID,ASK,STRIKE,ITYPE,ADJTHEOR,IVBID,IVASK,IVAVERAGE
XCME.ZN.SEP25,110.9531250,110.9687500,INVALID,F,,,,
XCME.ZN1.01AUG25.113.C,INVALID,.0069999,113,C,.00,,1800.9781289,1633.7493258
XCME.ZN1.01AUG25.111:5.C,.0468750,.0625000,111.5000000,C,.0101884,993.3450142,1103.8342174,1049.8448724
