Key,BID,ASK,STRIKE,ITYPE,ADJTHEOR,IVBID,IVASK,IVAVERAGE
XCME.ZN.SEP25,111.7968750,111.8125000,INVALID,F,,,,
XCME.ZN1.01AUG25.111:75.P,.0937500,.1093750,111.7500000,P,.1046994,747.1518240,850.4802739,798.8497991
XCME.ZN1.01AUG25.110.P,INVALID,.0069999,110,P,,,,
XCME.ZN1.01AUG25.110:5.P,INVALID,.0069999,110.5000000,P,.0027506,,1755.3923492,1576.3721880
XCME.ZN1.01AUG25.112:75.P,.9375000,.9687500,112.7500000,P,.9595415,,1519.9844395,941.9529607
XCME.ZN1.01AUG25.111:5.P,.0156250,.0312500,111.5000000,P,.0313910,662.4912138,836.0989372,754.5580969
XCME.ZN1.01AUG25.111:25.P,INVALID,.0069999,111.2500000,P,.0086610,,864.5191428,758.9442741
