Key,BID,ASK,STRIKE,ITYPE,ADJTHEOR,IVBID,IVASK,IVAVERAGE
XCME.ZN.SEP25,111.9687500,111.9843750,INVALID,F,,,,
XCME.WY1.06AUG25.112:5.P,.5781250,.6093750,112.5000000,P,.5982659,504.7379102,604.1052672,555.9964487
XCME.WY1.06AUG25.111:5.C,.5312500,.5625000,111.5000000,C,.5509295,476.0851591,572.8754303,525.9434012
XCME.WY1.06AUG25.110:25.P,INVALID,.0069999,110.2500000,P,.0053154,,762.1036301,689.1860664
XCME.WY1.06AUG25.111:75.P,.1250000,.1562500,111.7500000,P,.1434827,490.3836330,565.3686517,528.0717347
XCME.WY1.06AUG25.112:75.P,.7968750,.8281250,112.7500000,P,.8155270,506.6538763,648.7447823,583.7875188
XCME.WY1.06AUG25.110:5.C,1.4687500,1.5000000,110.5000000,C,1.4835812,,836.3416306,729.6735984
XCME.WY1.06AUG25.112.P,.2343750,.2656250,112,P,.2539266,496.0276033,565.7610237,530.8960884
