Key,BID,ASK,STRIKE,ITYPE,ADJTHEOR,IVBID,IVASK,IVAVERAGE
XCME.ZN.SEP25,111.6562500,111.6718750,INVALID,F,,,,
XCME.VY1.04AUG25.111:75.P,.2187500,.2343750,111.7500000,P,.2473805,559.2029001,616.4203776,587.8604671
XCME.VY1.04AUG25.111:75.C,.1250000,.1562500,111.7500000,C,.1380055,616.4208741,729.9329933,673.3035566
XCME.VY1.04AUG25.112:75.P,1.0781250,1.1093750,112.7500000,P,1.1151771,,370.5084130,
XCME.VY1.04AUG25.111:25.P,.0312500,.0625000,111.2500000,P,.0448854,547.9151302,710.3860532,633.1792932
XCME.VY1.04AUG25.111:5.P,.0937500,.1250000,111.5000000,P,.1197154,547.9326759,664.0752654,606.2800564
XCME.VY1.04AUG25.112:5.C,.0069999,.0156250,112.5000000,C,.0117374,673.0035823,792.6820371,739.3429163
XCME.VY1.04AUG25.110:25.P,INVALID,.0069999,110.2500000,P,.0000595,,1009.4455198,909.5760727
