Key,BID,ASK,STRIKE,ITYPE,ADJTHEOR,IVBID,IVASK,IVAVERAGE
XCME.ZN.SEP25,112.0312500,112.0468750,INVALID,F,,,,
XCME.GY1.05AUG25.112:75.P,.7343750,.7656250,112.7500000,P,.7528858,574.6846295,739.5812316,663.9942085
XCME.GY1.05AUG25.110:75.C,1.2656250,1.2968750,110.7500000,C,1.2934382,,731.2896675,
XCME.GY1.05AUG25.112:25.P,.3281250,.3593750,112.2500000,P,.3423634,552.3021670,642.4758641,597.6336805
XCME.GY1.05AUG25.113.C,.0156250,.0312500,113,C,.0248164,659.7584229,777.0151064,723.2377106
XCME.GY1.05AUG25.111.P,INVALID,.0156250,111,P,.0073810,,700.2269211,611.7122315
XCME.GY1.05AUG25.112.C,.2187500,.2343750,112,C,.2309197,533.3184296,575.3958965,554.3594493
