Key,BID,ASK,STRIKE,ITYPE,ADJTHEOR,IVBID,IVASK,IVAVERAGE
XCME.ZN.SEP25,111.9687500,111.9843750,INVALID,F,,,,
XCME.WY1.06AUG25.110.C,1.9687500,2,110,C,1.9767274,,1093.0337996,982.3258211
XCME.WY1.06AUG25.113.P,1.0312500,1.0625000,113,P,1.0501120,445.5762908,699.6081887,605.6075591
XCME.WY1.06AUG25.112:75.C,.0312500,.0468750,112.7500000,C,.0387652,551.5684710,621.9444994,588.2185012
XCME.WY1.06AUG25.112.C,.2187500,.2343750,112,C,.2208231,519.9797069,554.9826577,537.4817881
XCME.WY1.06AUG25.111.P,.0156250,.0312500,111,P,.0183399,553.9561205,652.5765695,607.3988887
XCME.WY1.06AUG25.112:25.C,.1250000,.1406250,112.2500000,C,.1258771,533.9390436,572.6027902,553.3386054
XCME.WY1.06AUG25.112:5.C,.0625000,.0781250,112.5000000,C,.0690250,535.4607515,585.2843754,560.7625116
