Key,BID,ASK,STRIKE,ITYPE,ADJTHEOR,IVBID,IVASK,IVAVERAGE
XCME.ZN.SEP25,110.9375000,110.9531250,INVALID,F,,,,
XCME.ZN1.01AUG25.112:5.C,INVALID,.0069999,112.5000000,C,.0000197,,1280.7307732,1155.3827075
XCME.ZN1.01AUG25.112.C,INVALID,.0156250,112,C,.0004725,,1081.2223027,945.1931382
