Key,BID,ASK,STRIKE,ITYPE,ADJTHEOR,IVBID,IVASK,IVAVERAGE
XCME.ZN.SEP25,112.1718750,112.1875000,INVALID,F,,,,
XCME.ZN1.01AUG25.111:25.C,.9375000,.9687500,111.2500000,C,.9331871,,,
XCME.ZN1.01AUG25.111:75.C,.4218750,.4531250,111.7500000,C,.4332001,1166.5559770,,1666.2067764
XCME.ZN1.01AUG25.110:5.C,1.6718750,1.7031250,110.5000000,C,1.6831875,,,
XCME.ZN1.01AUG25.110:75.C,1.4218750,1.4531250,110.7500000,C,1.4331874,,,
XCME.ZN1.01AUG25.111.P,INVALID,.0069999,111,P,0,,,
XCME.ZN1.01AUG25.113.C,INVALID,.0069999,113,C,0,,,1871.3938285
