Key,BID,ASK,STRIKE,ITYPE,ADJTHEOR,IVBID,IVASK,IVAVERAGE
XCME.ZN.SEP25,112.0937500,112.1093750,INVALID,F,,,,
XCME.WY1.06AUG25.110.C,2.0937500,2.1250000,110,C,2.1033069,,1154.0240286,1035.7299464
XCME.WY1.06AUG25.113.P,.9218750,.9531250,113,P,.9370406,556.6828416,717.6460100,645.3550769
XCME.WY1.06AUG25.112:75.C,.0468750,.0625000,112.7500000,C,.0598693,560.9578880,619.1636870,590.7764681
XCME.WY1.06AUG25.112.C,.2812500,.3125000,112,C,.3005444,517.8580229,589.4755997,553.6965356
XCME.WY1.06AUG25.111.P,.0069999,.0312500,111,P,.0180570,531.0247276,723.0631624,644.6271478
XCME.WY1.06AUG25.112:25.C,.1718750,.2031250,112.2500000,C,.1827876,543.5476310,616.2647112,579.9700544
XCME.WY1.06AUG25.112:5.C,.0937500,.1093750,112.5000000,C,.1057747,551.6153253,594.8198033,573.3811434
