Key,BID,ASK,STRIKE,ITYPE,ADJTHEOR,IVBID,IVASK,IVAVERAGE
XCME.ZN.SEP25,111.8750000,111.8906250,INVALID,F,,,,
XCME.VY1.04AUG25.111.P,INVALID,.0069999,111,P,.0075848,,693.1283597,618.6779623
XCME.VY1.04AUG25.110:75.P,INVALID,.0069999,110.7500000,P,.0045068,,851.9376350,764.2285439
XCME.VY1.04AUG25.112.P,.2031250,.2343750,112,P,.2452994,457.7756585,576.7345508,517.6930501
XCME.VY1.04AUG25.111:5.C,.4062500,.4375000,111.5000000,C,.4184930,554.9396620,713.3086514,637.5592668
XCME.VY1.04AUG25.112:25.C,.0468750,.0625000,112.2500000,C,.0487883,624.2310925,702.0265160,663.8866012
XCME.VY1.04AUG25.110:5.P,INVALID,.0069999,110.5000000,P,.0039532,,1006.5977710,906.6461969
XCME.VY1.04AUG25.112:5.P,.6250000,.6562500,112.5000000,P,.6484485,,730.1824552,629.8935308
