Key,BID,ASK,STRIKE,ITYPE,ADJTHEOR,IVBID,IVASK,IVAVERAGE
XCME.ZN.SEP25,112.0312500,112.0468750,INVALID,F,,,,
XCME.WY1.06AUG25.112:5.P,.5312500,.5625000,112.5000000,P,.5502180,510.0608110,602.7746356,557.4972337
XCME.WY1.06AUG25.111:5.C,.5781250,.6093750,111.5000000,C,.5951194,471.2987759,577.9463185,526.8862307
XCME.WY1.06AUG25.110:25.P,INVALID,.0069999,110.2500000,P,.0044833,,788.5499403,713.5501934
XCME.WY1.06AUG25.111:75.P,.1093750,.1250000,111.7500000,P,.1206315,501.9829902,541.4661671,521.8144729
XCME.WY1.06AUG25.112:75.P,.7500000,.7656250,112.7500000,P,.7618670,541.6550932,606.7660377,575.3430184
XCME.WY1.06AUG25.110:5.C,1.5312500,1.5625000,110.5000000,C,1.5410903,,893.7948094,795.1041243
XCME.WY1.06AUG25.112.P,.2031250,.2343750,112,P,.2223297,494.2477528,564.4373378,529.3467635
