Key,BID,ASK,STRIKE,ITYPE,ADJTHEOR,IVBID,IVASK,IVAVERAGE
XCME.ZN.SEP25,112.1093750,112.1250000,INVALID,F,,,,
XCME.WY1.06AUG25.110:5.P,.0069999,.0156250,110.5000000,P,.0111084,745.5822773,855.8862561,807.1306484
XCME.WY1.06AUG25.110:25.C,1.8593750,1.8906250,110.2500000,C,1.8945820,,783.2951106,600.8142258
XCME.WY1.06AUG25.112:5.P,.5000000,.5156250,112.5000000,P,.4956694,641.8790829,682.2309218,662.1325120
XCME.WY1.06AUG25.111:5.C,.6718750,.7031250,111.5000000,C,.7063887,508.3727152,628.4458555,571.6922838
XCME.WY1.06AUG25.110:25.P,.0069999,.0156250,110.2500000,P,.0082695,840.3382846,960.7951938,907.6663010
XCME.WY1.06AUG25.111:75.P,.1093750,.1250000,111.7500000,P,.1217077,587.3436131,629.4483469,608.5166612
XCME.WY1.06AUG25.112:75.P,.6875000,.7187500,112.7500000,P,.6927678,638.4744191,737.5801808,689.2044279
