Key,BID,ASK,STRIKE,ITYPE,ADJTHEOR,IVBID,IVASK,IVAVERAGE
XCME.ZN.SEP25,112.0468750,112.0625000,INVALID,F,,,,
XCME.GY1.05AUG25.112:25.P,.3125000,.3437500,112.2500000,P,.3293049,501.3886731,595.3616195,548.7558609
XCME.GY1.05AUG25.113.C,.0069999,.0312500,113,C,.0151036,577.8591426,795.5864315,706.3393581
XCME.GY1.05AUG25.111.P,.0069999,.0156250,111,P,.0080087,608.1085083,709.7885549,664.5751711
XCME.GY1.05AUG25.112.C,.2031250,.2343750,112,C,.2128440,510.5945600,596.2507774,553.4293413
XCME.GY1.05AUG25.111:25.P,.0069999,.0156250,111.2500000,P,.0160558,485.5329437,572.6055373,533.6919437
XCME.GY1.05AUG25.110:25.P,INVALID,.0069999,110.2500000,P,.0034329,,960.5226583,869.1437040
