Key,BID,ASK,STRIKE,ITYPE,ADJTHEOR,IVBID,IVASK,IVAVERAGE
XCME.ZN.SEP25,112.1250000,112.1406250,INVALID,F,,,,
XCME.ZN1.01AUG25.111:5.C,.6250000,.6562500,111.5000000,C,.6328967,,1502.3701561,1321.2256927
XCME.ZN1.01AUG25.113.P,.8437500,.8750000,113,P,.8672108,,1922.1235169,1701.1949433
XCME.ZN1.01AUG25.112:25.P,.1250000,.1406250,112.2500000,P,.1343588,427.4041454,838.4727914,651.6353528
XCME.ZN1.01AUG25.111.C,1.1250000,1.1562500,111,C,1.1328067,,,
XCME.ZN1.01AUG25.112.C,.1250000,.1562500,112,C,.1471794,,698.5888335,532.3721993
XCME.GY1.05AUG25.110.P,INVALID,.0069999,110,P,.0040480,,1134.4082949,1030.3801753
XCME.GY1.05AUG25.110:5.C,1.6250000,1.6562500,110.5000000,C,1.6385577,,1126.4787772,986.2684215
