Key,BID,ASK,STRIKE,ITYPE,ADJTHEOR,IVBID,IVASK,IVAVERAGE
XCME.ZN.SEP25,111.9062500,111.9218750,INVALID,F,,,,
XCME.WY1.06AUG25.110:75.C,1.1250000,1.1562500,110.7500000,C,1.1764305,,,
XCME.WY1.06AUG25.111:5.P,.0781250,.1093750,111.5000000,P,.0836950,505.5825752,592.1739459,549.6501727
XCME.WY1.06AUG25.111.C,.8906250,.9218750,111,C,.9350029,,413.0932386,311.8687418
XCME.ZN1.01AUG25.112:75.C,INVALID,.0069999,112.7500000,C,.0044142,,1257.3451984,1114.8086790
XCME.ZN1.01AUG25.110:25.C,1.6250000,1.6562500,110.2500000,C,,,,
XCME.ZN1.01AUG25.110:25.P,INVALID,.0069999,110.2500000,P,,,,
XCME.ZN1.01AUG25.110:75.P,INVALID,.0069999,110.7500000,P,.0027008,,1659.7804020,1490.3355525
