Key,BID,ASK,STRIKE,ITYPE,ADJTHEOR,IVBID,IVASK,IVAVERAGE
XCME.ZN.SEP25,112.0625000,112.0781250,INVALID,F,,,,
XCME.GY1.05AUG25.111:5.C,.5781250,.6093750,111.5000000,C,.5890158,497.2500576,640.9431220,573.9463364
XCME.GY1.05AUG25.110.C,2.0468750,2.0781250,110,C,2.0544428,,1341.6132798,1300.0605373
XCME.GY1.05AUG25.111:5.P,.0312500,.0468750,111.5000000,P,.0378291,519.8259278,593.1601222,557.8436163
XCME.GY1.05AUG25.110:25.C,1.8125000,1.8437500,110.2500000,C,1.8043713,1026.3220532,1340.9870033,1246.0092037
XCME.GY1.05AUG25.112:75.C,.0312500,.0468750,112.7500000,C,.0382696,615.3678662,695.6212526,657.0977468
XCME.GY1.05AUG25.112:5.C,.0625000,.0781250,112.5000000,C,.0713167,581.4059303,692.6839632,638.4287383
XCME.GY1.05AUG25.110:5.P,INVALID,.0069999,110.5000000,P,.0034093,,837.2444979,755.4457576
