Key,BID,ASK,STRIKE,ITYPE,ADJTHEOR,IVBID,IVASK,IVAVERAGE
XCME.ZN.SEP25,112.1093750,112.1250000,INVALID,F,,,,
XCME.WY1.06AUG25.112:75.P,.6875000,.7187500,112.7500000,P,.7064689,580.2163811,686.9566280,635.4267912
XCME.WY1.06AUG25.110:5.C,1.6093750,1.6406250,110.5000000,C,1.6280541,,913.8207680,799.8166498
XCME.WY1.06AUG25.112.P,.2031250,.2187500,112,P,.2139296,583.6220555,619.5920708,601.6154436
XCME.WY1.06AUG25.110:75.C,1.3593750,1.3906250,110.7500000,C,1.3828536,,800.9073446,697.2218539
XCME.WY1.06AUG25.111:5.P,.0625000,.0781250,111.5000000,P,.0721383,598.0981685,650.9277648,624.9613432
XCME.WY1.06AUG25.111.C,1.1250000,1.1562500,111,C,1.1417064,549.9153877,777.0601222,685.0032770
