Key,BID,ASK,STRIKE,ITYPE,ADJTHEOR,IVBID,IVASK,IVAVERAGE
XCME.ZN.SEP25,110.9531250,110.9687500,INVALID,F,,,,
XCME.ZN1.01AUG25.111:25.C,.0937500,.1250000,111.2500000,C,.0243144,1170.3761079,1371.1307650,1271.8188580
