Key,BID,ASK,STRIKE,ITYPE,ADJTHEOR,IVBID,IVASK,IVAVERAGE
XCME.ZN.SEP25,111.8593750,111.8750000,INVALID,F,,,,
XCME.WY1.06AUG25.110:5.P,INVALID,.0156250,110.5000000,P,.0038027,,706.8020490,623.0878002
XCME.WY1.06AUG25.110:25.C,1.6093750,1.6406250,110.2500000,C,1.5957920,810.9245164,1112.5641951,1009.2120343
XCME.WY1.06AUG25.112:5.P,.6875000,.7031250,112.5000000,P,.7136680,484.9583023,549.4496604,518.4661862
XCME.WY1.06AUG25.111:5.C,.4531250,.4843750,111.5000000,C,.4496854,537.5008806,616.6383567,577.4435669
XCME.WY1.06AUG25.110:25.P,INVALID,.0069999,110.2500000,P,.0020420,,705.6650450,637.4950884
XCME.WY1.06AUG25.111:75.P,.1718750,.2031250,111.7500000,P,.2012723,475.4333873,545.2837181,510.3899225
XCME.WY1.06AUG25.112:75.P,.8906250,.9218750,112.7500000,P,.9379487,,515.6168321,164.4511173
