Key,BID,ASK,STRIKE,ITYPE,ADJTHEOR,IVBID,IVASK,IVAVERAGE
XCME.ZN.SEP25,112.1718750,112.1875000,INVALID,F,,,,
XCME.VY1.04AUG25.112.C,.2343750,.2656250,112,C,.2581668,491.3161645,631.9812487,562.7814246
XCME.VY1.04AUG25.112:75.C,.0156250,.0312500,112.7500000,C,.0215079,649.0199954,785.1626547,722.1454653
XCME.VY1.04AUG25.110:25.C,1.9218750,1.9375000,110.2500000,C,1.9329786,,1510.6379688,1365.9976283
XCME.GY1.05AUG25.110.P,INVALID,.0069999,110,P,.0043611,,1166.7876023,1059.7716445
XCME.GY1.05AUG25.110:5.C,1.6718750,1.7031250,110.5000000,C,1.6823943,,1197.4565531,1068.0979056
XCME.GY1.05AUG25.111.C,1.1718750,1.2031250,111,C,1.1883411,,910.0395986,803.0781549
XCME.GY1.05AUG25.112:25.C,.1718750,.1875000,112.2500000,C,.1795939,579.6404331,623.8756362,601.7657483
