Key,BID,ASK,STRIKE,ITYPE,ADJTHEOR,IVBID,IVASK,IVAVERAGE
XCME.ZN.SEP25,112.0156250,112.0312500,INVALID,F,,,,
XCME.ZN1.01AUG25.110:25.P,INVALID,.0069999,110.2500000,P,0,,,
XCME.ZN1.01AUG25.110:75.P,INVALID,.0069999,110.7500000,P,.000,,,1852.2002334
XCME.ZN1.01AUG25.111:75.P,INVALID,.0069999,111.7500000,P,.0059429,,585.2836195,500.9377343
XCME.ZN1.01AUG25.110.P,INVALID,.0069999,110,P,0,,,
XCME.ZN1.01AUG25.110:5.P,INVALID,.0069999,110.5000000,P,0,,,
XCME.ZN1.01AUG25.112:75.P,.7187500,.7500000,112.7500000,P,.7579621,,1358.0949423,1198.8320127
XCME.ZN1.01AUG25.111:5.P,INVALID,.0069999,111.5000000,P,.0005310,,986.9967437,865.2854479
