Key,BID,ASK,STRIKE,ITYPE,ADJTHEOR,IVBID,IVASK,IVAVERAGE
XCME.ZN.SEP25,110.9375000,110.9531250,INVALID,F,,,,
XCME.ZN1.01AUG25.111.C,.2031250,.2187500,111,C,.0936006,1180.2743225,1352.4224533,1266.3780797
XCME.ZN1.01AUG25.111:25.P,.3906250,.4218750,111.2500000,P,.3318769,1095.4141985,1296.3684448,1197.2401067
