Key,BID,ASK,STRIKE,ITYPE,ADJTHEOR,IVBID,IVASK,IVAVERAGE
XCME.ZN.SEP25,111.9687500,111.9843750,INVALID,F,,,,
XCME.VY1.04AUG25.113.P,INVALID,INVALID,113,P,1.0496971,,,
XCME.VY1.04AUG25.113.C,INVALID,.0156250,113,C,.0063221,,944.3239878,826.3469114
XCME.VY1.04AUG25.112:25.P,.3281250,.3593750,112.2500000,P,.3606455,479.3525103,630.3366824,557.8375867
XCME.VY1.04AUG25.112.C,.1406250,.1718750,112,C,.1503571,581.5331300,694.6814993,638.1313708
XCME.VY1.04AUG25.112:75.C,.0069999,.0156250,112.7500000,C,.0128069,639.5676571,756.1229167,704.0711109
XCME.VY1.04AUG25.110:25.C,INVALID,INVALID,110.2500000,C,1.7095302,,,
