Key,BID,ASK,STRIKE,ITYPE,ADJTHEOR,IVBID,IVASK,IVAVERAGE
XCME.ZN.SEP25,112.1406250,112.1562500,INVALID,F,,,,
XCME.WY1.06AUG25.110:5.P,.0069999,.0156250,110.5000000,P,.0100666,745.6232102,856.1401818,807.3476983
XCME.WY1.06AUG25.110:25.C,1.8750000,1.9062500,110.2500000,C,1.8869730,908.3053991,1183.4513880,1069.3391948
XCME.WY1.06AUG25.112:5.P,.4687500,.4843750,112.5000000,P,.4991755,547.0546296,589.7412233,568.5393040
XCME.WY1.06AUG25.111:5.C,.7031250,.7187500,111.5000000,C,.6968958,650.4562460,701.7752412,676.4684485
XCME.WY1.06AUG25.110:25.P,INVALID,.0156250,110.2500000,P,.0076605,,961.4644340,855.3996376
XCME.WY1.06AUG25.111:75.P,.0937500,.1250000,111.7500000,P,.1204365,541.0483600,626.4179895,584.2864942
