Key,BID,ASK,STRIKE,ITYPE,ADJTHEOR,IVBID,IVASK,IVAVERAGE
XCME.ZN.SEP25,112,112.0156250,INVALID,F,,,,
XCME.WY1.06AUG25.110:5.C,1.5156250,1.5312500,110.5000000,C,1.5285103,,704.3576509,633.5011992
XCME.WY1.06AUG25.112.P,.2187500,.2343750,112,P,.2223267,518.1154101,553.2979742,535.7071372
XCME.WY1.06AUG25.110:75.C,1.2656250,1.2968750,110.7500000,C,1.2807017,,751.5923340,652.2348093
XCME.WY1.06AUG25.111:5.P,.0468750,.0625000,111.5000000,P,.0569341,481.7272942,535.6437127,509.2950767
XCME.WY1.06AUG25.111.C,1.0156250,1.0468750,111,C,1.0361592,,634.9623163,546.5006036
XCME.ZN1.01AUG25.112:75.C,INVALID,.0069999,112.7500000,C,.0000249,,1367.3880223,1210.5109466
XCME.ZN1.01AUG25.110:25.C,1.7500000,1.7812500,110.2500000,C,1.7769374,,,1980.0977863
