Key,BID,ASK,STRIKE,ITYPE,ADJTHEOR,IVBID,IVASK,IVAVERAGE
XCME.ZN.SEP25,112.0156250,112.0312500,INVALID,F,,,,
XCME.WY1.06AUG25.110:75.C,1.2656250,1.2968750,110.7500000,C,1.2873950,,227.1979130,
XCME.WY1.06AUG25.111:5.P,.0468750,.0781250,111.5000000,P,.0556742,481.1739839,584.4156386,534.7640225
XCME.WY1.06AUG25.111.C,1.0156250,1.0312500,111,C,1.0423836,,199.9736753,
XCME.ZN1.01AUG25.112:75.C,INVALID,.0069999,112.7500000,C,.0019333,,1185.6230229,1049.0014133
XCME.ZN1.01AUG25.110:25.C,1.7500000,1.7812500,110.2500000,C,,,,
XCME.ZN1.01AUG25.110:25.P,INVALID,.0069999,110.2500000,P,,,,
XCME.ZN1.01AUG25.110:75.P,INVALID,.0069999,110.7500000,P,.0017681,,1939.5837721,1742.0096277
