Key,BID,ASK,STRIKE,ITYPE,ADJTHEOR,IVBID,IVASK,IVAVERAGE
XCME.ZN.SEP25,110.9218750,110.9375000,INVALID,F,,,,
XCME.ZN1.01AUG25.110.P,.0069999,.0156250,110,P,.0010144,810.5622362,948.0048326,886.6857076
XCME.ZN1.01AUG25.110:75.P,.1406250,.1718750,110.7500000,P,.0873931,878.9216240,1007.6898810,943.5372852
