Key,BID,ASK,STRIKE,ITYPE,ADJTHEOR,IVBID,IVASK,IVAVERAGE
XCME.ZN.SEP25,110.9375000,110.9531250,INVALID,F,,,,
XCME.ZN1.01AUG25.110:25.P,.0156250,.0312500,110.2500000,P,.0070665,736.9455378,882.7924996,815.5262311
XCME.ZN1.01AUG25.110:5.P,.0625000,.0781250,110.5000000,P,.0299281,834.0914906,916.6314839,875.9606758
