Key,BID,ASK,STRIKE,ITYPE,ADJTHEOR,IVBID,IVASK,IVAVERAGE
XCME.ZN.SEP25,111.9375000,111.9531250,INVALID,F,,,,
XCME.VY1.04AUG25.112:25.P,.3437500,.3750000,112.2500000,P,.3513211,555.1663770,701.4431553,630.3639875
XCME.VY1.04AUG25.112.C,.1250000,.1406250,112,C,.1326177,540.8634581,598.6750367,569.7799163
XCME.VY1.04AUG25.112:75.C,.0069999,.0156250,112.7500000,C,.0090183,653.9910444,773.3021056,720.0406272
XCME.VY1.04AUG25.110:25.C,1.7031250,1.7187500,110.2500000,C,1.7032974,480.2389036,1424.3296294,1263.2773619
XCME.WY1.06AUG25.110.C,1.9375000,1.9687500,110,C,1.9549535,,968.6471139,779.9705814
XCME.WY1.06AUG25.113.P,1.0468750,1.0781250,113,P,1.0816220,282.6878006,688.6509338,615.8498723
