Key,BID,ASK,STRIKE,ITYPE,ADJTHEOR,IVBID,IVASK,IVAVERAGE
XCME.ZN.SEP25,112.1093750,112.1250000,INVALID,F,,,,
XCME.VY1.04AUG25.112:25.P,.2187500,.2500000,112.2500000,P,.2332350,545.5496848,671.9903021,609.1376349
XCME.VY1.04AUG25.112.C,.2031250,.2343750,112,C,.2212729,522.5955950,647.9232917,585.5771879
XCME.VY1.04AUG25.112:75.C,.0069999,.0312500,112.7500000,C,.0171825,572.8552418,819.0758829,716.3945660
XCME.VY1.04AUG25.110:25.C,1.8593750,1.8750000,110.2500000,C,1.8705560,,1728.6631970,1519.6470982
XCME.WY1.06AUG25.110.C,2.1093750,2.1406250,110,C,2.1268191,,1099.4285447,945.6275998
XCME.WY1.06AUG25.113.P,.9062500,.9375000,113,P,.9229877,588.7177880,735.1904716,667.7518603
