Key,BID,ASK,STRIKE,ITYPE,ADJTHEOR,IVBID,IVASK,IVAVERAGE
XCME.ZN.SEP25,111.9531250,111.9687500,INVALID,F,,,,
XCME.ZN1.01AUG25.112:75.C,INVALID,.0069999,112.7500000,C,.0042256,,1250.6840910,1108.3843012
XCME.ZN1.01AUG25.110:25.C,1.7031250,1.7343750,110.2500000,C,,,,
XCME.ZN1.01AUG25.110:25.P,INVALID,.0069999,110.2500000,P,,,,
XCME.ZN1.01AUG25.110:75.P,INVALID,.0069999,110.7500000,P,.0028806,,1763.0600092,1582.7733137
XCME.ZN1.01AUG25.111:75.P,.0312500,.0468750,111.7500000,P,.0446646,707.0222390,848.6451437,779.4937622
XCME.ZN1.01AUG25.110.P,INVALID,.0069999,110,P,,,,
XCME.ZN1.01AUG25.110:5.P,INVALID,.0069999,110.5000000,P,.0037842,,,1858.6022880
