Key,BID,ASK,STRIKE,ITYPE,ADJTHEOR,IVBID,IVASK,IVAVERAGE
XCME.ZN.SEP25,111.8750000,111.8906250,INVALID,F,,,,
XCME.ZN1.01AUG25.112:5.C,INVALID,.0069999,112.5000000,C,.0067863,,986.2918802,870.2841664
XCME.ZN1.01AUG25.111:5.C,.3906250,.4218750,111.5000000,C,.4029187,594.0142869,883.6200341,828.0443347
XCME.ZN1.01AUG25.113.P,1.0937500,1.1250000,113,P,1.1156699,,1768.9599662,1109.8635227
XCME.ZN1.01AUG25.112:25.P,.3593750,.3906250,112.2500000,P,.3831692,744.5106039,1116.3816856,950.8566051
XCME.ZN1.01AUG25.111.C,.8906250,.9218750,111,C,.8897650,,1633.4111576,1552.0668553
XCME.ZN1.01AUG25.112.C,.0625000,.0937500,112,C,.0698425,742.4326355,856.0347394,799.5279536
