Key,BID,ASK,STRIKE,ITYPE,ADJTHEOR,IVBID,IVASK,IVAVERAGE
XCME.ZN.SEP25,111.7656250,111.7812500,INVALID,F,,,,
XCME.VY1.04AUG25.112.C,.0781250,.0937500,112,C,.0940437,587.7087255,650.5673512,619.3427186
XCME.VY1.04AUG25.112:75.C,INVALID,.0156250,112.7500000,C,.0087320,,877.4081293,766.1686500
XCME.VY1.04AUG25.110:25.C,1.5000000,1.5312500,110.2500000,C,1.5303262,,983.7102892,
XCME.GY1.05AUG25.110.P,INVALID,.0069999,110,P,.0032359,,925.7104623,837.4663231
XCME.GY1.05AUG25.110:5.C,1.2500000,1.2812500,110.5000000,C,1.2972210,,649.4082966,488.2575506
XCME.GY1.05AUG25.111.C,.7656250,.7968750,111,C,.8100117,,581.6806256,479.4865203
XCME.GY1.05AUG25.112:25.C,.0468750,.0781250,112.2500000,C,.0778749,530.5091611,649.0075223,591.8998711
