Key,BID,ASK,STRIKE,ITYPE,ADJTHEOR,IVBID,IVASK,IVAVERAGE
XCME.ZN.SEP25,110.9687500,110.9843750,INVALID,F,,,,
XCME.ZN1.01AUG25.111.P,.2343750,.2656250,111,P,.1496523,1067.0533641,1217.0636204,1142.0622914
XCME.ZN1.01AUG25.110:75.C,.3437500,.3750000,110.7500000,C,.2781453,1014.1638904,1176.3467490,1095.7281053
