Key,BID,ASK,STRIKE,ITYPE,ADJTHEOR,IVBID,IVASK,IVAVERAGE
XCME.ZN.SEP25,110.9375000,110.9531250,INVALID,F,,,,
XCME.ZN1.01AUG25.110:25.C,.7031250,.7500000,110.2500000,C,.7087226,222.9459588,1041.2711879,850.8606552
XCME.ZN1.01AUG25.112:75.C,INVALID,.0069999,112.7500000,C,.0000095,,1415.8004104,1281.2909501
