Key,BID,ASK,STRIKE,ITYPE,ADJTHEOR,IVBID,IVASK,IVAVERAGE
XCME.ZN.SEP25,110.8281250,110.8437500,INVALID,F,,,,
XCME.ZN1.01AUG25.111:25.P,.4687500,.4843750,111.2500000,P,.4197207,1252.4585892,1520.0391577,1390.0128602
XCME.ZN1.01AUG25.112:5.P,1.6406250,1.6718750,112.5000000,P,1.6640624,,,
XCME.ZN1.01AUG25.110.C,.8281250,.8593750,110,C,.8358890,,1548.1571544,1322.6042383
XCME.ZN1.01AUG25.112.P,1.1562500,1.1875000,112,P,1.1640608,,,1725.7050057
XCME.ZN1.01AUG25.112:25.C,INVALID,.0069999,112.2500000,C,0,,1848.9965843,1666.9489314
XCME.ZN1.01AUG25.111:25.C,.0625000,.0781250,111.2500000,C,.0056569,1322.3772957,1455.7936380,1390.0119106
XCME.ZN1.01AUG25.111:75.C,.0069999,.0156250,111.7500000,C,.0000076,1276.4450229,1499.6735167,1400.2827954
