Key,BID,ASK,STRIKE,ITYPE,ADJTHEOR,IVBID,IVASK,IVAVERAGE
XCME.ZN.SEP25,111.9531250,111.9687500,INVALID,F,,,,
XCME.VY1.04AUG25.111:5.C,.4687500,.5000000,111.5000000,C,.4919630,188.2247701,634.9250616,551.6029568
XCME.VY1.04AUG25.112:25.C,.0468750,.0625000,112.2500000,C,.0571103,535.6688496,609.5589283,573.2274105
XCME.VY1.04AUG25.110:5.P,INVALID,.0069999,110.5000000,P,.0026030,,1090.7604224,983.1131435
XCME.VY1.04AUG25.112:5.P,.5312500,.5625000,112.5000000,P,.5533363,198.9490436,691.4520637,569.4688903
XCME.VY1.04AUG25.111.C,.9531250,.9843750,111,C,.9725326,,902.4016023,850.0971711
XCME.VY1.04AUG25.110:5.C,1.4531250,1.4843750,110.5000000,C,1.4713530,,1256.9330194,1191.1288786
