Key,BID,ASK,STRIKE,ITYPE,ADJTHEOR,IVBID,IVASK,IVAVERAGE
XCME.ZN.SEP25,111.7656250,111.7812500,INVALID,F,,,,
XCME.GY1.05AUG25.110:5.P,INVALID,.0069999,110.5000000,P,.0046585,,701.2487293,629.8431294
XCME.GY1.05AUG25.110:75.P,INVALID,.0156250,110.7500000,P,.0079899,,683.0390590,596.4977267
XCME.GY1.05AUG25.111:75.P,.1875000,.2187500,111.7500000,P,.1972537,530.5617434,613.2831902,571.9261781
XCME.GY1.05AUG25.112.P,.3437500,.3750000,112,P,.3461462,565.7115203,654.7386154,610.4675414
XCME.WY1.06AUG25.110.C,1.7656250,1.7968750,110,C,1.7972084,,918.4715882,778.2121482
XCME.WY1.06AUG25.113.P,1.2187500,1.2500000,113,P,1.2289213,,741.4545926,657.6157010
