Key,BID,ASK,STRIKE,ITYPE,ADJTHEOR,IVBID,IVASK,IVAVERAGE
XCME.ZN.SEP25,111.8593750,111.8750000,INVALID,F,,,,
XCME.VY1.04AUG25.112:75.P,.8750000,.9062500,112.7500000,P,.8852881,,,
XCME.VY1.04AUG25.111:25.P,.0069999,.0156250,111.2500000,P,.0142096,528.1258403,628.8455051,583.5801709
XCME.VY1.04AUG25.111:5.P,.0312500,.0468750,111.5000000,P,.0392433,534.2587501,619.9486135,578.4611906
XCME.VY1.04AUG25.112:5.C,.0156250,.0312500,112.5000000,C,.0199237,630.5696213,758.2810637,699.2544213
XCME.VY1.04AUG25.110:25.P,INVALID,.0069999,110.2500000,P,.0029439,,1160.9508419,1048.7152148
XCME.VY1.04AUG25.111.P,INVALID,.0069999,111,P,.0059622,,695.9236879,621.2065927
