Key,BID,ASK,STRIKE,ITYPE,ADJTHEOR,IVBID,IVASK,IVAVERAGE
XCME.ZN.SEP25,112.1875000,112.2031250,INVALID,F,,,,
XCME.WY1.06AUG25.113.C,.0312500,.0468750,113,C,.0456107,579.2609024,652.3881409,617.3588860
XCME.WY1.06AUG25.110.P,INVALID,.0156250,110,P,.0057904,,1093.9218635,976.9885235
XCME.WY1.06AUG25.110:75.P,.0069999,.0156250,110.7500000,P,.0113234,674.9098446,778.2132194,732.5410088
XCME.WY1.06AUG25.112:25.P,.2656250,.2812500,112.2500000,P,.2810799,543.9830059,615.8946853,579.9471880
XCME.WY1.06AUG25.111:25.C,.9531250,.9843750,111.2500000,C,.9737059,480.6938942,693.8699996,607.1453467
XCME.WY1.06AUG25.110:5.P,INVALID,.0156250,110.5000000,P,.0084071,771.6306234,885.4623787,835.3151721
XCME.WY1.06AUG25.110:25.C,1.9375000,1.9687500,110.2500000,C,1.9520777,,1070.1218837,941.9076327
