Key,BID,ASK,STRIKE,ITYPE,ADJTHEOR,IVBID,IVASK,IVAVERAGE
XCME.ZN.SEP25,112.1250000,112.1406250,INVALID,F,,,,
XCME.ZN1.01AUG25.113.P,.8593750,.8906250,113,P,.8628741,,,
XCME.ZN1.01AUG25.112:25.P,.1250000,.1406250,112.2500000,P,.1220815,,779.4550791,610.3783973
XCME.ZN1.01AUG25.111.C,1.1093750,1.1406250,111,C,1.1371247,,,
XCME.ZN1.01AUG25.112.C,.1250000,.1406250,112,C,.1432393,,430.9734435,
XCME.WY1.06AUG25.110.C,2.1250000,2.1406250,110,C,2.1459450,,1079.1907368,887.3248637
XCME.WY1.06AUG25.113.P,.8906250,.9218750,113,P,.9038076,603.3971644,744.9207618,679.1636369
