Key,BID,ASK,STRIKE,ITYPE,ADJTHEOR,IVBID,IVASK,IVAVERAGE
XCME.ZN.SEP25,112.1250000,112.1406250,INVALID,F,,,,
XCME.WY1.06AUG25.110:5.C,1.6250000,1.6562500,110.5000000,C,1.6404649,,952.1306949,848.6956328
XCME.WY1.06AUG25.112.P,.1875000,.2187500,112,P,.2079808,562.5415978,635.1675595,598.8971615
XCME.WY1.06AUG25.110:75.C,1.3750000,1.4062500,110.7500000,C,1.3953617,,836.4017731,741.9019226
XCME.WY1.06AUG25.111:5.P,.0625000,.0781250,111.5000000,P,.0706996,608.9583562,662.4077824,636.1332185
XCME.WY1.06AUG25.111.C,1.1406250,1.1718750,111,C,1.1541558,596.6098491,805.9188062,717.4982107
XCME.VY1.04AUG25.111:75.P,.0312500,.0468750,111.7500000,P,.0392003,585.0507269,679.0433866,633.5718689
XCME.VY1.04AUG25.111:75.C,.4062500,.4375000,111.7500000,C,.4185142,432.2644806,654.2598551,556.4906297
