Key,BID,ASK,STRIKE,ITYPE,ADJTHEOR,IVBID,IVASK,IVAVERAGE
XCME.ZN.SEP25,112.0937500,112.1093750,INVALID,F,,,,
XCME.VY1.04AUG25.113.C,INVALID,.0156250,113,C,.0077627,,877.2412428,760.9156979
XCME.VY1.04AUG25.112:25.P,.2187500,.2500000,112.2500000,P,.2351625,536.2249509,663.2749337,600.1589559
XCME.VY1.04AUG25.112.C,.2031250,.2343750,112,C,.2185932,531.5292750,656.3448231,594.2210323
XCME.VY1.04AUG25.112:75.C,.0156250,.0312500,112.7500000,C,.0157257,684.3635629,822.2588997,758.5401015
XCME.VY1.04AUG25.110:25.C,1.8593750,1.8750000,110.2500000,C,1.8668971,,1508.1782506,1408.2346377
XCME.WY1.06AUG25.110.C,2.1093750,2.1406250,110,C,2.1193030,,992.2326616,928.0303589
XCME.WY1.06AUG25.113.P,.9062500,.9375000,113,P,.9279310,549.7481286,709.8996349,637.9408175
