Key,BID,ASK,STRIKE,ITYPE,ADJTHEOR,IVBID,IVASK,IVAVERAGE
XCME.ZN.SEP25,111.7343750,111.7500000,INVALID,F,,,,
XCME.ZN1.01AUG25.112:75.C,INVALID,.0069999,112.7500000,C,.0027341,,1427.2146150,1277.7915122
XCME.ZN1.01AUG25.110:25.C,1.5156250,1.5468750,110.2500000,C,1.4999302,,,
XCME.ZN1.01AUG25.110:25.P,INVALID,.0069999,110.2500000,P,.0034302,,,1788.9999883
XCME.ZN1.01AUG25.110:75.P,INVALID,.0069999,110.7500000,P,.0026427,,1413.9584998,1263.0617419
XCME.ZN1.01AUG25.111:75.P,.1093750,.1406250,111.7500000,P,.1344523,704.5165745,909.1119791,806.8152343
XCME.ZN1.01AUG25.110.P,INVALID,.0069999,110,P,,,,
XCME.ZN1.01AUG25.110:5.P,INVALID,.0069999,110.5000000,P,.0025769,,1702.3155039,1528.8773395
