Key,BID,ASK,STRIKE,ITYPE,ADJTHEOR,IVBID,IVASK,IVAVERAGE
XCME.ZN.SEP25,112.1250000,112.1406250,INVALID,F,,,,
XCME.WY1.06AUG25.110:75.C,1.3750000,1.4062500,110.7500000,C,1.4002785,,789.5917995,668.8616003
XCME.WY1.06AUG25.111:5.P,.0468750,.0625000,111.5000000,P,.0635386,557.1323872,615.5798599,587.0736983
XCME.WY1.06AUG25.111.C,1.1406250,1.1718750,111,C,1.1578667,511.1809777,775.0294550,675.5771121
XCME.VY1.04AUG25.111:75.P,.0312500,.0468750,111.7500000,P,.0343889,595.1600095,690.4685639,644.3658476
XCME.VY1.04AUG25.111:75.C,.4062500,.4375000,111.7500000,C,.4172015,541.3868809,734.3365407,644.3644710
XCME.VY1.04AUG25.112:75.P,.6250000,.6406250,112.7500000,P,.6354351,589.2677387,761.9078291,686.7405996
XCME.VY1.04AUG25.111:25.P,INVALID,.0156250,111.2500000,P,.0068023,,897.4715733,778.6551847
