Key,BID,ASK,STRIKE,ITYPE,ADJTHEOR,IVBID,IVASK,IVAVERAGE
XCME.ZN.SEP25,112.0468750,112.0625000,INVALID,F,,,,
XCME.WY1.06AUG25.112:5.P,.5156250,.5468750,112.5000000,P,.5358318,492.9245198,586.4014303,540.8134287
XCME.WY1.06AUG25.111:5.C,.5937500,.6093750,111.5000000,C,.6024347,493.2271026,548.1701790,521.3451685
XCME.WY1.06AUG25.110:25.P,INVALID,.0069999,110.2500000,P,.0044599,,796.0874828,720.6788956
XCME.WY1.06AUG25.111:75.P,.0937500,.1250000,111.7500000,P,.1122360,471.9768189,552.6123940,512.7286134
XCME.WY1.06AUG25.112:75.P,.7343750,.7500000,112.7500000,P,.7476999,522.0338260,589.0761466,556.8592566
XCME.WY1.06AUG25.110:5.C,1.5468750,1.5625000,110.5000000,C,1.5531227,,799.1434372,755.6373117
XCME.WY1.06AUG25.112.P,.2031250,.2187500,112,P,.2101709,508.8684720,544.1403751,526.5063772
