Key,BID,ASK,STRIKE,ITYPE,ADJTHEOR,IVBID,IVASK,IVAVERAGE
XCME.ZN.SEP25,110.8750000,110.8906250,INVALID,F,,,,
XCME.VY1.04AUG25.111.C,.1875000,.2031250,111,C,.1279976,856.1852088,912.2404329,884.2293479
XCME.VY1.04AUG25.110:5.C,.4687500,.4843750,110.5000000,C,.4259901,814.7632325,881.8150116,848.5551657
XCME.VY1.04AUG25.110.C,.8750000,.9062500,110,C,.8819368,,917.0911384,800.7145545
XCME.VY1.04AUG25.110:75.C,.2812500,.3125000,110.7500000,C,.2516638,740.6846508,853.6601994,797.2764673
XCME.VY1.04AUG25.110.P,.0156250,.0312500,110,P,.0026243,805.3905857,953.4801848,885.5394078
XCME.VY1.04AUG25.111:25.C,.0937500,.1093750,111.2500000,C,.0532221,823.5534407,889.7758154,856.9020098
