Key,BID,ASK,STRIKE,ITYPE,ADJTHEOR,IVBID,IVASK,IVAVERAGE
XCME.ZN.SEP25,110.9531250,110.9687500,INVALID,F,,,,
XCME.ZN1.01AUG25.113.C,INVALID,.0069999,113,C,0,,1907.9149894,1733.5083317
XCME.ZN1.01AUG25.111:5.C,.0468750,.0625000,111.5000000,C,.0071629,1066.9442999,1184.5104919,1127.0840997
