Key,BID,ASK,STRIKE,ITYPE,ADJTHEOR,IVBID,IVASK,IVAVERAGE
XCME.ZN.SEP25,112.2031250,112.2187500,INVALID,F,,,,
XCME.WY1.06AUG25.110.C,2.2187500,2.2343750,110,C,2.2101551,1097.0565525,1253.0317464,1182.5240574
XCME.WY1.06AUG25.113.P,.8125000,.8437500,113,P,.8416637,483.2008531,648.1460964,575.3472914
XCME.WY1.06AUG25.112:75.C,.0781250,.0937500,112.7500000,C,.0762205,611.8365128,660.6682463,636.5467474
XCME.WY1.06AUG25.112.C,.3593750,.3906250,112,C,.3656924,560.5289068,635.7300095,598.2441348
XCME.WY1.06AUG25.111.P,.0069999,.0156250,111,P,.0193788,578.8298673,671.7229303,630.5006747
XCME.WY1.06AUG25.112:25.C,.2187500,.2500000,112.2500000,C,.2273432,553.5779484,625.4117835,589.5006710
XCME.WY1.06AUG25.112:5.C,.1406250,.1562500,112.5000000,C,.1331656,602.5203703,641.9263860,622.2832993
