Key,BID,ASK,STRIKE,ITYPE,ADJTHEOR,IVBID,IVASK,IVAVERAGE
XCME.ZN.SEP25,112.0312500,112.0468750,INVALID,F,,,,
XCME.ZN1.01AUG25.111:25.C,.7812500,.7968750,111.2500000,C,.7855824,,1617.5783456,1487.3794845
XCME.ZN1.01AUG25.111:75.C,.2812500,.2968750,111.7500000,C,.2875207,,750.5579291,672.7498066
XCME.ZN1.01AUG25.110:5.C,1.5312500,1.5468750,110.5000000,C,1.5355624,,,
XCME.ZN1.01AUG25.110:75.C,1.2812500,1.2968750,110.7500000,C,1.2855626,,,
XCME.ZN1.01AUG25.111.P,INVALID,.0069999,111,P,.0000034,,1841.2804777,1646.0095555
XCME.ZN1.01AUG25.113.C,INVALID,.0069999,113,C,.0000024,,1739.9940856,1553.9489305
