Key,BID,ASK,STRIKE,ITYPE,ADJTHEOR,IVBID,IVASK,IVAVERAGE
XCME.ZN.SEP25,111.8593750,111.8750000,INVALID,F,,,,
XCME.WY1.06AUG25.110:5.C,1.3593750,1.3906250,110.5000000,C,1.3475527,706.8020490,984.2160361,888.4869329
XCME.WY1.06AUG25.112.P,.3125000,.3281250,112,P,.3374468,498.1867178,533.9033430,516.0669823
XCME.WY1.06AUG25.110:75.C,1.1093750,1.1406250,110.7500000,C,1.1021055,702.9328409,851.7460486,782.7635559
XCME.WY1.06AUG25.111:5.P,.0937500,.1093750,111.5000000,P,.1059352,496.5899829,537.5012227,517.1836510
XCME.WY1.06AUG25.111.C,.8750000,.9062500,111,C,.8641089,580.3385833,713.8906606,651.6359195
XCME.ZN1.01AUG25.112:75.C,INVALID,.0069999,112.7500000,C,.0037713,,1313.0087071,1167.1829304
XCME.ZN1.01AUG25.110:25.C,1.6093750,1.6406250,110.2500000,C,1.6055282,,,
