Key,BID,ASK,STRIKE,ITYPE,ADJTHEOR,IVBID,IVASK,IVAVERAGE
XCME.ZN.SEP25,112.0781250,112.0937500,INVALID,F,,,,
XCME.ZN1.01AUG25.111:5.C,.5781250,.6093750,111.5000000,C,.5825222,,1680.3857900,1444.3126697
XCME.ZN1.01AUG25.113.P,.8906250,.9218750,113,P,.9175774,,1610.1892989,1177.6383128
XCME.ZN1.01AUG25.112:25.P,.1562500,.1875000,112.2500000,P,.1765082,,662.5977428,492.1431845
XCME.ZN1.01AUG25.111.C,1.0781250,1.1093750,111,C,1.0824355,,,
XCME.ZN1.01AUG25.112.C,.0937500,.1250000,112,C,.1067564,344.8512486,668.8610515,515.7594678
XCME.WY1.06AUG25.110.C,2.0781250,2.1093750,110,C,2.0864309,,1144.9989771,1027.3731484
XCME.WY1.06AUG25.113.P,.9218750,.9531250,113,P,.9434827,417.7925968,652.6555966,563.5555160
