Key,BID,ASK,STRIKE,ITYPE,ADJTHEOR,IVBID,IVASK,IVAVERAGE
XCME.ZN.SEP25,111.6406250,111.6562500,INVALID,F,,,,
XCME.WY1.06AUG25.113.C,.0069999,.0156250,113,C,.0149791,603.9548019,698.3866958,656.5778685
XCME.WY1.06AUG25.110.P,INVALID,.0069999,110,P,.0047051,,733.3931493,663.0464968
XCME.WY1.06AUG25.110:75.P,.0156250,.0312500,110.7500000,P,.0194882,523.8340653,618.0203065,574.8284291
XCME.WY1.06AUG25.112:25.P,.6562500,.6875000,112.2500000,P,.6583708,607.7587821,700.9057023,655.3341021
XCME.WY1.06AUG25.111:25.C,.5000000,.5312500,111.2500000,C,.5105011,461.2763479,551.3135668,507.3696122
XCME.WY1.06AUG25.110:5.P,.0069999,.0156250,110.5000000,P,.0100270,545.2528296,632.6166762,593.8835593
XCME.WY1.06AUG25.110:25.C,1.3593750,1.3906250,110.2500000,C,1.4281315,,,
