Key,BID,ASK,STRIKE,ITYPE,ADJTHEOR,IVBID,IVASK,IVAVERAGE
XCME.ZN.SEP25,110.9531250,110.9687500,INVALID,F,,,,
XCME.ZN1.01AUG25.110:5.C,.5156250,.5312500,110.5000000,C,.4685749,1130.9798361,1251.2074392,1192.1469985
XCME.ZN1.01AUG25.111:75.C,.0069999,.0312500,111.7500000,C,.0003364,969.6519762,1358.5118703,1197.9231845
