Key,BID,ASK,STRIKE,ITYPE,ADJTHEOR,IVBID,IVASK,IVAVERAGE
XCME.ZN.SEP25,111.9531250,111.9687500,INVALID,F,,,,
XCME.GY1.05AUG25.111:5.C,.5000000,.5312500,111.5000000,C,.5283479,448.0456184,582.5391251,519.4588007
XCME.GY1.05AUG25.110.C,1.9531250,1.9843750,110,C,1.9753157,,1113.5832061,729.6385648
XCME.GY1.05AUG25.111:5.P,.0468750,.0625000,111.5000000,P,.0560979,534.1361702,595.9402600,565.7034085
XCME.GY1.05AUG25.110:25.C,1.7031250,1.7343750,110.2500000,C,1.7252298,,995.4870407,645.8684249
XCME.GY1.05AUG25.112:75.C,.0156250,.0468750,112.7500000,C,.0373676,550.3851097,740.3776247,656.5283529
XCME.GY1.05AUG25.112:5.C,.0468750,.0625000,112.5000000,C,.0672194,573.4909036,637.4965277,606.2195399
XCME.GY1.05AUG25.110:5.P,INVALID,.0069999,110.5000000,P,.0033227,,796.6677472,718.1625142
