Key,BID,ASK,STRIKE,ITYPE,ADJTHEOR,IVBID,IVASK,IVAVERAGE
XCME.ZN.SEP25,110.9843750,111,INVALID,F,,,,
XCME.ZN1.01AUG25.110.P,INVALID,.0156250,110,P,.0008240,,960.8021477,839.1036337
XCME.ZN1.01AUG25.110:75.P,.1250000,.1406250,110.7500000,P,.0791033,848.5497391,978.3897233,913.8055656
