Key,BID,ASK,STRIKE,ITYPE,ADJTHEOR,IVBID,IVASK,IVAVERAGE
XCME.ZN.SEP25,111.0781250,111.0937500,INVALID,F,,,,
XCME.ZN1.01AUG25.112:5.C,INVALID,.0069999,112.5000000,C,.0000834,,1103.7165660,994.4372382
XCME.ZN1.01AUG25.112.C,.0069999,.0156250,112,C,.0020820,770.4512614,901.4164360,842.9423698
