Key,BID,ASK,STRIKE,ITYPE,ADJTHEOR,IVBID,IVASK,IVAVERAGE
XCME.ZN.SEP25,112.0156250,112.0312500,INVALID,F,,,,
XCME.WY1.06AUG25.110:5.P,INVALID,.0069999,110.5000000,P,.0039560,,675.3228558,608.9074827
XCME.WY1.06AUG25.110:25.C,1.7500000,1.7812500,110.2500000,C,1.7523109,584.6653021,1020.5991136,927.5385297
XCME.WY1.06AUG25.112:5.P,.5625000,.5937500,112.5000000,P,.5816670,513.2299022,608.6358875,562.2120199
XCME.WY1.06AUG25.111:5.C,.5625000,.5937500,111.5000000,C,.5621766,517.3882395,612.2097819,566.0299116
XCME.WY1.06AUG25.110:25.P,INVALID,.0069999,110.2500000,P,.0031234,,769.2144433,695.6209257
XCME.WY1.06AUG25.111:75.P,.1250000,.1406250,111.7500000,P,.1317750,508.2384014,546.2178796,527.2886708
