Key,BID,ASK,STRIKE,ITYPE,ADJTHEOR,IVBID,IVASK,IVAVERAGE
XCME.ZN.SEP25,111.0312500,111.0468750,INVALID,F,,,,
XCME.ZN1.01AUG25.111.P,.2187500,.2343750,111,P,.1491459,923.0333563,982.1757569,952.6078702
XCME.ZN1.01AUG25.110:75.C,.3906250,.4062500,110.7500000,C,.3648400,767.9800386,837.3072514,802.8826058
