Key,BID,ASK,STRIKE,ITYPE,ADJTHEOR,IVBID,IVASK,IVAVERAGE
XCME.ZN.SEP25,111.5781250,111.5937500,INVALID,F,,,,
XCME.VY1.04AUG25.113.C,INVALID,.0069999,113,C,.0036163,,967.5724674,869.8144216
XCME.VY1.04AUG25.112:25.P,.6406250,.6718750,112.2500000,P,.6095877,877.1649282,1036.0916009,959.0569630
XCME.VY1.04AUG25.112.C,.0468750,.0625000,112,C,.0694091,568.2326819,642.3128140,605.9464141
XCME.VY1.04AUG25.112:75.C,INVALID,.0156250,112.7500000,C,.0054594,,948.0514010,829.4284820
XCME.VY1.04AUG25.110:25.C,1.3281250,1.3593750,110.2500000,C,1.4214191,,,
XCME.GY1.05AUG25.110.P,INVALID,.0069999,110,P,,,,
XCME.GY1.05AUG25.110:5.C,1.1250000,1.1718750,110.5000000,C,,,,
