Key,BID,ASK,STRIKE,ITYPE,ADJTHEOR,IVBID,IVASK,IVAVERAGE
XCME.ZN.SEP25,112.1093750,112.1250000,INVALID,F,,,,
XCME.VY1.04AUG25.112:25.P,.2343750,.2656250,112.2500000,P,.2552927,577.4470801,707.1043870,642.6992890
XCME.VY1.04AUG25.112.C,.2187500,.2343750,112,C,.2196920,633.6430794,696.1328424,664.9286848
XCME.VY1.04AUG25.112:75.C,.0156250,.0312500,112.7500000,C,.0249246,706.0529950,847.4471048,782.1694324
XCME.VY1.04AUG25.110:25.C,1.8437500,1.8750000,110.2500000,C,1.8549076,,1745.3791007,1533.9531102
XCME.WY1.06AUG25.110.C,2.0937500,2.1250000,110,C,2.1113633,,1099.0641070,944.9905460
XCME.WY1.06AUG25.113.P,.9218750,.9531250,113,P,.9469904,600.3928891,748.6535428,680.4120127
