Key,BID,ASK,STRIKE,ITYPE,ADJTHEOR,IVBID,IVASK,IVAVERAGE
XCME.ZN.SEP25,112,112.0156250,INVALID,F,,,,
XCME.WY1.06AUG25.112:75.C,.0312500,.0468750,112.7500000,C,.0445740,533.8274454,602.7844749,569.7096989
XCME.WY1.06AUG25.112.C,.2343750,.2656250,112,C,.2385423,515.6973458,585.6344681,550.6660869
XCME.WY1.06AUG25.111.P,.0069999,.0312500,111,P,.0163211,487.4453614,670.0935455,595.4094997
XCME.WY1.06AUG25.112:25.C,.1250000,.1562500,112.2500000,C,.1388682,505.1263767,580.8567462,543.2015135
XCME.WY1.06AUG25.112:5.C,.0625000,.0937500,112.5000000,C,.0780708,513.1786213,608.3941045,562.0294702
XCME.WY1.06AUG25.111:25.P,.0156250,.0468750,111.2500000,P,.0311666,457.7047581,614.3570084,545.0834522
XCME.WY1.06AUG25.111:75.C,.3593750,.3906250,111.7500000,C,.3839167,459.3674254,537.2066700,498.6127366
