Key,BID,ASK,STRIKE,ITYPE,ADJTHEOR,IVBID,IVASK,IVAVERAGE
XCME.ZN.SEP25,111.8281250,111.8437500,INVALID,F,,,,
XCME.VY1.04AUG25.113.P,1.1250000,1.1562500,113,P,1.1730194,,,
XCME.VY1.04AUG25.113.C,INVALID,.0156250,113,C,.0054569,,1016.8670172,891.8334506
XCME.VY1.04AUG25.112:25.P,.4375000,.4687500,112.2500000,P,.4626728,496.3702779,681.9456337,596.5492320
XCME.VY1.04AUG25.112.C,.0937500,.1250000,112,C,.1039568,583.2343540,702.2220617,643.1083432
XCME.VY1.04AUG25.112:75.C,INVALID,.0156250,112.7500000,C,.0093070,,840.6164468,731.2853815
XCME.VY1.04AUG25.110:25.C,1.5937500,1.6250000,110.2500000,C,1.5851615,1223.8502336,1613.2854311,1450.8995562
