Key,BID,ASK,STRIKE,ITYPE,ADJTHEOR,IVBID,IVASK,IVAVERAGE
XCME.ZN.SEP25,111.8750000,111.8906250,INVALID,F,,,,
XCME.VY1.04AUG25.111.C,.8750000,.9062500,111,C,.8850221,,931.2454057,814.1974893
XCME.VY1.04AUG25.110:5.C,1.3750000,1.4062500,110.5000000,C,1.3819156,,1310.0465541,1162.1658527
XCME.VY1.04AUG25.110.C,1.8750000,1.9062500,110,C,1.8825071,,1668.5804044,1493.1218095
XCME.VY1.04AUG25.110:75.C,1.1250000,1.1562500,110.7500000,C,1.1324524,,934.5527219,865.5994669
XCME.VY1.04AUG25.110.P,INVALID,.0069999,110,P,.0031946,,1312.2202990,1189.2638518
XCME.VY1.04AUG25.111:25.C,.6250000,.6562500,111.2500000,C,.6442113,,728.3581692,628.0012862
XCME.VY1.04AUG25.113.P,1.1093750,1.1406250,113,P,1.1285436,,1041.4487468,873.6901065
