Key,BID,ASK,STRIKE,ITYPE,ADJTHEOR,IVBID,IVASK,IVAVERAGE
XCME.ZN.SEP25,112.1250000,112.1406250,INVALID,F,,,,
XCME.GY1.05AUG25.111.C,1.1250000,1.1562500,111,C,1.1396911,,873.7587551,773.0073613
XCME.GY1.05AUG25.112:25.C,.1562500,.1718750,112.2500000,C,.1684013,583.1777559,627.3332926,605.2752824
XCME.GY1.05AUG25.111:25.C,.8906250,.9062500,111.2500000,C,.8989731,,720.2924599,630.7163107
XCME.GY1.05AUG25.111:75.C,.4531250,.4687500,111.7500000,C,.4600366,585.1309373,639.4901663,612.5904756
XCME.GY1.05AUG25.112:5.P,.4531250,.4843750,112.5000000,P,.4654674,604.1866826,708.8903692,657.3501753
XCME.GY1.05AUG25.113.P,.8750000,.9062500,113,P,.9031189,653.2829037,761.3495944,711.0389390
XCME.GY1.05AUG25.112:75.P,.6562500,.6875000,112.7500000,P,.6742603,601.4230948,746.2289580,677.8398066
