Key,BID,ASK,STRIKE,ITYPE,ADJTHEOR,IVBID,IVASK,IVAVERAGE
XCME.ZN.SEP25,110.9375000,110.9531250,INVALID,F,,,,
XCME.ZN1.01AUG25.110:5.C,.5000000,.5312500,110.5000000,C,.4493599,1171.1324719,1407.3422664,1292.4401574
XCME.ZN1.01AUG25.111:75.C,.0069999,.0312500,111.7500000,C,.0001896,1024.4234178,1432.4981594,1264.1521555
