Key,BID,ASK,STRIKE,ITYPE,ADJTHEOR,IVBID,IVASK,IVAVERAGE
XCME.ZN.SEP25,111.9218750,111.9375000,INVALID,F,,,,
XCME.VY1.04AUG25.110.C,1.9218750,1.9531250,110,C,1.9478256,,1434.8410800,
XCME.VY1.04AUG25.110:75.C,1.1718750,1.2031250,110.7500000,C,1.1977132,,957.0943446,
XCME.VY1.04AUG25.110.P,INVALID,.0069999,110,P,.0033256,,1389.0390319,1259.7518253
XCME.VY1.04AUG25.111:25.C,.6875000,.7031250,111.2500000,C,.7045450,,615.7235974,425.1650769
XCME.VY1.04AUG25.113.P,1.0468750,1.0781250,113,P,1.0609729,,1053.3738556,1009.2346980
XCME.VY1.04AUG25.113.C,INVALID,.0069999,113,C,.0054729,,833.2433303,746.3795289
XCME.VY1.04AUG25.112:25.P,.3437500,.3750000,112.2500000,P,.3542003,519.9076353,672.6368014,599.0519056
