Key,BID,ASK,STRIKE,ITYPE,ADJTHEOR,IVBID,IVASK,IVAVERAGE
XCME.ZN.SEP25,111.9218750,111.9375000,INVALID,F,,,,
XCME.GY1.05AUG25.111:25.P,.0156250,.0312500,111.2500000,P,.0159785,520.1077769,622.0016069,575.0289041
XCME.GY1.05AUG25.110:25.P,INVALID,.0069999,110.2500000,P,.0023438,,912.4399255,825.1719171
XCME.GY1.05AUG25.111:5.C,.4843750,.5000000,111.5000000,C,.4980538,458.1651637,527.1424294,493.8360257
XCME.GY1.05AUG25.110.C,1.9375000,1.9531250,110,C,1.9557378,,330.7569124,
XCME.GY1.05AUG25.111:5.P,.0468750,.0625000,111.5000000,P,.0449285,527.1434335,589.0030600,558.7298546
XCME.GY1.05AUG25.110:25.C,1.6718750,1.7031250,110.2500000,C,1.7054688,,345.2038776,
