Key,BID,ASK,STRIKE,ITYPE,ADJTHEOR,IVBID,IVASK,IVAVERAGE
XCME.ZN.SEP25,112.1093750,112.1250000,INVALID,F,,,,
XCME.VY1.04AUG25.110.C,2.1093750,2.1406250,110,C,2.1398033,,1487.2769935,1146.0931322
XCME.VY1.04AUG25.110:75.C,1.3593750,1.3906250,110.7500000,C,1.3899181,,1027.2860989,780.1425806
XCME.VY1.04AUG25.110.P,INVALID,.0069999,110,P,.0034908,,1592.8853017,1446.8831781
XCME.VY1.04AUG25.111:25.C,.8593750,.8906250,111.2500000,C,.8942116,,695.9631195,510.5616462
XCME.VY1.04AUG25.113.P,.8750000,.9062500,113,P,.8746366,814.1319493,1130.4306136,995.8476349
XCME.VY1.04AUG25.113.C,.0069999,.0156250,113,C,.0109491,740.9172394,872.9873490,814.1319493
XCME.VY1.04AUG25.112:25.P,.2187500,.2500000,112.2500000,P,.2250723,603.9833003,729.8609413,667.1319268
