Key,BID,ASK,STRIKE,ITYPE,ADJTHEOR,IVBID,IVASK,IVAVERAGE
XCME.ZN.SEP25,110.8437500,110.8593750,INVALID,F,,,,
XCME.WY1.06AUG25.110.C,.8750000,.9062500,110,C,,,,
XCME.WY1.06AUG25.113.P,2.1406250,2.1718750,113,P,,,,
XCME.WY1.06AUG25.112:75.C,.0069999,.0156250,112.7500000,C,,,,
XCME.WY1.06AUG25.112.C,.0156250,.0312500,112,C,,,,
XCME.WY1.06AUG25.111.P,.3750000,.3906250,111,P,,,,
XCME.WY1.06AUG25.112:25.C,.0069999,.0312500,112.2500000,C,,,,
XCME.WY1.06AUG25.112:5.C,.0069999,.0156250,112.5000000,C,,,,
