Key,BID,ASK,STRIKE,ITYPE,ADJTHEOR,IVBID,IVASK,IVAVERAGE
XCME.ZN.SEP25,112.0156250,112.0312500,INVALID,F,,,,
XCME.WY1.06AUG25.110.P,INVALID,.0069999,110,P,.0043105,,881.4389620,799.3578038
XCME.WY1.06AUG25.110:75.P,.0069999,.0156250,110.7500000,P,.0089926,596.5365672,691.0393474,649.1902837
XCME.WY1.06AUG25.112:25.P,.3593750,.3750000,112.2500000,P,.3617401,476.6257694,552.8415541,514.9557941
XCME.WY1.06AUG25.111:25.C,.7968750,.8125000,111.2500000,C,.8020516,516.2489937,659.1558506,593.7811027
XCME.WY1.06AUG25.110:5.P,INVALID,.0156250,110.5000000,P,.0062511,,798.2259138,705.6724969
XCME.WY1.06AUG25.110:25.C,1.7656250,1.7968750,110.2500000,C,1.7783997,801.8546406,1092.8274820,977.1902136
