Key,BID,ASK,STRIKE,ITYPE,ADJTHEOR,IVBID,IVASK,IVAVERAGE
XCME.ZN.SEP25,112.0312500,112.0468750,INVALID,F,,,,
XCME.VY1.04AUG25.111:5.P,.0069999,.0156250,111.5000000,P,.0130105,489.2018068,587.1321147,543.0310372
XCME.VY1.04AUG25.112:5.C,.0156250,.0312500,112.5000000,C,.0209988,528.6879677,646.6921746,591.7909788
XCME.VY1.04AUG25.110:25.P,INVALID,.0069999,110.2500000,P,.0032052,,1317.8876208,1192.4830153
XCME.VY1.04AUG25.111.P,INVALID,.0069999,111,P,.0033300,,835.3092828,746.4010041
XCME.VY1.04AUG25.110:75.P,INVALID,.0069999,110.7500000,P,.0027933,,999.8120949,897.9298652
XCME.VY1.04AUG25.112.P,.1093750,.1406250,112,P,.1169667,473.4666029,591.1520834,532.3421460
