Key,BID,ASK,STRIKE,ITYPE,ADJTHEOR,IVBID,IVASK,IVAVERAGE
XCME.ZN.SEP25,112.1250000,112.1406250,INVALID,F,,,,
XCME.WY1.06AUG25.112:5.P,.4843750,.5156250,112.5000000,P,.4933725,595.3059306,677.2835565,636.6602238
XCME.WY1.06AUG25.111:5.C,.6875000,.7187500,111.5000000,C,.6997215,583.8231075,639.5081130,612.2260389
XCME.WY1.06AUG25.110:25.P,.0069999,.0156250,110.2500000,P,.0082904,840.5778152,961.0583430,907.9345548
XCME.WY1.06AUG25.111:75.P,.1093750,.1250000,111.7500000,P,.1166404,585.7859304,627.9017783,606.9644116
XCME.WY1.06AUG25.112:75.P,.6718750,.7031250,112.7500000,P,.6934040,574.8598021,681.6104624,630.0608632
XCME.WY1.06AUG25.110:5.C,1.6250000,1.6562500,110.5000000,C,1.6438928,,927.6741414,812.2130005
