Key,BID,ASK,STRIKE,ITYPE,ADJTHEOR,IVBID,IVASK,IVAVERAGE
XCME.ZN.SEP25,110.8437500,110.8593750,INVALID,F,,,,
XCME.ZN1.01AUG25.112:5.C,INVALID,.0069999,112.5000000,C,0,,1944.3073965,1757.3865287
XCME.ZN1.01AUG25.112.C,INVALID,.0069999,112,C,0,,1437.6026043,1290.4036666
