Key,BID,ASK,STRIKE,ITYPE,ADJTHEOR,IVBID,IVASK,IVAVERAGE
XCME.ZN.SEP25,112,112.0156250,INVALID,F,,,,
XCME.ZN1.01AUG25.113.P,.9843750,1,113,P,.9921820,,1777.0113388,1585.2966699
XCME.ZN1.01AUG25.112:25.P,.2343750,.2656250,112.2500000,P,.2456065,,821.9640002,656.1391565
XCME.ZN1.01AUG25.111.C,1,1.0156250,111,C,1.0078091,,1792.9588562,1596.8184820
XCME.ZN1.01AUG25.112.C,.0468750,.0625000,112,C,.0587762,345.8571902,472.2365040,409.0691337
XCME.VY1.04AUG25.111:75.P,.0312500,.0625000,111.7500000,P,.0499456,443.7750790,598.4287812,524.3364260
XCME.VY1.04AUG25.111:75.C,.2968750,.3125000,111.7500000,C,.3112581,466.9287388,545.2773148,507.0011620
