Key,BID,ASK,STRIKE,ITYPE,ADJTHEOR,IVBID,IVASK,IVAVERAGE
XCME.ZN.SEP25,112.1250000,112.1406250,INVALID,F,,,,
XCME.GY1.05AUG25.112:75.P,.6562500,.6875000,112.7500000,P,.6722766,611.9113450,757.4039957,688.5914995
XCME.GY1.05AUG25.110:75.C,1.3750000,1.4062500,110.7500000,C,1.3873432,,1023.2067385,907.6079591
XCME.GY1.05AUG25.112:25.P,.2812500,.2968750,112.2500000,P,.2933443,601.0886912,645.6850105,623.4053407
XCME.GY1.05AUG25.113.C,.0156250,.0468750,113,C,.0296258,630.0640886,839.2535991,747.3091629
XCME.GY1.05AUG25.111.P,.0069999,.0156250,111,P,.0126121,669.7297708,778.0198016,729.8707489
XCME.GY1.05AUG25.112.C,.2812500,.3125000,112,C,.2960752,586.4404691,675.8897250,631.2478075
