Key,BID,ASK,STRIKE,ITYPE,ADJTHEOR,IVBID,IVASK,IVAVERAGE
XCME.ZN.SEP25,111.9687500,111.9843750,INVALID,F,,,,
XCME.WY1.06AUG25.112:75.C,.0312500,.0468750,112.7500000,C,.0393804,558.1222546,628.9586500,595.0224562
XCME.WY1.06AUG25.112.C,.2187500,.2343750,112,C,.2216722,534.8578606,569.8448036,552.3526399
XCME.WY1.06AUG25.111.P,.0156250,.0312500,111,P,.0216238,546.5754587,644.1890346,599.4491001
XCME.WY1.06AUG25.112:25.C,.1250000,.1406250,112.2500000,C,.1276370,544.7820356,583.6246553,564.2746637
XCME.WY1.06AUG25.112:5.C,.0625000,.0781250,112.5000000,C,.0704155,543.7203928,593.8500457,569.1856855
XCME.WY1.06AUG25.111:25.P,.0312500,.0468750,111.2500000,P,.0411871,517.2237205,584.5200238,552.2182507
XCME.WY1.06AUG25.111:75.C,.3593750,.3750000,111.7500000,C,.3591829,539.5866626,576.4719226,558.0628551
