Key,BID,ASK,STRIKE,ITYPE,ADJTHEOR,IVBID,IVASK,IVAVERAGE
XCME.ZN.SEP25,112.0468750,112.0625000,INVALID,F,,,,
XCME.ZN1.01AUG25.111:5.P,INVALID,.0069999,111.5000000,P,.0024928,,968.1267934,852.1425157
XCME.ZN1.01AUG25.111:25.P,INVALID,.0069999,111.2500000,P,.0012281,,1294.5942304,1149.3835491
XCME.ZN1.01AUG25.112:5.P,.4375000,.4687500,112.5000000,P,.4421784,254.2185936,1180.4942323,961.5562703
XCME.ZN1.01AUG25.110.C,2.0625000,2.0937500,110,C,,,,
XCME.ZN1.01AUG25.112.P,.0468750,.0781250,112,P,.0640333,526.3352284,757.8104269,642.9088906
XCME.ZN1.01AUG25.112:25.C,.0156250,.0468750,112.2500000,C,.0281821,530.8318708,836.5634292,694.3744963
