Key,BID,ASK,STRIKE,ITYPE,ADJTHEOR,IVBID,IVASK,IVAVERAGE
XCME.ZN.SEP25,112.0625000,112.0781250,INVALID,F,,,,
XCME.ZN1.01AUG25.111:25.C,.8125000,.8437500,111.2500000,C,.8203215,,1631.8548013,1445.4547712
XCME.ZN1.01AUG25.111:75.C,.3125000,.3437500,111.7500000,C,.3214235,,775.8312321,665.3956699
XCME.ZN1.01AUG25.110:5.C,1.5625000,1.6562500,110.5000000,C,1.5703124,,,
XCME.ZN1.01AUG25.110:75.C,1.3125000,1.4062500,110.7500000,C,1.3203124,,,
XCME.ZN1.01AUG25.111.P,INVALID,.0069999,111,P,0,,,1789.1037809
XCME.ZN1.01AUG25.113.C,INVALID,.0069999,113,C,.0000066,,1772.5330948,1578.7379602
XCME.ZN1.01AUG25.112:5.C,INVALID,.0069999,112.5000000,C,.0002880,,954.1361665,831.1169945
