Key,BID,ASK,STRIKE,ITYPE,ADJTHEOR,IVBID,IVASK,IVAVERAGE
XCME.ZN.SEP25,111.9218750,111.9375000,INVALID,F,,,,
XCME.WY1.06AUG25.111:75.C,.3281250,.3437500,111.7500000,C,.3362311,520.0412349,555.9672156,538.0269666
XCME.WY1.06AUG25.113.C,.0156250,.0312500,113,C,.0214148,596.6399865,699.4812720,652.4644137
XCME.WY1.06AUG25.110.P,INVALID,.0069999,110,P,.0040690,,827.4937904,750.3092568
XCME.WY1.06AUG25.110:75.P,.0069999,.0156250,110.7500000,P,.0100548,546.3024201,634.1080349,595.1720233
XCME.WY1.06AUG25.112:25.P,.4375000,.4687500,112.2500000,P,.4541415,519.7939331,599.2396545,559.9062668
XCME.WY1.06AUG25.111:25.C,.7031250,.7187500,111.2500000,C,.7092492,510.5261309,573.1446311,542.9066053
