Key,BID,ASK,STRIKE,ITYPE,ADJTHEOR,IVBID,IVASK,IVAVERAGE
XCME.ZN.SEP25,112.0781250,112.0937500,INVALID,F,,,,
XCME.GY1.05AUG25.112:75.C,.0312500,.0468750,112.7500000,C,.0366314,620.7762705,701.4225498,662.7165185
XCME.GY1.05AUG25.112:5.C,.0625000,.0781250,112.5000000,C,.0690237,588.0329229,645.3411493,617.1065850
XCME.GY1.05AUG25.110:5.P,INVALID,.0069999,110.5000000,P,.0041710,,833.3514695,751.8744047
XCME.GY1.05AUG25.110:75.P,INVALID,.0069999,110.7500000,P,.0045539,,718.7952456,646.3110822
XCME.GY1.05AUG25.111:75.P,.0625000,.0937500,111.7500000,P,.0892783,455.0811185,556.6410145,506.8406062
XCME.GY1.05AUG25.112.P,.1562500,.1875000,112,P,.1880653,473.2613867,557.2811050,515.2846908
