Key,BID,ASK,STRIKE,ITYPE,ADJTHEOR,IVBID,IVASK,IVAVERAGE
XCME.ZN.SEP25,112,112.0156250,INVALID,F,,,,
XCME.ZN1.01AUG25.111:5.C,.5000000,.5312500,111.5000000,C,.5079642,,1389.4337320,1159.4657752
XCME.ZN1.01AUG25.113.P,.9687500,1,113,P,.9921821,,1818.9260774,1622.8903963
XCME.ZN1.01AUG25.112:25.P,.2343750,.2500000,112.2500000,P,.2456052,,600.6375778,509.7370432
XCME.ZN1.01AUG25.111.C,1,1.0312500,111,C,1.0078090,,,1980.0917590
XCME.ZN1.01AUG25.112.C,.0468750,.0781250,112,C,.0587719,354.0443869,612.6651292,483.4152416
XCME.GY1.05AUG25.110.P,INVALID,.0069999,110,P,.0033553,,1061.0894709,962.1359164
XCME.GY1.05AUG25.110:5.C,1.5000000,1.5312500,110.5000000,C,1.5151179,,1007.3226020,855.3878148
