Key,BID,ASK,STRIKE,ITYPE,ADJTHEOR,IVBID,IVASK,IVAVERAGE
XCME.ZN.SEP25,110.9375000,110.9531250,INVALID,F,,,,
XCME.ZN1.01AUG25.112.P,1.0468750,1.0781250,112,P,1.0469202,447.8854177,1564.6730115,1398.6346807
