Key,BID,ASK,STRIKE,ITYPE,ADJTHEOR,IVBID,IVASK,IVAVERAGE
XCME.ZN.SEP25,110.9687500,110.9843750,INVALID,F,,,,
XCME.ZN1.01AUG25.112:5.C,INVALID,.0069999,112.5000000,C,.0000119,,1295.9127320,1168.6787085
XCME.ZN1.01AUG25.112.C,INVALID,.0156250,112,C,.0004437,,1084.6685672,947.0601482
