Key,BID,ASK,STRIKE,ITYPE,ADJTHEOR,IVBID,IVASK,IVAVERAGE
XCME.ZN.SEP25,112.1093750,112.1250000,INVALID,F,,,,
XCME.WY1.06AUG25.110:5.P,.0069999,.0156250,110.5000000,P,.0082179,734.1450893,843.0441344,794.8418948
XCME.WY1.06AUG25.110:25.C,1.8437500,1.8750000,110.2500000,C,1.8735056,,842.7321729,761.6225022
XCME.WY1.06AUG25.112:5.P,.5000000,.5156250,112.5000000,P,.5033959,602.7076978,644.0319109,623.4762511
XCME.WY1.06AUG25.111:5.C,.6562500,.6718750,111.5000000,C,.6803163,509.6472839,570.1414062,540.7987423
XCME.WY1.06AUG25.110:25.P,INVALID,.0156250,110.2500000,P,.0063181,,947.5542455,842.7321729
XCME.WY1.06AUG25.111:75.P,.1093750,.1250000,111.7500000,P,.1169948,569.4913028,611.0143896,590.3681826
XCME.WY1.06AUG25.112:75.P,.7031250,.7187500,112.7500000,P,.7031762,635.4267912,686.9566280,661.5744488
