Key,BID,ASK,STRIKE,ITYPE,ADJTHEOR,IVBID,IVASK,IVAVERAGE
XCME.ZN.SEP25,112.1250000,112.1406250,INVALID,F,,,,
XCME.ZN1.01AUG25.110:5.C,1.6093750,1.6406250,110.5000000,C,1.6206875,,,
XCME.ZN1.01AUG25.110:75.C,1.3593750,1.3906250,110.7500000,C,1.3706874,,,
XCME.ZN1.01AUG25.111.P,INVALID,.0069999,111,P,0,,,
XCME.ZN1.01AUG25.113.C,INVALID,.0069999,113,C,0,,,1824.0171756
XCME.ZN1.01AUG25.112:5.C,INVALID,.0069999,112.5000000,C,.0001100,,1061.1419497,923.5834407
XCME.ZN1.01AUG25.111:5.C,.6093750,.6406250,111.5000000,C,.6206974,,1977.6393276,1871.8319703
