Key,BID,ASK,STRIKE,ITYPE,ADJTHEOR,IVBID,IVASK,IVAVERAGE
XCME.ZN.SEP25,112,112.0156250,INVALID,F,,,,
XCME.VY1.04AUG25.113.P,.9843750,1,113,P,.9902050,,928.4503141,872.7523949
XCME.VY1.04AUG25.113.C,INVALID,.0069999,113,C,.0050175,,804.4885573,719.6164845
XCME.VY1.04AUG25.112:25.P,.2812500,.3125000,112.2500000,P,.2928119,492.8888742,635.4611134,565.9426640
XCME.VY1.04AUG25.112.C,.1406250,.1562500,112,C,.1480749,498.6725316,557.2705565,527.9729478
XCME.VY1.04AUG25.112:75.C,.0069999,.0156250,112.7500000,C,.0094956,627.1743063,742.8709775,691.0924142
XCME.VY1.04AUG25.110:25.C,1.7500000,1.7812500,110.2500000,C,1.7679341,,1509.1326560,1230.2905738
