Key,BID,ASK,STRIKE,ITYPE,ADJTHEOR,IVBID,IVASK,IVAVERAGE
XCME.ZN.SEP25,111.0468750,111.0625000,INVALID,F,,,,
XCME.ZN1.01AUG25.111:5.P,.5156250,.5312500,111.5000000,P,.4875163,822.1828941,906.1506474,864.8451478
