Key,BID,ASK,STRIKE,ITYPE,ADJTHEOR,IVBID,IVASK,IVAVERAGE
XCME.ZN.SEP25,112.1406250,112.1562500,INVALID,F,,,,
XCME.ZN1.01AUG25.112:5.C,INVALID,.0069999,112.5000000,C,.0000391,,1053.0591054,913.7139362
XCME.ZN1.01AUG25.111:5.C,.6406250,.6718750,111.5000000,C,.6449382,,,
XCME.ZN1.01AUG25.113.P,.8281250,.8593750,113,P,.8550617,,1924.7579804,1403.2289096
XCME.ZN1.01AUG25.112:25.P,.0937500,.1250000,112.2500000,P,.1143446,,643.5211495,456.6116899
XCME.ZN1.01AUG25.111.C,1.1406250,1.1718750,111,C,1.1449373,,,
XCME.ZN1.01AUG25.112.C,.1406250,.1718750,112,C,.1496320,628.9848899,880.0495549,762.1831720
