Key,BID,ASK,STRIKE,ITYPE,ADJTHEOR,IVBID,IVASK,IVAVERAGE
XCME.ZN.SEP25,111.9843750,112,INVALID,F,,,,
XCME.ZN1.01AUG25.112:25.P,.2812500,.3125000,112.2500000,P,.2949459,741.7048558,1046.1452021,902.4242090
XCME.ZN1.01AUG25.111.C,.9687500,1,111,C,.9948429,,1534.4544219,1366.5728122
XCME.ZN1.01AUG25.112.C,.1093750,.1250000,112,C,.1167877,792.0855846,901.4165010,846.7522125
XCME.WY1.06AUG25.110.C,1.9843750,2,110,C,1.9961039,,868.8027024,786.0042108
XCME.WY1.06AUG25.113.P,1.0312500,1.0468750,113,P,1.0382723,618.3822921,704.0240626,663.6986328
XCME.WY1.06AUG25.112:75.C,.0468750,.0625000,112.7500000,C,.0526134,604.5681745,664.8803331,635.5100813
XCME.WY1.06AUG25.112.C,.2343750,.2656250,112,C,.2498037,527.4779547,596.6665421,562.0724097
