Key,BID,ASK,STRIKE,ITYPE,ADJTHEOR,IVBID,IVASK,IVAVERAGE
XCME.ZN.SEP25,112.0781250,112.0937500,INVALID,F,,,,
XCME.ZN1.01AUG25.110:25.P,INVALID,.0069999,110.2500000,P,0,,,
XCME.ZN1.01AUG25.110:75.P,INVALID,.0069999,110.7500000,P,0,,,
XCME.ZN1.01AUG25.111:75.P,INVALID,.0069999,111.7500000,P,.0012834,,781.9084450,673.9248852
XCME.ZN1.01AUG25.110.P,INVALID,.0069999,110,P,0,,,
XCME.ZN1.01AUG25.110:5.P,INVALID,.0069999,110.5000000,P,0,,,
XCME.ZN1.01AUG25.112:75.P,.6406250,.6718750,112.7500000,P,.6641082,,1385.0958723,1220.6973007
