Key,BID,ASK,STRIKE,ITYPE,ADJTHEOR,IVBID,IVASK,IVAVERAGE
XCME.ZN.SEP25,110.9375000,110.9531250,INVALID,F,,,,
XCME.ZN1.01AUG25.111:5.P,.5937500,.6250000,111.5000000,P,.5637082,953.3538210,1176.8729906,1070.3934635
