Key,BID,ASK,STRIKE,ITYPE,ADJTHEOR,IVBID,IVASK,IVAVERAGE
XCME.ZN.SEP25,111.9843750,112,INVALID,F,,,,
XCME.GY1.05AUG25.111:25.P,.0156250,.0312500,111.2500000,P,.0189284,538.2750936,642.4733330,594.4606732
XCME.GY1.05AUG25.110:25.P,INVALID,.0069999,110.2500000,P,.0033590,,930.0045717,840.9596235
XCME.GY1.05AUG25.111:5.C,.5156250,.5468750,111.5000000,C,.5217622,514.4724701,641.7706272,580.9326271
XCME.GY1.05AUG25.110.C,1.9843750,2,110,C,1.9798698,1060.6441695,1286.3360636,1191.0325794
XCME.GY1.05AUG25.111:5.P,.0312500,.0468750,111.5000000,P,.0451995,477.8663139,548.6008046,514.4710809
XCME.GY1.05AUG25.110:25.C,1.7343750,1.7500000,110.2500000,C,1.7299215,946.3879359,1154.6998807,1066.4156881
