Key,BID,ASK,STRIKE,ITYPE,ADJTHEOR,IVBID,IVASK,IVAVERAGE
XCME.ZN.SEP25,111.8437500,111.8593750,INVALID,F,,,,
XCME.GY1.05AUG25.111.C,.8437500,.8750000,111,C,.8580878,227.2600262,698.9201802,620.9084936
XCME.GY1.05AUG25.112:25.C,.0625000,.0937500,112.2500000,C,.0808006,543.6471388,651.5011922,598.8447947
XCME.GY1.05AUG25.111:25.C,.6093750,.6406250,111.2500000,C,.6290484,450.3383934,618.0370973,543.2310837
XCME.GY1.05AUG25.111:75.C,.2500000,.2812500,111.7500000,C,.2642466,530.4773220,614.7843887,572.6778642
XCME.GY1.05AUG25.112:5.P,.6875000,.7187500,112.5000000,P,.6968430,584.0879855,730.2964953,661.7741041
XCME.GY1.05AUG25.113.P,1.1562500,1.1875000,113,P,1.1645575,251.4027364,882.0025955,754.2149917
XCME.GY1.05AUG25.112:75.P,.9218750,.9375000,112.7500000,P,.9257066,621.7791128,735.2068642,683.1946506
