Key,BID,ASK,STRIKE,ITYPE,ADJTHEOR,IVBID,IVASK,IVAVERAGE
XCME.ZN.SEP25,110.8593750,110.8750000,INVALID,F,,,,
XCME.ZN1.01AUG25.112:75.C,INVALID,.0069999,112.7500000,C,0,,,
XCME.ZN1.01AUG25.110:25.C,.6250000,.6562500,110.2500000,C,.6175847,968.1904581,1453.1353748,1251.4664102
XCME.ZN1.01AUG25.110:25.P,.0156250,.0312500,110.2500000,P,.0003972,1128.1034926,1357.5174620,1251.4664102
XCME.ZN1.01AUG25.110:75.P,.1562500,.1718750,110.7500000,P,.0537653,1352.3263797,1455.4676376,1403.9400784
XCME.ZN1.01AUG25.111:75.P,.8750000,.9062500,111.7500000,P,.8828235,,1621.0017704,1385.6610083
XCME.ZN1.01AUG25.110.P,INVALID,.0156250,110,P,0,,1459.4526924,1267.3494789
XCME.ZN1.01AUG25.110:5.P,.0625000,.0781250,110.5000000,P,.0078525,1245.1197459,1375.8911452,1311.3583531
