Key,BID,ASK,STRIKE,ITYPE,ADJTHEOR,IVBID,IVASK,IVAVERAGE
XCME.ZN.SEP25,111.6093750,111.6250000,INVALID,F,,,,
XCME.GY1.05AUG25.111.C,.6250000,.6562500,111,C,.7196868,457.6618540,625.8611170,550.8336092
XCME.GY1.05AUG25.112:25.C,.0312500,.0468750,112.2500000,C,.1061151,570.9169624,647.5349997,610.7131279
XCME.GY1.05AUG25.111:25.C,.4218750,.4531250,111.2500000,C,.4924000,505.9497589,609.9531389,559.0657843
XCME.GY1.05AUG25.111:75.C,.1406250,.1718750,111.7500000,C,.1858794,537.8297159,623.1492773,580.5908860
XCME.GY1.05AUG25.112:5.P,.9062500,.9375000,112.5000000,P,.9985759,610.6369330,810.1876518,722.4851984
XCME.GY1.05AUG25.113.P,1.3750000,1.4062500,113,P,1.5358899,,869.8917519,688.4911616
