Key,BID,ASK,STRIKE,ITYPE,ADJTHEOR,IVBID,IVASK,IVAVERAGE
XCME.ZN.SEP25,112.2031250,112.2187500,INVALID,F,,,,
XCME.GY1.05AUG25.110.P,INVALID,.0069999,110,P,.0036421,,1180.9297434,1072.7427187
XCME.GY1.05AUG25.110:5.C,1.7031250,1.7343750,110.5000000,C,1.7118641,,1214.8141804,1084.0032126
XCME.GY1.05AUG25.111.C,1.2031250,1.2343750,111,C,1.2156588,,928.2354603,819.6445065
XCME.GY1.05AUG25.112:25.C,.1875000,.2031250,112.2500000,C,.1949643,583.5747357,627.5300264,605.5548604
XCME.GY1.05AUG25.111:25.C,.9687500,1,111.2500000,C,.9720024,638.8423852,878.1570349,776.6870198
XCME.GY1.05AUG25.111:75.C,.5156250,.5468750,111.7500000,C,.5183796,598.1068766,716.9772356,659.1767127
XCME.GY1.05AUG25.112:5.P,.3750000,.4062500,112.5000000,P,.3982657,546.1380737,648.0995592,597.7776785
