Key,BID,ASK,STRIKE,ITYPE,ADJTHEOR,IVBID,IVASK,IVAVERAGE
XCME.ZN.SEP25,110.9062500,110.9218750,INVALID,F,,,,
XCME.ZN1.01AUG25.110.P,.0069999,.0156250,110,P,.0000476,1068.9230153,1253.4969473,1171.3244428
XCME.ZN1.01AUG25.110:75.P,.1406250,.1718750,110.7500000,P,.0529108,1134.4811556,1307.2053615,1221.1017052
