Key,BID,ASK,STRIKE,ITYPE,ADJTHEOR,IVBID,IVASK,IVAVERAGE
XCME.ZN.SEP25,112.1250000,112.1406250,INVALID,F,,,,
XCME.VY1.04AUG25.110.C,2.1093750,2.1406250,110,C,2.1398502,,1503.7824460,1158.8815275
XCME.VY1.04AUG25.110:75.C,1.3750000,1.3906250,110.7500000,C,1.3898238,,1038.7136099,788.8418577
XCME.VY1.04AUG25.110.P,INVALID,.0069999,110,P,.0035377,,1610.6146780,1463.0400430
XCME.VY1.04AUG25.111:25.C,.8750000,.9062500,111.2500000,C,.8933856,,952.2290750,788.7002130
XCME.VY1.04AUG25.113.P,.8593750,.8906250,113,P,.8745096,,1006.8835329,877.4749578
XCME.VY1.04AUG25.113.C,.0069999,.0156250,113,C,.0108221,749.1787955,882.6758449,823.1522141
XCME.VY1.04AUG25.112:25.P,.2187500,.2343750,112.2500000,P,.2181551,610.7022970,674.5533347,642.6893397
