Key,BID,ASK,STRIKE,ITYPE,ADJTHEOR,IVBID,IVASK,IVAVERAGE
XCME.ZN.SEP25,112.1875000,112.2031250,INVALID,F,,,,
XCME.WY1.06AUG25.111.P,.0069999,.0312500,111,P,.0170344,574.4974084,778.6699466,695.6433493
XCME.WY1.06AUG25.112:25.C,.2031250,.2343750,112.2500000,C,.2209626,529.7108695,601.6736197,565.7024248
XCME.WY1.06AUG25.112:5.C,.1250000,.1406250,112.5000000,C,.1306865,571.7084561,611.8429455,591.8534170
XCME.WY1.06AUG25.111:25.P,.0156250,.0312500,111.2500000,P,.0282136,551.2203328,651.2548570,605.4434253
XCME.WY1.06AUG25.111:75.C,.5156250,.5468750,111.7500000,C,.5322800,528.2647959,620.1475309,575.1185498
XCME.WY1.06AUG25.113.C,.0312500,.0468750,113,C,.0461667,581.1150729,654.3642984,619.2635361
