Key,BID,ASK,STRIKE,ITYPE,ADJTHEOR,IVBID,IVASK,IVAVERAGE
XCME.ZN.SEP25,112.1250000,112.1406250,INVALID,F,,,,
XCME.GY1.05AUG25.112:5.C,.0781250,.1093750,112.5000000,C,.0905461,593.5609017,700.0732074,647.6829064
XCME.GY1.05AUG25.110:5.P,INVALID,.0156250,110.5000000,P,.0062361,,1050.0934531,930.6108887
XCME.GY1.05AUG25.110:75.P,INVALID,.0156250,110.7500000,P,.0083959,,918.6792484,810.6191237
XCME.GY1.05AUG25.111:75.P,.0625000,.0781250,111.7500000,P,.0801596,555.2620223,612.7167319,584.3765371
XCME.GY1.05AUG25.112.P,.1406250,.1562500,112,P,.1557215,563.5064500,608.7039509,586.1344329
XCME.VY1.04AUG25.111:75.P,.0312500,.0468750,111.7500000,P,.0346404,598.7469864,694.3351743,648.1046095
XCME.VY1.04AUG25.111:75.C,.4062500,.4375000,111.7500000,C,.4209527,518.4154953,718.8513827,626.4416041
