Key,BID,ASK,STRIKE,ITYPE,ADJTHEOR,IVBID,IVASK,IVAVERAGE
XCME.ZN.SEP25,112.0156250,112.0312500,INVALID,F,,,,
XCME.WY1.06AUG25.113.C,.0156250,.0312500,113,C,.0276387,548.9351649,646.8298337,601.9690891
XCME.WY1.06AUG25.110.P,INVALID,.0069999,110,P,.0039303,,883.8325002,801.7936411
XCME.WY1.06AUG25.110:75.P,.0069999,.0156250,110.7500000,P,.0076522,600.9608841,695.7044425,653.7571528
XCME.WY1.06AUG25.112:25.P,.3593750,.3750000,112.2500000,P,.3628170,541.7158076,578.7239708,560.2533361
XCME.WY1.06AUG25.111:25.C,.7968750,.8281250,111.2500000,C,.8194875,369.4922395,584.3582252,501.9834221
XCME.WY1.06AUG25.110:5.P,INVALID,.0156250,110.5000000,P,.0053265,,802.0718658,709.4313600
XCME.WY1.06AUG25.110:25.C,1.7812500,1.7968750,110.2500000,C,1.7969095,,736.7721731,562.2907551
