Key,BID,ASK,STRIKE,ITYPE,ADJTHEOR,IVBID,IVASK,IVAVERAGE
XCME.ZN.SEP25,112.0156250,112.0312500,INVALID,F,,,,
XCME.WY1.06AUG25.110.P,INVALID,.0069999,110,P,.0039975,,879.7819620,797.8786288
XCME.WY1.06AUG25.110:75.P,.0069999,.0156250,110.7500000,P,.0077680,595.3898924,689.7243735,647.9409718
XCME.WY1.06AUG25.112:25.P,.3593750,.3906250,112.2500000,P,.3648178,551.7972467,589.2610322,570.5682690
XCME.WY1.06AUG25.111:25.C,.7812500,.8125000,111.2500000,C,.7995016,,404.5023296,357.9092297
XCME.WY1.06AUG25.110:5.P,INVALID,.0156250,110.5000000,P,.0054552,,796.7258786,704.3576509
XCME.WY1.06AUG25.110:25.C,1.7656250,1.7812500,110.2500000,C,1.7778824,,975.3435241,856.0542217
