Key,BID,ASK,STRIKE,ITYPE,ADJTHEOR,IVBID,IVASK,IVAVERAGE
XCME.ZN.SEP25,112.1093750,112.1250000,INVALID,F,,,,
XCME.GY1.05AUG25.110.P,INVALID,.0069999,110,P,.0039773,,1124.7242990,1021.7203466
XCME.GY1.05AUG25.110:5.C,1.6093750,1.6406250,110.5000000,C,1.6304505,,1029.7182676,822.6934841
XCME.GY1.05AUG25.111.C,1.1093750,1.1406250,111,C,1.1368237,,767.1677598,602.1156664
XCME.GY1.05AUG25.112:25.C,.1562500,.1875000,112.2500000,C,.1743376,587.2285318,675.4873724,631.4315386
XCME.GY1.05AUG25.111:25.C,.8750000,.9062500,111.2500000,C,.8972152,210.9587551,741.3280305,625.4293165
XCME.GY1.05AUG25.111:75.C,.4531250,.4687500,111.7500000,C,.4637469,594.2194514,648.0131469,621.3732954
XCME.GY1.05AUG25.112:5.P,.4531250,.4843750,112.5000000,P,.4722918,594.9654523,700.6366342,648.6775380
