Key,BID,ASK,STRIKE,ITYPE,ADJTHEOR,IVBID,IVASK,IVAVERAGE
XCME.ZN.SEP25,112,112.0156250,INVALID,F,,,,
XCME.ZN1.01AUG25.111:25.P,INVALID,.0069999,111.2500000,P,.0004760,,1240.4880222,1100.2069011
XCME.ZN1.01AUG25.112:5.P,.5000000,.5156250,112.5000000,P,.5050114,,1005.0090049,914.9618039
XCME.ZN1.01AUG25.110.C,1.9843750,2.0156250,110,C,,,,
XCME.ZN1.01AUG25.112.P,.0781250,.0937500,112,P,.0808625,437.7067877,664.5332690,551.1262666
XCME.ZN1.01AUG25.112:25.C,.0069999,.0312500,112.2500000,C,.0090685,532.4269530,848.8200857,711.1351018
XCME.ZN1.01AUG25.111:25.C,.7343750,.7656250,111.2500000,C,.7461635,,1552.7641772,1279.1240937
XCME.ZN1.01AUG25.111:75.C,.2500000,.2656250,111.7500000,C,.2589757,462.8055724,704.8058899,602.0453851
