Key,BID,ASK,STRIKE,ITYPE,ADJTHEOR,IVBID,IVASK,IVAVERAGE
XCME.ZN.SEP25,110.9218750,110.9375000,INVALID,F,,,,
XCME.ZN1.01AUG25.110:25.C,.7031250,.7343750,110.2500000,C,.6933563,877.5567022,1241.0390607,1084.7432125
XCME.ZN1.01AUG25.112:75.C,INVALID,.0069999,112.7500000,C,0,,1768.7161187,1601.2320996
