Key,BID,ASK,STRIKE,ITYPE,ADJTHEOR,IVBID,IVASK,IVAVERAGE
XCME.ZN.SEP25,111.8750000,111.8906250,INVALID,F,,,,
XCME.GY1.05AUG25.112:5.C,.0312500,.0468750,112.5000000,C,.0459815,556.1347320,631.8167847,595.4219330
XCME.GY1.05AUG25.110:5.P,INVALID,.0069999,110.5000000,P,.0041563,,756.7267743,681.7691842
XCME.GY1.05AUG25.110:75.P,INVALID,.0156250,110.7500000,P,.0065321,,745.4850243,653.9827164
XCME.GY1.05AUG25.111:75.P,.1562500,.1875000,111.7500000,P,.1566911,579.2443229,664.5948973,621.9999611
XCME.GY1.05AUG25.112.P,.2812500,.3125000,112,P,.2838804,585.1987297,669.7693571,627.5360930
XCME.ZN1.01AUG25.112:75.C,INVALID,.0069999,112.7500000,C,.0038230,,1283.3554651,1138.6365517
XCME.ZN1.01AUG25.110:25.C,1.6406250,1.6562500,110.2500000,C,1.6414737,871.3087744,,
