Key,BID,ASK,STRIKE,ITYPE,ADJTHEOR,IVBID,IVASK,IVAVERAGE
XCME.ZN.SEP25,111.7968750,111.8125000,INVALID,F,,,,
XCME.ZN1.01AUG25.113.P,1.1875000,1.2187500,113,P,1.2094631,,1830.7885029,1155.0175868
XCME.ZN1.01AUG25.112:25.P,.4375000,.4687500,112.2500000,P,.4714231,,1075.6930467,855.5784293
XCME.ZN1.01AUG25.111.C,.7812500,.8125000,111,C,.7967393,,1449.1780851,1373.9657187
XCME.ZN1.01AUG25.112.C,.0468750,.0625000,112,C,.0504616,809.7661331,933.7601039,872.6131952
XCME.GY1.05AUG25.110.P,INVALID,.0069999,110,P,.0032095,,933.0732619,844.1267856
XCME.GY1.05AUG25.110:5.C,1.2812500,1.3125000,110.5000000,C,1.2979644,,855.5389622,816.3262140
