Key,BID,ASK,STRIKE,ITYPE,ADJTHEOR,IVBID,IVASK,IVAVERAGE
XCME.ZN.SEP25,112.2187500,112.2343750,INVALID,F,,,,
XCME.GY1.05AUG25.112:75.P,.5781250,.5937500,112.7500000,P,.5846769,621.3881803,748.6687598,687.2226488
XCME.GY1.05AUG25.110:75.C,1.4531250,1.4843750,110.7500000,C,1.4781105,,909.8359660,846.1333965
XCME.GY1.05AUG25.112:25.P,.2187500,.2500000,112.2500000,P,.2245656,574.9097419,662.6536188,618.7854125
XCME.GY1.05AUG25.113.C,.0156250,.0468750,113,C,.0325989,580.1092043,779.4301955,691.3689825
XCME.GY1.05AUG25.111.P,INVALID,.0156250,111,P,.0071441,,832.3663604,731.0627564
XCME.GY1.05AUG25.112.C,.3281250,.3593750,112,C,.3385175,552.0059993,647.6115370,600.1403623
