Key,BID,ASK,STRIKE,ITYPE,ADJTHEOR,IVBID,IVASK,IVAVERAGE
XCME.ZN.SEP25,111.9843750,112,INVALID,F,,,,
XCME.VY1.04AUG25.111.P,INVALID,.0069999,111,P,.0044339,,769.1444749,686.8973763
XCME.VY1.04AUG25.110:75.P,INVALID,.0069999,110.7500000,P,.0028267,,927.4656928,832.7586807
XCME.VY1.04AUG25.112.P,.1718750,.1875000,112,P,.1792740,595.8500238,651.9010325,623.8759479
XCME.VY1.04AUG25.111:5.C,.5000000,.5312500,111.5000000,C,.5172645,484.9208209,709.9799178,611.7504477
XCME.VY1.04AUG25.112:25.C,.0625000,.0937500,112.2500000,C,.0774384,575.3082779,708.3076659,642.9881115
XCME.VY1.04AUG25.110:5.P,INVALID,.0069999,110.5000000,P,.0025978,,1081.7616923,975.3217033
XCME.VY1.04AUG25.112:5.P,.5312500,.5625000,112.5000000,P,.5440312,579.2658728,780.6770593,688.5643256
