Key,BID,ASK,STRIKE,ITYPE,ADJTHEOR,IVBID,IVASK,IVAVERAGE
XCME.ZN.SEP25,110.9531250,110.9687500,INVALID,F,,,,
XCME.ZN1.01AUG25.110:25.C,.7031250,.7500000,110.2500000,C,.7053496,571.5098001,1062.4363098,879.9881919
XCME.ZN1.01AUG25.112:75.C,INVALID,.0069999,112.7500000,C,.0000091,,1418.1584404,1283.5975230
