Key,BID,ASK,STRIKE,ITYPE,ADJTHEOR,IVBID,IVASK,IVAVERAGE
XCME.ZN.SEP25,110.9687500,110.9843750,INVALID,F,,,,
XCME.ZN1.01AUG25.112:25.P,1.2656250,1.2968750,112.2500000,P,1.2735520,,1346.6511134,1168.6762846
XCME.ZN1.01AUG25.113.P,2,2.0468750,113,P,2.0234407,,1942.4700043,1710.9945189
