Key,BID,ASK,STRIKE,ITYPE,ADJTHEOR,IVBID,IVASK,IVAVERAGE
XCME.ZN.SEP25,112.1093750,112.1250000,INVALID,F,,,,
XCME.VY1.04AUG25.112:25.P,.2187500,.2500000,112.2500000,P,.2389240,545.0421868,674.1810157,610.0273344
XCME.VY1.04AUG25.112.C,.2187500,.2500000,112,C,.2235714,603.9902578,729.8653992,667.1374055
XCME.VY1.04AUG25.112:75.C,.0156250,.0312500,112.7500000,C,.0185934,695.6126171,835.7844286,771.0160394
XCME.VY1.04AUG25.110:25.C,1.8593750,1.8906250,110.2500000,C,1.8670494,,1805.0630766,1615.2968823
XCME.GY1.05AUG25.110.P,INVALID,.0069999,110,P,.0043374,,1129.0809265,1025.5453331
XCME.GY1.05AUG25.110:5.C,1.6093750,1.6406250,110.5000000,C,1.6207272,,1152.9575770,1027.4304907
