Key,BID,ASK,STRIKE,ITYPE,ADJTHEOR,IVBID,IVASK,IVAVERAGE
XCME.ZN.SEP25,110.9375000,110.9531250,INVALID,F,,,,
XCME.ZN1.01AUG25.112:5.P,1.5468750,1.5781250,112.5000000,P,1.5468816,479.1919744,1815.8339179,1641.1871465
