Key,BID,ASK,STRIKE,ITYPE,ADJTHEOR,IVBID,IVASK,IVAVERAGE
XCME.ZN.SEP25,110.8281250,110.8437500,INVALID,F,,,,
XCME.VY1.04AUG25.111.C,.1718750,.1875000,111,C,.1137029,855.1463869,911.8221308,883.5131523
XCME.VY1.04AUG25.110:5.C,.4375000,.4687500,110.5000000,C,.3961248,801.3655916,929.2225924,866.0142726
XCME.VY1.04AUG25.110.C,.8437500,.8750000,110,C,.8436310,588.4796209,947.4062875,812.9314207
XCME.VY1.04AUG25.110:75.C,.2812500,.3125000,110.7500000,C,.2295465,819.6596735,930.5831284,875.1582359
XCME.VY1.04AUG25.110.P,.0156250,.0312500,110,P,.0033810,776.1820707,920.1967126,854.0086336
XCME.VY1.04AUG25.111:25.C,.0781250,.1093750,111.2500000,C,.0457190,865.0712261,932.4005168,898.9937296
XCME.VY1.04AUG25.113.P,2.1562500,2.1875000,113,P,2.1597608,,1844.0363271,1661.8044304
