Key,BID,ASK,STRIKE,ITYPE,ADJTHEOR,IVBID,IVASK,IVAVERAGE
XCME.ZN.SEP25,112.0156250,112.0312500,INVALID,F,,,,
XCME.WY1.06AUG25.112:75.C,.0468750,.0625000,112.7500000,C,.0494785,592.2938998,651.9298304,622.8699222
XCME.WY1.06AUG25.112.C,.2656250,.2812500,112,C,.2599468,567.7322537,602.4631310,585.0979269
XCME.WY1.06AUG25.111.P,.0069999,.0156250,111,P,.0136686,488.7793380,570.9407143,534.4250763
XCME.WY1.06AUG25.112:25.C,.1718750,.1875000,112.2500000,C,.1567241,603.2992063,639.9348403,621.6462374
XCME.WY1.06AUG25.112:5.C,.0937500,.1093750,112.5000000,C,.0890170,595.8065038,639.8190490,618.0002317
XCME.WY1.06AUG25.111:25.P,.0156250,.0312500,111.2500000,P,.0293380,459.9274821,547.3368603,507.1113880
