Key,BID,ASK,STRIKE,ITYPE,ADJTHEOR,IVBID,IVASK,IVAVERAGE
XCME.ZN.SEP25,112.1093750,112.1250000,INVALID,F,,,,
XCME.VY1.04AUG25.111.C,1.1093750,1.1406250,111,C,1.1218014,,1168.5252143,1010.2345836
XCME.VY1.04AUG25.110:5.C,1.6093750,1.6406250,110.5000000,C,1.6205162,,1558.9137822,1364.4805665
XCME.VY1.04AUG25.110.C,2.1093750,2.1406250,110,C,2.1207488,,1930.2172148,1704.9003750
XCME.VY1.04AUG25.110:75.C,1.3593750,1.3906250,110.7500000,C,1.3707532,,1366.2730618,1189.3903052
XCME.VY1.04AUG25.110.P,INVALID,.0069999,110,P,.0035613,,1572.0632097,1428.0153193
XCME.VY1.04AUG25.111:25.C,.8593750,.8906250,111.2500000,C,.8755281,,958.2822531,818.3185846
XCME.VY1.04AUG25.113.P,.8750000,.9062500,113,P,.8956901,,972.4677691,830.7586314
