Key,BID,ASK,STRIKE,ITYPE,ADJTHEOR,IVBID,IVASK,IVAVERAGE
XCME.ZN.SEP25,112.1093750,112.1250000,INVALID,F,,,,
XCME.VY1.04AUG25.112:75.P,.6406250,.6562500,112.7500000,P,.6560546,,763.6285247,644.5605181
XCME.VY1.04AUG25.111:25.P,.0069999,.0156250,111.2500000,P,.0081879,739.9306664,870.7429089,812.3689301
XCME.VY1.04AUG25.111:5.P,.0069999,.0312500,111.5000000,P,.0171197,565.7929451,812.0334214,709.2564398
XCME.VY1.04AUG25.112:5.C,.0468750,.0625000,112.5000000,C,.0491614,679.9540923,764.4016251,723.0039727
XCME.VY1.04AUG25.110:25.P,INVALID,.0069999,110.2500000,P,.0033660,,1413.2728301,1280.5526820
XCME.VY1.04AUG25.111.P,INVALID,.0069999,111,P,.0046116,,920.5553053,825.9273459
XCME.VY1.04AUG25.110:75.P,INVALID,.0069999,110.7500000,P,.0035811,,1088.1164345,979.9750136
