Key,BID,ASK,STRIKE,ITYPE,ADJTHEOR,IVBID,IVASK,IVAVERAGE
XCME.ZN.SEP25,112.1250000,112.1406250,INVALID,F,,,,
XCME.GY1.05AUG25.110:75.P,INVALID,.0156250,110.7500000,P,.0079236,,909.0563751,802.0713113
XCME.GY1.05AUG25.111:75.P,.0781250,.0937500,111.7500000,P,.0865714,604.5286604,658.8304168,631.9419494
XCME.GY1.05AUG25.112.P,.1562500,.1718750,112,P,.1660067,599.5239378,644.0812816,621.8249218
XCME.ZN1.01AUG25.112:75.C,INVALID,.0069999,112.7500000,C,.0000417,,1444.4458607,1274.7428319
XCME.ZN1.01AUG25.110:25.C,1.8750000,1.8906250,110.2500000,C,1.8828125,,,
XCME.ZN1.01AUG25.110:25.P,INVALID,.0069999,110.2500000,P,0,,,
XCME.ZN1.01AUG25.110:75.P,INVALID,.0069999,110.7500000,P,0,,,
