Key,BID,ASK,STRIKE,ITYPE,ADJTHEOR,IVBID,IVASK,IVAVERAGE
XCME.ZN.SEP25,110.8437500,110.8593750,INVALID,F,,,,
XCME.VY1.04AUG25.112:75.P,1.8750000,1.9062500,112.7500000,P,1.8863355,,1554.1751035,1331.3932014
XCME.VY1.04AUG25.111:25.P,.4843750,.5000000,111.2500000,P,.4363000,926.0449276,1054.0331216,990.6630179
XCME.VY1.04AUG25.111:5.P,.6718750,.7031250,111.5000000,P,.6525236,970.2048605,1051.6440456,1011.5687850
XCME.VY1.04AUG25.112:5.C,INVALID,.0069999,112.5000000,C,.0000598,,1151.9236586,1041.2059058
XCME.VY1.04AUG25.110:25.P,.0468750,.0625000,110.2500000,P,.0139615,838.6278120,927.4136097,884.0898475
XCME.VY1.04AUG25.111.P,.3125000,.3437500,111,P,.2582605,838.8250126,951.4484801,895.2179813
