Key,BID,ASK,STRIKE,ITYPE,ADJTHEOR,IVBID,IVASK,IVAVERAGE
XCME.ZN.SEP25,112.0468750,112.0625000,INVALID,F,,,,
XCME.VY1.04AUG25.112:75.P,.7031250,.7343750,112.7500000,P,.7234014,,779.9338060,661.2192336
XCME.VY1.04AUG25.111:25.P,INVALID,.0069999,111.2500000,P,.0069737,,650.3736136,577.3840973
XCME.VY1.04AUG25.111:5.P,.0069999,.0312500,111.5000000,P,.0179062,477.3769179,695.0150528,603.6538351
XCME.VY1.04AUG25.112:5.C,.0156250,.0468750,112.5000000,C,.0290834,510.4101422,718.1101344,624.6314246
XCME.VY1.04AUG25.110:25.P,INVALID,.0069999,110.2500000,P,.0030410,,1281.5911297,1159.6437160
XCME.VY1.04AUG25.111.P,INVALID,.0069999,111,P,.0037542,,813.2136417,726.7647382
XCME.VY1.04AUG25.110:75.P,INVALID,.0069999,110.7500000,P,.0028232,,972.8650993,873.8152114
