Key,BID,ASK,STRIKE,ITYPE,ADJTHEOR,IVBID,IVASK,IVAVERAGE
XCME.ZN.SEP25,111.9375000,111.9531250,INVALID,F,,,,
XCME.VY1.04AUG25.111:5.P,.0156250,.0468750,111.5000000,P,.0281001,499.6500878,703.7052099,611.8085502
XCME.VY1.04AUG25.112:5.C,.0156250,.0312500,112.5000000,C,.0228952,568.1298840,688.9408545,632.9464320
XCME.VY1.04AUG25.110:25.P,INVALID,.0069999,110.2500000,P,.0031203,,1214.2296979,1098.2878204
XCME.VY1.04AUG25.111.P,INVALID,.0069999,111,P,.0054449,,750.4159939,670.8426942
XCME.VY1.04AUG25.110:75.P,INVALID,.0069999,110.7500000,P,.0036199,,908.5704011,815.9482827
XCME.VY1.04AUG25.112.P,.2031250,.2187500,112,P,.1793885,647.6742926,703.9436051,675.8139295
