Key,BID,ASK,STRIKE,ITYPE,ADJTHEOR,IVBID,IVASK,IVAVERAGE
XCME.ZN.SEP25,112.0156250,112.0312500,INVALID,F,,,,
XCME.WY1.06AUG25.110:5.C,1.5156250,1.5468750,110.5000000,C,1.5252387,,886.5975366,788.4059776
XCME.WY1.06AUG25.112.P,.2187500,.2343750,112,P,.2268617,512.4764155,547.5274638,530.0022673
XCME.WY1.06AUG25.110:75.C,1.2656250,1.2968750,110.7500000,C,1.2775938,,771.3613561,682.1609024
XCME.WY1.06AUG25.111:5.P,.0468750,.0625000,111.5000000,P,.0595656,477.9434449,531.5562047,505.3554874
XCME.WY1.06AUG25.111.C,1.0156250,1.0468750,111,C,1.0334106,,652.6305230,572.9264889
XCME.ZN1.01AUG25.112:75.C,INVALID,.0069999,112.7500000,C,.0001715,,1314.7846173,1164.2704612
XCME.ZN1.01AUG25.110:25.C,1.7656250,1.7812500,110.2500000,C,1.7699379,,,
