Key,BID,ASK,STRIKE,ITYPE,ADJTHEOR,IVBID,IVASK,IVAVERAGE
XCME.ZN.SEP25,111.6093750,111.6250000,INVALID,F,,,,
XCME.VY1.04AUG25.112:25.P,.6562500,.6875000,112.2500000,P,.6690700,551.8567665,824.1766918,711.2797517
XCME.VY1.04AUG25.112.C,.0312500,.0625000,112,C,.0486856,552.7423537,717.2658997,639.2505249
XCME.VY1.04AUG25.112:75.C,INVALID,.0156250,112.7500000,C,.0055322,,998.8251189,875.5352443
XCME.VY1.04AUG25.110:25.C,1.3593750,1.3906250,110.2500000,C,1.3546333,1003.2537702,1396.3259163,1281.9903550
XCME.GY1.05AUG25.110.P,INVALID,.0069999,110,P,.1743148,,852.3078641,769.6493419
XCME.GY1.05AUG25.110:5.C,1.1093750,1.1406250,110.5000000,C,1.2333906,197.7582875,851.2495183,762.4783377
