Key,BID,ASK,STRIKE,ITYPE,ADJTHEOR,IVBID,IVASK,IVAVERAGE
XCME.ZN.SEP25,110.9218750,110.9375000,INVALID,F,,,,
XCME.ZN1.01AUG25.110:5.C,.4687500,.5000000,110.5000000,C,.4234170,1186.7043022,1449.3161445,1322.0227702
XCME.ZN1.01AUG25.111:75.C,.0069999,.0156250,111.7500000,C,.0000471,1150.5262928,1354.0462032,1263.1369314
