Key,BID,ASK,STRIKE,ITYPE,ADJTHEOR,IVBID,IVASK,IVAVERAGE
XCME.ZN.SEP25,110.8437500,110.8593750,INVALID,F,,,,
XCME.ZN1.01AUG25.110:5.C,.4218750,.4531250,110.5000000,C,.3792493,1120.5682702,1379.5173534,1253.7632321
XCME.ZN1.01AUG25.111:75.C,.0069999,.0156250,111.7500000,C,.0000187,1215.5598556,1429.3659033,1334.0095752
