Key,BID,ASK,STRIKE,ITYPE,ADJTHEOR,IVBID,IVASK,IVAVERAGE
XCME.ZN.SEP25,111.6718750,111.6875000,INVALID,F,,,,
XCME.WY1.06AUG25.111.P,.0312500,.0468750,111,P,.0355810,495.1258196,560.2558859,528.9625559
XCME.WY1.06AUG25.112:25.C,.0468750,.0781250,112.2500000,C,.0664039,499.3498951,603.7066651,553.5736373
XCME.WY1.06AUG25.112:5.C,.0312500,.0468750,112.5000000,C,.0369803,564.9389648,635.8376876,601.8853862
XCME.WY1.06AUG25.111:25.P,.0781250,.1093750,111.2500000,P,.0783285,511.5891999,598.3285338,555.7420752
XCME.WY1.06AUG25.111:75.C,.1875000,.2031250,111.7500000,C,.2075142,487.1967389,521.8692202,504.5375525
XCME.WY1.06AUG25.113.C,.0069999,.0156250,113,C,.0129785,601.4895910,695.5465884,653.8965118
