Key,BID,ASK,STRIKE,ITYPE,ADJTHEOR,IVBID,IVASK,IVAVERAGE
XCME.ZN.SEP25,110.8906250,110.9062500,INVALID,F,,,,
XCME.ZN1.01AUG25.111.P,.2656250,.2968750,111,P,.1666812,1284.5286847,1477.8792398,1381.3124446
XCME.ZN1.01AUG25.110:75.C,.2968750,.3125000,110.7500000,C,.1977517,1306.2710660,1404.8386644,1355.6188607
