Key,BID,ASK,STRIKE,ITYPE,ADJTHEOR,IVBID,IVASK,IVAVERAGE
XCME.ZN.SEP25,111.7968750,111.8125000,INVALID,F,,,,
XCME.WY1.06AUG25.111:75.C,.2656250,.2812500,111.7500000,C,.2886029,475.4344182,510.3907810,492.9212661
XCME.WY1.06AUG25.113.C,.0069999,.0312500,113,C,.0250356,538.8362709,732.3570784,653.6679870
XCME.WY1.06AUG25.110.P,INVALID,.0069999,110,P,.0039526,,797.5961295,722.1572472
XCME.WY1.06AUG25.110:75.P,.0069999,.0156250,110.7500000,P,.0105978,515.3545439,599.7969304,562.2042982
XCME.WY1.06AUG25.112:25.P,.5000000,.5312500,112.2500000,P,.5171925,583.0482584,664.3536970,624.1380875
XCME.WY1.06AUG25.111:25.C,.6250000,.6562500,111.2500000,C,.6402245,373.8044551,513.0757994,450.9643420
