Key,BID,ASK,STRIKE,ITYPE,ADJTHEOR,IVBID,IVASK,IVAVERAGE
XCME.ZN.SEP25,110.9843750,111,INVALID,F,,,,
XCME.ZN1.01AUG25.112.P,1.0156250,1.0468750,112,P,1.0208469,928.9932872,1268.8390893,1124.8148216
