Key,BID,ASK,STRIKE,ITYPE,ADJTHEOR,IVBID,IVASK,IVAVERAGE
XCME.ZN.SEP25,112.1250000,112.1406250,INVALID,F,,,,
XCME.WY1.06AUG25.111.P,.0156250,.0312500,111,P,.0279057,628.1662927,735.1139621,686.2181630
XCME.WY1.06AUG25.112:25.C,.2031250,.2187500,112.2500000,C,.2053923,600.0758900,636.2385266,618.1672764
XCME.WY1.06AUG25.112:5.C,.1093750,.1406250,112.5000000,C,.1202872,582.8105667,665.6732797,624.6673526
XCME.WY1.06AUG25.111:25.P,.0312500,.0468750,111.2500000,P,.0458327,606.2529631,680.9625170,645.2016106
XCME.WY1.06AUG25.111:75.C,.4843750,.5156250,111.7500000,C,.4960460,591.7038508,673.2758161,632.8558185
XCME.WY1.06AUG25.113.C,.0312500,.0468750,113,C,.0397878,614.8388085,690.1420221,654.1022316
