Key,BID,ASK,STRIKE,ITYPE,ADJTHEOR,IVBID,IVASK,IVAVERAGE
XCME.ZN.SEP25,112,112.0156250,INVALID,F,,,,
XCME.WY1.06AUG25.110:5.P,INVALID,.0069999,110.5000000,P,.0009215,,675.7660324,609.3367018
XCME.WY1.06AUG25.110:25.C,1.7500000,1.7656250,110.2500000,C,1.7501874,287.1570687,1015.2052029,881.9764767
XCME.WY1.06AUG25.112:5.P,.5625000,.5937500,112.5000000,P,.5787513,515.3114451,610.4219046,564.1202432
XCME.WY1.06AUG25.111:5.C,.5625000,.5781250,111.5000000,C,.5685010,515.3186777,564.1257206,540.0977274
XCME.WY1.06AUG25.110:25.P,INVALID,.0069999,110.2500000,P,.0001874,,769.4509919,695.8769766
XCME.WY1.06AUG25.111:75.P,.1250000,.1406250,111.7500000,P,.1358282,508.7865664,546.7867420,527.8475686
XCME.WY1.06AUG25.112:75.P,.7656250,.7968750,112.7500000,P,.7938998,447.6050082,603.5033928,534.5525851
