Key,BID,ASK,STRIKE,ITYPE,ADJTHEOR,IVBID,IVASK,IVAVERAGE
XCME.ZN.SEP25,110.9531250,110.9687500,INVALID,F,,,,
XCME.ZN1.01AUG25.110:5.C,.5000000,.5312500,110.5000000,C,.4485966,1176.3462749,1411.7602332,1297.1830834
XCME.ZN1.01AUG25.111:75.C,.0069999,.0312500,111.7500000,C,.0001887,1025.2911576,1433.5675855,1265.1306823
