Key,BID,ASK,STRIKE,ITYPE,ADJTHEOR,IVBID,IVASK,IVAVERAGE
XCME.ZN.SEP25,112.1093750,112.1250000,INVALID,F,,,,
XCME.WY1.06AUG25.110:5.P,.0069999,.0156250,110.5000000,P,.0114448,736.8820238,846.1833948,797.8937699
XCME.WY1.06AUG25.110:25.C,1.8593750,1.8906250,110.2500000,C,1.8756587,,1028.0768303,903.7590905
XCME.WY1.06AUG25.112:5.P,.5000000,.5312500,112.5000000,P,.5095905,604.9609088,687.1605759,646.4398480
XCME.WY1.06AUG25.111:5.C,.6718750,.7031250,111.5000000,C,.6903673,572.2723940,678.6828165,627.2958966
XCME.WY1.06AUG25.110:25.P,.0069999,.0156250,110.2500000,P,.0084712,831.5415556,951.1163491,898.3484567
XCME.WY1.06AUG25.111:75.P,.1093750,.1406250,111.7500000,P,.1269290,571.6206457,654.1495137,613.2990142
