Key,BID,ASK,STRIKE,ITYPE,ADJTHEOR,IVBID,IVASK,IVAVERAGE
XCME.ZN.SEP25,112.0156250,112.0312500,INVALID,F,,,,
XCME.GY1.05AUG25.111:25.P,.0156250,.0312500,111.2500000,P,.0146469,559.2483723,665.7499355,616.7472734
XCME.GY1.05AUG25.110:25.P,INVALID,.0069999,110.2500000,P,.0000155,,945.1512546,854.9051102
XCME.GY1.05AUG25.111:5.C,.5468750,.5781250,111.5000000,C,.5564595,502.7106832,640.0259793,575.3115230
XCME.GY1.05AUG25.110.C,2.0156250,2.0468750,110,C,2.0156266,1,1382.4096336,1257.8134720
XCME.GY1.05AUG25.111:5.P,.0312500,.0468750,111.5000000,P,.0408343,502.7096800,575.3107702,540.3227271
XCME.GY1.05AUG25.110:25.C,1.7656250,1.7968750,110.2500000,C,1.7656405,260.9386727,1246.1274818,1130.1528379
