Key,BID,ASK,STRIKE,ITYPE,ADJTHEOR,IVBID,IVASK,IVAVERAGE
XCME.ZN.SEP25,111.0468750,111.0625000,INVALID,F,,,,
XCME.ZN1.01AUG25.112:25.P,1.1875000,1.2187500,112.2500000,P,1.1990978,,1179.7615770,993.5979553
XCME.ZN1.01AUG25.113.P,1.9375000,1.9687500,113,P,1.9488209,,1735.9841476,1488.7853439
