Key,BID,ASK,STRIKE,ITYPE,ADJTHEOR,IVBID,IVASK,IVAVERAGE
XCME.ZN.SEP25,112.0156250,112.0312500,INVALID,F,,,,
XCME.GY1.05AUG25.112:75.P,.7343750,.7656250,112.7500000,P,.7399451,584.8839046,752.2151310,675.4983688
XCME.GY1.05AUG25.110:75.C,1.2656250,1.2968750,110.7500000,C,1.2939320,,743.1632415,665.7441021
XCME.GY1.05AUG25.112:25.P,.3281250,.3437500,112.2500000,P,.3295794,561.0694811,607.1195637,584.1646009
XCME.GY1.05AUG25.113.C,.0069999,.0156250,113,C,.0150550,572.7723777,669.8094369,626.5968011
XCME.GY1.05AUG25.111.P,.0069999,.0156250,111,P,.0080713,609.8191517,711.6066830,666.3540671
XCME.GY1.05AUG25.112.C,.2031250,.2187500,112,C,.2229500,499.0139634,541.7799953,520.3998889
