Key,BID,ASK,STRIKE,ITYPE,ADJTHEOR,IVBID,IVASK,IVAVERAGE
XCME.ZN.SEP25,112.1093750,112.1250000,INVALID,F,,,,
XCME.WY1.06AUG25.112.P,.2031250,.2187500,112,P,.2115934,586.9377529,623.1121043,605.0333488
XCME.WY1.06AUG25.110:75.C,1.3593750,1.3906250,110.7500000,C,1.3827491,,805.4503986,701.1767970
XCME.WY1.06AUG25.111:5.P,.0625000,.0781250,111.5000000,P,.0707475,601.4967951,654.6267587,628.5101440
XCME.WY1.06AUG25.111.C,1.1250000,1.1562500,111,C,1.1414211,553.0350742,781.4681333,688.8583477
XCME.GY1.05AUG25.110.P,INVALID,.0069999,110,P,.0041796,,1130.6998422,1027.1214846
XCME.GY1.05AUG25.110:5.C,1.6093750,1.6406250,110.5000000,C,1.6233913,,1121.2279495,981.3947461
