Key,BID,ASK,STRIKE,ITYPE,ADJTHEOR,IVBID,IVASK,IVAVERAGE
XCME.ZN.SEP25,110.9531250,110.9687500,INVALID,F,,,,
XCME.ZN1.01AUG25.110:25.C,.7187500,.7343750,110.2500000,C,.6882622,1239.5931054,1403.1531886,1324.6139004
XCME.ZN1.01AUG25.112:75.C,INVALID,.0069999,112.7500000,C,0,,1952.5081365,1766.7093085
