Key,BID,ASK,STRIKE,ITYPE,ADJTHEOR,IVBID,IVASK,IVAVERAGE
XCME.ZN.SEP25,110.8750000,110.8906250,INVALID,F,,,,
XCME.ZN1.01AUG25.110:25.P,.0156250,.0312500,110.2500000,P,.0007281,1054.1206355,1268.0763735,1169.1897660
XCME.ZN1.01AUG25.110:5.P,.0625000,.0937500,110.5000000,P,.0102882,1164.7758774,1403.3539857,1286.7250386
