Key,BID,ASK,STRIKE,ITYPE,ADJTHEOR,IVBID,IVASK,IVAVERAGE
XCME.ZN.SEP25,110.9531250,110.9687500,INVALID,F,,,,
XCME.ZN1.01AUG25.110:25.P,.0156250,.0312500,110.2500000,P,.0004847,1085.4677299,1299.1886747,1200.7101493
XCME.ZN1.01AUG25.110:5.P,.0468750,.0781250,110.5000000,P,.0064568,1106.2532825,1356.5150176,1235.8744889
