Key,BID,ASK,STRIKE,ITYPE,ADJTHEOR,IVBID,IVASK,IVAVERAGE
XCME.ZN.SEP25,110.9687500,110.9843750,INVALID,F,,,,
XCME.ZN1.01AUG25.110:25.C,.7343750,.7656250,110.2500000,C,.7358961,588.2914953,944.7016540,807.3008510
XCME.ZN1.01AUG25.112:75.C,INVALID,.0069999,112.7500000,C,.0000180,,1348.2419761,1219.8275891
