Key,BID,ASK,STRIKE,ITYPE,ADJTHEOR,IVBID,IVASK,IVAVERAGE
XCME.ZN.SEP25,111.9218750,111.9375000,INVALID,F,,,,
XCME.VY1.04AUG25.111.C,.9218750,.9531250,111,C,.9254530,877.7887267,1035.7095762,963.2209977
XCME.VY1.04AUG25.110:5.C,1.4218750,1.4375000,110.5000000,C,1.4223941,1237.1661462,1434.5257691,1344.7833879
XCME.VY1.04AUG25.110.C,1.9218750,1.9375000,110,C,1.9220398,1579.9316404,1811.3917258,1706.9837227
XCME.VY1.04AUG25.110:75.C,1.1875000,1.2031250,110.7500000,C,1.1732000,1060.2480688,1238.4855632,1157.0740877
XCME.VY1.04AUG25.110.P,INVALID,.0069999,110,P,.0001648,,1382.2660596,1253.2263192
XCME.VY1.04AUG25.111:25.C,.6875000,.7187500,111.2500000,C,.6820697,686.7066589,932.3516662,823.3025203
XCME.VY1.04AUG25.113.P,1.0468750,1.0781250,113,P,1.0806209,,471.0034255,
