Key,BID,ASK,STRIKE,ITYPE,ADJTHEOR,IVBID,IVASK,IVAVERAGE
XCME.ZN.SEP25,111.9531250,111.9687500,INVALID,F,,,,
XCME.GY1.05AUG25.112:75.P,.8125000,.8437500,112.7500000,P,.8311375,494.8307246,726.8851092,631.7635164
XCME.GY1.05AUG25.110:75.C,1.1875000,1.2187500,110.7500000,C,1.2008926,,858.9405137,744.0732240
XCME.GY1.05AUG25.112:25.P,.3906250,.4062500,112.2500000,P,.4028845,547.7765495,597.4943056,572.8133921
XCME.GY1.05AUG25.113.C,.0069999,.0156250,113,C,.0143218,612.4497552,713.2953905,668.4036018
XCME.GY1.05AUG25.111.P,.0069999,.0156250,111,P,.0103276,559.3988989,654.2539551,611.9535949
XCME.GY1.05AUG25.112.C,.1718750,.2031250,112,C,.1842331,534.5315475,619.3311895,576.9476971
