Key,BID,ASK,STRIKE,ITYPE,ADJTHEOR,IVBID,IVASK,IVAVERAGE
XCME.ZN.SEP25,112.1093750,112.1250000,INVALID,F,,,,
XCME.GY1.05AUG25.112:5.C,.0781250,.1093750,112.5000000,C,.0955356,613.4223921,720.8645407,668.0592429
XCME.GY1.05AUG25.110:5.P,INVALID,.0156250,110.5000000,P,.0062894,,1030.3337428,912.8093310
XCME.GY1.05AUG25.110:75.P,.0069999,.0156250,110.7500000,P,.0089313,778.8754558,899.3516801,846.0003464
XCME.GY1.05AUG25.111:75.P,.0781250,.1093750,111.7500000,P,.0971390,585.6802726,691.5101013,639.4576662
XCME.GY1.05AUG25.112.P,.1562500,.1875000,112,P,.1812489,573.8432677,662.4504259,618.2083571
XCME.VY1.04AUG25.111:75.P,.0312500,.0625000,111.7500000,P,.0458545,567.6757765,744.3859553,660.4391119
XCME.VY1.04AUG25.111:75.C,.3906250,.4218750,111.7500000,C,.4087295,544.9225500,726.1190778,640.6249208
