Key,BID,ASK,STRIKE,ITYPE,ADJTHEOR,IVBID,IVASK,IVAVERAGE
XCME.ZN.SEP25,112.1093750,112.1250000,INVALID,F,,,,
XCME.ZN1.01AUG25.110:5.C,1.5937500,1.6250000,110.5000000,C,1.6206874,,,
XCME.ZN1.01AUG25.110:75.C,1.3437500,1.3750000,110.7500000,C,1.3706872,,,1883.3129736
XCME.ZN1.01AUG25.111.P,INVALID,.0069999,111,P,0,,,
XCME.ZN1.01AUG25.113.C,INVALID,.0069999,113,C,.0000138,,1840.8630297,1635.1924743
XCME.ZN1.01AUG25.112:5.C,INVALID,.0069999,112.5000000,C,.0005259,,949.4476516,826.2822391
XCME.ZN1.01AUG25.111:5.C,.5937500,.6250000,111.5000000,C,.6207369,,1278.2375038,924.2856966
