Key,BID,ASK,STRIKE,ITYPE,ADJTHEOR,IVBID,IVASK,IVAVERAGE
XCME.ZN.SEP25,110.8906250,110.9062500,INVALID,F,,,,
XCME.ZN1.01AUG25.110:25.C,.6718750,.7031250,110.2500000,C,.6689583,741.3553931,1197.2817372,1020.7130874
XCME.ZN1.01AUG25.112:75.C,INVALID,.0069999,112.7500000,C,0,,1862.9679060,1688.2955644
