Key,BID,ASK,STRIKE,ITYPE,ADJTHEOR,IVBID,IVASK,IVAVERAGE
XCME.ZN.SEP25,110.9375000,110.9531250,INVALID,F,,,,
XCME.ZN1.01AUG25.110:25.C,.7031250,.7343750,110.2500000,C,.7017823,909.0358037,1065.0073849,991.8814526
XCME.ZN1.01AUG25.112:75.C,INVALID,.0069999,112.7500000,C,.0000011,,1587.4469438,1436.9075135
