Key,BID,ASK,STRIKE,ITYPE,ADJTHEOR,IVBID,IVASK,IVAVERAGE
XCME.ZN.SEP25,111.7656250,111.7812500,INVALID,F,,,,
XCME.VY1.04AUG25.111:5.C,.3125000,.3437500,111.5000000,C,.3406104,485.7862896,626.0609395,558.0154553
XCME.VY1.04AUG25.112:25.C,.0312500,.0468750,112.2500000,C,.0354619,624.2615276,716.5184086,672.0107048
XCME.VY1.04AUG25.110:5.P,INVALID,.0069999,110.5000000,P,.0028990,,933.9897477,838.8072232
XCME.VY1.04AUG25.112:5.P,.7343750,.7500000,112.5000000,P,.7450686,538.7637274,865.1329086,739.2926235
XCME.VY1.04AUG25.111.C,.7656250,.7968750,111,C,.7796271,,834.7836239,725.1935217
XCME.VY1.04AUG25.110:5.C,1.2656250,1.2968750,110.5000000,C,1.2728365,,1016.3453888,942.9297094
