Key,BID,ASK,STRIKE,ITYPE,ADJTHEOR,IVBID,IVASK,IVAVERAGE
XCME.ZN.SEP25,111.0468750,111.0625000,INVALID,F,,,,
XCME.ZN1.01AUG25.111.P,.2031250,.2187500,111,P,.1432329,918.3859599,979.0582884,948.7290450
XCME.ZN1.01AUG25.110:75.C,.4062500,.4375000,110.7500000,C,.3648669,790.0297914,932.5814317,862.2941849
