Key,BID,ASK,STRIKE,ITYPE,ADJTHEOR,IVBID,IVASK,IVAVERAGE
XCME.ZN.SEP25,110.9062500,110.9218750,INVALID,F,,,,
XCME.ZN1.01AUG25.110:25.C,.6718750,.7031250,110.2500000,C,.6679331,870.5632571,1405.9268956,1198.5245978
XCME.ZN1.01AUG25.112:75.C,INVALID,.0069999,112.7500000,C,0,,,
