Key,BID,ASK,STRIKE,ITYPE,ADJTHEOR,IVBID,IVASK,IVAVERAGE
XCME.ZN.SEP25,112.1093750,112.1250000,INVALID,F,,,,
XCME.VY1.04AUG25.111.C,1.1093750,1.1406250,111,C,1.1186596,,1191.5698890,1050.0602891
XCME.VY1.04AUG25.110:5.C,1.6093750,1.6406250,110.5000000,C,1.6171266,,1585.9828967,1413.3083942
XCME.VY1.04AUG25.110.C,2.1093750,2.1406250,110,C,2.1171116,,1963.1600213,1761.9552599
XCME.VY1.04AUG25.110:75.C,1.3593750,1.3906250,110.7500000,C,1.3675162,,1391.4862013,1233.8684044
XCME.VY1.04AUG25.110.P,INVALID,.0069999,110,P,.0034241,,1553.0884879,1410.5661891
XCME.VY1.04AUG25.111:25.C,.8593750,.8906250,111.2500000,C,.8722298,,979.2306736,853.7100014
XCME.VY1.04AUG25.113.P,.8750000,.9062500,113,P,.8959336,,927.8447792,768.3056005
