Key,BID,ASK,STRIKE,ITYPE,ADJTHEOR,IVBID,IVASK,IVAVERAGE
XCME.ZN.SEP25,112.1562500,112.1718750,INVALID,F,,,,
XCME.WY1.06AUG25.110:5.P,.0069999,.0156250,110.5000000,P,.0091290,758.7022621,870.9312341,821.4300965
XCME.WY1.06AUG25.110:25.C,1.9062500,1.9375000,110.2500000,C,1.9177158,,1085.3943049,971.5524077
XCME.WY1.06AUG25.112:5.P,.4531250,.4843750,112.5000000,P,.4633911,566.7678526,648.4461552,607.9666257
XCME.WY1.06AUG25.111:5.C,.7031250,.7343750,111.5000000,C,.7164575,554.8992193,671.6399706,615.9698072
XCME.WY1.06AUG25.110:25.P,INVALID,.0156250,110.2500000,P,.0071533,,976.1967066,868.8882358
XCME.WY1.06AUG25.111:75.P,.0937500,.1093750,111.7500000,P,.1013063,565.2204362,609.1785119,587.3666261
XCME.WY1.06AUG25.112:75.P,.6562500,.6718750,112.7500000,P,.6612320,602.5587999,654.3389152,628.8349004
