Key,BID,ASK,STRIKE,ITYPE,ADJTHEOR,IVBID,IVASK,IVAVERAGE
XCME.ZN.SEP25,111.9687500,111.9843750,INVALID,F,,,,
XCME.GY1.05AUG25.113.P,INVALID,INVALID,113,P,1.0603396,,559.5835025,422.6215306
XCME.GY1.05AUG25.112:75.P,.7812500,.8125000,112.7500000,P,.8234908,,598.1076452,492.4255318
XCME.GY1.05AUG25.110:75.C,INVALID,INVALID,110.7500000,C,1.2129429,742.9272406,999.1501419,891.2317162
XCME.GY1.05AUG25.112:25.P,.3750000,.3906250,112.2500000,P,.3968699,524.2987551,573.8619033,549.2634058
XCME.GY1.05AUG25.113.C,.0069999,.0312500,113,C,.0177771,605.3125372,827.5114624,736.5613472
XCME.GY1.05AUG25.111.P,.0069999,.0156250,111,P,.0100510,563.2738941,658.6966079,616.1317186
XCME.GY1.05AUG25.112.C,.1718750,.2031250,112,C,.1910349,517.9814101,602.3918178,560.1972448
