Key,BID,ASK,STRIKE,ITYPE,ADJTHEOR,IVBID,IVASK,IVAVERAGE
XCME.ZN.SEP25,111.8906250,111.9062500,INVALID,F,,,,
XCME.ZN1.01AUG25.111:5.P,.0069999,.0156250,111.5000000,P,.0127156,764.3506673,926.8710436,853.3482769
XCME.ZN1.01AUG25.111:25.P,INVALID,.0069999,111.2500000,P,.0050847,,1096.3318748,969.6268158
XCME.ZN1.01AUG25.112:5.P,.5937500,.6250000,112.5000000,P,.5696986,1352.5032063,1710.5233370,1542.1335352
XCME.ZN1.01AUG25.110.C,1.8906250,1.9218750,110,C,,,,
XCME.ZN1.01AUG25.112.P,.1562500,.1718750,112,P,.1458456,841.4538064,950.7937735,896.1849371
XCME.ZN1.01AUG25.112:25.C,.0156250,.0312500,112.2500000,C,.0229311,727.9414381,913.8057139,826.5931641
