Key,BID,ASK,STRIKE,ITYPE,ADJTHEOR,IVBID,IVASK,IVAVERAGE
XCME.ZN.SEP25,110.9531250,110.9687500,INVALID,F,,,,
XCME.ZN1.01AUG25.110:5.C,.5156250,.5468750,110.5000000,C,.4685687,1008.8498216,1202.1043958,1107.9052311
XCME.ZN1.01AUG25.111:75.C,.0156250,.0312500,111.7500000,C,.0012298,984.5789573,1169.7675838,1084.6059515
