Key,BID,ASK,STRIKE,ITYPE,ADJTHEOR,IVBID,IVASK,IVAVERAGE
XCME.ZN.SEP25,112.0937500,112.1093750,INVALID,F,,,,
XCME.VY1.04AUG25.111:5.P,.0156250,.0312500,111.5000000,P,.0198865,658.1541395,793.4865756,730.8945932
XCME.VY1.04AUG25.112:5.C,.0312500,.0625000,112.5000000,C,.0427447,598.8955184,778.0916089,693.1087439
XCME.VY1.04AUG25.110:25.P,INVALID,.0069999,110.2500000,P,.0033306,,1395.9923846,1264.9225891
XCME.VY1.04AUG25.111.P,INVALID,.0069999,111,P,.0052112,,905.1515367,811.7936643
XCME.VY1.04AUG25.110:75.P,INVALID,.0069999,110.7500000,P,.0038459,,1072.1414210,965.2383161
XCME.VY1.04AUG25.112.P,.1093750,.1250000,112,P,.1190227,595.7760347,657.7710816,626.8216728
