Key,BID,ASK,STRIKE,ITYPE,ADJTHEOR,IVBID,IVASK,IVAVERAGE
XCME.ZN.SEP25,111.0468750,111.0625000,INVALID,F,,,,
XCME.ZN1.01AUG25.111.C,.2656250,.2812500,111,C,.2014204,874.4214344,935.1371675,904.7872815
XCME.ZN1.01AUG25.111:25.P,.3437500,.3593750,111.2500000,P,.2836974,947.1294232,1009.7264629,978.4660553
