Key,BID,ASK,STRIKE,ITYPE,ADJTHEOR,IVBID,IVASK,IVAVERAGE
XCME.ZN.SEP25,110.8281250,110.8437500,INVALID,F,,,,
XCME.WY1.06AUG25.110:75.C,.3281250,.3593750,110.7500000,C,,,,
XCME.WY1.06AUG25.111:5.P,.7500000,.7656250,111.5000000,P,,,,
XCME.WY1.06AUG25.111.C,.2187500,.2343750,111,C,,,,
XCME.VY1.04AUG25.111:75.P,.9375000,.9531250,111.7500000,P,.9373294,636.4759102,878.7348816,784.1699898
XCME.VY1.04AUG25.111:75.C,.0156250,.0312500,111.7500000,C,.0033315,839.5459351,992.3678511,922.3488454
XCME.VY1.04AUG25.112:75.P,1.9218750,1.9375000,112.7500000,P,1.9340199,,1201.0928035,
XCME.VY1.04AUG25.111:25.P,.5000000,.5312500,111.2500000,P,.4751747,765.2401008,908.7577190,838.6320322
