Key,BID,ASK,STRIKE,ITYPE,ADJTHEOR,IVBID,IVASK,IVAVERAGE
XCME.ZN.SEP25,110.9843750,111,INVALID,F,,,,
XCME.ZN1.01AUG25.110.P,INVALID,.0156250,110,P,.0005110,,1009.6444978,881.9414891
XCME.ZN1.01AUG25.110:75.P,.1250000,.1562500,110.7500000,P,.0707731,898.3718703,966.7316558,932.6526869
