Key,BID,ASK,STRIKE,ITYPE,ADJTHEOR,IVBID,IVASK,IVAVERAGE
XCME.ZN.SEP25,112.1093750,112.1250000,INVALID,F,,,,
XCME.VY1.04AUG25.111:5.C,.6250000,.6406250,111.5000000,C,.6319868,572.1794037,740.4358222,667.1913322
XCME.VY1.04AUG25.112:25.C,.0937500,.1093750,112.2500000,C,.1004225,577.4518308,640.6408065,609.1379530
XCME.VY1.04AUG25.110:5.P,INVALID,.0069999,110.5000000,P,.0031705,,1239.0693242,1119.3339902
XCME.VY1.04AUG25.112:5.P,.4062500,.4375000,112.5000000,P,.4237608,528.1927891,715.2983073,627.9690962
XCME.VY1.04AUG25.111.C,1.1093750,1.1406250,111,C,1.1211237,,1156.1175509,999.4858611
XCME.VY1.04AUG25.110:5.C,1.6093750,1.6250000,110.5000000,C,1.6203580,,1542.3186869,1349.9745643
