Key,BID,ASK,STRIKE,ITYPE,ADJTHEOR,IVBID,IVASK,IVAVERAGE
XCME.ZN.SEP25,112.0468750,112.0625000,INVALID,F,,,,
XCME.GY1.05AUG25.110.P,INVALID,.0069999,110,P,.0033643,,1073.7015337,974.3422325
XCME.GY1.05AUG25.110:5.C,1.5468750,1.5625000,110.5000000,C,1.5550091,,1090.4660890,970.4502137
XCME.GY1.05AUG25.111.C,1.0468750,1.0781250,111,C,1.0595488,,808.5599956,710.8256087
XCME.GY1.05AUG25.112:25.C,.1093750,.1406250,112.2500000,C,.1293434,522.8090070,613.9426681,568.6390440
XCME.GY1.05AUG25.111:25.C,.7968750,.8281250,111.2500000,C,.8186595,538.4649578,659.6269043,605.3521410
XCME.GY1.05AUG25.111:75.C,.3750000,.4062500,111.7500000,C,.3923284,507.3914718,608.1276354,558.5412340
XCME.GY1.05AUG25.112:5.P,.5000000,.5312500,112.5000000,P,.5149394,544.2476534,604.9105809,575.1530578
