Key,BID,ASK,STRIKE,ITYPE,ADJTHEOR,IVBID,IVASK,IVAVERAGE
XCME.ZN.SEP25,110.9531250,110.9687500,INVALID,F,,,,
XCME.ZN1.01AUG25.110:25.P,.0156250,.0312500,110.2500000,P,.0028265,862.3214064,1032.3359969,953.9431674
XCME.ZN1.01AUG25.110:5.P,.0625000,.0781250,110.5000000,P,.0170781,980.8395195,1076.8894374,1029.5677835
