Key,BID,ASK,STRIKE,ITYPE,ADJTHEOR,IVBID,IVASK,IVAVERAGE
XCME.ZN.SEP25,110.9531250,110.9687500,INVALID,F,,,,
XCME.ZN1.01AUG25.111.P,.2500000,.2812500,111,P,.1672249,1045.6990743,1190.8643167,1118.2958849
XCME.ZN1.01AUG25.110:75.C,.3281250,.3593750,110.7500000,C,.2653839,977.7426460,1132.0294882,1055.2468688
