Key,BID,ASK,STRIKE,ITYPE,ADJTHEOR,IVBID,IVASK,IVAVERAGE
XCME.ZN.SEP25,112.1093750,112.1250000,INVALID,F,,,,
XCME.WY1.06AUG25.110.P,INVALID,.0156250,110,P,.0042617,,1053.4589012,939.8374096
XCME.WY1.06AUG25.110:75.P,.0069999,.0156250,110.7500000,P,.0136390,640.9228306,739.7754737,695.9818999
XCME.WY1.06AUG25.112:25.P,.3281250,.3437500,112.2500000,P,.3363825,591.2989705,627.3300684,609.3237141
XCME.WY1.06AUG25.111:25.C,.8906250,.9218750,111.2500000,C,.9136106,514.0589686,684.0903346,609.2918706
XCME.WY1.06AUG25.110:5.P,.0069999,.0156250,110.5000000,P,.0087003,737.1312821,846.3292404,798.0355932
XCME.WY1.06AUG25.110:25.C,1.8593750,1.8906250,110.2500000,C,1.8808732,,950.7861171,764.3692254
