Key,BID,ASK,STRIKE,ITYPE,ADJTHEOR,IVBID,IVASK,IVAVERAGE
XCME.ZN.SEP25,112.0468750,112.0625000,INVALID,F,,,,
XCME.GY1.05AUG25.111:5.C,.5625000,.5937500,111.5000000,C,.5819019,429.1716600,598.0010952,522.8584558
XCME.GY1.05AUG25.110.C,2.0312500,2.0625000,110,C,2.0510369,,1217.7380230,1155.8791529
XCME.GY1.05AUG25.111:5.P,.0312500,.0468750,111.5000000,P,.0342148,527.0831393,601.6359624,565.7310649
XCME.GY1.05AUG25.110:25.C,1.7812500,1.8125000,110.2500000,C,1.8010490,,1094.4285384,1037.1857768
XCME.GY1.05AUG25.112:75.C,.0156250,.0312500,112.7500000,C,.0297608,525.3842358,628.2912290,580.8464067
XCME.GY1.05AUG25.112:5.C,.0468750,.0625000,112.5000000,C,.0583029,532.0117628,594.5152877,563.9263704
