Key,BID,ASK,STRIKE,ITYPE,ADJTHEOR,IVBID,IVASK,IVAVERAGE
XCME.ZN.SEP25,112.0468750,112.0625000,INVALID,F,,,,
XCME.WY1.06AUG25.110.P,INVALID,.0069999,110,P,.0043910,,882.1779846,800.7559139
XCME.WY1.06AUG25.110:75.P,INVALID,.0156250,110.7500000,P,.0066263,,696.9566843,613.7611655
XCME.WY1.06AUG25.112:25.P,.3437500,.3593750,112.2500000,P,.3501575,524.4402593,560.8923785,542.6962922
XCME.WY1.06AUG25.111:25.C,.8281250,.8593750,111.2500000,C,.8314307,498.4722404,582.1987021,543.1591498
XCME.WY1.06AUG25.110:5.P,INVALID,.0069999,110.5000000,P,.0050314,,697.4822314,629.3970460
XCME.WY1.06AUG25.110:25.C,1.8125000,1.8281250,110.2500000,C,1.8135004,,940.1167774,900.6204140
