Key,BID,ASK,STRIKE,ITYPE,ADJTHEOR,IVBID,IVASK,IVAVERAGE
XCME.ZN.SEP25,112.0468750,112.0625000,INVALID,F,,,,
XCME.WY1.06AUG25.112:5.P,.5000000,.5312500,112.5000000,P,.5062361,558.9367589,641.6025995,600.7657644
XCME.WY1.06AUG25.111:5.C,.6250000,.6562500,111.5000000,C,.6467680,425.7873122,552.1222221,493.7786904
XCME.WY1.06AUG25.110:25.P,INVALID,.0069999,110.2500000,P,.0036993,,806.0803841,730.3156587
XCME.WY1.06AUG25.111:75.P,.1093750,.1250000,111.7500000,P,.0997499,545.8472253,586.2551308,566.1597386
XCME.WY1.06AUG25.112:75.P,.7343750,.7656250,112.7500000,P,.7117925,681.5188600,776.4214067,729.9352741
XCME.WY1.06AUG25.110:5.C,1.5468750,1.5625000,110.5000000,C,1.6050003,,,
