Key,BID,ASK,STRIKE,ITYPE,ADJTHEOR,IVBID,IVASK,IVAVERAGE
XCME.ZN.SEP25,111.9531250,111.9687500,INVALID,F,,,,
XCME.ZN1.01AUG25.111:25.C,.7031250,.7343750,111.2500000,C,.7377032,,838.4024158,
XCME.ZN1.01AUG25.111:75.C,.2343750,.2656250,111.7500000,C,.2752240,312.2145717,771.2293585,605.0355324
XCME.ZN1.01AUG25.110:5.C,1.4531250,1.4843750,110.5000000,C,1.4876171,,1561.4790331,
XCME.ZN1.01AUG25.110:75.C,1.2031250,1.2343750,110.7500000,C,1.2363348,,1327.1272109,
XCME.ZN1.01AUG25.111.P,INVALID,.0069999,111,P,.0025692,,1469.5737291,1313.7810392
XCME.ZN1.01AUG25.113.C,INVALID,.0069999,113,C,.0030142,,1513.1264154,1354.8537201
