Key,BID,ASK,STRIKE,ITYPE,ADJTHEOR,IVBID,IVASK,IVAVERAGE
XCME.ZN.SEP25,112.0312500,112.0468750,INVALID,F,,,,
XCME.ZN1.01AUG25.113.P,.9531250,.9687500,113,P,.9609372,,1816.2314494,1617.0742556
XCME.ZN1.01AUG25.112:25.P,.2031250,.2343750,112.2500000,P,.2140078,,791.8523636,626.2944282
XCME.ZN1.01AUG25.111.C,1.0312500,1.0468750,111,C,1.0390626,,1931.4385904,1722.8627894
XCME.ZN1.01AUG25.112.C,.0625000,.0781250,112,C,.0712614,338.9055527,478.7783597,409.4909865
XCME.VY1.04AUG25.111:75.P,.0312500,.0468750,111.7500000,P,.0407093,477.6984276,561.3289032,520.6987876
XCME.VY1.04AUG25.111:75.C,.3125000,.3437500,111.7500000,C,.3297716,431.1690636,600.2569593,520.6994760
