Key,BID,ASK,STRIKE,ITYPE,ADJTHEOR,IVBID,IVASK,IVAVERAGE
XCME.ZN.SEP25,112,112.0156250,INVALID,F,,,,
XCME.GY1.05AUG25.111.C,1,1.0312500,111,C,1.0129887,,782.7356754,686.7641702
XCME.GY1.05AUG25.112:25.C,.0937500,.1250000,112.2500000,C,.1090569,522.7114986,617.6335843,570.6075085
XCME.GY1.05AUG25.111:25.C,.7656250,.7812500,111.2500000,C,.7724748,516.5407798,634.3661799,581.5430986
XCME.GY1.05AUG25.111:75.C,.3437500,.3593750,111.7500000,C,.3529765,517.5237991,565.9320840,541.8679971
XCME.GY1.05AUG25.112:5.P,.5312500,.5625000,112.5000000,P,.5507930,511.7138548,643.4264055,580.8363068
XCME.GY1.05AUG25.113.P,1,1.0156250,113,P,1.0110344,544.2250912,725.2997205,652.5649808
XCME.GY1.05AUG25.112:75.P,.7500000,.7812500,112.7500000,P,.7742647,422.3757887,675.8800489,578.2761168
