Key,BID,ASK,STRIKE,ITYPE,ADJTHEOR,IVBID,IVASK,IVAVERAGE
XCME.ZN.SEP25,110.9531250,110.9687500,INVALID,F,,,,
XCME.ZN1.01AUG25.112:25.P,1.2656250,1.3125000,112.2500000,P,1.2934881,,1295.9679528,1083.9959084
XCME.ZN1.01AUG25.113.P,2.0156250,2.0625000,113,P,2.0433786,,1868.5005495,1592.9357227
