Key,BID,ASK,STRIKE,ITYPE,ADJTHEOR,IVBID,IVASK,IVAVERAGE
XCME.ZN.SEP25,110.9843750,111,INVALID,F,,,,
XCME.ZN1.01AUG25.112:5.C,INVALID,.0069999,112.5000000,C,.0000429,,1197.3607897,1079.9387967
XCME.ZN1.01AUG25.112.C,.0069999,.0156250,112,C,.0009080,859.9309975,1003.9411682,939.8772518
