Key,BID,ASK,STRIKE,ITYPE,ADJTHEOR,IVBID,IVASK,IVAVERAGE
XCME.ZN.SEP25,111.9687500,111.9843750,INVALID,F,,,,
XCME.WY1.06AUG25.112:5.P,.5937500,.6250000,112.5000000,P,.6080556,544.0836196,638.7953078,592.6217571
XCME.WY1.06AUG25.111:5.C,.5312500,.5625000,111.5000000,C,.5483447,482.7578646,577.5732959,531.4895158
XCME.WY1.06AUG25.110:25.P,INVALID,.0069999,110.2500000,P,.0045249,,756.7798682,684.2649033
XCME.WY1.06AUG25.111:75.P,.1406250,.1562500,111.7500000,P,.1488535,522.2786969,559.3238752,540.8434779
XCME.WY1.06AUG25.112:75.P,.8125000,.8437500,112.7500000,P,.8232982,566.6401774,692.7559061,633.4226653
XCME.WY1.06AUG25.110:5.C,1.4687500,1.4843750,110.5000000,C,1.4788720,,719.6766678,669.2924417
XCME.WY1.06AUG25.112.P,.2500000,.2812500,112,P,.2634060,524.0097108,593.3756988,558.6946735
