Key,BID,ASK,STRIKE,ITYPE,ADJTHEOR,IVBID,IVASK,IVAVERAGE
XCME.ZN.SEP25,112.2187500,112.2343750,INVALID,F,,,,
XCME.GY1.05AUG25.110:5.P,INVALID,.0069999,110.5000000,P,.0043917,,956.2673863,864.5997268
XCME.GY1.05AUG25.110:75.P,INVALID,.0156250,110.7500000,P,.0055164,,965.9841884,853.1982956
XCME.GY1.05AUG25.111:75.P,.0468750,.0625000,111.7500000,P,.0583025,562.0992067,627.1896104,595.3467848
XCME.GY1.05AUG25.112.P,.1093750,.1250000,112,P,.1209302,564.5404963,612.4544146,588.5846151
XCME.VY1.04AUG25.111:75.P,.0156250,.0312500,111.7500000,P,.0222518,565.0703034,690.6344277,632.2452574
XCME.VY1.04AUG25.111:75.C,.4843750,.5000000,111.7500000,C,.4953168,521.2706562,659.2271188,596.6242626
