Key,BID,ASK,STRIKE,ITYPE,ADJTHEOR,IVBID,IVASK,IVAVERAGE
XCME.ZN.SEP25,111.8437500,111.8593750,INVALID,F,,,,
XCME.WY1.06AUG25.112.P,.3125000,.3281250,112,P,.3209548,525.3990094,560.7210624,543.0740784
XCME.WY1.06AUG25.110:75.C,1.1093750,1.1406250,110.7500000,C,1.1402057,,687.0613342,570.7742252
XCME.WY1.06AUG25.111:5.P,.0937500,.1093750,111.5000000,P,.1020618,510.8916045,552.2162178,531.6993691
XCME.WY1.06AUG25.111.C,.8593750,.8906250,111,C,.9016547,,567.7152783,465.8764063
XCME.ZN1.01AUG25.112:75.C,INVALID,.0069999,112.7500000,C,.0035593,,1305.7653006,1161.1106208
XCME.ZN1.01AUG25.110:25.C,1.5937500,1.6250000,110.2500000,C,,,,1964.8038932
