Key,BID,ASK,STRIKE,ITYPE,ADJTHEOR,IVBID,IVASK,IVAVERAGE
XCME.ZN.SEP25,111.9843750,112,INVALID,F,,,,
XCME.ZN1.01AUG25.111:25.C,.7031250,INVALID,111.2500000,C,.7307127,,,
XCME.ZN1.01AUG25.111:75.C,.2187500,.2812500,111.7500000,C,.2654415,,976.7679726,723.1119535
XCME.ZN1.01AUG25.110:5.C,INVALID,INVALID,110.5000000,C,1.4804599,,,
XCME.ZN1.01AUG25.110:75.C,1.1718750,INVALID,110.7500000,C,1.2294947,,,
XCME.ZN1.01AUG25.111.P,INVALID,.0069999,111,P,.0027950,,1486.2498597,1327.4645689
XCME.ZN1.01AUG25.113.C,INVALID,.0069999,113,C,.0032417,,1549.6946685,1387.8520557
