Key,BID,ASK,STRIKE,ITYPE,ADJTHEOR,IVBID,IVASK,IVAVERAGE
XCME.ZN.SEP25,111.7031250,111.7187500,INVALID,F,,,,
XCME.WY1.06AUG25.112:75.P,1.0468750,1.0781250,112.7500000,P,1.0936191,,505.4845771,
XCME.WY1.06AUG25.110:5.C,1.2031250,1.2343750,110.5000000,C,1.1859798,698.8719075,864.8853666,789.5164172
XCME.WY1.06AUG25.112.P,.4062500,.4375000,112,P,.4432591,456.3295703,537.2809045,497.3401374
XCME.WY1.06AUG25.110:75.C,.9531250,.9843750,110.7500000,C,.9431901,582.7745363,732.0165608,663.8525606
XCME.WY1.06AUG25.111:5.P,.1406250,.1562500,111.5000000,P,.1558817,481.3638036,517.5095259,499.4690579
XCME.WY1.06AUG25.111.C,.7343750,.7656250,111,C,.7120962,592.6634860,698.2662600,647.3000990
