Key,BID,ASK,STRIKE,ITYPE,ADJTHEOR,IVBID,IVASK,IVAVERAGE
XCME.ZN.SEP25,112.1875000,112.2031250,INVALID,F,,,,
XCME.GY1.05AUG25.111:25.P,.0069999,.0156250,111.2500000,P,.0146191,573.9979262,673.8513346,629.4267868
XCME.GY1.05AUG25.110:25.P,INVALID,.0069999,110.2500000,P,.0000728,,1060.2981642,960.8542759
XCME.GY1.05AUG25.111:5.C,.7031250,.7187500,111.5000000,C,.7183566,533.2972129,638.3136044,589.8676546
XCME.GY1.05AUG25.110.C,2.1718750,2.2031250,110,C,2.1875166,,1338.1844254,1274.0504198
XCME.GY1.05AUG25.111:5.P,.0156250,.0312500,111.5000000,P,.0308568,533.2953959,638.3125859,589.8706383
XCME.GY1.05AUG25.110:25.C,1.9375000,1.9687500,110.2500000,C,1.9375728,414.6260070,1389.2435635,1262.8419374
