Key,BID,ASK,STRIKE,ITYPE,ADJTHEOR,IVBID,IVASK,IVAVERAGE
XCME.ZN.SEP25,111.9531250,111.9687500,INVALID,F,,,,
XCME.ZN1.01AUG25.111:25.C,.7031250,.7187500,111.2500000,C,.6997656,,1536.8491533,1457.5257880
XCME.ZN1.01AUG25.111:75.C,.2031250,.2343750,111.7500000,C,.2167584,406.0222210,804.9796268,682.2958653
XCME.ZN1.01AUG25.110:5.C,1.4531250,1.4687500,110.5000000,C,1.4488172,,,
XCME.ZN1.01AUG25.110:75.C,1.2031250,1.2187500,110.7500000,C,1.1988715,,,
XCME.ZN1.01AUG25.111.P,INVALID,.0069999,111,P,.0002707,,1567.9745523,1400.4518863
XCME.ZN1.01AUG25.113.C,INVALID,.0069999,113,C,.0000758,,1709.1258388,1531.5509510
XCME.ZN1.01AUG25.112:5.C,INVALID,.0069999,112.5000000,C,.0007452,,1008.5063774,885.9054393
