Key,BID,ASK,STRIKE,ITYPE,ADJTHEOR,IVBID,IVASK,IVAVERAGE
XCME.ZN.SEP25,112.0312500,112.0468750,INVALID,F,,,,
XCME.ZN1.01AUG25.111:5.C,.5312500,.5468750,111.5000000,C,.5313437,,1320.8950779,1231.5616078
XCME.ZN1.01AUG25.113.P,.9531250,.9687500,113,P,.9687503,,,1628.2837396
XCME.ZN1.01AUG25.112:25.P,.2031250,.2187500,112.2500000,P,.2222913,197.6762432,703.0261406,572.7741904
XCME.ZN1.01AUG25.111.C,1.0312500,1.0468750,111,C,1.0312512,,,
XCME.ZN1.01AUG25.112.C,.0625000,.0781250,112,C,.0693575,242.1461582,519.3126310,382.9991681
XCME.WY1.06AUG25.110.C,2.0312500,2.0625000,110,C,2.0333638,801.0749718,1180.6263321,1083.9847949
XCME.WY1.06AUG25.113.P,.9687500,1,113,P,.9931760,,638.1756316,529.9276771
