Key,BID,ASK,STRIKE,ITYPE,ADJTHEOR,IVBID,IVASK,IVAVERAGE
XCME.ZN.SEP25,112.1875000,112.2031250,INVALID,F,,,,
XCME.GY1.05AUG25.111:5.C,.7187500,.7343750,111.5000000,C,.7262305,571.0940916,749.1257264,668.4948222
XCME.GY1.05AUG25.110.C,2.1875000,2.2187500,110,C,2.2024212,,1400.6660254,1206.0112351
XCME.GY1.05AUG25.111:5.P,.0156250,.0312500,111.5000000,P,.0274179,538.3934889,643.8866835,595.2451595
XCME.GY1.05AUG25.110:25.C,1.9375000,1.9687500,110.2500000,C,1.9525522,,1270.0780645,1088.8778234
XCME.GY1.05AUG25.112:75.C,.0468750,.0625000,112.7500000,C,.0560138,620.5356166,688.9129199,655.5134462
XCME.GY1.05AUG25.112:5.C,.0937500,.1093750,112.5000000,C,.1046593,591.7665605,642.6520597,617.3677029
XCME.GY1.05AUG25.110:5.P,INVALID,.0069999,110.5000000,P,.0041256,,945.5614748,855.0488197
