Key,BID,ASK,STRIKE,ITYPE,ADJTHEOR,IVBID,IVASK,IVAVERAGE
XCME.ZN.SEP25,110.9531250,110.9687500,INVALID,F,,,,
XCME.ZN1.01AUG25.113.C,INVALID,.0069999,113,C,0,,1874.4028656,1702.2764781
XCME.ZN1.01AUG25.111:5.C,.0468750,.0625000,111.5000000,C,.0078230,1047.7504744,1163.1787840,1106.7970792
