Key,BID,ASK,STRIKE,ITYPE,ADJTHEOR,IVBID,IVASK,IVAVERAGE
XCME.ZN.SEP25,112.1875000,112.2031250,INVALID,F,,,,
XCME.VY1.04AUG25.110.C,2.1718750,2.2031250,110,C,2.1989103,,1684.6365264,1527.1247620
XCME.VY1.04AUG25.110:75.C,1.4375000,1.4531250,110.7500000,C,1.4488001,,1184.8620730,1065.0289208
XCME.VY1.04AUG25.110.P,INVALID,.0069999,110,P,.0035978,,1656.9314713,1505.0843744
XCME.VY1.04AUG25.111:25.C,.9375000,.9531250,111.2500000,C,.9513386,,828.9106857,735.5605782
XCME.VY1.04AUG25.113.P,.7968750,.8281250,113,P,.8154792,,925.3756020,787.3513878
XCME.VY1.04AUG25.113.C,.0069999,.0156250,113,C,.0107917,710.3549406,838.9597045,781.4880005
