Key,BID,ASK,STRIKE,ITYPE,ADJTHEOR,IVBID,IVASK,IVAVERAGE
XCME.ZN.SEP25,112.1718750,112.1875000,INVALID,F,,,,
XCME.WY1.06AUG25.110:75.C,1.4218750,1.4531250,110.7500000,C,1.4413016,,838.5491691,730.8723169
XCME.WY1.06AUG25.111:5.P,.0468750,.0625000,111.5000000,P,.0521317,583.7535325,643.6291173,614.4445318
XCME.WY1.06AUG25.111.C,1.1718750,1.2031250,111,C,1.1971544,,722.0235609,625.1159391
XCME.GY1.05AUG25.110.P,INVALID,.0069999,110,P,.0040338,,1168.4448033,1061.2867779
XCME.GY1.05AUG25.110:5.C,1.6718750,1.7031250,110.5000000,C,1.6851714,,1164.6956318,1020.4482902
XCME.GY1.05AUG25.111.C,1.1718750,1.2031250,111,C,1.1903420,,883.2180248,764.6706357
XCME.GY1.05AUG25.112:25.C,.1718750,.1875000,112.2500000,C,.1801052,575.2349084,619.4371110,597.3431066
