Key,BID,ASK,STRIKE,ITYPE,ADJTHEOR,IVBID,IVASK,IVAVERAGE
XCME.ZN.SEP25,112.0312500,112.0468750,INVALID,F,,,,
XCME.GY1.05AUG25.110:5.P,INVALID,.0069999,110.5000000,P,.0041519,,832.7925790,751.1132010
XCME.GY1.05AUG25.110:75.P,INVALID,.0069999,110.7500000,P,.0055047,,716.3767228,643.2344634
XCME.GY1.05AUG25.111:75.P,.0781250,.0937500,111.7500000,P,.0947449,494.6964017,544.3520549,519.7114319
XCME.GY1.05AUG25.112.P,.1718750,.2031250,112,P,.1928623,492.9277599,577.7883207,535.3607893
XCME.VY1.04AUG25.111:75.P,.0312500,.0468750,111.7500000,P,.0478029,447.3007523,527.8191192,488.6551397
XCME.VY1.04AUG25.111:75.C,.3125000,.3437500,111.7500000,C,.3142394,523.8313256,668.4432509,598.0744802
