Key,BID,ASK,STRIKE,ITYPE,ADJTHEOR,IVBID,IVASK,IVAVERAGE
XCME.ZN.SEP25,111.9687500,111.9843750,INVALID,F,,,,
XCME.VY1.04AUG25.112.C,.1406250,.1562500,112,C,.1450023,612.7493685,669.6096568,641.1919536
XCME.VY1.04AUG25.112:75.C,.0069999,.0156250,112.7500000,C,.0125388,652.3670407,770.3825159,717.6797424
XCME.VY1.04AUG25.110:25.C,1.6875000,1.7187500,110.2500000,C,1.6875524,456.0493187,1597.7876608,1551.6090519
XCME.WY1.06AUG25.110.C,1.9531250,1.9687500,110,C,1.9420027,955.0846971,1095.4240593,1064.8171353
XCME.WY1.06AUG25.113.P,1.0625000,1.0781250,113,P,1.0842315,281.7276944,589.5691891,516.1961679
XCME.WY1.06AUG25.112:75.C,.0312500,.0468750,112.7500000,C,.0397429,564.2654539,635.3016906,601.2743243
XCME.WY1.06AUG25.112.C,.2187500,.2343750,112,C,.2219622,551.6510339,586.4666535,569.0613655
