Key,BID,ASK,STRIKE,ITYPE,ADJTHEOR,IVBID,IVASK,IVAVERAGE
XCME.ZN.SEP25,110.9843750,111,INVALID,F,,,,
XCME.ZN1.01AUG25.112:75.P,1.7500000,1.7812500,112.7500000,P,1.7543282,,1719.4824396,1535.5514612
XCME.ZN1.01AUG25.111:75.P,.7656250,.7968750,111.7500000,P,.7597659,737.1239664,1031.6083222,905.4295613
