Key,BID,ASK,STRIKE,ITYPE,ADJTHEOR,IVBID,IVASK,IVAVERAGE
XCME.ZN.SEP25,111.9531250,111.9687500,INVALID,F,,,,
XCME.WY1.06AUG25.110.P,INVALID,.0069999,110,P,.0042144,,843.1440862,764.2982592
XCME.WY1.06AUG25.110:75.P,.0069999,.0156250,110.7500000,P,.0102635,561.9521544,651.8733313,612.0034204
XCME.WY1.06AUG25.112:25.P,.4218750,.4375000,112.2500000,P,.4387779,512.5205093,589.9405209,551.5315004
XCME.WY1.06AUG25.111:25.C,.7343750,.7500000,111.2500000,C,.7320562,562.8582600,623.3801965,593.9832632
XCME.WY1.06AUG25.110:5.P,INVALID,.0156250,110.5000000,P,.0065195,,757.9002620,669.3934116
XCME.WY1.06AUG25.110:25.C,1.7031250,1.7187500,110.2500000,C,1.6967265,812.8540527,960.6805067,895.5879172
