Key,BID,ASK,STRIKE,ITYPE,ADJTHEOR,IVBID,IVASK,IVAVERAGE
XCME.ZN.SEP25,112.1250000,112.1406250,INVALID,F,,,,
XCME.GY1.05AUG25.112:75.P,.6562500,.6875000,112.7500000,P,.6858888,519.0397446,689.3973661,612.2949183
XCME.GY1.05AUG25.110:75.C,1.3750000,1.4062500,110.7500000,C,1.3705878,851.4686513,1125.0984582,1009.4291655
XCME.GY1.05AUG25.112:25.P,.2812500,.3125000,112.2500000,P,.2988793,566.5686244,655.4313186,611.0990704
XCME.GY1.05AUG25.113.C,.0156250,.0312500,113,C,.0286955,632.8460225,749.7619227,696.1679056
XCME.GY1.05AUG25.111.P,.0069999,.0156250,111,P,.0120519,654.4995145,760.6453617,713.4278921
XCME.GY1.05AUG25.112.C,.2812500,.2968750,112,C,.2809990,607.3256161,651.2637563,629.3096846
