Key,BID,ASK,STRIKE,ITYPE,ADJTHEOR,IVBID,IVASK,IVAVERAGE
XCME.ZN.SEP25,110.9531250,110.9687500,INVALID,F,,,,
XCME.ZN1.01AUG25.111:5.P,.5781250,.6093750,111.5000000,P,.5425879,969.4185468,1177.1976833,1077.2657493
