Key,BID,ASK,STRIKE,ITYPE,ADJTHEOR,IVBID,IVASK,IVAVERAGE
XCME.ZN.SEP25,110.9531250,110.9687500,INVALID,F,,,,
XCME.ZN1.01AUG25.110:25.P,.0156250,.0312500,110.2500000,P,.0031520,849.2599522,1017.3489829,939.8287813
XCME.ZN1.01AUG25.110:5.P,.0625000,.0781250,110.5000000,P,.0187558,961.0154686,1056.1749968,1009.2753954
