Key,BID,ASK,STRIKE,ITYPE,ADJTHEOR,IVBID,IVASK,IVAVERAGE
XCME.ZN.SEP25,111.9531250,111.9687500,INVALID,F,,,,
XCME.ZN1.01AUG25.112:25.P,.2812500,.3125000,112.2500000,P,.2941608,,881.4599699,712.1029854
XCME.ZN1.01AUG25.111.C,.9531250,.9687500,111,C,.9611290,,1651.2425536,1470.8810864
XCME.ZN1.01AUG25.112.C,.0468750,.0625000,112,C,.0540337,497.9261801,621.3291895,559.7862089
XCME.GY1.05AUG25.110.P,INVALID,.0069999,110,P,.0032391,,1030.4618594,934.1654257
XCME.GY1.05AUG25.110:5.C,1.4531250,1.4843750,110.5000000,C,1.4645910,,1006.7481311,878.1171327
XCME.GY1.05AUG25.111.C,.9531250,.9843750,111,C,.9699187,,728.2408433,625.5800380
XCME.GY1.05AUG25.112:25.C,.0937500,.1093750,112.2500000,C,.0977644,560.0971269,608.8743515,584.6312338
