Key,BID,ASK,STRIKE,ITYPE,ADJTHEOR,IVBID,IVASK,IVAVERAGE
XCME.ZN.SEP25,111.8750000,111.8906250,INVALID,F,,,,
XCME.ZN1.01AUG25.112:5.P,.6093750,.6406250,112.5000000,P,.6426848,,930.9607790,674.7455150
XCME.ZN1.01AUG25.110.C,1.8593750,1.8906250,110,C,,,,
XCME.ZN1.01AUG25.112.P,.1875000,.2187500,112,P,.2025344,714.1449019,947.5268268,832.4698999
XCME.ZN1.01AUG25.112:25.C,.0156250,.0312500,112.2500000,C,.0193101,833.3881071,1031.3382035,938.8901805
XCME.ZN1.01AUG25.111:25.C,.6093750,.6406250,111.2500000,C,.6200388,,1354.6584734,1166.8960728
XCME.ZN1.01AUG25.111:75.C,.1718750,.2031250,111.7500000,C,.1867581,712.6142262,826.9980017,770.1445369
