Key,BID,ASK,STRIKE,ITYPE,ADJTHEOR,IVBID,IVASK,IVAVERAGE
XCME.ZN.SEP25,110.9843750,111,INVALID,F,,,,
XCME.ZN1.01AUG25.110:25.C,.7343750,.7812500,110.2500000,C,.7456839,,1059.3341599,876.1785495
XCME.ZN1.01AUG25.112:75.C,INVALID,.0069999,112.7500000,C,.0000042,,1445.8099320,1307.7973235
