Key,BID,ASK,STRIKE,ITYPE,ADJTHEOR,IVBID,IVASK,IVAVERAGE
XCME.ZN.SEP25,112.1093750,112.1250000,INVALID,F,,,,
XCME.WY1.06AUG25.112:5.P,.5000000,.5312500,112.5000000,P,.5092202,606.1316976,688.4903584,647.6909003
XCME.WY1.06AUG25.111:5.C,.6718750,.6875000,111.5000000,C,.6891028,573.3796848,628.5106221,601.5005413
XCME.WY1.06AUG25.110:25.P,.0069999,.0156250,110.2500000,P,.0081346,833.1572652,952.9649183,900.0981175
XCME.WY1.06AUG25.111:75.P,.1093750,.1250000,111.7500000,P,.1261759,572.7269307,614.4859753,593.7218952
XCME.WY1.06AUG25.112:75.P,.7031250,.7187500,112.7500000,P,.7079178,639.0421510,690.8587597,665.3300116
XCME.WY1.06AUG25.110:5.C,1.6093750,1.6406250,110.5000000,C,1.6280629,,919.0208202,804.4156906
XCME.WY1.06AUG25.112.P,.2031250,.2187500,112,P,.2137322,586.9377529,623.1121043,605.0333488
