Key,BID,ASK,STRIKE,ITYPE,ADJTHEOR,IVBID,IVASK,IVAVERAGE
XCME.ZN.SEP25,111.9843750,112,INVALID,F,,,,
XCME.VY1.04AUG25.110.C,1.9843750,2.0156250,110,C,1.9920894,,1535.2759426,1434.6452452
XCME.VY1.04AUG25.110:75.C,1.2343750,1.2656250,110.7500000,C,1.2419413,,1039.5057899,963.9078609
XCME.VY1.04AUG25.110.P,INVALID,.0069999,110,P,.0034019,,1422.2642822,1289.3982123
XCME.VY1.04AUG25.111:25.C,.7343750,.7656250,111.2500000,C,.7465616,,847.4262436,735.6822591
XCME.VY1.04AUG25.113.P,1,1.0156250,113,P,1.0163719,,996.0163649,833.1866826
XCME.VY1.04AUG25.113.C,INVALID,.0069999,113,C,.0050594,,809.9538816,725.2434873
