Key,BID,ASK,STRIKE,ITYPE,ADJTHEOR,IVBID,IVASK,IVAVERAGE
XCME.ZN.SEP25,111.8437500,111.8593750,INVALID,F,,,,
XCME.GY1.05AUG25.111:25.P,.0312500,.0468750,111.2500000,P,.0387299,539.1005300,613.5298832,577.7195148
XCME.GY1.05AUG25.110:25.P,INVALID,.0069999,110.2500000,P,.0046792,,845.5922557,763.1906419
XCME.GY1.05AUG25.111:5.C,.4218750,.4531250,111.5000000,C,.4273766,556.5204902,655.3323858,606.6357932
XCME.GY1.05AUG25.110.C,1.8437500,1.8750000,110,C,1.8441379,891.2092690,1293.7265742,1146.0945973
XCME.GY1.05AUG25.111:5.P,.0781250,.0937500,111.5000000,P,.0879391,542.3726434,592.9643447,567.8946406
XCME.GY1.05AUG25.110:25.C,1.5937500,1.6250000,110.2500000,C,1.5941167,786.0905441,1156.1190413,1019.4867058
XCME.GY1.05AUG25.112:75.C,.0156250,.0312500,112.7500000,C,.0213523,623.2131702,736.4614814,684.5410799
