Key,BID,ASK,STRIKE,ITYPE,ADJTHEOR,IVBID,IVASK,IVAVERAGE
XCME.ZN.SEP25,110.9687500,110.9843750,INVALID,F,,,,
XCME.ZN1.01AUG25.111.P,.2343750,.2656250,111,P,.1521240,1048.1845237,1195.5421282,1121.8670709
XCME.ZN1.01AUG25.110:75.C,.3437500,.3750000,110.7500000,C,.2801126,996.2326608,1155.5437308,1076.3507739
