Key,BID,ASK,STRIKE,ITYPE,ADJTHEOR,IVBID,IVASK,IVAVERAGE
XCME.ZN.SEP25,112.1250000,112.1406250,INVALID,F,,,,
XCME.ZN1.01AUG25.111:5.C,.6093750,.6406250,111.5000000,C,.6130497,,1861.5657464,1610.1998936
XCME.ZN1.01AUG25.113.P,.8593750,.8906250,113,P,.8871705,,1597.5987274,
XCME.ZN1.01AUG25.112:25.P,.1250000,.1562500,112.2500000,P,.1528995,,611.4074479,437.8852280
XCME.ZN1.01AUG25.111.C,1.1093750,1.1406250,111,C,1.1128693,,,
XCME.ZN1.01AUG25.112.C,.1250000,.1562500,112,C,.1333836,454.9900287,817.3183126,647.7434735
XCME.VY1.04AUG25.111:75.P,.0312500,.0468750,111.7500000,P,.0379908,559.3083297,650.6417052,606.4174762
XCME.VY1.04AUG25.111:75.C,.4062500,.4218750,111.7500000,C,.4016763,626.5335272,711.0821646,669.7351739
