Key,BID,ASK,STRIKE,ITYPE,ADJTHEOR,IVBID,IVASK,IVAVERAGE
XCME.ZN.SEP25,111.8906250,111.9062500,INVALID,F,,,,
XCME.GY1.05AUG25.111.C,.8906250,.9218750,111,C,.9072152,,702.2130509,614.3125096
XCME.GY1.05AUG25.112:25.C,.0781250,.1093750,112.2500000,C,.0910237,556.7393361,657.4942615,607.9243138
XCME.GY1.05AUG25.111:25.C,.6562500,.6875000,111.2500000,C,.6741019,444.8681589,632.7099581,551.7152401
XCME.GY1.05AUG25.111:75.C,.2812500,.3125000,111.7500000,C,.2926544,532.7872924,618.8537414,575.9356614
XCME.GY1.05AUG25.112:5.P,.6406250,.6562500,112.5000000,P,.6521391,573.1477374,645.5333312,610.5352849
XCME.GY1.05AUG25.113.P,1.0937500,1.1250000,113,P,1.1192642,,766.8915682,643.0887849
