Key,BID,ASK,STRIKE,ITYPE,ADJTHEOR,IVBID,IVASK,IVAVERAGE
XCME.ZN.SEP25,112.1250000,112.1406250,INVALID,F,,,,
XCME.GY1.05AUG25.112:5.C,.0781250,.1093750,112.5000000,C,.1024074,583.2281169,688.3102883,636.6164691
XCME.GY1.05AUG25.110:5.P,INVALID,.0156250,110.5000000,P,.0057564,,1040.6232326,922.3731362
XCME.GY1.05AUG25.110:75.P,INVALID,.0156250,110.7500000,P,.0079282,,910.7279135,803.6263308
XCME.GY1.05AUG25.111:75.P,.0781250,.0937500,111.7500000,P,.0852670,609.5747492,663.9638050,637.0360972
XCME.GY1.05AUG25.112.P,.1562500,.1875000,112,P,.1641669,606.8560569,695.7801524,651.4046363
XCME.ZN1.01AUG25.112:75.C,INVALID,.0069999,112.7500000,C,.0001273,,1387.1925102,1223.8455159
XCME.ZN1.01AUG25.110:25.C,1.8593750,1.8906250,110.2500000,C,1.8871250,,,
