Key,BID,ASK,STRIKE,ITYPE,ADJTHEOR,IVBID,IVASK,IVAVERAGE
XCME.ZN.SEP25,112.1093750,112.1250000,INVALID,F,,,,
XCME.GY1.05AUG25.111:25.C,.8750000,.9062500,111.2500000,C,.8954954,213.9663036,743.4409155,627.2018547
XCME.GY1.05AUG25.111:75.C,.4375000,.4687500,111.7500000,C,.4663064,539.4644114,649.8581758,595.9120414
XCME.GY1.05AUG25.112:5.P,.4531250,.4843750,112.5000000,P,.4700758,596.6591688,702.6315383,650.5244626
XCME.GY1.05AUG25.113.P,.8906250,.9218750,113,P,.9042373,627.7897901,835.6275718,744.2831593
XCME.GY1.05AUG25.112:75.P,.6562500,.6875000,112.7500000,P,.6762290,586.9897408,736.4812828,666.3427080
XCME.GY1.05AUG25.110:75.C,1.3593750,1.3906250,110.7500000,C,1.3773618,,902.6267980,715.4045167
