Key,BID,ASK,STRIKE,ITYPE,ADJTHEOR,IVBID,IVASK,IVAVERAGE
XCME.ZN.SEP25,111.7656250,111.7812500,INVALID,F,,,,
XCME.GY1.05AUG25.112:75.C,.0069999,.0312500,112.7500000,C,.0222362,563.4389673,774.2702998,687.7815380
XCME.GY1.05AUG25.112:5.C,.0156250,.0468750,112.5000000,C,.0398837,519.7248961,702.0518008,621.3120041
XCME.GY1.05AUG25.110:5.P,INVALID,.0069999,110.5000000,P,.0045799,,699.6299775,628.0728093
XCME.GY1.05AUG25.110:75.P,INVALID,.0156250,110.7500000,P,.0079794,,681.1844735,594.7911322
XCME.GY1.05AUG25.111:75.P,.1875000,.2187500,111.7500000,P,.2068833,526.1148006,608.8126128,567.4665856
XCME.GY1.05AUG25.112.P,.3281250,.3593750,112,P,.3583438,559.0034667,648.3914769,603.9579556
