Key,BID,ASK,STRIKE,ITYPE,ADJTHEOR,IVBID,IVASK,IVAVERAGE
XCME.ZN.SEP25,112,112.0156250,INVALID,F,,,,
XCME.GY1.05AUG25.111.C,1.0156250,1.0468750,111,C,1.0130239,636.1882385,869.1718920,770.4741838
XCME.GY1.05AUG25.112:25.C,.1093750,.1406250,112.2500000,C,.1140351,561.6523522,653.5762185,607.9403768
XCME.GY1.05AUG25.111:25.C,.7968750,.8281250,111.2500000,C,.7723410,711.3666399,854.0491757,786.1682425
XCME.GY1.05AUG25.111:75.C,.3750000,.4062500,111.7500000,C,.3530532,603.7418555,695.1114868,649.7086172
XCME.GY1.05AUG25.112:5.P,.5000000,.5312500,112.5000000,P,.5575008,299.8999954,503.6851100,423.1086495
XCME.GY1.05AUG25.113.P,.9531250,.9843750,113,P,1.0164122,,,
