Key,BID,ASK,STRIKE,ITYPE,ADJTHEOR,IVBID,IVASK,IVAVERAGE
XCME.ZN.SEP25,110.8437500,110.8593750,INVALID,F,,,,
XCME.ZN1.01AUG25.110:25.C,.6250000,.6562500,110.2500000,C,.6062822,1054.5499108,1399.5017701,1242.5542480
XCME.ZN1.01AUG25.112:75.C,INVALID,.0069999,112.7500000,C,0,,,1930.0888407
