Key,BID,ASK,STRIKE,ITYPE,ADJTHEOR,IVBID,IVASK,IVAVERAGE
XCME.ZN.SEP25,111.9218750,111.9375000,INVALID,F,,,,
XCME.ZN1.01AUG25.110:5.C,1.4218750,1.4375000,110.5000000,C,1.4331871,,,1557.2368002
XCME.ZN1.01AUG25.110:75.C,1.1718750,1.1875000,110.7500000,C,1.1832092,,1743.6407053,1317.6780626
XCME.ZN1.01AUG25.111.P,INVALID,.0069999,111,P,.0001490,,1549.4833287,1385.1998598
XCME.ZN1.01AUG25.113.C,INVALID,.0069999,113,C,.0000348,,1727.8875256,1548.1094820
XCME.ZN1.01AUG25.112:5.C,INVALID,.0069999,112.5000000,C,.0002259,,1032.7534802,908.6072109
XCME.ZN1.01AUG25.111:5.C,.4218750,.4375000,111.5000000,C,.4364699,,755.1476350,528.9119057
XCME.ZN1.01AUG25.113.P,1.0625000,1.0937500,113,P,1.0668473,,,
