Key,BID,ASK,STRIKE,ITYPE,ADJTHEOR,IVBID,IVASK,IVAVERAGE
XCME.ZN.SEP25,112.1250000,112.1406250,INVALID,F,,,,
XCME.WY1.06AUG25.111:75.C,.4687500,.5000000,111.7500000,C,.4951397,544.0028684,628.4161660,586.7193949
XCME.WY1.06AUG25.113.C,.0312500,.0468750,113,C,.0488896,616.0116859,691.6119224,655.4416607
XCME.WY1.06AUG25.110.P,INVALID,.0156250,110,P,.0065565,,1059.9125745,945.5884263
XCME.WY1.06AUG25.110:75.P,.0069999,.0312500,110.7500000,P,.0154117,644.2401790,863.3471215,774.6905968
XCME.WY1.06AUG25.112:25.P,.3281250,.3593750,112.2500000,P,.3395173,591.0464538,663.6677945,627.3938368
XCME.WY1.06AUG25.111:25.C,.9062500,.9375000,111.2500000,C,.9121025,629.9360057,766.5381899,702.5139198
