Key,BID,ASK,STRIKE,ITYPE,ADJTHEOR,IVBID,IVASK,IVAVERAGE
XCME.ZN.SEP25,111.9687500,111.9843750,INVALID,F,,,,
XCME.WY1.06AUG25.112:75.C,.0312500,.0468750,112.7500000,C,.0431234,553.1855198,623.5649518,589.8386505
XCME.WY1.06AUG25.112.C,.2187500,.2343750,112,C,.2254141,525.5887737,560.4850429,543.0378181
XCME.WY1.06AUG25.111.P,.0069999,.0312500,111,P,.0186652,469.2014984,646.7460172,573.9366516
XCME.WY1.06AUG25.112:25.C,.1250000,.1562500,112.2500000,C,.1322469,537.5548439,614.3490996,576.2009336
XCME.WY1.06AUG25.112:5.C,.0625000,.0937500,112.5000000,C,.0749639,537.8812049,634.8893950,587.7105548
XCME.WY1.06AUG25.111:25.P,.0312500,.0468750,111.2500000,P,.0367793,520.6373490,588.0869456,555.7169188
