Key,BID,ASK,STRIKE,ITYPE,ADJTHEOR,IVBID,IVASK,IVAVERAGE
XCME.ZN.SEP25,111.6250000,111.6406250,INVALID,F,,,,
XCME.ZN1.01AUG25.111:25.C,.3750000,.4218750,111.2500000,C,.4048802,,1108.3419273,852.0230346
XCME.ZN1.01AUG25.111:75.C,.0781250,.0937500,111.7500000,C,.0847130,853.3934123,961.7364315,907.7585909
XCME.ZN1.01AUG25.110:5.C,1.0937500,1.1250000,110.5000000,C,1.1318533,,,
XCME.ZN1.01AUG25.110:75.C,.8437500,.8750000,110.7500000,C,.8828240,,,
XCME.ZN1.01AUG25.111.P,INVALID,.0069999,111,P,.0081462,,977.0713308,864.5050287
XCME.ZN1.01AUG25.113.C,INVALID,.0069999,113,C,.0030080,,1841.9570508,1657.9282933
