Key,BID,ASK,STRIKE,ITYPE,ADJTHEOR,IVBID,IVASK,IVAVERAGE
XCME.ZN.SEP25,112,112.0156250,INVALID,F,,,,
XCME.ZN1.01AUG25.112:75.C,INVALID,.0069999,112.7500000,C,.0015779,,1234.6791013,1093.5394910
XCME.ZN1.01AUG25.110:25.C,1.7343750,1.7656250,110.2500000,C,1.7661869,,,
XCME.ZN1.01AUG25.110:25.P,INVALID,.0069999,110.2500000,P,.0005619,,,
XCME.ZN1.01AUG25.110:75.P,INVALID,.0069999,110.7500000,P,.0005880,,1890.5465426,1697.4804983
XCME.ZN1.01AUG25.111:75.P,.0069999,.0156250,111.7500000,P,.0141742,526.5569847,659.1272171,598.3361437
XCME.ZN1.01AUG25.110.P,INVALID,.0069999,110,P,,,,
XCME.ZN1.01AUG25.110:5.P,INVALID,.0069999,110.5000000,P,.0005218,,,
