Key,BID,ASK,STRIKE,ITYPE,ADJTHEOR,IVBID,IVASK,IVAVERAGE
XCME.ZN.SEP25,111.9062500,111.9218750,INVALID,F,,,,
XCME.GY1.05AUG25.111:25.P,.0156250,.0312500,111.2500000,P,.0304602,491.1964340,589.2602144,544.0082820
XCME.GY1.05AUG25.110:25.P,INVALID,.0069999,110.2500000,P,.0031998,,883.3435387,798.5987061
XCME.GY1.05AUG25.111:5.C,.4687500,.5000000,111.5000000,C,.4862962,521.9832051,633.5285507,579.3274102
XCME.GY1.05AUG25.110.C,1.9062500,1.9375000,110,C,1.9172409,,1227.9373503,1184.6449147
XCME.GY1.05AUG25.111:5.P,.0625000,.0781250,111.5000000,P,.0722337,551.1323342,606.7471533,579.3274555
XCME.GY1.05AUG25.110:25.C,1.6562500,1.6875000,110.2500000,C,1.6672623,,1098.5243972,1058.5303562
XCME.GY1.05AUG25.112:75.C,.0156250,.0312500,112.7500000,C,.0178291,582.5326512,692.4220869,641.9876923
