Key,BID,ASK,STRIKE,ITYPE,ADJTHEOR,IVBID,IVASK,IVAVERAGE
XCME.ZN.SEP25,112.1093750,112.1250000,INVALID,F,,,,
XCME.WY1.06AUG25.112:75.P,.6875000,.7187500,112.7500000,P,.7082654,592.0173984,697.1654651,646.2760885
XCME.WY1.06AUG25.110:5.C,1.6093750,1.6406250,110.5000000,C,1.6304794,,887.2460968,755.8482880
XCME.WY1.06AUG25.112.P,.2031250,.2187500,112,P,.2142946,588.1957174,624.2619981,606.2375774
XCME.WY1.06AUG25.110:75.C,1.3593750,1.3906250,110.7500000,C,1.3846765,,776.7811366,657.6867506
XCME.WY1.06AUG25.111:5.P,.0625000,.0781250,111.5000000,P,.0694395,601.4012724,654.4198032,628.3640521
XCME.WY1.06AUG25.111.C,1.1093750,1.1406250,111,C,1.1428346,,663.4088299,557.2697350
