Key,BID,ASK,STRIKE,ITYPE,ADJTHEOR,IVBID,IVASK,IVAVERAGE
XCME.ZN.SEP25,111.8750000,111.8906250,INVALID,F,,,,
XCME.WY1.06AUG25.110.P,INVALID,.0069999,110,P,.0040258,,813.1269720,737.0490644
XCME.WY1.06AUG25.110:75.P,.0069999,.0156250,110.7500000,P,.0109181,531.7176941,617.7444911,579.5671882
XCME.WY1.06AUG25.112:25.P,.4531250,.4843750,112.2500000,P,.4879531,533.5609085,614.6267073,574.5526223
XCME.WY1.06AUG25.111:25.C,.6718750,.7031250,111.2500000,C,.6811361,508.2866073,621.0310097,567.4052117
XCME.WY1.06AUG25.110:5.P,INVALID,.0156250,110.5000000,P,.0064795,,724.0841486,638.8680378
XCME.WY1.06AUG25.110:25.C,1.6406250,1.6718750,110.2500000,C,1.6367210,,903.8053582,871.6077030
