Key,BID,ASK,STRIKE,ITYPE,ADJTHEOR,IVBID,IVASK,IVAVERAGE
XCME.ZN.SEP25,111.9531250,111.9687500,INVALID,F,,,,
XCME.WY1.06AUG25.113.C,.0156250,.0312500,113,C,.0256300,587.0187429,688.7736083,642.1814783
XCME.WY1.06AUG25.110.P,INVALID,.0069999,110,P,.0002048,,847.6814116,768.4370960
XCME.WY1.06AUG25.110:75.P,.0069999,.0156250,110.7500000,P,.0086394,564.3940902,654.7682180,614.6821167
XCME.WY1.06AUG25.112:25.P,.4062500,.4375000,112.2500000,P,.4228768,508.6195993,587.1064535,548.1922242
XCME.WY1.06AUG25.111:25.C,.7343750,.7500000,111.2500000,C,.7462207,514.9613610,582.0987156,549.8669055
XCME.WY1.06AUG25.110:5.P,.0069999,.0156250,110.5000000,P,.0029228,660.7738636,761.6112088,717.0736271
XCME.WY1.06AUG25.110:25.C,1.7031250,1.7343750,110.2500000,C,1.7039388,285.1280688,866.0184766,822.1344185
