Key,BID,ASK,STRIKE,ITYPE,ADJTHEOR,IVBID,IVASK,IVAVERAGE
XCME.ZN.SEP25,110.9062500,110.9218750,INVALID,F,,,,
XCME.ZN1.01AUG25.110:5.C,.4843750,.5156250,110.5000000,C,.4452746,885.3984125,1052.2413545,970.6450326
XCME.ZN1.01AUG25.111:75.C,.0156250,.0312500,111.7500000,C,.0022210,906.8518125,1076.0479644,998.3113992
