Key,BID,ASK,STRIKE,ITYPE,ADJTHEOR,IVBID,IVASK,IVAVERAGE
XCME.ZN.SEP25,110.9218750,110.9375000,INVALID,F,,,,
XCME.ZN1.01AUG25.110.P,.0069999,.0156250,110,P,.0002940,921.4400485,1077.4672314,1007.9773656
XCME.ZN1.01AUG25.110:75.P,.1406250,.1718750,110.7500000,P,.0681752,1005.8363539,1151.6642667,1079.0241933
