Key,BID,ASK,STRIKE,ITYPE,ADJTHEOR,IVBID,IVASK,IVAVERAGE
XCME.ZN.SEP25,111.9531250,111.9687500,INVALID,F,,,,
XCME.WY1.06AUG25.112:75.P,.8125000,.8437500,112.7500000,P,.8299805,536.3218980,673.0806911,609.7908903
XCME.WY1.06AUG25.110:5.C,1.4531250,1.4843750,110.5000000,C,1.4717333,,798.2226678,671.4915184
XCME.WY1.06AUG25.112.P,.2500000,.2656250,112,P,.2606251,518.7334378,553.6962094,536.2157739
XCME.WY1.06AUG25.110:75.C,1.2031250,1.2343750,110.7500000,C,1.2251055,,688.3825927,574.5581684
XCME.WY1.06AUG25.111:5.P,.0625000,.0781250,111.5000000,P,.0743083,495.2048058,543.2330940,519.5719051
XCME.WY1.06AUG25.111.C,.9687500,.9843750,111,C,.9830051,,575.2131310,475.2493476
