Key,BID,ASK,STRIKE,ITYPE,ADJTHEOR,IVBID,IVASK,IVAVERAGE
XCME.ZN.SEP25,111.9843750,112,INVALID,F,,,,
XCME.GY1.05AUG25.111:5.C,.5312500,.5625000,111.5000000,C,.5389047,504.9773400,634.9982728,573.2098809
XCME.GY1.05AUG25.110.C,1.9843750,2.0156250,110,C,1.9990432,,1239.6621776,1063.7246992
XCME.GY1.05AUG25.111:5.P,.0312500,.0625000,111.5000000,P,.0432171,484.3717213,618.4162018,555.1770266
XCME.GY1.05AUG25.110:25.C,1.7343750,1.7656250,110.2500000,C,1.7491146,,1112.8606909,950.3091782
XCME.GY1.05AUG25.112:75.C,.0156250,.0468750,112.7500000,C,.0409149,542.3979527,730.9627761,647.5918276
XCME.GY1.05AUG25.112:5.C,.0468750,.0781250,112.5000000,C,.0665380,561.3540729,683.9585552,624.9356391
XCME.GY1.05AUG25.110:5.P,INVALID,.0069999,110.5000000,P,.0038519,,813.3125002,733.2436124
