Key,BID,ASK,STRIKE,ITYPE,ADJTHEOR,IVBID,IVASK,IVAVERAGE
XCME.ZN.SEP25,110.8281250,110.8437500,INVALID,F,,,,
XCME.ZN1.01AUG25.110.P,.0069999,.0156250,110,P,0,1096.7970959,1289.0398975,1203.0872490
XCME.ZN1.01AUG25.110:75.P,.1875000,.2031250,110.7500000,P,.0735623,1339.5118609,1431.7672096,1385.6565762
