Key,BID,ASK,STRIKE,ITYPE,ADJTHEOR,IVBID,IVASK,IVAVERAGE
XCME.ZN.SEP25,112.1562500,112.1718750,INVALID,F,,,,
XCME.GY1.05AUG25.110:75.C,1.4062500,1.4375000,110.7500000,C,1.4299898,,937.2535152,743.7130098
XCME.GY1.05AUG25.112:25.P,.2500000,.2812500,112.2500000,P,.2574519,583.4379370,671.6874280,627.5927805
XCME.GY1.05AUG25.113.C,.0156250,.0312500,113,C,.0235040,606.8842458,721.7058541,668.9889305
XCME.GY1.05AUG25.111.P,.0069999,.0156250,111,P,.0121176,691.8888288,803.0324168,753.6555660
XCME.GY1.05AUG25.112.C,.2812500,.3125000,112,C,.3148811,510.5981566,603.3763542,557.2181504
XCME.GY1.05AUG25.111:25.P,.0156250,.0312500,111.2500000,P,.0209176,660.5731471,781.2991062,725.9528793
XCME.GY1.05AUG25.110:25.P,INVALID,.0156250,110.2500000,P,.0050099,,1196.6383880,1065.2418216
