Key,BID,ASK,STRIKE,ITYPE,ADJTHEOR,IVBID,IVASK,IVAVERAGE
XCME.ZN.SEP25,112,112.0156250,INVALID,F,,,,
XCME.WY1.06AUG25.111:25.P,.0156250,.0468750,111.2500000,P,.0291357,449.4889353,604.2278073,535.7731318
XCME.WY1.06AUG25.111:75.C,.3593750,.3906250,111.7500000,C,.3792542,515.7996807,553.6015945,534.7565456
XCME.WY1.06AUG25.113.C,.0156250,.0312500,113,C,.0294529,566.2817346,665.5836209,620.0829576
XCME.WY1.06AUG25.110.P,INVALID,.0069999,110,P,.0036953,,860.1242247,779.8229014
XCME.WY1.06AUG25.110:75.P,.0069999,.0156250,110.7500000,P,.0074047,578.3956453,670.4675504,629.6453109
XCME.WY1.06AUG25.112:25.P,.3906250,.4062500,112.2500000,P,.3989040,539.8926295,577.6348544,558.8157494
XCME.WY1.06AUG25.111:25.C,.7656250,.7968750,111.2500000,C,.7748232,476.2905783,621.4528268,555.8282507
