Key,BID,ASK,STRIKE,ITYPE,ADJTHEOR,IVBID,IVASK,IVAVERAGE
XCME.ZN.SEP25,111.9531250,111.9687500,INVALID,F,,,,
XCME.ZN1.01AUG25.110:5.C,1.4531250,1.4687500,110.5000000,C,1.4609367,,,
XCME.ZN1.01AUG25.110:75.C,1.2031250,1.2187500,110.7500000,C,1.2109475,,1953.7988176,1749.9566968
XCME.ZN1.01AUG25.111.P,INVALID,.0069999,111,P,.0000891,,1584.3797211,1415.6030867
XCME.ZN1.01AUG25.113.C,INVALID,.0069999,113,C,.0000185,,1692.9416899,1516.7024010
XCME.ZN1.01AUG25.112:5.C,INVALID,.0069999,112.5000000,C,.0005113,,990.6799711,869.5958982
XCME.ZN1.01AUG25.111:5.C,.4531250,.4687500,111.5000000,C,.4628829,,898.2070257,783.0221750
