Key,BID,ASK,STRIKE,ITYPE,ADJTHEOR,IVBID,IVASK,IVAVERAGE
XCME.ZN.SEP25,112.1875000,112.2031250,INVALID,F,,,,
XCME.WY1.06AUG25.111.P,.0069999,.0156250,111,P,.0150658,577.3011864,669.9125727,628.8369126
XCME.WY1.06AUG25.112:25.C,.2187500,.2343750,112.2500000,C,.2255603,558.2176949,594.1581086,576.1897519
XCME.WY1.06AUG25.112:5.C,.1250000,.1406250,112.5000000,C,.1335922,566.0607866,606.0760217,586.1438404
XCME.WY1.06AUG25.111:25.P,.0156250,.0312500,111.2500000,P,.0256770,554.4670015,654.8467893,608.8835372
XCME.WY1.06AUG25.111:75.C,.5156250,.5468750,111.7500000,C,.5367876,511.1763702,605.1991923,559.2608859
XCME.WY1.06AUG25.113.C,.0312500,.0468750,113,C,.0458402,577.3947002,650.4120965,615.4268755
