Key,BID,ASK,STRIKE,ITYPE,ADJTHEOR,IVBID,IVASK,IVAVERAGE
XCME.ZN.SEP25,111.6562500,111.6718750,INVALID,F,,,,
XCME.VY1.04AUG25.113.P,1.3281250,1.3593750,113,P,1.3563693,,984.7338509,
XCME.VY1.04AUG25.113.C,INVALID,.0069999,113,C,.0039943,,984.7338509,885.6851918
XCME.VY1.04AUG25.112:25.P,.6250000,.6562500,112.2500000,P,.6282903,667.7510117,872.5809899,778.4801866
XCME.VY1.04AUG25.112.C,.0468750,.0625000,112,C,.0618457,508.1160120,667.0892427,591.4835178
XCME.VY1.04AUG25.112:75.C,INVALID,.0156250,112.7500000,C,.0059236,,966.8255668,846.5391336
XCME.VY1.04AUG25.110:25.C,1.3906250,1.4218750,110.2500000,C,1.4000642,,1281.1265322,1233.9413047
