Key,BID,ASK,STRIKE,ITYPE,ADJTHEOR,IVBID,IVASK,IVAVERAGE
XCME.ZN.SEP25,110.9531250,110.9687500,INVALID,F,,,,
XCME.ZN1.01AUG25.111.P,.2500000,.2656250,111,P,.1648007,1063.8677471,1137.7261621,1100.8009886
XCME.ZN1.01AUG25.110:75.C,.3437500,.3750000,110.7500000,C,.2631624,1073.7405891,1229.3728327,1151.8491653
