Key,BID,ASK,STRIKE,ITYPE,ADJTHEOR,IVBID,IVASK,IVAVERAGE
XCME.ZN.SEP25,112.1562500,112.1718750,INVALID,F,,,,
XCME.GY1.05AUG25.111.C,1.1562500,1.1875000,111,C,1.1732098,,898.5114513,792.6229984
XCME.GY1.05AUG25.112:25.C,.1718750,.1875000,112.2500000,C,.1821826,597.4416570,685.9082313,641.7119750
XCME.GY1.05AUG25.111:25.C,.9218750,.9531250,111.2500000,C,.9324544,610.6807813,843.7606720,744.7381314
XCME.GY1.05AUG25.111:75.C,.4531250,.5000000,111.7500000,C,.4889523,495.2051595,674.3990693,589.0585508
XCME.GY1.05AUG25.112:5.P,.4375000,.4687500,112.5000000,P,.4401079,640.0157882,741.6611626,691.4026135
XCME.GY1.05AUG25.113.P,.8593750,.8906250,113,P,.8719733,649.4630318,842.5576747,755.6527271
XCME.GY1.05AUG25.112:75.P,.6406250,.6718750,112.7500000,P,.6448706,667.1644734,798.2224382,735.0582835
