Key,BID,ASK,STRIKE,ITYPE,ADJTHEOR,IVBID,IVASK,IVAVERAGE
XCME.ZN.SEP25,111.9687500,111.9843750,INVALID,F,,,,
XCME.GY1.05AUG25.110:5.P,INVALID,.0069999,110.5000000,P,.0053734,,801.2265904,722.1844785
XCME.GY1.05AUG25.110:75.P,INVALID,.0069999,110.7500000,P,.0067978,,685.1523573,615.1351469
XCME.GY1.05AUG25.111:75.P,.0937500,.1250000,111.7500000,P,.1182082,487.4988360,579.9169189,534.0836919
XCME.GY1.05AUG25.112.P,.2031250,.2343750,112,P,.2289002,497.4993604,581.8399705,539.6779705
XCME.ZN1.01AUG25.112:75.C,INVALID,.0069999,112.7500000,C,.0008487,,1299.7478674,1151.4292046
XCME.ZN1.01AUG25.110:25.C,1.7187500,1.7500000,110.2500000,C,1.7186553,1917.4323139,,
