Key,BID,ASK,STRIKE,ITYPE,ADJTHEOR,IVBID,IVASK,IVAVERAGE
XCME.ZN.SEP25,112,112.0156250,INVALID,F,,,,
XCME.WY1.06AUG25.110.P,INVALID,.0069999,110,P,.0035332,,870.0050870,788.9668175
XCME.WY1.06AUG25.110:75.P,INVALID,.0156250,110.7500000,P,.0064878,,681.9994615,599.7622012
XCME.WY1.06AUG25.112:25.P,.3750000,.4062500,112.2500000,P,.3779588,544.6428003,618.5391426,581.7331881
XCME.WY1.06AUG25.111:25.C,.7656250,.7968750,111.2500000,C,.7987221,,513.8308111,439.9968937
XCME.WY1.06AUG25.110:5.P,INVALID,.0069999,110.5000000,P,.0044741,,684.1608401,617.0655069
XCME.WY1.06AUG25.110:25.C,1.7656250,1.7812500,110.2500000,C,1.7763617,,803.9887230,733.4854305
