Key,BID,ASK,STRIKE,ITYPE,ADJTHEOR,IVBID,IVASK,IVAVERAGE
XCME.ZN.SEP25,112.0781250,112.0937500,INVALID,F,,,,
XCME.GY1.05AUG25.112:5.C,.0625000,.0781250,112.5000000,C,.0831073,560.0611424,616.2300682,588.5416887
XCME.GY1.05AUG25.110:5.P,INVALID,.0069999,110.5000000,P,.0015046,,849.6634495,767.0349246
XCME.GY1.05AUG25.110:75.P,INVALID,.0069999,110.7500000,P,.0015580,,735.5273479,661.8569284
XCME.GY1.05AUG25.111:75.P,.0625000,.0937500,111.7500000,P,.0746467,484.2494829,588.1814632,537.3008914
XCME.GY1.05AUG25.112.P,.1562500,.1875000,112,P,.1719419,516.3338364,600.9690264,558.6874149
XCME.VY1.04AUG25.111:75.P,.0312500,.0468750,111.7500000,P,.0436518,494.6288985,578.3871846,537.7746451
XCME.VY1.04AUG25.111:75.C,.3593750,.3906250,111.7500000,C,.3717753,494.6199727,654.5461810,578.3851007
