Key,BID,ASK,STRIKE,ITYPE,ADJTHEOR,IVBID,IVASK,IVAVERAGE
XCME.ZN.SEP25,112.0156250,112.0312500,INVALID,F,,,,
XCME.GY1.05AUG25.111.C,1.0312500,1.0625000,111,C,1.0498168,,754.5660458,630.9811964
XCME.GY1.05AUG25.112:25.C,.1093750,.1250000,112.2500000,C,.1149326,535.7966621,582.1963996,559.0753367
XCME.GY1.05AUG25.111:25.C,.7812500,.8125000,111.2500000,C,.8072018,,612.4790137,505.9088765
XCME.GY1.05AUG25.111:75.C,.3593750,.3750000,111.7500000,C,.3743087,481.0446889,533.1622978,507.3692740
XCME.GY1.05AUG25.112:5.P,.5000000,.5312500,112.5000000,P,.5153284,518.9718886,642.9958200,583.4374962
XCME.GY1.05AUG25.113.P,.9687500,.9843750,113,P,.9738162,626.5007244,759.9093610,700.4163920
