Key,BID,ASK,STRIKE,ITYPE,ADJTHEOR,IVBID,IVASK,IVAVERAGE
XCME.ZN.SEP25,111.9062500,111.9218750,INVALID,F,,,,
XCME.VY1.04AUG25.111.C,.9062500,.9531250,111,C,.9196525,,929.6618373,890.4342466
XCME.VY1.04AUG25.110:5.C,1.4062500,1.4375000,110.5000000,C,1.4166992,,1300.6804129,1251.4734630
XCME.VY1.04AUG25.110.C,1.9062500,1.9375000,110,C,1.9173177,,1652.7549747,1594.4863330
XCME.VY1.04AUG25.110:75.C,1.1562500,1.1875000,110.7500000,C,1.1672026,,1118.1849787,1073.7529891
XCME.VY1.04AUG25.110.P,INVALID,.0069999,110,P,.0032552,,1338.0958699,1212.9053288
XCME.VY1.04AUG25.111:25.C,.6718750,.7031250,111.2500000,C,.6783247,568.5690753,847.9173678,763.5997486
XCME.VY1.04AUG25.113.P,1.0625000,1.0937500,113,P,1.0914108,,848.8539620,
