Key,BID,ASK,STRIKE,ITYPE,ADJTHEOR,IVBID,IVASK,IVAVERAGE
XCME.ZN.SEP25,110.9218750,110.9375000,INVALID,F,,,,
XCME.ZN1.01AUG25.110:25.P,.0156250,.0468750,110.2500000,P,.0057626,767.2844347,1041.4505191,919.7609422
XCME.ZN1.01AUG25.110:5.P,.0625000,.0937500,110.5000000,P,.0272168,863.6912254,1032.4309961,950.0990696
