Key,BID,ASK,STRIKE,ITYPE,ADJTHEOR,IVBID,IVASK,IVAVERAGE
XCME.ZN.SEP25,110.9687500,110.9843750,INVALID,F,,,,
XCME.ZN1.01AUG25.110:25.C,.7343750,.7812500,110.2500000,C,.7506327,,994.3203504,802.2882230
XCME.ZN1.01AUG25.112:75.C,INVALID,.0069999,112.7500000,C,.0000079,,1396.1932622,1263.0185650
