Key,BID,ASK,STRIKE,ITYPE,ADJTHEOR,IVBID,IVASK,IVAVERAGE
XCME.ZN.SEP25,112,112.0156250,INVALID,F,,,,
XCME.WY1.06AUG25.111:25.P,.0156250,.0468750,111.2500000,P,.0257220,469.1730312,627.7552839,557.7352334
XCME.WY1.06AUG25.111:75.C,.3750000,.3906250,111.7500000,C,.4086657,442.0853269,482.6198589,462.4886545
XCME.WY1.06AUG25.113.C,.0156250,.0312500,113,C,.0261928,547.2358028,644.4835997,599.8961253
XCME.WY1.06AUG25.110.P,INVALID,.0069999,110,P,.0034685,,875.7544192,794.3182575
XCME.WY1.06AUG25.110:75.P,.0069999,.0156250,110.7500000,P,.0065760,594.7374544,688.6919865,647.0802477
XCME.WY1.06AUG25.112:25.P,.3750000,.3906250,112.2500000,P,.3673774,568.2037435,604.8187024,586.5404509
XCME.WY1.06AUG25.111:25.C,.7656250,.7968750,111.2500000,C,.8139720,,414.1349827,
