Key,BID,ASK,STRIKE,ITYPE,ADJTHEOR,IVBID,IVASK,IVAVERAGE
XCME.ZN.SEP25,112.1250000,112.1406250,INVALID,F,,,,
XCME.VY1.04AUG25.112:25.P,.2187500,.2500000,112.2500000,P,.2436916,536.2249509,663.2749337,600.1589559
XCME.VY1.04AUG25.112.C,.2187500,.2500000,112,C,.2268622,594.2210323,718.0580933,656.3448231
XCME.VY1.04AUG25.112:75.C,.0156250,.0312500,112.7500000,C,.0205679,684.3635629,822.2588997,758.5401015
XCME.VY1.04AUG25.110:25.C,1.8593750,1.8906250,110.2500000,C,1.8670541,,1775.9961952,1589.1745877
XCME.WY1.06AUG25.110.C,2.1093750,2.1406250,110,C,2.1236297,936.8996519,1132.6651700,1050.2637585
XCME.WY1.06AUG25.113.P,.9062500,.9375000,113,P,.9284881,570.0426103,722.7457958,653.1995874
