Key,BID,ASK,STRIKE,ITYPE,ADJTHEOR,IVBID,IVASK,IVAVERAGE
XCME.ZN.SEP25,110.9843750,111,INVALID,F,,,,
XCME.ZN1.01AUG25.111.C,.2343750,.2500000,111,C,.1729474,897.0055528,957.3644065,927.1850047
XCME.ZN1.01AUG25.111:25.P,.3750000,.3906250,111.2500000,P,.3205299,828.6634960,960.7474385,895.1437990
