Key,BID,ASK,STRIKE,ITYPE,ADJTHEOR,IVBID,IVASK,IVAVERAGE
XCME.ZN.SEP25,111.9375000,111.9531250,INVALID,F,,,,
XCME.GY1.05AUG25.111.C,.9531250,.9843750,111,C,.9608748,322.0767048,773.9104409,656.6957024
XCME.GY1.05AUG25.112:25.C,.0937500,.1093750,112.2500000,C,.1120454,564.2286737,612.9511392,588.7386513
XCME.GY1.05AUG25.111:25.C,.7031250,.7343750,111.2500000,C,.7213687,137.2352050,620.3179984,518.7002416
XCME.GY1.05AUG25.111:75.C,.2968750,.3281250,111.7500000,C,.3177022,476.7479427,568.5886246,523.0216149
XCME.GY1.05AUG25.112:5.P,.5937500,.6250000,112.5000000,P,.6145264,593.0921743,719.0411053,658.4951438
XCME.GY1.05AUG25.113.P,1.0625000,1.0781250,113,P,1.0700077,707.1498636,925.5009005,829.9245485
XCME.GY1.05AUG25.112:75.P,.8125000,.8437500,112.7500000,P,.8383216,566.7506222,760.9041564,675.3021064
