Key,BID,ASK,STRIKE,ITYPE,ADJTHEOR,IVBID,IVASK,IVAVERAGE
XCME.ZN.SEP25,111.7968750,111.8125000,INVALID,F,,,,
XCME.GY1.05AUG25.112:75.P,.9218750,.9531250,112.7500000,P,.9334726,582.2287835,802.1615313,708.6606500
XCME.GY1.05AUG25.110:75.C,1.0781250,1.1093750,110.7500000,C,1.0966182,,757.1133072,634.7586710
XCME.GY1.05AUG25.112:25.P,.4843750,.5156250,112.2500000,P,.4923954,585.9115850,690.4540275,639.1764995
XCME.GY1.05AUG25.113.C,.0069999,.0156250,113,C,.0132815,649.5309307,754.7953978,708.0501755
XCME.GY1.05AUG25.111.P,.0069999,.0312500,111,P,.0153305,498.4060574,694.3735122,613.5508136
XCME.GY1.05AUG25.112.C,.1406250,.1562500,112,C,.1522065,560.0162296,603.2392511,581.6620738
