Key,BID,ASK,STRIKE,ITYPE,ADJTHEOR,IVBID,IVASK,IVAVERAGE
XCME.ZN.SEP25,112.0156250,112.0312500,INVALID,F,,,,
XCME.VY1.04AUG25.110.C,2.0156250,2.0468750,110,C,2.0156308,1,1908.8952836,1736.9761381
XCME.VY1.04AUG25.110:75.C,1.2656250,1.2968750,110.7500000,C,1.2664035,381.2491842,1331.7448756,1197.1139331
XCME.VY1.04AUG25.110.P,INVALID,.0069999,110,P,.0000058,,1460.2890016,1324.1936345
XCME.VY1.04AUG25.111:25.C,.7656250,.7968750,111.2500000,C,.7728640,241.7507369,919.3636890,813.9203331
XCME.VY1.04AUG25.113.P,.9687500,.9843750,113,P,.9883687,,347.6576354,
XCME.VY1.04AUG25.113.C,INVALID,.0069999,113,C,.0039937,,803.3173480,718.3115234
