Key,BID,ASK,STRIKE,ITYPE,ADJTHEOR,IVBID,IVASK,IVAVERAGE
XCME.ZN.SEP25,111.9375000,111.9531250,INVALID,F,,,,
XCME.ZN1.01AUG25.111:5.C,.4218750,.4843750,111.5000000,C,.4566916,,1265.2647822,1017.1622849
XCME.ZN1.01AUG25.113.P,1.0156250,1.0781250,113,P,1.0578191,,,1743.8255425
XCME.ZN1.01AUG25.112:25.P,.2968750,.3593750,112.2500000,P,.3300696,,996.6484557,779.5289841
XCME.ZN1.01AUG25.111.C,.9218750,.9843750,111,C,.9479244,,1859.4931647,1596.9380870
XCME.ZN1.01AUG25.112.C,.0781250,.1093750,112,C,.0886378,721.6579430,944.0166082,833.0915610
XCME.VY1.04AUG25.111:75.P,.0781250,.0937500,111.7500000,P,.0844300,574.8852069,638.1249792,606.6986530
XCME.VY1.04AUG25.111:75.C,.2656250,.2968750,111.7500000,C,.2875550,509.7771628,638.1246647,574.8853650
