Key,BID,ASK,STRIKE,ITYPE,ADJTHEOR,IVBID,IVASK,IVAVERAGE
XCME.ZN.SEP25,112.1093750,112.1250000,INVALID,F,,,,
XCME.GY1.05AUG25.112:5.C,.0781250,.1093750,112.5000000,C,.0983733,601.9742177,708.4748941,656.1151465
XCME.GY1.05AUG25.110:5.P,INVALID,.0156250,110.5000000,P,.0060196,,1033.2076195,915.5729358
XCME.GY1.05AUG25.110:75.P,.0069999,.0156250,110.7500000,P,.0084335,782.0283996,902.7551323,849.2815676
XCME.GY1.05AUG25.111:75.P,.0781250,.0937500,111.7500000,P,.0930733,593.7966277,647.7594398,621.0356428
XCME.GY1.05AUG25.112.P,.1562500,.1875000,112,P,.1755357,585.4689737,674.1062240,629.8579878
XCME.VY1.04AUG25.111:75.P,.0312500,.0468750,111.7500000,P,.0451108,572.4629447,665.3184293,620.3718455
XCME.VY1.04AUG25.111:75.C,.3906250,.4218750,111.7500000,C,.4157986,494.5429830,689.1674751,599.3404187
