Key,BID,ASK,STRIKE,ITYPE,ADJTHEOR,IVBID,IVASK,IVAVERAGE
XCME.ZN.SEP25,112.0625000,112.0781250,INVALID,F,,,,
XCME.WY1.06AUG25.112:75.C,.0312500,.0468750,112.7500000,C,.0402729,515.5380761,583.1238695,550.6719589
XCME.WY1.06AUG25.112.C,.2500000,.2812500,112,C,.2561319,497.0370378,568.0876057,532.5738862
XCME.WY1.06AUG25.111.P,.0069999,.0156250,111,P,.0132817,514.0538373,599.1187632,561.2953948
XCME.WY1.06AUG25.112:25.C,.1406250,.1718750,112.2500000,C,.1459285,505.8149047,580.2235831,543.1493788
XCME.WY1.06AUG25.112:5.C,.0781250,.0937500,112.5000000,C,.0777125,534.2686752,579.9625586,557.3555688
XCME.WY1.06AUG25.111:25.P,.0156250,.0312500,111.2500000,P,.0247471,484.8721145,576.0299283,534.1102876
XCME.WY1.06AUG25.111:75.C,.4062500,.4375000,111.7500000,C,.4124579,494.0417066,575.0727995,534.9755120
