Key,BID,ASK,STRIKE,ITYPE,ADJTHEOR,IVBID,IVASK,IVAVERAGE
XCME.ZN.SEP25,111.8437500,111.8593750,INVALID,F,,,,
XCME.VY1.04AUG25.112:25.P,.4375000,.4687500,112.2500000,P,.4482061,563.0819236,651.0821491,608.5370538
XCME.VY1.04AUG25.112.C,.0937500,.1093750,112,C,.1032347,570.7494065,630.5046911,600.7296303
XCME.VY1.04AUG25.112:75.C,INVALID,.0156250,112.7500000,C,.0055056,,835.2993630,725.9021737
XCME.VY1.04AUG25.110:25.C,1.5781250,1.6093750,110.2500000,C,1.5960131,,1312.0307029,1244.6572471
XCME.WY1.06AUG25.110.C,1.8281250,1.8593750,110,C,1.8453974,,914.2133508,868.8114801
XCME.WY1.06AUG25.113.P,1.1562500,1.1875000,113,P,1.1798175,209.7431017,733.4856608,627.2232121
