Key,BID,ASK,STRIKE,ITYPE,ADJTHEOR,IVBID,IVASK,IVAVERAGE
XCME.ZN.SEP25,111.0468750,111.0625000,INVALID,F,,,,
XCME.ZN1.01AUG25.110:25.C,.8125000,.8437500,110.2500000,C,.8051838,751.0136378,1050.7536564,922.8326266
XCME.ZN1.01AUG25.112:75.C,INVALID,.0069999,112.7500000,C,.0000216,,1286.9497149,1163.4766981
