Key,BID,ASK,STRIKE,ITYPE,ADJTHEOR,IVBID,IVASK,IVAVERAGE
XCME.ZN.SEP25,112.1093750,112.1250000,INVALID,F,,,,
XCME.GY1.05AUG25.110:75.P,.0069999,.0156250,110.7500000,P,.0091221,784.2902825,905.3629064,851.7279783
XCME.GY1.05AUG25.111:75.P,.0781250,.0937500,111.7500000,P,.0925563,595.5061466,649.6241124,622.8239809
XCME.GY1.05AUG25.112.P,.1562500,.1875000,112,P,.1733451,587.1546446,676.0470639,631.6714561
XCME.VY1.04AUG25.111:75.P,.0312500,.0468750,111.7500000,P,.0422590,575.6809060,669.0581602,623.8594323
XCME.VY1.04AUG25.111:75.C,.3906250,.4218750,111.7500000,C,.4129476,497.3201468,693.0407877,602.7113731
XCME.VY1.04AUG25.112:75.P,.6406250,.6562500,112.7500000,P,.6493028,640.3731077,794.7006405,725.1662184
XCME.VY1.04AUG25.111:25.P,.0069999,.0156250,111.2500000,P,.0081537,746.5597759,878.4503949,819.6257373
