Key,BID,ASK,STRIKE,ITYPE,ADJTHEOR,IVBID,IVASK,IVAVERAGE
XCME.ZN.SEP25,112.1250000,112.1406250,INVALID,F,,,,
XCME.WY1.06AUG25.110.P,INVALID,.0156250,110,P,.0056475,,1048.8541815,935.6100980
XCME.WY1.06AUG25.110:75.P,.0069999,.0156250,110.7500000,P,.0136120,636.4817559,734.8565336,691.2992675
XCME.WY1.06AUG25.112:25.P,.3281250,.3437500,112.2500000,P,.3441197,576.1116858,612.2987415,594.2171340
XCME.WY1.06AUG25.111:25.C,.9062500,.9218750,111.2500000,C,.9026296,658.5324782,725.4849460,693.0247329
XCME.WY1.06AUG25.110:5.P,.0069999,.0156250,110.5000000,P,.0093342,732.8194815,841.5628030,793.4802180
XCME.WY1.06AUG25.110:25.C,1.8750000,1.9062500,110.2500000,C,1.8706879,893.5994627,1164.9093901,1052.3575430
