Key,BID,ASK,STRIKE,ITYPE,ADJTHEOR,IVBID,IVASK,IVAVERAGE
XCME.ZN.SEP25,111.9687500,111.9843750,INVALID,F,,,,
XCME.ZN1.01AUG25.112:5.P,.5156250,.5312500,112.5000000,P,.5209279,,1048.9908742,955.4920341
XCME.ZN1.01AUG25.110.C,1.9687500,2,110,C,1.9800853,,,
XCME.ZN1.01AUG25.112.P,.0781250,.0937500,112,P,.0808415,501.1145891,617.4456714,559.3144992
XCME.ZN1.01AUG25.112:25.C,.0069999,.0156250,112.2500000,C,.0073014,568.4340148,708.2390398,644.2546522
XCME.ZN1.01AUG25.111:25.C,.7187500,.7500000,111.2500000,C,.7302419,,1558.2667101,1282.1962286
XCME.ZN1.01AUG25.111:75.C,.2343750,.2500000,111.7500000,C,.2394704,446.9344816,687.9029009,585.3712074
