Key,BID,ASK,STRIKE,ITYPE,ADJTHEOR,IVBID,IVASK,IVAVERAGE
XCME.ZN.SEP25,111.9531250,111.9687500,INVALID,F,,,,
XCME.GY1.05AUG25.110.P,INVALID,.0069999,110,P,.0032348,,1028.8681450,932.7516778
XCME.GY1.05AUG25.110:5.C,1.4531250,1.4843750,110.5000000,C,1.4611101,,870.8560150,809.8850982
XCME.GY1.05AUG25.111.C,.9531250,.9843750,111,C,.9665539,,848.9242538,723.1700197
XCME.GY1.05AUG25.112:25.C,.0937500,.1093750,112.2500000,C,.0962624,513.0341914,612.1564117,563.2873569
XCME.GY1.05AUG25.111:25.C,.7187500,.7500000,111.2500000,C,.7277352,487.7051389,686.8724870,601.2908738
XCME.GY1.05AUG25.111:75.C,.3125000,.3437500,111.7500000,C,.3200049,517.0341432,608.6545012,563.1422237
XCME.GY1.05AUG25.112:5.P,.5781250,.5937500,112.5000000,P,.5917680,456.2652653,611.8493096,540.8591964
