Key,BID,ASK,STRIKE,ITYPE,ADJTHEOR,IVBID,IVASK,IVAVERAGE
XCME.ZN.SEP25,112.1250000,112.1406250,INVALID,F,,,,
XCME.WY1.06AUG25.112:75.C,.0625000,.0781250,112.7500000,C,.0670326,579.3576382,630.7946669,605.5066485
XCME.WY1.06AUG25.112.C,.2968750,.3281250,112,C,.3204967,481.5419305,553.1563144,517.4257616
XCME.WY1.06AUG25.111.P,.0069999,.0156250,111,P,.0095819,539.6527817,626.6444421,587.9960399
XCME.WY1.06AUG25.112:25.C,.1875000,.2031250,112.2500000,C,.1992028,525.0558631,560.2863582,542.6795092
XCME.WY1.06AUG25.112:5.C,.1093750,.1250000,112.5000000,C,.1173776,549.7607898,590.1941909,570.0864098
XCME.WY1.06AUG25.111:25.P,.0156250,.0312500,111.2500000,P,.0192359,512.6472835,607.1128174,563.7925349
XCME.WY1.06AUG25.111:75.C,.4531250,.4843750,111.7500000,C,.4845751,433.6142905,524.5315422,480.2317510
