Key,BID,ASK,STRIKE,ITYPE,ADJTHEOR,IVBID,IVASK,IVAVERAGE
XCME.ZN.SEP25,112.1406250,112.1562500,INVALID,F,,,,
XCME.WY1.06AUG25.112:75.C,.0625000,.0937500,112.7500000,C,.0777237,595.2299590,698.0381760,648.1236749
XCME.WY1.06AUG25.112.C,.3281250,.3593750,112,C,.3420140,568.6383115,641.7205443,605.2320208
XCME.WY1.06AUG25.111.P,.0156250,.0312500,111,P,.0240134,643.9331005,752.8553844,703.0553334
XCME.WY1.06AUG25.112:25.C,.2031250,.2343750,112.2500000,C,.2151645,575.8963454,648.1417363,612.0452521
XCME.WY1.06AUG25.112:5.C,.1250000,.1406250,112.5000000,C,.1299212,606.6375421,647.4007146,627.1075175
XCME.WY1.06AUG25.111:25.P,.0312500,.0468750,111.2500000,P,.0395737,623.9913511,700.1353681,663.7082517
XCME.WY1.06AUG25.111:75.C,.5000000,.5156250,111.7500000,C,.5104190,583.1980472,625.8119962,604.6371759
