Key,BID,ASK,STRIKE,ITYPE,ADJTHEOR,IVBID,IVASK,IVAVERAGE
XCME.ZN.SEP25,112.0156250,112.0312500,INVALID,F,,,,
XCME.WY1.06AUG25.110.P,INVALID,.0069999,110,P,.0040143,,875.1980789,793.5681243
XCME.WY1.06AUG25.110:75.P,.0069999,.0156250,110.7500000,P,.0084286,590.6344277,684.4306356,642.8803169
XCME.WY1.06AUG25.112:25.P,.3593750,.3906250,112.2500000,P,.3779543,494.3405773,570.6107070,532.6977301
XCME.WY1.06AUG25.111:25.C,.7812500,.7968750,111.2500000,C,.7905030,489.1698980,570.3238099,532.3379460
XCME.WY1.06AUG25.110:5.P,INVALID,.0156250,110.5000000,P,.0057505,,791.5296163,699.5923101
XCME.WY1.06AUG25.110:25.C,1.7500000,1.7812500,110.2500000,C,1.7658743,,939.0909084,802.0866401
