Key,BID,ASK,STRIKE,ITYPE,ADJTHEOR,IVBID,IVASK,IVAVERAGE
XCME.ZN.SEP25,110.8750000,110.8906250,INVALID,F,,,,
XCME.ZN1.01AUG25.110.P,.0069999,.0156250,110,P,.0000247,1106.9222498,1300.4133807,1214.0873482
XCME.ZN1.01AUG25.110:75.P,.1562500,.1718750,110.7500000,P,.0620578,1221.2039698,1312.4797893,1266.8851371
