Key,BID,ASK,STRIKE,ITYPE,ADJTHEOR,IVBID,IVASK,IVAVERAGE
XCME.ZN.SEP25,112.0781250,112.0937500,INVALID,F,,,,
XCME.ZN1.01AUG25.111:25.C,.8125000,.8437500,111.2500000,C,.8359429,,1699.7801760,1505.8733219
XCME.ZN1.01AUG25.111:75.C,.3125000,.3437500,111.7500000,C,.3367689,,824.7468265,707.9134742
XCME.ZN1.01AUG25.110:5.C,1.5625000,1.5937500,110.5000000,C,1.5859374,,,
XCME.ZN1.01AUG25.110:75.C,1.3125000,1.3437500,110.7500000,C,1.3359374,,,
XCME.ZN1.01AUG25.111.P,INVALID,.0069999,111,P,0,,,1862.5214801
XCME.ZN1.01AUG25.113.C,INVALID,.0069999,113,C,.0000057,,1793.1065467,1595.3225490
XCME.ZN1.01AUG25.112:5.C,INVALID,.0069999,112.5000000,C,.0002496,,953.1140192,829.9044308
