Key,BID,ASK,STRIKE,ITYPE,ADJTHEOR,IVBID,IVASK,IVAVERAGE
XCME.ZN.SEP25,112.0156250,112.0312500,INVALID,F,,,,
XCME.VY1.04AUG25.111:75.P,.0312500,.0468750,111.7500000,P,.0454966,473.9885043,556.6321944,516.4911263
XCME.VY1.04AUG25.111:75.C,.3125000,.3437500,111.7500000,C,.3380580,405.6847926,578.0303656,497.7950562
XCME.VY1.04AUG25.112:75.P,.7187500,.7343750,112.7500000,P,.7186157,666.5399109,822.4787622,752.4146615
XCME.VY1.04AUG25.111:25.P,INVALID,.0069999,111.2500000,P,.0054426,,665.5896313,591.0269585
XCME.VY1.04AUG25.111:5.P,.0069999,.0156250,111.5000000,P,.0147900,489.3574129,586.9444242,542.9985565
XCME.VY1.04AUG25.112:5.C,.0156250,.0312500,112.5000000,C,.0266828,517.5780965,633.6780577,579.6486497
XCME.VY1.04AUG25.110:25.P,INVALID,.0069999,110.2500000,P,.0029293,,1308.9962358,1184.4503364
