Key,BID,ASK,STRIKE,ITYPE,ADJTHEOR,IVBID,IVASK,IVAVERAGE
XCME.ZN.SEP25,110.9375000,110.9531250,INVALID,F,,,,
XCME.ZN1.01AUG25.113.C,INVALID,.0069999,113,C,.00,,1821.5965292,1653.3235587
XCME.ZN1.01AUG25.111:5.C,.0468750,.0625000,111.5000000,C,.0084319,1027.1441922,1139.4449893,1084.5897816
