Key,BID,ASK,STRIKE,ITYPE,ADJTHEOR,IVBID,IVASK,IVAVERAGE
XCME.ZN.SEP25,112,112.0156250,INVALID,F,,,,
XCME.VY1.04AUG25.110.C,2.0156250,2.0312500,110,C,2.0338619,,1092.1245461,
XCME.VY1.04AUG25.110:75.C,1.2500000,1.2812500,110.7500000,C,1.2836132,,722.5334746,
XCME.VY1.04AUG25.110.P,INVALID,.0069999,110,P,.0034244,,1426.5701351,1293.7748923
XCME.VY1.04AUG25.111:25.C,.7500000,.7812500,111.2500000,C,.7876921,,468.8886697,
XCME.VY1.04AUG25.113.P,.9843750,1,113,P,.9776444,889.8273091,1052.4240595,978.2163950
XCME.VY1.04AUG25.113.C,INVALID,.0156250,113,C,.0080819,,900.0204284,785.5256470
XCME.VY1.04AUG25.112:25.P,.2812500,.3125000,112.2500000,P,.2897504,530.9032572,662.2198840,597.6023120
