Key,BID,ASK,STRIKE,ITYPE,ADJTHEOR,IVBID,IVASK,IVAVERAGE
XCME.ZN.SEP25,111.9062500,111.9218750,INVALID,F,,,,
XCME.WY1.06AUG25.112:75.C,.0312500,.0468750,112.7500000,C,.0371193,575.3580743,647.1570355,612.7845077
XCME.WY1.06AUG25.112.C,.1875000,.2187500,112,C,.2094205,504.5289344,574.4033015,539.4885689
XCME.WY1.06AUG25.111.P,.0156250,.0312500,111,P,.0208689,522.9226285,617.2282040,573.9251897
XCME.WY1.06AUG25.112:25.C,.1093750,.1406250,112.2500000,C,.1238715,533.5881376,573.5267909,553.6604261
XCME.WY1.06AUG25.112:5.C,.0625000,.0781250,112.5000000,C,.0695155,565.4155869,616.2058967,591.2320731
XCME.WY1.06AUG25.111:25.P,.0312500,.0468750,111.2500000,P,.0432907,489.6381281,554.7360650,523.4665759
XCME.WY1.06AUG25.111:75.C,.3125000,.3593750,111.7500000,C,.3350454,489.0002632,596.5623837,542.9724536
