Key,BID,ASK,STRIKE,ITYPE,ADJTHEOR,IVBID,IVASK,IVAVERAGE
XCME.ZN.SEP25,111.8593750,111.8750000,INVALID,F,,,,
XCME.WY1.06AUG25.110:5.P,INVALID,.0156250,110.5000000,P,.0062634,,723.0989342,637.7794351
XCME.WY1.06AUG25.110:25.C,1.6250000,1.6562500,110.2500000,C,1.6338995,,779.8303563,726.6298091
XCME.WY1.06AUG25.112:5.P,.6875000,.7031250,112.5000000,P,.6864194,600.6536872,651.2762505,626.3576353
XCME.WY1.06AUG25.111:5.C,.4531250,.4843750,111.5000000,C,.4807889,467.4531971,553.1629405,511.0841924
XCME.WY1.06AUG25.110:25.P,INVALID,.0069999,110.2500000,P,.0045870,,720.2666227,650.8068698
XCME.WY1.06AUG25.111:75.P,.1875000,.2031250,111.7500000,P,.1915360,545.3510449,580.5955797,562.9846532
