Key,BID,ASK,STRIKE,ITYPE,ADJTHEOR,IVBID,IVASK,IVAVERAGE
XCME.ZN.SEP25,111.9687500,111.9843750,INVALID,F,,,,
XCME.VY1.04AUG25.112:75.P,.7656250,.7968750,112.7500000,P,.7799826,,862.7995272,748.6350848
XCME.VY1.04AUG25.111:25.P,INVALID,.0069999,111.2500000,P,.0076826,,616.8017711,546.8597837
XCME.VY1.04AUG25.111:5.P,.0156250,.0312500,111.5000000,P,.0211479,531.0958786,648.3341488,593.8364618
XCME.VY1.04AUG25.112:5.C,.0156250,.0312500,112.5000000,C,.0220024,563.0326169,684.4934567,628.1584970
XCME.VY1.04AUG25.110:25.P,INVALID,.0069999,110.2500000,P,.0028602,,1257.6516663,1137.2671043
XCME.VY1.04AUG25.111.P,INVALID,.0069999,111,P,.0037829,,782.7504973,699.1682162
