Key,BID,ASK,STRIKE,ITYPE,ADJTHEOR,IVBID,IVASK,IVAVERAGE
XCME.ZN.SEP25,112.1250000,112.1406250,INVALID,F,,,,
XCME.GY1.05AUG25.112:25.P,.2656250,.2968750,112.2500000,P,.2816977,563.9201232,653.3700922,608.7214104
XCME.GY1.05AUG25.113.C,.0156250,.0312500,113,C,.0262931,629.8872133,747.2463847,693.4214669
XCME.GY1.05AUG25.111.P,.0069999,.0156250,111,P,.0128986,673.4064534,782.1587066,733.7802104
XCME.GY1.05AUG25.112.C,.2812500,.2968750,112,C,.2901288,582.1019843,627.1352479,604.6437722
XCME.GY1.05AUG25.111:25.P,.0156250,.0312500,111.2500000,P,.0225734,638.3959321,756.5545716,702.3546807
XCME.GY1.05AUG25.110:25.P,INVALID,.0156250,110.2500000,P,.0051028,,1177.0227033,1047.1478098
