Key,BID,ASK,STRIKE,ITYPE,ADJTHEOR,IVBID,IVASK,IVAVERAGE
XCME.ZN.SEP25,112.0312500,112.0468750,INVALID,F,,,,
XCME.VY1.04AUG25.110.C,2.0312500,2.0468750,110,C,2.0391654,,1573.2570944,1470.5460829
XCME.VY1.04AUG25.110:75.C,1.2812500,1.2968750,110.7500000,C,1.2881088,,1076.8713308,999.2089005
XCME.VY1.04AUG25.110.P,INVALID,.0069999,110,P,.0036029,,1458.0648191,1322.5930913
XCME.VY1.04AUG25.111:25.C,.7812500,.8125000,111.2500000,C,.7915382,,890.2023847,774.5133720
XCME.VY1.04AUG25.113.P,.9531250,.9843750,113,P,.9697596,,964.2648833,804.0667785
XCME.VY1.04AUG25.113.C,INVALID,.0069999,113,C,.0053221,,781.2761121,697.6630119
XCME.VY1.04AUG25.112:25.P,.2656250,.2968750,112.2500000,P,.2832696,487.9102226,624.6069170,557.6392092
