Key,BID,ASK,STRIKE,ITYPE,ADJTHEOR,IVBID,IVASK,IVAVERAGE
XCME.ZN.SEP25,110.9218750,110.9375000,INVALID,F,,,,
XCME.ZN1.01AUG25.111.P,.2656250,.2812500,111,P,.1694654,1150.0881535,1229.2003701,1189.6535789
XCME.ZN1.01AUG25.110:75.C,.3281250,.3437500,110.7500000,C,.2392479,1058.4766306,1223.6939703,1141.3840732
