Key,BID,ASK,STRIKE,ITYPE,ADJTHEOR,IVBID,IVASK,IVAVERAGE
XCME.ZN.SEP25,110.9531250,110.9687500,INVALID,F,,,,
XCME.ZN1.01AUG25.110:25.P,.0156250,.0312500,110.2500000,P,.0020893,903.0399014,1081.3817159,999.1598596
XCME.ZN1.01AUG25.110:5.P,.0625000,.0781250,110.5000000,P,.0144645,1026.3847659,1127.1542890,1077.5079378
