Key,BID,ASK,STRIKE,ITYPE,ADJTHEOR,IVBID,IVASK,IVAVERAGE
XCME.ZN.SEP25,110.9218750,110.9375000,INVALID,F,,,,
XCME.ZN1.01AUG25.111.C,.1875000,.2031250,111,C,.0894181,1189.1004549,1356.1010711,1272.6469527
XCME.ZN1.01AUG25.111:25.P,.4062500,.4375000,111.2500000,P,.3511773,1065.1300136,1263.1203885,1165.6296080
