Key,BID,ASK,STRIKE,ITYPE,ADJTHEOR,IVBID,IVASK,IVAVERAGE
XCME.ZN.SEP25,110.8906250,110.9062500,INVALID,F,,,,
XCME.ZN1.01AUG25.110:5.C,.4531250,.4843750,110.5000000,C,.4052666,1111.8021845,1344.1360859,1230.9140061
XCME.ZN1.01AUG25.111:75.C,.0069999,.0156250,111.7500000,C,.0000993,1079.8635951,1270.2108133,1185.2674769
