Key,BID,ASK,STRIKE,ITYPE,ADJTHEOR,IVBID,IVASK,IVAVERAGE
XCME.ZN.SEP25,112,112.0156250,INVALID,F,,,,
XCME.VY1.04AUG25.110:75.P,INVALID,.0069999,110.7500000,P,.0026607,,985.9020681,885.4315970
XCME.VY1.04AUG25.112.P,.1250000,.1406250,112,P,.1332624,495.6250939,554.2236890,524.9258762
XCME.VY1.04AUG25.111:5.C,.5156250,.5312500,111.5000000,C,.5303298,335.2030893,577.6650640,495.7226890
XCME.VY1.04AUG25.112:25.C,.0468750,.0625000,112.2500000,C,.0576248,496.8096853,569.6331248,533.7628807
XCME.VY1.04AUG25.110:5.P,INVALID,.0069999,110.5000000,P,.0027363,,1146.8547664,1034.2122466
XCME.VY1.04AUG25.112:5.P,.5000000,.5156250,112.5000000,P,.5065664,,660.6269006,572.8604795
