Key,BID,ASK,STRIKE,ITYPE,ADJTHEOR,IVBID,IVASK,IVAVERAGE
XCME.ZN.SEP25,112.1562500,112.1718750,INVALID,F,,,,
XCME.WY1.06AUG25.112:5.P,.4531250,.4843750,112.5000000,P,.4623418,580.1703802,660.7496683,620.7727785
XCME.WY1.06AUG25.111:5.C,.7031250,.7343750,111.5000000,C,.7224185,524.5404488,647.9051218,589.7311167
XCME.WY1.06AUG25.110:25.P,INVALID,.0156250,110.2500000,P,.0070360,,977.5871283,870.1405180
XCME.WY1.06AUG25.111:75.P,.0937500,.1093750,111.7500000,P,.0987904,569.7507851,613.7895600,591.9385370
XCME.WY1.06AUG25.112:75.P,.6562500,.6718750,112.7500000,P,.6604259,622.5518695,672.6038301,647.9068285
XCME.WY1.06AUG25.110:5.C,1.6562500,1.6875000,110.5000000,C,1.6772896,,907.1521719,767.0316786
