Key,BID,ASK,STRIKE,ITYPE,ADJTHEOR,IVBID,IVASK,IVAVERAGE
XCME.ZN.SEP25,112.0781250,112.0937500,INVALID,F,,,,
XCME.WY1.06AUG25.110.P,INVALID,.0069999,110,P,.0035922,,893.3826381,811.1824711
XCME.WY1.06AUG25.110:75.P,INVALID,.0156250,110.7500000,P,.0062925,,710.0375419,625.8041686
XCME.WY1.06AUG25.112:25.P,.3281250,.3437500,112.2500000,P,.3513949,531.7176385,567.6170908,549.6869760
XCME.WY1.06AUG25.111:25.C,.8437500,.8750000,111.2500000,C,.8477471,381.4891707,601.1918777,517.1663677
XCME.WY1.06AUG25.110:5.P,INVALID,.0069999,110.5000000,P,.0044802,,709.0630544,640.1798076
XCME.WY1.06AUG25.110:25.C,1.8281250,1.8593750,110.2500000,C,1.8276160,,960.6041338,822.1385050
