Key,BID,ASK,STRIKE,ITYPE,ADJTHEOR,IVBID,IVASK,IVAVERAGE
XCME.ZN.SEP25,112,112.0156250,INVALID,F,,,,
XCME.WY1.06AUG25.111.P,.0069999,.0156250,111,P,.0133606,497.7854688,581.2993701,544.1818018
XCME.WY1.06AUG25.112:25.C,.1250000,.1562500,112.2500000,C,.1444497,491.9948062,567.5373461,529.9590134
XCME.WY1.06AUG25.112:5.C,.0625000,.0781250,112.5000000,C,.0794806,503.7770480,552.3648645,528.4333855
XCME.WY1.06AUG25.111:25.P,.0156250,.0312500,111.2500000,P,.0269623,469.0060765,557.9141728,517.0170666
XCME.WY1.06AUG25.111:75.C,.3750000,.3906250,111.7500000,C,.3960371,467.9574120,507.9758715,488.0734941
XCME.WY1.06AUG25.113.C,.0156250,.0312500,113,C,.0237351,558.2452485,657.1092803,611.7803226
