Key,BID,ASK,STRIKE,ITYPE,ADJTHEOR,IVBID,IVASK,IVAVERAGE
XCME.ZN.SEP25,110.9218750,110.9375000,INVALID,F,,,,
XCME.ZN1.01AUG25.111:25.C,.0937500,.1093750,111.2500000,C,.0247424,1145.8232822,1242.7429431,1194.5904348
