Key,BID,ASK,STRIKE,ITYPE,ADJTHEOR,IVBID,IVASK,IVAVERAGE
XCME.ZN.SEP25,112.0312500,112.0468750,INVALID,F,,,,
XCME.WY1.06AUG25.113.C,.0156250,.0312500,113,C,.0242963,553.5289477,652.1025901,606.9117903
XCME.WY1.06AUG25.110.P,INVALID,.0069999,110,P,.0040362,,887.3547182,804.9450102
XCME.WY1.06AUG25.110:75.P,.0069999,.0156250,110.7500000,P,.0078704,602.8709007,697.9809830,655.8649000
XCME.WY1.06AUG25.112:25.P,.3437500,.3750000,112.2500000,P,.3561751,501.6958062,576.6579077,539.3387468
XCME.WY1.06AUG25.111:25.C,.7968750,.8281250,111.2500000,C,.8152612,411.4109580,601.8142508,523.5763488
XCME.WY1.06AUG25.110:5.P,INVALID,.0156250,110.5000000,P,.0055364,,804.9637050,711.9273265
XCME.WY1.06AUG25.110:25.C,1.7812500,1.8125000,110.2500000,C,1.7935696,,984.1149156,864.0428852
