Key,BID,ASK,STRIKE,ITYPE,ADJTHEOR,IVBID,IVASK,IVAVERAGE
XCME.ZN.SEP25,110.9531250,110.9687500,INVALID,F,,,,
XCME.ZN1.01AUG25.110:25.P,.0156250,.0312500,110.2500000,P,.0057246,766.2552021,917.3859310,847.7092328
XCME.ZN1.01AUG25.110:5.P,.0625000,.0781250,110.5000000,P,.0261790,868.8415878,954.3061378,912.2022879
