Key,BID,ASK,STRIKE,ITYPE,ADJTHEOR,IVBID,IVASK,IVAVERAGE
XCME.ZN.SEP25,110.9843750,111,INVALID,F,,,,
XCME.ZN1.01AUG25.111.P,.2343750,.2500000,111,P,.1601618,978.0088308,1044.9698596,1011.4895794
XCME.ZN1.01AUG25.110:75.C,.3593750,.3906250,110.7500000,C,.2995352,943.9425258,1089.0428847,1016.9092196
