Key,BID,ASK,STRIKE,ITYPE,ADJTHEOR,IVBID,IVASK,IVAVERAGE
XCME.ZN.SEP25,112.1406250,112.1562500,INVALID,F,,,,
XCME.VY1.04AUG25.113.P,.8437500,.8750000,113,P,.8661267,,677.7279525,494.0981163
XCME.VY1.04AUG25.113.C,.0069999,.0156250,113,C,.0110642,738.2453001,870.2428284,811.4007042
XCME.VY1.04AUG25.112:25.P,.2031250,.2187500,112.2500000,P,.2159283,565.1172910,691.5446989,628.5484470
XCME.VY1.04AUG25.112.C,.2343750,.2656250,112,C,.2396181,590.3538585,720.0502149,655.5853716
XCME.VY1.04AUG25.112:75.C,.0156250,.0312500,112.7500000,C,.0205384,672.0982780,809.9466418,746.2038314
XCME.VY1.04AUG25.110:25.C,1.8906250,1.9218750,110.2500000,C,1.8983253,1562.3641462,1838.3033449,1717.2165891
