Key,BID,ASK,STRIKE,ITYPE,ADJTHEOR,IVBID,IVASK,IVAVERAGE
XCME.ZN.SEP25,112.1093750,112.1250000,INVALID,F,,,,
XCME.VY1.04AUG25.111.C,1.1093750,1.1406250,111,C,1.1284838,417.3507729,1064.1774607,933.3877518
XCME.VY1.04AUG25.110:5.C,1.6093750,1.6406250,110.5000000,C,1.6278979,,1428.3911800,1141.2445752
XCME.VY1.04AUG25.110.C,2.1093750,2.1406250,110,C,2.1285498,,1777.9666691,1437.4744671
XCME.VY1.04AUG25.110:75.C,1.3593750,1.3906250,110.7500000,C,1.3778467,,1248.5414898,989.5856673
XCME.VY1.04AUG25.110.P,INVALID,.0069999,110,P,.0035498,,1560.2173527,1417.3903224
XCME.VY1.04AUG25.111:25.C,.8593750,.8906250,111.2500000,C,.8815286,,867.6025150,667.2011177
XCME.VY1.04AUG25.113.P,.8750000,.9062500,113,P,.8831738,286.9588747,1029.5186335,914.2100731
