Key,BID,ASK,STRIKE,ITYPE,ADJTHEOR,IVBID,IVASK,IVAVERAGE
XCME.ZN.SEP25,110.9218750,110.9375000,INVALID,F,,,,
XCME.ZN1.01AUG25.112:5.C,INVALID,.0069999,112.5000000,C,.0000027,,1440.9328574,1300.2677055
XCME.ZN1.01AUG25.112.C,INVALID,.0156250,112,C,.0001285,,1220.4880935,1067.7633954
