Key,BID,ASK,STRIKE,ITYPE,ADJTHEOR,IVBID,IVASK,IVAVERAGE
XCME.ZN.SEP25,112.0781250,112.0937500,INVALID,F,,,,
XCME.ZN1.01AUG25.111:25.C,.8437500,.8593750,111.2500000,C,.8558971,,1553.6071800,
XCME.ZN1.01AUG25.111:75.C,.3437500,.3593750,111.7500000,C,.3571384,,747.5534762,
XCME.ZN1.01AUG25.110:5.C,1.5937500,1.6093750,110.5000000,C,1.6058749,,,
XCME.ZN1.01AUG25.110:75.C,1.3437500,1.3593750,110.7500000,C,1.3558745,,,
XCME.ZN1.01AUG25.111.P,INVALID,.0069999,111,P,0,,,1951.8427922
XCME.ZN1.01AUG25.113.C,INVALID,.0069999,113,C,.0000280,,1813.0515595,1610.8894677
