Key,BID,ASK,STRIKE,ITYPE,ADJTHEOR,IVBID,IVASK,IVAVERAGE
XCME.ZN.SEP25,110.9062500,110.9218750,INVALID,F,,,,
XCME.ZN1.01AUG25.112:5.C,INVALID,.0069999,112.5000000,C,0,,1950.4776290,1762.8348149
XCME.ZN1.01AUG25.112.C,INVALID,.0069999,112,C,0,,1428.1912432,1279.8071917
