Key,BID,ASK,STRIKE,ITYPE,ADJTHEOR,IVBID,IVASK,IVAVERAGE
XCME.ZN.SEP25,112.1093750,112.1250000,INVALID,F,,,,
XCME.VY1.04AUG25.113.C,.0069999,.0156250,113,C,.0119318,755.1449718,888.1688073,828.9017412
XCME.VY1.04AUG25.112:25.P,.2187500,.2500000,112.2500000,P,.2491385,517.6576086,646.9782808,582.8422144
XCME.VY1.04AUG25.112.C,.2187500,.2500000,112,C,.2218876,616.5196422,740.2506570,678.5480597
XCME.VY1.04AUG25.112:75.C,.0156250,.0312500,112.7500000,C,.0215202,694.4985720,833.9205898,769.5355974
XCME.VY1.04AUG25.110:25.C,1.8593750,1.8906250,110.2500000,C,1.8592305,1267.0282118,1880.8584504,1723.7174753
XCME.ZN1.01AUG25.112:75.C,INVALID,.0069999,112.7500000,C,.0000558,,1432.1195412,1265.0397370
XCME.ZN1.01AUG25.110:25.C,1.8593750,1.8906250,110.2500000,C,1.8628750,,,
