Key,BID,ASK,STRIKE,ITYPE,ADJTHEOR,IVBID,IVASK,IVAVERAGE
XCME.ZN.SEP25,110.9062500,110.9218750,INVALID,F,,,,
XCME.ZN1.01AUG25.112:75.P,1.8281250,1.8437500,112.7500000,P,1.8359375,,,
XCME.ZN1.01AUG25.111:75.P,.8281250,.8593750,111.7500000,P,.8363047,,1241.5428048,1059.9885773
