Key,BID,ASK,STRIKE,ITYPE,ADJTHEOR,IVBID,IVASK,IVAVERAGE
XCME.ZN.SEP25,111.9531250,111.9687500,INVALID,F,,,,
XCME.GY1.05AUG25.110:75.C,1.1875000,1.2187500,110.7500000,C,1.2192715,,629.8051184,474.8804589
XCME.GY1.05AUG25.112:25.P,.4062500,.4218750,112.2500000,P,.4028624,631.8267174,678.3207243,655.1623009
XCME.GY1.05AUG25.113.C,.0156250,.0312500,113,C,.0194526,695.8407457,816.9101155,761.4840088
XCME.GY1.05AUG25.111.P,.0069999,.0156250,111,P,.0094170,562.1727244,657.3030159,614.9117678
XCME.GY1.05AUG25.112.C,.1875000,.2187500,112,C,.2066884,546.9868501,630.6283630,588.8137881
XCME.GY1.05AUG25.111:25.P,.0156250,.0312500,111.2500000,P,.0226907,521.2790120,622.7980144,576.0107822
XCME.GY1.05AUG25.110:25.P,INVALID,.0069999,110.2500000,P,.0030234,,907.6745418,820.8424014
