Key,BID,ASK,STRIKE,ITYPE,ADJTHEOR,IVBID,IVASK,IVAVERAGE
XCME.ZN.SEP25,112.0937500,112.1093750,INVALID,F,,,,
XCME.VY1.04AUG25.111:5.P,.0069999,.0312500,111.5000000,P,.0184159,563.3945094,809.7040865,706.7315033
XCME.VY1.04AUG25.112:5.C,.0312500,.0625000,112.5000000,C,.0427151,605.1100705,786.7415755,700.5865089
XCME.VY1.04AUG25.110:25.P,INVALID,.0069999,110.2500000,P,.0034202,,1421.0295288,1287.6991635
XCME.VY1.04AUG25.111.P,INVALID,.0069999,111,P,.0051293,,922.2654704,827.2011896
XCME.VY1.04AUG25.110:75.P,INVALID,.0069999,110.7500000,P,.0038942,,1092.0158641,982.9970121
XCME.VY1.04AUG25.112.P,.1093750,.1250000,112,P,.1137082,611.0869652,674.1901150,642.6888799
