Key,BID,ASK,STRIKE,ITYPE,ADJTHEOR,IVBID,IVASK,IVAVERAGE
XCME.ZN.SEP25,112.1250000,112.1406250,INVALID,F,,,,
XCME.VY1.04AUG25.110.C,2.1250000,2.1562500,110,C,2.1396378,,1950.2652414,1882.1398585
XCME.VY1.04AUG25.110:75.C,1.3750000,1.4062500,110.7500000,C,1.3897898,,1383.4322272,1329.2710317
XCME.VY1.04AUG25.110.P,INVALID,.0069999,110,P,.0060128,,1599.5937037,1452.6534331
XCME.VY1.04AUG25.111:25.C,.8906250,.9218750,111.2500000,C,.8939340,758.7542123,1119.0025058,1013.5780355
XCME.VY1.04AUG25.113.P,.8437500,.8750000,113,P,.8761335,,776.5383246,
XCME.VY1.04AUG25.113.C,.0069999,.0156250,113,C,.0097585,746.4108193,879.2883906,820.0359684
