Key,BID,ASK,STRIKE,ITYPE,ADJTHEOR,IVBID,IVASK,IVAVERAGE
XCME.ZN.SEP25,112.0312500,112.0468750,INVALID,F,,,,
XCME.GY1.05AUG25.110:5.P,INVALID,.0069999,110.5000000,P,.0036599,,841.1664641,758.5762003
XCME.GY1.05AUG25.110:75.P,INVALID,.0069999,110.7500000,P,.0047303,,723.8953083,649.9972547
XCME.GY1.05AUG25.111:75.P,.0781250,.0937500,111.7500000,P,.0869519,501.8924501,552.0625142,527.1698456
XCME.GY1.05AUG25.112.P,.1718750,.1875000,112,P,.1835603,501.5669983,544.3602620,522.9646712
XCME.VY1.04AUG25.111:75.P,.0312500,.0468750,111.7500000,P,.0406671,465.1660492,547.7957780,507.6252983
XCME.VY1.04AUG25.111:75.C,.3125000,.3281250,111.7500000,C,.3176046,488.9393375,569.2363088,530.0380850
