Key,BID,ASK,STRIKE,ITYPE,ADJTHEOR,IVBID,IVASK,IVAVERAGE
XCME.ZN.SEP25,112.1406250,112.1562500,INVALID,F,,,,
XCME.VY1.04AUG25.112:75.P,.6093750,.6406250,112.7500000,P,.6240880,518.0292608,847.1713234,718.7766892
XCME.VY1.04AUG25.111:25.P,INVALID,.0156250,111.2500000,P,.0063166,,907.0309409,787.1532363
XCME.VY1.04AUG25.111:5.P,.0069999,.0156250,111.5000000,P,.0120940,595.7406231,708.8488197,658.0958019
XCME.VY1.04AUG25.112:5.C,.0312500,.0468750,112.5000000,C,.0425523,567.8498793,660.6117216,615.6691563
XCME.VY1.04AUG25.110:25.P,INVALID,.0069999,110.2500000,P,.0034202,,1454.8634303,1318.1552719
XCME.VY1.04AUG25.111.P,INVALID,.0069999,111,P,.0039349,,954.6688032,856.6403970
XCME.VY1.04AUG25.110:75.P,INVALID,.0069999,110.7500000,P,.0033464,,1124.6845943,1013.2507677
