Key,BID,ASK,STRIKE,ITYPE,ADJTHEOR,IVBID,IVASK,IVAVERAGE
XCME.ZN.SEP25,112,112.0156250,INVALID,F,,,,
XCME.WY1.06AUG25.110:5.P,INVALID,.0156250,110.5000000,P,.0052871,,796.7258786,704.3576509
XCME.WY1.06AUG25.110:25.C,1.7656250,1.7968750,110.2500000,C,1.7777514,,975.3435241,856.0542217
XCME.WY1.06AUG25.112:5.P,.5468750,.5781250,112.5000000,P,.5569995,530.7236663,623.3874470,578.0804846
XCME.WY1.06AUG25.111:5.C,.5468750,.5625000,111.5000000,C,.5820269,386.5796226,452.5637817,421.1997011
XCME.WY1.06AUG25.110:25.P,INVALID,.0069999,110.2500000,P,.0043139,,786.6100176,711.5473953
XCME.WY1.06AUG25.111:75.P,.1093750,.1250000,111.7500000,P,.1202296,494.2607505,533.6529711,514.0425026
XCME.WY1.06AUG25.112:75.P,.7500000,.7812500,112.7500000,P,.7710327,489.3737576,628.7498876,564.8966350
