Key,BID,ASK,STRIKE,ITYPE,ADJTHEOR,IVBID,IVASK,IVAVERAGE
XCME.ZN.SEP25,112.1093750,112.1250000,INVALID,F,,,,
XCME.WY1.06AUG25.110:75.C,1.3750000,1.4062500,110.7500000,C,1.3871160,594.3469341,885.2294133,776.7811379
XCME.WY1.06AUG25.111:5.P,.0625000,.0781250,111.5000000,P,.0729256,601.4012739,654.4198026,628.3640516
XCME.WY1.06AUG25.111.C,1.1250000,1.1562500,111,C,1.1462468,501.5861860,761.4267553,663.4088323
XCME.ZN1.01AUG25.112:75.C,INVALID,.0069999,112.7500000,C,.0000469,,1416.6022850,1250.8330164
XCME.ZN1.01AUG25.110:25.C,1.8593750,1.8906250,110.2500000,C,1.8715000,,,
XCME.ZN1.01AUG25.110:25.P,INVALID,.0069999,110.2500000,P,0,,,
XCME.ZN1.01AUG25.110:75.P,INVALID,.0069999,110.7500000,P,0,,,
