Key,BID,ASK,STRIKE,ITYPE,ADJTHEOR,IVBID,IVASK,IVAVERAGE
XCME.ZN.SEP25,110.9375000,110.9531250,INVALID,F,,,,
XCME.ZN1.01AUG25.110:25.C,.7031250,.7343750,110.2500000,C,.6882622,1034.4476536,1547.1206251,1324.6139004
XCME.ZN1.01AUG25.112:75.C,INVALID,.0069999,112.7500000,C,0,,1952.5081365,1766.7093085
