Key,BID,ASK,STRIKE,ITYPE,ADJTHEOR,IVBID,IVASK,IVAVERAGE
XCME.ZN.SEP25,111.9531250,111.9687500,INVALID,F,,,,
XCME.WY1.06AUG25.110.P,INVALID,.0069999,110,P,.0044783,,853.3113538,773.6873307
XCME.WY1.06AUG25.110:75.P,.0069999,.0156250,110.7500000,P,.0108301,569.7651502,660.8220119,620.4643543
XCME.WY1.06AUG25.112:25.P,.4062500,.4218750,112.2500000,P,.4154180,529.3617073,568.3157347,548.9130732
XCME.WY1.06AUG25.111:25.C,.7343750,.7656250,111.2500000,C,.7522361,463.1293198,606.5179253,541.6214720
XCME.WY1.06AUG25.110:5.P,.0069999,.0156250,110.5000000,P,.0070817,666.2430449,767.7059519,722.9270960
XCME.WY1.06AUG25.110:25.C,1.7031250,1.7343750,110.2500000,C,1.7197710,,914.1616428,780.2270940
