Key,BID,ASK,STRIKE,ITYPE,ADJTHEOR,IVBID,IVASK,IVAVERAGE
XCME.ZN.SEP25,110.9687500,110.9843750,INVALID,F,,,,
XCME.ZN1.01AUG25.112:25.P,1.2656250,1.2812500,112.2500000,P,1.2701370,,1328.9472276,1175.2997755
XCME.ZN1.01AUG25.113.P,2,2.0312500,113,P,2.0199457,,1627.4090139,1521.1302066
