Key,BID,ASK,STRIKE,ITYPE,ADJTHEOR,IVBID,IVASK,IVAVERAGE
XCME.ZN.SEP25,112.0156250,112.0312500,INVALID,F,,,,
XCME.GY1.05AUG25.112:25.P,.3281250,.3593750,112.2500000,P,.3460005,510.5743947,604.6769488,558.0390207
XCME.GY1.05AUG25.113.C,.0069999,.0312500,113,C,.0151389,581.7780142,799.2494413,710.1024893
XCME.GY1.05AUG25.111.P,.0069999,.0156250,111,P,.0070213,594.8743635,694.9267232,650.4305496
XCME.GY1.05AUG25.112.C,.2031250,.2343750,112,C,.2113807,529.6751131,614.5035907,572.0907333
XCME.GY1.05AUG25.111:25.P,.0156250,.0312500,111.2500000,P,.0175131,559.2483723,665.7499355,616.7472734
XCME.GY1.05AUG25.110:25.P,INVALID,.0069999,110.2500000,P,.0005060,,945.1512546,854.9051102
