Key,BID,ASK,STRIKE,ITYPE,ADJTHEOR,IVBID,IVASK,IVAVERAGE
XCME.ZN.SEP25,110.8437500,110.8593750,INVALID,F,,,,
XCME.ZN1.01AUG25.110.C,.8593750,.8750000,110,C,.8480538,1196.0382564,1657.5670456,1460.6231081
