Key,BID,ASK,STRIKE,ITYPE,ADJTHEOR,IVBID,IVASK,IVAVERAGE
XCME.ZN.SEP25,112.1250000,112.1406250,INVALID,F,,,,
XCME.GY1.05AUG25.110:75.C,1.3593750,1.3906250,110.7500000,C,1.3831948,,902.5141792,854.6064081
XCME.GY1.05AUG25.112:25.P,.2812500,.3125000,112.2500000,P,.2927948,588.8988769,677.4096433,633.2280031
XCME.GY1.05AUG25.113.C,.0156250,.0312500,113,C,.0215787,627.3213318,743.8327797,690.4000892
XCME.GY1.05AUG25.111.P,.0069999,.0312500,111,P,.0130092,662.0799178,899.9145608,802.9004467
XCME.GY1.05AUG25.112.C,.2812500,.3125000,112,C,.2939205,588.9006519,677.4108535,633.2294871
XCME.GY1.05AUG25.111:25.P,.0156250,.0312500,111.2500000,P,.0240032,626.8907618,743.2177548,689.8303958
XCME.GY1.05AUG25.110:25.P,INVALID,.0069999,110.2500000,P,.0047022,,1014.3981614,918.9429416
