Key,BID,ASK,STRIKE,ITYPE,ADJTHEOR,IVBID,IVASK,IVAVERAGE
XCME.ZN.SEP25,112.1250000,112.1406250,INVALID,F,,,,
XCME.GY1.05AUG25.111:25.P,.0156250,.0312500,111.2500000,P,.0222613,638.5456859,756.5595298,702.4123830
XCME.GY1.05AUG25.110:25.P,INVALID,.0069999,110.2500000,P,.0054723,,1028.0111457,931.4493760
XCME.GY1.05AUG25.111:5.C,.6718750,.6875000,111.5000000,C,.6785406,621.9127053,699.3839331,661.9489334
XCME.GY1.05AUG25.110.C,2.1250000,2.1562500,110,C,2.1413048,,1360.6607352,1170.5884658
XCME.GY1.05AUG25.111:5.P,.0312500,.0468750,111.5000000,P,.0422285,598.3362453,679.0028259,640.2328075
XCME.GY1.05AUG25.110:25.C,1.8750000,1.9062500,110.2500000,C,1.8917848,,1230.4014593,1054.1333553
XCME.GY1.05AUG25.112:75.C,.0468750,.0625000,112.7500000,C,.0512312,663.3842813,733.7064700,699.3894813
