Key,BID,ASK,STRIKE,ITYPE,ADJTHEOR,IVBID,IVASK,IVAVERAGE
XCME.ZN.SEP25,112.1093750,112.1250000,INVALID,F,,,,
XCME.GY1.05AUG25.111:25.P,.0156250,.0312500,111.2500000,P,.0201611,625.4293165,741.3280305,688.1504321
XCME.GY1.05AUG25.110:25.P,INVALID,.0069999,110.2500000,P,.0034849,,1011.5251256,916.6329387
XCME.GY1.05AUG25.111:5.C,.6562500,.6875000,111.5000000,C,.6676881,584.3137725,733.5347627,663.5182483
XCME.GY1.05AUG25.110.C,2.1093750,2.1406250,110,C,2.1281986,,1281.7281387,1036.2208561
XCME.GY1.05AUG25.111:5.P,.0312500,.0625000,111.5000000,P,.0426884,584.3114326,733.5330301,663.5193226
XCME.GY1.05AUG25.110:25.C,1.8593750,1.8906250,110.2500000,C,1.8784849,358.2337629,1327.8612947,1156.8397578
