Key,BID,ASK,STRIKE,ITYPE,ADJTHEOR,IVBID,IVASK,IVAVERAGE
XCME.ZN.SEP25,111.9531250,111.9687500,INVALID,F,,,,
XCME.ZN1.01AUG25.112:5.C,INVALID,.0156250,112.5000000,C,.0115395,,1049.4676130,893.7066405
XCME.ZN1.01AUG25.111:5.C,.4531250,.4843750,111.5000000,C,.4950732,,585.3723118,
XCME.ZN1.01AUG25.113.P,1.0156250,1.0468750,113,P,1.0194517,,,
XCME.ZN1.01AUG25.112:25.P,.2968750,.3281250,112.2500000,P,.3037054,818.7003087,1106.5114205,968.8714070
XCME.ZN1.01AUG25.111.C,.9531250,.9843750,111,C,.9861317,,1090.8100548,
XCME.ZN1.01AUG25.112.C,.0937500,.1093750,112,C,.1156372,699.1405900,806.6878455,752.9211301
