Key,BID,ASK,STRIKE,ITYPE,ADJTHEOR,IVBID,IVASK,IVAVERAGE
XCME.ZN.SEP25,110.9375000,110.9531250,INVALID,F,,,,
XCME.ZN1.01AUG25.112:75.P,1.7812500,1.8125000,112.7500000,P,1.7968756,,1875.2983011,1780.9851197
XCME.ZN1.01AUG25.111:75.P,.7968750,.8281250,111.7500000,P,.7981123,302.5951650,1169.3999676,1036.6656771
