Key,BID,ASK,STRIKE,ITYPE,ADJTHEOR,IVBID,IVASK,IVAVERAGE
XCME.ZN.SEP25,110.9375000,110.9531250,INVALID,F,,,,
XCME.ZN1.01AUG25.112:5.C,INVALID,.0069999,112.5000000,C,.0000046,,1397.7635289,1261.0361264
XCME.ZN1.01AUG25.112.C,INVALID,.0156250,112,C,.0001918,,1180.9000021,1032.4688297
