Key,BID,ASK,STRIKE,ITYPE,ADJTHEOR,IVBID,IVASK,IVAVERAGE
XCME.ZN.SEP25,110.9218750,110.9375000,INVALID,F,,,,
XCME.ZN1.01AUG25.110.P,.0069999,.0156250,110,P,.0000407,1098.8139989,1287.2232545,1203.1772892
XCME.ZN1.01AUG25.110:75.P,.1406250,.1562500,110.7500000,P,.0538182,1168.5463086,1257.2702644,1212.9836408
