Key,BID,ASK,STRIKE,ITYPE,ADJTHEOR,IVBID,IVASK,IVAVERAGE
XCME.ZN.SEP25,112.1718750,112.1875000,INVALID,F,,,,
XCME.WY1.06AUG25.112:75.C,.0625000,.0781250,112.7500000,C,.0743015,577.6934914,629.9910687,604.2732293
XCME.WY1.06AUG25.112.C,.3281250,.3593750,112,C,.3476823,525.6054263,600.2796845,563.0449036
XCME.WY1.06AUG25.111.P,.0156250,.0312500,111,P,.0188762,660.0054294,771.0540267,720.3416102
XCME.WY1.06AUG25.112:25.C,.2031250,.2343750,112.2500000,C,.2153186,546.1247762,618.2538970,582.2044195
XCME.WY1.06AUG25.112:5.C,.1250000,.1406250,112.5000000,C,.1271232,584.2368093,624.6366001,604.5177684
XCME.WY1.06AUG25.111:25.P,.0156250,.0312500,111.2500000,P,.0311381,543.6577524,642.9094511,597.4360411
XCME.WY1.06AUG25.111:75.C,.5156250,.5312500,111.7500000,C,.5225238,564.0291845,608.7141940,586.5615724
