Key,BID,ASK,STRIKE,ITYPE,ADJTHEOR,IVBID,IVASK,IVAVERAGE
XCME.ZN.SEP25,110.8906250,110.9062500,INVALID,F,,,,
XCME.ZN1.01AUG25.110:5.C,.4531250,.4843750,110.5000000,C,.3968705,1124.1822849,1389.9355533,1261.3141493
XCME.ZN1.01AUG25.111:75.C,.0069999,.0156250,111.7500000,C,.0000251,1197.5229792,1408.1832587,1314.1437386
