Key,BID,ASK,STRIKE,ITYPE,ADJTHEOR,IVBID,IVASK,IVAVERAGE
XCME.ZN.SEP25,111.9687500,111.9843750,INVALID,F,,,,
XCME.VY1.04AUG25.111.C,.9531250,.9843750,111,C,.9654515,,983.7131480,845.0528400
XCME.VY1.04AUG25.110:5.C,1.4531250,1.4843750,110.5000000,C,1.4637693,,1359.9690599,1186.2285109
XCME.VY1.04AUG25.110.C,1.9531250,1.9843750,110,C,1.9642913,,1717.5229631,1511.8788855
XCME.VY1.04AUG25.110:75.C,1.2031250,1.2343750,110.7500000,C,1.2140385,,1174.7769403,1017.9745643
XCME.VY1.04AUG25.110.P,INVALID,.0069999,110,P,.0033538,,1391.9852517,1261.8941161
XCME.VY1.04AUG25.111:25.C,.7187500,.7343750,111.2500000,C,.7202008,613.2101302,785.5285038,710.8223725
