Key,BID,ASK,STRIKE,ITYPE,ADJTHEOR,IVBID,IVASK,IVAVERAGE
XCME.ZN.SEP25,111.6406250,111.6562500,INVALID,F,,,,
XCME.WY1.06AUG25.110:5.P,.0069999,.0156250,110.5000000,P,,,,
XCME.WY1.06AUG25.110:25.C,1.3750000,1.4062500,110.2500000,C,,,,
XCME.WY1.06AUG25.112:5.P,.8437500,.8750000,112.5000000,P,,,,
XCME.WY1.06AUG25.111:5.C,.3125000,.3437500,111.5000000,C,,,,
XCME.WY1.06AUG25.110:25.P,INVALID,.0156250,110.2500000,P,,,,
XCME.WY1.06AUG25.111:75.P,.2812500,.3125000,111.7500000,P,,,,
