Key,BID,ASK,STRIKE,ITYPE,ADJTHEOR,IVBID,IVASK,IVAVERAGE
XCME.ZN.SEP25,112.2031250,112.2187500,INVALID,F,,,,
XCME.VY1.04AUG25.112:25.P,.1562500,.1718750,112.2500000,P,.1705303,529.3041557,591.5175134,560.4232514
XCME.VY1.04AUG25.112.C,.2656250,.2968750,112,C,.2747679,544.5467414,687.0784720,616.9910650
XCME.VY1.04AUG25.112:75.C,.0156250,.0312500,112.7500000,C,.0210071,623.9663624,757.4383280,695.6147412
XCME.VY1.04AUG25.110:25.C,1.9531250,1.9843750,110.2500000,C,1.9608648,,1905.9452520,1708.3644479
XCME.GY1.05AUG25.110.P,INVALID,.0069999,110,P,.0036439,,1180.5557826,1072.3969313
XCME.GY1.05AUG25.110:5.C,1.7031250,1.7343750,110.5000000,C,1.7110761,,1222.1531991,1094.1602859
