Key,BID,ASK,STRIKE,ITYPE,ADJTHEOR,IVBID,IVASK,IVAVERAGE
XCME.ZN.SEP25,111.9218750,111.9375000,INVALID,F,,,,
XCME.VY1.04AUG25.111:75.P,.0625000,.0781250,111.7500000,P,.0740940,495.1701946,560.4969999,528.0961490
XCME.VY1.04AUG25.111:75.C,.2343750,.2656250,111.7500000,C,.2572814,446.2787480,578.1938479,513.4182086
XCME.VY1.04AUG25.112:75.P,.8125000,.8437500,112.7500000,P,.8252146,,901.5810492,783.8683702
XCME.VY1.04AUG25.111:25.P,.0069999,.0156250,111.2500000,P,.0100767,583.1271020,692.0290576,643.2438703
XCME.VY1.04AUG25.111:5.P,.0156250,.0312500,111.5000000,P,.0263538,491.9152064,604.5966435,552.1350276
XCME.VY1.04AUG25.112:5.C,.0156250,.0312500,112.5000000,C,.0173918,601.0073874,726.9066946,668.6102610
XCME.VY1.04AUG25.110:25.P,INVALID,.0069999,110.2500000,P,.0030546,,1229.5650712,1112.0086407
