Key,BID,ASK,STRIKE,ITYPE,ADJTHEOR,IVBID,IVASK,IVAVERAGE
XCME.ZN.SEP25,112.1406250,112.1562500,INVALID,F,,,,
XCME.GY1.05AUG25.112:75.P,.6406250,.6718750,112.7500000,P,.6495480,633.0469249,770.7833650,704.9806851
XCME.GY1.05AUG25.110:75.C,1.3906250,1.4218750,110.7500000,C,1.4105573,,973.5656558,824.9915761
XCME.GY1.05AUG25.112:25.P,.2656250,.2968750,112.2500000,P,.2746168,595.7385353,684.4286517,640.1286811
XCME.GY1.05AUG25.113.C,.0156250,.0468750,113,C,.0296212,618.5910153,825.9359694,734.6815354
XCME.GY1.05AUG25.111.P,.0069999,.0156250,111,P,.0130629,682.5140535,792.4502513,743.5821561
XCME.GY1.05AUG25.112.C,.2968750,.3281250,112,C,.3056104,593.8830895,684.4136164,639.2613171
