Key,BID,ASK,STRIKE,ITYPE,ADJTHEOR,IVBID,IVASK,IVAVERAGE
XCME.ZN.SEP25,112.0156250,112.0312500,INVALID,F,,,,
XCME.ZN1.01AUG25.110:25.P,INVALID,.0069999,110.2500000,P,,,,
XCME.ZN1.01AUG25.110:75.P,INVALID,.0069999,110.7500000,P,.0005811,,1940.3253972,1743.1920472
XCME.ZN1.01AUG25.111:75.P,INVALID,.0156250,111.7500000,P,.0095889,588.2579041,729.5497833,665.0300577
XCME.ZN1.01AUG25.110.P,INVALID,.0069999,110,P,,,,
XCME.ZN1.01AUG25.110:5.P,INVALID,.0069999,110.5000000,P,.0010631,,,
XCME.ZN1.01AUG25.112:75.P,.7031250,.7187500,112.7500000,P,.6957225,,1555.8143290,1318.9891339
XCME.ZN1.01AUG25.111:5.P,INVALID,.0069999,111.5000000,P,.0016347,,952.3763572,835.9387546
