Key,BID,ASK,STRIKE,ITYPE,ADJTHEOR,IVBID,IVASK,IVAVERAGE
XCME.ZN.SEP25,111.9062500,111.9218750,INVALID,F,,,,
XCME.GY1.05AUG25.112:25.P,.4062500,.4375000,112.2500000,P,.3899663,614.6144174,709.4563606,662.4330586
XCME.GY1.05AUG25.113.C,.0069999,.0156250,113,C,.0088038,608.6539281,709.0754016,664.3873826
XCME.GY1.05AUG25.111.P,.0069999,.0156250,111,P,.0087310,563.1786918,658.4751193,615.9809975
XCME.GY1.05AUG25.112.C,.1562500,.1875000,112,C,.1811255,482.4110050,567.1613617,524.8021096
XCME.GY1.05AUG25.111:25.P,.0156250,.0312500,111.2500000,P,.0204117,520.1077762,622.0016075,575.0289027
XCME.GY1.05AUG25.110:25.P,INVALID,.0069999,110.2500000,P,.0030447,,912.4399209,825.1719505
