Key,BID,ASK,STRIKE,ITYPE,ADJTHEOR,IVBID,IVASK,IVAVERAGE
XCME.ZN.SEP25,110.9531250,110.9687500,INVALID,F,,,,
XCME.ZN1.01AUG25.110:5.C,.5156250,.5468750,110.5000000,C,.4838852,878.4426050,1068.2525782,976.4913315
XCME.ZN1.01AUG25.111:75.C,.0156250,.0312500,111.7500000,C,.0022753,906.7882330,1078.1018861,999.2945833
