Key,BID,ASK,STRIKE,ITYPE,ADJTHEOR,IVBID,IVASK,IVAVERAGE
XCME.ZN.SEP25,112.0468750,112.0625000,INVALID,F,,,,
XCME.VY1.04AUG25.111:75.P,.0312500,.0468750,111.7500000,P,.0425001,496.8111900,582.6576075,540.9858673
XCME.VY1.04AUG25.111:75.C,.3281250,.3593750,111.7500000,C,.3463753,454.1298401,626.6001090,545.4234824
XCME.VY1.04AUG25.112:75.P,.6875000,.7187500,112.7500000,P,.7060227,,797.7754259,671.7778643
XCME.VY1.04AUG25.111:25.P,INVALID,.0069999,111.2500000,P,.0058505,,689.2400099,612.1109316
XCME.VY1.04AUG25.111:5.P,.0069999,.0156250,111.5000000,P,.0143621,510.9778974,611.9484632,566.4832076
XCME.VY1.04AUG25.112:5.C,.0156250,.0312500,112.5000000,C,.0250384,520.9325644,639.0372202,584.0664711
XCME.VY1.04AUG25.110:25.P,INVALID,.0069999,110.2500000,P,.0031688,,1350.7033277,1222.6121553
