Key,BID,ASK,STRIKE,ITYPE,ADJTHEOR,IVBID,IVASK,IVAVERAGE
XCME.ZN.SEP25,112.1718750,112.1875000,INVALID,F,,,,
XCME.WY1.06AUG25.110:75.C,1.4375000,1.4531250,110.7500000,C,1.4460127,506.9885600,903.2369540,782.3506970
XCME.WY1.06AUG25.111:5.P,.0312500,.0468750,111.5000000,P,.0464739,519.5472188,587.8064673,555.0306815
XCME.WY1.06AUG25.111.C,1.1875000,1.2187500,111,C,1.2008661,428.6920330,781.1540101,671.6476144
XCME.GY1.05AUG25.110.P,INVALID,.0069999,110,P,.0036127,,1169.9691590,1062.7314018
XCME.GY1.05AUG25.110:5.C,1.6718750,1.7031250,110.5000000,C,1.6873397,,1128.9404814,962.7425001
XCME.GY1.05AUG25.111.C,1.1718750,1.2031250,111,C,1.1908229,647.0439438,978.5430180,853.9981248
XCME.GY1.05AUG25.112:25.C,.1718750,.2031250,112.2500000,C,.1844289,570.8102639,659.1034003,614.9804387
