Key,BID,ASK,STRIKE,ITYPE,ADJTHEOR,IVBID,IVASK,IVAVERAGE
XCME.ZN.SEP25,110.9218750,110.9375000,INVALID,F,,,,
XCME.ZN1.01AUG25.110.P,INVALID,.0156250,110,P,.0000075,,1436.2692249,1250.1861286
XCME.ZN1.01AUG25.110:75.P,.1406250,.1562500,110.7500000,P,.0450118,1292.6519730,1490.8795165,1392.0546170
