Key,BID,ASK,STRIKE,ITYPE,ADJTHEOR,IVBID,IVASK,IVAVERAGE
XCME.ZN.SEP25,112.0312500,112.0468750,INVALID,F,,,,
XCME.WY1.06AUG25.110:5.C,1.5312500,1.5625000,110.5000000,C,1.5477194,,844.6442786,717.9253971
XCME.WY1.06AUG25.112.P,.2031250,.2187500,112,P,.2077379,503.4531750,538.7033383,521.0798642
XCME.WY1.06AUG25.110:75.C,1.2812500,1.3125000,110.7500000,C,1.2998032,,734.1975220,619.6882146
XCME.WY1.06AUG25.111:5.P,.0468750,.0625000,111.5000000,P,.0527193,493.1141343,547.6446540,521.0054351
XCME.WY1.06AUG25.111.C,1.0468750,1.0625000,111,C,1.0548682,465.4686635,620.6346789,558.6848894
XCME.ZN1.01AUG25.112:75.C,INVALID,.0069999,112.7500000,C,.0000196,,1352.3948316,1196.9388273
XCME.ZN1.01AUG25.110:25.C,1.7812500,1.7968750,110.2500000,C,1.7890624,,,
