Key,BID,ASK,STRIKE,ITYPE,ADJTHEOR,IVBID,IVASK,IVAVERAGE
XCME.ZN.SEP25,110.9531250,110.9687500,INVALID,F,,,,
XCME.ZN1.01AUG25.112:5.C,INVALID,.0069999,112.5000000,C,.0000010,,1468.2140276,1323.9672255
XCME.ZN1.01AUG25.112.C,INVALID,.0156250,112,C,.0001143,,1232.1617003,1076.1513162
