Key,BID,ASK,STRIKE,ITYPE,ADJTHEOR,IVBID,IVASK,IVAVERAGE
XCME.ZN.SEP25,110.9531250,110.9687500,INVALID,F,,,,
XCME.ZN1.01AUG25.110.P,.0069999,.0156250,110,P,.0007224,835.9418290,975.7137075,913.3371964
XCME.ZN1.01AUG25.110:75.P,.1406250,.1562500,110.7500000,P,.0763121,931.1094725,996.5786987,963.9201202
