Key,BID,ASK,STRIKE,ITYPE,ADJTHEOR,IVBID,IVASK,IVAVERAGE
XCME.ZN.SEP25,112.0156250,112.0312500,INVALID,F,,,,
XCME.GY1.05AUG25.112:75.C,.0156250,.0312500,112.7500000,C,.0259636,536.3086539,641.1377873,592.8445059
XCME.GY1.05AUG25.112:5.C,.0468750,.0625000,112.5000000,C,.0532633,549.0011648,612.4940377,581.4375387
XCME.GY1.05AUG25.110:5.P,INVALID,.0069999,110.5000000,P,.0035157,,842.8180078,760.2214509
XCME.GY1.05AUG25.110:75.P,INVALID,.0069999,110.7500000,P,.0045575,,725.5419688,651.7102432
XCME.GY1.05AUG25.111:75.P,.0781250,.0937500,111.7500000,P,.0882949,505.0388560,555.3177479,530.3729263
XCME.GY1.05AUG25.112.P,.1718750,.2031250,112,P,.1845964,506.1526861,591.7601598,548.9612377
