Key,BID,ASK,STRIKE,ITYPE,ADJTHEOR,IVBID,IVASK,IVAVERAGE
XCME.ZN.SEP25,111.9843750,112,INVALID,F,,,,
XCME.VY1.04AUG25.110.C,1.9843750,2.0156250,110,C,1.9990953,,1687.6922284,1448.1698943
XCME.VY1.04AUG25.110:75.C,1.2343750,1.2656250,110.7500000,C,1.2492311,,1158.6123665,976.3317397
XCME.VY1.04AUG25.110.P,INVALID,.0069999,110,P,.0034078,,1412.6281238,1280.7577970
XCME.VY1.04AUG25.111:25.C,.7500000,.7656250,111.2500000,C,.7547026,573.5222484,782.2787318,697.7924136
XCME.VY1.04AUG25.113.P,.9843750,1.0156250,113,P,1.0092286,,871.0448015,805.3832625
XCME.VY1.04AUG25.113.C,INVALID,.0069999,113,C,.0049161,,797.4791628,714.0382923
