Key,BID,ASK,STRIKE,ITYPE,ADJTHEOR,IVBID,IVASK,IVAVERAGE
XCME.ZN.SEP25,112.0156250,112.0312500,INVALID,F,,,,
XCME.ZN1.01AUG25.110:25.P,INVALID,.0069999,110.2500000,P,0,,,
XCME.ZN1.01AUG25.110:75.P,INVALID,.0069999,110.7500000,P,.0000017,,,1894.0737964
XCME.ZN1.01AUG25.111:75.P,INVALID,.0069999,111.7500000,P,.0023286,,638.9671713,549.2282416
XCME.ZN1.01AUG25.110.P,INVALID,.0069999,110,P,0,,,
XCME.ZN1.01AUG25.110:5.P,INVALID,.0069999,110.5000000,P,.00,,,
XCME.ZN1.01AUG25.112:75.P,.7031250,.7343750,112.7500000,P,.7110321,,1689.9482096,1432.6761437
