Key,BID,ASK,STRIKE,ITYPE,ADJTHEOR,IVBID,IVASK,IVAVERAGE
XCME.ZN.SEP25,112.0625000,112.0781250,INVALID,F,,,,
XCME.WY1.06AUG25.112:75.C,.0468750,.0625000,112.7500000,C,.0575575,560.0358492,617.6893955,589.5851310
XCME.WY1.06AUG25.112.C,.2656250,.2968750,112,C,.2914055,494.1932159,564.2779653,529.2573830
XCME.WY1.06AUG25.111.P,.0069999,.0156250,111,P,.0107956,514.5265359,598.8944515,561.3715834
XCME.WY1.06AUG25.112:25.C,.1562500,.1875000,112.2500000,C,.1792554,512.6231006,584.6810062,548.7399124
XCME.WY1.06AUG25.112:5.C,.0937500,.1093750,112.5000000,C,.1037503,553.1864450,595.9565090,574.7373902
XCME.WY1.06AUG25.111:25.P,.0156250,.0312500,111.2500000,P,.0236471,485.9182897,576.7352658,534.9948178
