Key,BID,ASK,STRIKE,ITYPE,ADJTHEOR,IVBID,IVASK,IVAVERAGE
XCME.ZN.SEP25,110.9375000,110.9531250,INVALID,F,,,,
XCME.ZN1.01AUG25.112:75.P,1.7812500,1.8125000,112.7500000,P,1.7882553,,1818.9208410,1604.0728553
XCME.ZN1.01AUG25.111:75.P,.7968750,.8281250,111.7500000,P,.7911924,770.1563962,1111.7006074,969.8323717
