Key,BID,ASK,STRIKE,ITYPE,ADJTHEOR,IVBID,IVASK,IVAVERAGE
XCME.ZN.SEP25,111.9687500,111.9843750,INVALID,F,,,,
XCME.GY1.05AUG25.112:75.P,.7968750,.8281250,112.7500000,P,.8152048,520.8701827,729.4556627,640.2746655
XCME.GY1.05AUG25.110:75.C,1.2187500,1.2343750,110.7500000,C,1.2207942,632.6731829,955.2297202,868.0353083
XCME.GY1.05AUG25.112:25.P,.3750000,.4062500,112.2500000,P,.3891352,538.9640248,635.1802053,587.6115871
XCME.GY1.05AUG25.113.C,.0069999,.0312500,113,C,.0167363,600.6820858,821.3881886,731.0071631
XCME.GY1.05AUG25.111.P,.0069999,.0156250,111,P,.0111726,564.6683337,660.5370032,617.8352942
XCME.GY1.05AUG25.112.C,.1875000,.2031250,112,C,.1922471,549.9195557,591.9708115,570.9469088
