Key,BID,ASK,STRIKE,ITYPE,ADJTHEOR,IVBID,IVASK,IVAVERAGE
XCME.ZN.SEP25,111.6562500,111.6718750,INVALID,F,,,,
XCME.VY1.04AUG25.112:25.P,.6093750,.6406250,112.2500000,P,.6372097,164.5265009,733.7914388,608.8952409
XCME.VY1.04AUG25.112.C,.0625000,.0781250,112,C,.0591464,671.8392588,742.8751499,707.8116894
XCME.VY1.04AUG25.112:75.C,INVALID,.0156250,112.7500000,C,.0085943,,967.2463884,846.8786727
XCME.VY1.04AUG25.110:25.C,1.3906250,1.4218750,110.2500000,C,1.3928399,346.4861469,1345.8472323,1213.3184406
XCME.WY1.06AUG25.110.C,1.6406250,1.6718750,110,C,,,,
XCME.WY1.06AUG25.113.P,1.3437500,1.3750000,113,P,,,,
