Key,BID,ASK,STRIKE,ITYPE,ADJTHEOR,IVBID,IVASK,IVAVERAGE
XCME.ZN.SEP25,110.8281250,110.8437500,INVALID,F,,,,
XCME.ZN1.01AUG25.110.C,.8437500,.8593750,110,C,.8394067,1009.8475005,1363.4859235,1220.5039690
