Key,BID,ASK,STRIKE,ITYPE,ADJTHEOR,IVBID,IVASK,IVAVERAGE
XCME.ZN.SEP25,112,112.0156250,INVALID,F,,,,
XCME.WY1.06AUG25.112:75.C,.0468750,.0625000,112.7500000,C,.0451726,536.5864842,665.7047310,605.3929532
XCME.WY1.06AUG25.112.C,.2500000,.2656250,112,C,.2456364,528.3674924,562.9625546,545.6650772
XCME.WY1.06AUG25.111.P,.0069999,.0312500,111,P,.0207133,475.7422360,654.8510048,581.5813284
XCME.WY1.06AUG25.112:25.C,.1406250,.1718750,112.2500000,C,.1451369,550.9232118,625.5443829,588.4128183
XCME.WY1.06AUG25.112:5.C,.0781250,.0937500,112.5000000,C,.0815668,566.0263000,612.3275779,589.4426279
XCME.WY1.06AUG25.111:25.P,.0312500,.0468750,111.2500000,P,.0394242,530.8328756,598.7632960,566.1774696
XCME.WY1.06AUG25.111:75.C,.3750000,.4062500,111.7500000,C,.3876471,520.0162594,594.4648180,557.4231835
