Key,BID,ASK,STRIKE,ITYPE,ADJTHEOR,IVBID,IVASK,IVAVERAGE
XCME.ZN.SEP25,111.6875000,111.7031250,INVALID,F,,,,
XCME.VY1.04AUG25.111.P,.0069999,.0156250,111,P,.0135648,560.0333749,662.2080153,616.1685113
XCME.VY1.04AUG25.110:75.P,INVALID,.0069999,110.7500000,P,.0056022,,721.3995281,644.7114222
XCME.VY1.04AUG25.112.P,.3750000,.3906250,112,P,.3849166,580.4324527,653.3048030,617.4607303
XCME.VY1.04AUG25.111:5.C,.2656250,.2968750,111.5000000,C,.2730988,577.5599821,696.8073988,637.6075983
XCME.VY1.04AUG25.112:25.C,.0156250,.0312500,112.2500000,C,.0243967,585.0911040,707.0331651,650.5796559
XCME.VY1.04AUG25.110:5.P,INVALID,.0069999,110.5000000,P,.0032598,,877.8425570,788.2628467
XCME.VY1.04AUG25.112:5.P,.8437500,.8750000,112.5000000,P,.8356956,802.5158858,1047.7699545,937.7432785
