Key,BID,ASK,STRIKE,ITYPE,ADJTHEOR,IVBID,IVASK,IVAVERAGE
XCME.ZN.SEP25,110.9218750,110.9375000,INVALID,F,,,,
XCME.ZN1.01AUG25.110.C,.9218750,.9531250,110,C,.9223103,319.4174314,1238.3152066,1102.8486324
