Key,BID,ASK,STRIKE,ITYPE,ADJTHEOR,IVBID,IVASK,IVAVERAGE
XCME.ZN.SEP25,111.9843750,112,INVALID,F,,,,
XCME.ZN1.01AUG25.112:5.P,.4843750,.5156250,112.5000000,P,.5322700,,,
XCME.ZN1.01AUG25.110.C,2,2.0156250,110,C,,,,
XCME.ZN1.01AUG25.112.P,.1093750,.1250000,112,P,.1433333,683.7688482,791.3955366,737.5921501
XCME.ZN1.01AUG25.112:25.C,.0312500,.0468750,112.2500000,C,.0428114,831.9804038,981.6888063,908.8805996
XCME.ZN1.01AUG25.111:25.C,.7500000,.7656250,111.2500000,C,.7351494,1433.4854882,1680.2308694,1564.9588044
XCME.ZN1.01AUG25.111:75.C,.2656250,.2968750,111.7500000,C,.2795288,791.5614273,1063.6976359,932.3382019
