Key,BID,ASK,STRIKE,ITYPE,ADJTHEOR,IVBID,IVASK,IVAVERAGE
XCME.ZN.SEP25,112.1093750,112.1250000,INVALID,F,,,,
XCME.VY1.04AUG25.110.C,2.1093750,2.1406250,110,C,2.1240357,,1895.8950908,1630.8455442
XCME.VY1.04AUG25.110:75.C,1.3593750,1.3906250,110.7500000,C,1.3741650,,1337.1300603,1132.1233708
XCME.VY1.04AUG25.110.P,INVALID,.0069999,110,P,.0033482,,1591.5685237,1445.7505846
XCME.VY1.04AUG25.111:25.C,.8593750,.8906250,111.2500000,C,.8785386,,934.2654039,773.4312118
XCME.VY1.04AUG25.113.P,.8750000,.9062500,113,P,.8897897,,1015.3817616,885.6671212
XCME.VY1.04AUG25.113.C,.0069999,.0156250,113,C,.0104772,756.7718103,890.8854413,831.1745808
