Key,BID,ASK,STRIKE,ITYPE,ADJTHEOR,IVBID,IVASK,IVAVERAGE
XCME.ZN.SEP25,112.1562500,112.1718750,INVALID,F,,,,
XCME.ZN1.01AUG25.111:25.C,.9062500,.9375000,111.2500000,C,.9296872,,,
XCME.ZN1.01AUG25.111:75.C,.4062500,.4375000,111.7500000,C,.4296898,,1308.2684894,1137.7035354
XCME.ZN1.01AUG25.110:5.C,1.6562500,1.6875000,110.5000000,C,1.6796875,,,
XCME.ZN1.01AUG25.110:75.C,1.4062500,1.4375000,110.7500000,C,1.4296874,,,
XCME.ZN1.01AUG25.111.P,INVALID,.0069999,111,P,0,,,
XCME.ZN1.01AUG25.113.C,INVALID,.0069999,113,C,0,,,1879.0179379
