Key,BID,ASK,STRIKE,ITYPE,ADJTHEOR,IVBID,IVASK,IVAVERAGE
XCME.ZN.SEP25,110.9218750,110.9375000,INVALID,F,,,,
XCME.ZN1.01AUG25.113.C,INVALID,.0069999,113,C,.0000069,,1541.5813803,1398.3787876
XCME.ZN1.01AUG25.111:5.C,.0468750,.0625000,111.5000000,C,.0173754,868.2478151,963.2146351,916.8287620
