Key,BID,ASK,STRIKE,ITYPE,ADJTHEOR,IVBID,IVASK,IVAVERAGE
XCME.ZN.SEP25,111.7968750,111.8125000,INVALID,F,,,,
XCME.ZN1.01AUG25.111:75.P,.0937500,.1093750,111.7500000,P,.1070647,814.0726723,919.8682523,867.0300819
XCME.ZN1.01AUG25.110.P,INVALID,.0069999,110,P,,,,
XCME.ZN1.01AUG25.110:5.P,INVALID,.0069999,110.5000000,P,.0022468,,1803.4858907,1620.9745467
XCME.ZN1.01AUG25.112:75.P,.9218750,.9531250,112.7500000,P,.9379743,,1601.5530870,1508.4135617
XCME.ZN1.01AUG25.111:5.P,.0156250,.0312500,111.5000000,P,.0365346,703.3182666,883.5759211,799.0308953
XCME.ZN1.01AUG25.111:25.P,INVALID,.0069999,111.2500000,P,.0110180,,902.3914917,793.1762689
