Key,BID,ASK,STRIKE,ITYPE,ADJTHEOR,IVBID,IVASK,IVAVERAGE
XCME.ZN.SEP25,111.9843750,112,INVALID,F,,,,
XCME.VY1.04AUG25.111:5.P,.0156250,.0312500,111.5000000,P,.0276848,525.2146026,640.6049579,586.9611822
XCME.VY1.04AUG25.112:5.C,.0156250,.0468750,112.5000000,C,.0327551,543.0953655,756.3489000,660.7342856
XCME.VY1.04AUG25.110:25.P,INVALID,.0069999,110.2500000,P,.0028995,,1232.8812094,1114.8495497
XCME.VY1.04AUG25.111.P,INVALID,.0069999,111,P,.0043940,,769.1444754,686.8973842
XCME.VY1.04AUG25.110:75.P,INVALID,.0069999,110.7500000,P,.0028418,,927.4656894,832.7586902
XCME.VY1.04AUG25.112.P,.1718750,.2031250,112,P,.1771103,595.8500238,707.9490562,651.9010325
