Key,BID,ASK,STRIKE,ITYPE,ADJTHEOR,IVBID,IVASK,IVAVERAGE
XCME.ZN.SEP25,111.8593750,111.8750000,INVALID,F,,,,
XCME.ZN1.01AUG25.112:5.P,.6093750,.6406250,112.5000000,P,.6325538,,1173.6129499,886.6572745
XCME.ZN1.01AUG25.110.C,1.8750000,1.9062500,110,C,,822.5730670,,
XCME.ZN1.01AUG25.112.P,.1718750,.2031250,112,P,.1991128,643.5063725,872.5569860,759.7196115
XCME.ZN1.01AUG25.112:25.C,.0156250,.0312500,112.2500000,C,.0227926,802.0260898,994.5178961,904.5865350
XCME.ZN1.01AUG25.111:25.C,.6250000,.6562500,111.2500000,C,.6317148,459.2258087,1408.5465824,1237.5803573
XCME.ZN1.01AUG25.111:75.C,.1875000,.2187500,111.7500000,C,.1982663,759.7256277,983.2918050,872.5620366
