Key,BID,ASK,STRIKE,ITYPE,ADJTHEOR,IVBID,IVASK,IVAVERAGE
XCME.ZN.SEP25,111.8750000,111.8906250,INVALID,F,,,,
XCME.VY1.04AUG25.111.C,.8906250,.9062500,111,C,.8973427,,817.9970355,767.9050047
XCME.VY1.04AUG25.110:5.C,1.3750000,1.4062500,110.5000000,C,1.3941176,,1164.0708082,1099.4677318
XCME.VY1.04AUG25.110.C,1.8750000,1.9062500,110,C,1.8946595,,1493.6173337,1416.3338411
XCME.VY1.04AUG25.110:75.C,1.1250000,1.1562500,110.7500000,C,1.1446966,,993.6497615,936.0821719
XCME.VY1.04AUG25.110.P,INVALID,.0069999,110,P,.0032220,,1319.2535487,1195.8672597
XCME.VY1.04AUG25.111:25.C,.6406250,.6718750,111.2500000,C,.6566150,,764.4814463,670.1992471
XCME.VY1.04AUG25.113.P,1.0937500,1.1250000,113,P,1.1144172,,990.6723224,789.5554010
