Key,BID,ASK,STRIKE,ITYPE,ADJTHEOR,IVBID,IVASK,IVAVERAGE
XCME.ZN.SEP25,111.9531250,111.9687500,INVALID,F,,,,
XCME.GY1.05AUG25.112:25.P,.3906250,.4218750,112.2500000,P,.3970261,593.6649917,686.8459042,640.6282104
XCME.GY1.05AUG25.113.C,.0156250,.0312500,113,C,.0208243,693.5622545,814.3675882,759.0603255
XCME.GY1.05AUG25.111.P,.0069999,.0156250,111,P,.0095281,564.2494453,659.6078700,617.1080269
XCME.GY1.05AUG25.112.C,.1875000,.2187500,112,C,.2042364,541.5161762,625.1205945,583.3232900
XCME.GY1.05AUG25.111:25.P,.0156250,.0312500,111.2500000,P,.0220098,523.6948503,625.4767839,578.5703276
XCME.GY1.05AUG25.110:25.P,INVALID,.0069999,110.2500000,P,.0031797,,909.5817466,822.7062169
