Key,BID,ASK,STRIKE,ITYPE,ADJTHEOR,IVBID,IVASK,IVAVERAGE
XCME.ZN.SEP25,112,112.0156250,INVALID,F,,,,
XCME.GY1.05AUG25.112:75.P,.7343750,.7656250,112.7500000,P,.7567169,493.5819418,695.2474100,608.6850138
XCME.GY1.05AUG25.110:75.C,1.2500000,1.2812500,110.7500000,C,1.2818590,,664.6410123,498.9373244
XCME.GY1.05AUG25.112:25.P,.3437500,.3593750,112.2500000,P,.3414525,579.0919688,624.9065206,602.0687111
XCME.GY1.05AUG25.113.C,.0069999,.0312500,113,C,.0189798,574.8042595,790.4098296,701.9863937
XCME.GY1.05AUG25.111.P,.0069999,.0156250,111,P,.0081697,598.7778934,699.2363846,654.5928228
XCME.GY1.05AUG25.112.C,.2031250,.2187500,112,C,.2175139,512.4486966,554.7981528,533.6246712
