Key,BID,ASK,STRIKE,ITYPE,ADJTHEOR,IVBID,IVASK,IVAVERAGE
XCME.ZN.SEP25,110.8750000,110.8906250,INVALID,F,,,,
XCME.ZN1.01AUG25.112:5.C,INVALID,.0069999,112.5000000,C,0,,1922.8504753,1738.7242180
XCME.ZN1.01AUG25.112.C,INVALID,.0069999,112,C,0,,1416.7368204,1270.9454558
