Key,BID,ASK,STRIKE,ITYPE,ADJTHEOR,IVBID,IVASK,IVAVERAGE
XCME.ZN.SEP25,110.9843750,111,INVALID,F,,,,
XCME.ZN1.01AUG25.110:5.C,.5312500,.5625000,110.5000000,C,.5188206,823.5014108,912.5285879,868.9043257
XCME.ZN1.01AUG25.111:75.C,.0156250,.0312500,111.7500000,C,.0056347,786.7068642,937.2312401,867.9345544
