Key,BID,ASK,STRIKE,ITYPE,ADJTHEOR,IVBID,IVASK,IVAVERAGE
XCME.ZN.SEP25,110.8437500,110.8593750,INVALID,F,,,,
XCME.ZN1.01AUG25.112:5.C,INVALID,.0069999,112.5000000,C,0,,,1862.9249325
XCME.ZN1.01AUG25.112.C,INVALID,.0069999,112,C,0,,1524.3414746,1368.3930727
