Key,BID,ASK,STRIKE,ITYPE,ADJTHEOR,IVBID,IVASK,IVAVERAGE
XCME.ZN.SEP25,112.1718750,112.1875000,INVALID,F,,,,
XCME.VY1.04AUG25.110.C,2.1562500,2.1875000,110,C,2.1797793,,1772.1813014,1658.7487596
XCME.VY1.04AUG25.110:75.C,1.4062500,1.4375000,110.7500000,C,1.4295257,,1249.7211037,1161.9007744
XCME.VY1.04AUG25.110.P,INVALID,.0069999,110,P,.0035918,,1644.7059291,1493.8655721
XCME.VY1.04AUG25.111:25.C,.9062500,.9375000,111.2500000,C,.9320584,,875.3982203,806.4078383
XCME.VY1.04AUG25.113.P,.8281250,.8593750,113,P,.8368832,664.2168036,1053.5075959,904.7566521
XCME.VY1.04AUG25.113.C,.0069999,.0156250,113,C,.0130707,723.8055678,854.3403220,796.0883861
