Key,BID,ASK,STRIKE,ITYPE,ADJTHEOR,IVBID,IVASK,IVAVERAGE
XCME.ZN.SEP25,112,112.0156250,INVALID,F,,,,
XCME.VY1.04AUG25.112:75.P,.7343750,.7656250,112.7500000,P,.7479075,,850.7383337,737.4213646
XCME.VY1.04AUG25.111:25.P,INVALID,.0069999,111.2500000,P,.0060803,,648.4066728,575.4246233
XCME.VY1.04AUG25.111:5.P,.0069999,.0156250,111.5000000,P,.0163978,469.4250777,564.5362707,521.6616512
XCME.VY1.04AUG25.112:5.C,.0156250,.0312500,112.5000000,C,.0213795,546.2655474,666.1626850,610.4366848
XCME.VY1.04AUG25.110:25.P,INVALID,.0069999,110.2500000,P,.0030971,,1295.9605099,1172.1097954
XCME.VY1.04AUG25.111.P,INVALID,.0069999,111,P,.0033301,,814.5677196,727.4316455
