Key,BID,ASK,STRIKE,ITYPE,ADJTHEOR,IVBID,IVASK,IVAVERAGE
XCME.ZN.SEP25,110.8125000,110.8281250,INVALID,F,,,,
XCME.ZN1.01AUG25.110:5.C,.4062500,.4218750,110.5000000,C,.3217492,1403.8844693,1520.1224114,1462.3440574
XCME.ZN1.01AUG25.110:75.C,.2500000,.2656250,110.7500000,C,.1342063,1411.8680375,1512.8130688,1462.3495746
XCME.ZN1.01AUG25.111.P,.3125000,.3281250,111,P,.2257067,1300.1035232,1407.3842058,1353.8850094
XCME.ZN1.01AUG25.113.C,INVALID,.0069999,113,C,0,,,
XCME.ZN1.01AUG25.112:5.C,INVALID,.0069999,112.5000000,C,0,,,1954.4469317
XCME.ZN1.01AUG25.111:5.C,.0156250,.0312500,111.5000000,C,.0002078,1223.0207344,1463.8241282,1352.7966139
XCME.ZN1.01AUG25.113.P,2.1718750,2.1875000,113,P,2.1918125,,,
