Key,BID,ASK,STRIKE,ITYPE,ADJTHEOR,IVBID,IVASK,IVAVERAGE
XCME.ZN.SEP25,111.8281250,111.8437500,INVALID,F,,,,
XCME.ZN1.01AUG25.112:5.C,INVALID,.0069999,112.5000000,C,.0060941,,1041.2411685,919.8152548
XCME.ZN1.01AUG25.111:5.C,.3437500,.3593750,111.5000000,C,.3652694,295.5841352,955.9941992,766.9555640
XCME.ZN1.01AUG25.113.P,1.1562500,1.1718750,113,P,1.1594118,,1917.7429485,1812.4315958
XCME.ZN1.01AUG25.112:25.P,.4062500,.4375000,112.2500000,P,.4227560,168.9339550,1065.9572816,920.0810008
XCME.ZN1.01AUG25.111.C,.8281250,.8593750,111,C,.8471674,,1777.3453178,1410.1414830
XCME.ZN1.01AUG25.112.C,.0468750,.0625000,112,C,.0564273,847.9790760,965.6881275,907.2510120
