Key,BID,ASK,STRIKE,ITYPE,ADJTHEOR,IVBID,IVASK,IVAVERAGE
XCME.ZN.SEP25,112.2031250,112.2187500,INVALID,F,,,,
XCME.GY1.05AUG25.111:5.C,.7187500,.7500000,111.5000000,C,.7490104,,633.9657924,549.9333269
XCME.GY1.05AUG25.110.C,2.2031250,2.2343750,110,C,2.2267190,,1280.0200207,1198.1038881
XCME.GY1.05AUG25.111:5.P,.0156250,.0312500,111.5000000,P,.0259483,553.2768090,660.4455532,611.0693769
XCME.GY1.05AUG25.110:25.C,1.9531250,1.9843750,110.2500000,C,1.9769126,,1158.7861246,1082.5324364
XCME.GY1.05AUG25.112:75.C,.0468750,.0625000,112.7500000,C,.0594297,602.1401013,669.5719719,636.6255869
XCME.GY1.05AUG25.112:5.C,.0937500,.1093750,112.5000000,C,.1104060,568.8946867,619.1091677,594.1459866
