Key,BID,ASK,STRIKE,ITYPE,ADJTHEOR,IVBID,IVASK,IVAVERAGE
XCME.ZN.SEP25,112.1250000,112.1406250,INVALID,F,,,,
XCME.ZN1.01AUG25.112:5.C,INVALID,.0069999,112.5000000,C,.0003015,,992.2560571,862.7632243
XCME.ZN1.01AUG25.111:5.C,.6250000,.6562500,111.5000000,C,.6336432,,,1670.9225608
XCME.ZN1.01AUG25.113.P,.8437500,.8750000,113,P,.8663773,,,1817.0060051
XCME.ZN1.01AUG25.112:25.P,.1093750,.1406250,112.2500000,P,.1295774,,683.0484400,519.1394247
XCME.ZN1.01AUG25.111.C,1.1250000,1.1562500,111,C,1.1336227,,,
XCME.ZN1.01AUG25.112.C,.1250000,.1562500,112,C,.1441067,,715.1228929,540.0655857
