Key,BID,ASK,STRIKE,ITYPE,ADJTHEOR,IVBID,IVASK,IVAVERAGE
XCME.ZN.SEP25,112.1250000,112.1406250,INVALID,F,,,,
XCME.WY1.06AUG25.111:75.C,.4843750,.5156250,111.7500000,C,.5018042,569.2176393,652.6407615,611.3843575
XCME.WY1.06AUG25.113.C,.0312500,.0625000,113,C,.0470840,609.6719436,750.0069222,684.6969292
XCME.WY1.06AUG25.110.P,INVALID,.0156250,110,P,.0066673,,1059.1057307,945.0239708
XCME.WY1.06AUG25.110:75.P,.0069999,.0312500,110.7500000,P,.0162355,644.8789618,863.8546752,775.2513042
XCME.WY1.06AUG25.112:25.P,.3281250,.3437500,112.2500000,P,.3329258,599.2415246,635.3545455,617.3063427
XCME.WY1.06AUG25.111:25.C,.9062500,.9375000,111.2500000,C,.9210596,590.0719686,737.0551810,669.3606149
