Key,BID,ASK,STRIKE,ITYPE,ADJTHEOR,IVBID,IVASK,IVAVERAGE
XCME.ZN.SEP25,112.1250000,112.1406250,INVALID,F,,,,
XCME.WY1.06AUG25.110:75.C,1.3750000,1.3906250,110.7500000,C,1.4011983,,,
XCME.WY1.06AUG25.111:5.P,.0312500,.0468750,111.5000000,P,.0413473,481.2723904,545.8747389,514.8314194
XCME.WY1.06AUG25.111.C,1.1250000,1.1562500,111,C,1.1545194,,,
XCME.GY1.05AUG25.110.P,INVALID,.0069999,110,P,.0047108,,1100.5138422,999.8094067
XCME.GY1.05AUG25.110:5.C,1.6093750,1.6406250,110.5000000,C,1.6482386,,,
XCME.GY1.05AUG25.111.C,1.1250000,1.1562500,111,C,1.1503443,,717.8030242,454.7180806
XCME.GY1.05AUG25.112:25.C,.1562500,.1718750,112.2500000,C,.1669931,548.6036698,591.2823800,569.9587319
