Key,BID,ASK,STRIKE,ITYPE,ADJTHEOR,IVBID,IVASK,IVAVERAGE
XCME.ZN.SEP25,111.9062500,111.9218750,INVALID,F,,,,
XCME.ZN1.01AUG25.110:25.P,INVALID,.0069999,110.2500000,P,,,,
XCME.ZN1.01AUG25.110:75.P,INVALID,.0069999,110.7500000,P,.0028346,,1686.5569735,1513.8202607
XCME.ZN1.01AUG25.111:75.P,.0312500,.0625000,111.7500000,P,.0531349,615.8982400,872.7365770,748.2749743
XCME.ZN1.01AUG25.110.P,INVALID,.0069999,110,P,,,,
XCME.ZN1.01AUG25.110:5.P,INVALID,.0069999,110.5000000,P,.0037528,,,1786.5202631
XCME.ZN1.01AUG25.112:75.P,.8281250,.8437500,112.7500000,P,.8428007,,1172.4221862,
