Key,BID,ASK,STRIKE,ITYPE,ADJTHEOR,IVBID,IVASK,IVAVERAGE
XCME.ZN.SEP25,111.8281250,111.8437500,INVALID,F,,,,
XCME.ZN1.01AUG25.110:5.C,1.3281250,1.3437500,110.5000000,C,1.3422346,,1703.8150773,1284.1424212
XCME.ZN1.01AUG25.110:75.C,1.0781250,1.0937500,110.7500000,C,1.0917580,,1430.5425798,1068.3686479
XCME.ZN1.01AUG25.111.P,INVALID,.0069999,111,P,.0032239,,1249.8932452,1112.5121736
XCME.ZN1.01AUG25.113.C,INVALID,.0069999,113,C,.0028676,,1628.8062497,1459.5734111
XCME.ZN1.01AUG25.112:5.C,INVALID,.0069999,112.5000000,C,.0065565,,1029.3849571,909.4886458
XCME.ZN1.01AUG25.111:5.C,.3437500,.3750000,111.5000000,C,.3671357,549.2133336,977.1593616,803.6366007
