Key,BID,ASK,STRIKE,ITYPE,ADJTHEOR,IVBID,IVASK,IVAVERAGE
XCME.ZN.SEP25,112.0625000,112.0781250,INVALID,F,,,,
XCME.WY1.06AUG25.111.P,.0069999,.0312500,111,P,.0167850,524.6033219,715.3292170,637.4088391
XCME.WY1.06AUG25.112:25.C,.1562500,.1718750,112.2500000,C,.1694470,521.2926929,558.0623589,539.7021723
XCME.WY1.06AUG25.112:5.C,.0781250,.0937500,112.5000000,C,.0944486,517.6461208,562.7635783,540.4353404
XCME.WY1.06AUG25.111:25.P,.0156250,.0312500,111.2500000,P,.0309133,494.4320334,587.0915849,544.5202193
XCME.WY1.06AUG25.111:75.C,.4218750,.4375000,111.7500000,C,.4451668,488.3841106,530.4869165,509.5877069
XCME.WY1.06AUG25.113.C,.0156250,.0312500,113,C,.0284003,534.2580750,631.4938455,586.9082302
