Key,BID,ASK,STRIKE,ITYPE,ADJTHEOR,IVBID,IVASK,IVAVERAGE
XCME.ZN.SEP25,112.1093750,112.1250000,INVALID,F,,,,
XCME.VY1.04AUG25.112:75.P,.6406250,.6718750,112.7500000,P,.6504364,786.1460360,902.1121215,846.7400420
XCME.VY1.04AUG25.111:25.P,.0069999,.0156250,111.2500000,P,.0087301,738.5194282,868.9614808,810.7661679
XCME.VY1.04AUG25.111:5.P,.0156250,.0312500,111.5000000,P,.0183674,673.7417038,811.0399073,747.5834270
XCME.VY1.04AUG25.112:5.C,.0312500,.0625000,112.5000000,C,.0483734,579.9491158,756.4295800,672.6247273
XCME.VY1.04AUG25.110:25.P,INVALID,.0069999,110.2500000,P,.0033391,,1408.1330373,1275.9138140
XCME.VY1.04AUG25.111.P,INVALID,.0069999,111,P,.0048166,,918.0863585,823.8114063
XCME.VY1.04AUG25.110:75.P,INVALID,.0069999,110.7500000,P,.0036485,,1084.7818381,976.9526628
