Key,BID,ASK,STRIKE,ITYPE,ADJTHEOR,IVBID,IVASK,IVAVERAGE
XCME.ZN.SEP25,110.8281250,110.8437500,INVALID,F,,,,
XCME.ZN1.01AUG25.110:25.C,.6093750,.6406250,110.2500000,C,.5907734,1047.3659823,1393.4172176,1235.8886923
XCME.ZN1.01AUG25.112:75.C,INVALID,.0069999,112.7500000,C,0,,,1971.2468983
