Key,BID,ASK,STRIKE,ITYPE,ADJTHEOR,IVBID,IVASK,IVAVERAGE
XCME.ZN.SEP25,112.2187500,112.2343750,INVALID,F,,,,
XCME.WY1.06AUG25.112:5.P,.4062500,.4375000,112.5000000,P,.4228578,596.7730538,635.7552683,616.3161491
XCME.WY1.06AUG25.111:5.C,.7500000,.7812500,111.5000000,C,.7666915,421.0017172,591.3842030,518.2522853
XCME.WY1.06AUG25.110:25.P,INVALID,.0156250,110.2500000,P,.0059361,,1002.0107372,892.1212508
XCME.WY1.06AUG25.111:75.P,.0781250,.0937500,111.7500000,P,.0849938,562.7763948,609.8272811,586.5570958
XCME.WY1.06AUG25.112:75.P,.6093750,.6250000,112.7500000,P,.6114820,612.0295858,659.8067895,636.1731424
XCME.WY1.06AUG25.110:5.C,1.7031250,1.7343750,110.5000000,C,1.7300731,,846.4443906,789.0752550
