Key,BID,ASK,STRIKE,ITYPE,ADJTHEOR,IVBID,IVASK,IVAVERAGE
XCME.ZN.SEP25,112.0156250,112.0312500,INVALID,F,,,,
XCME.GY1.05AUG25.110:75.P,INVALID,.0069999,110.7500000,P,.0044200,,729.5546619,655.1889941
XCME.GY1.05AUG25.111:75.P,.0781250,.0937500,111.7500000,P,.0823793,514.4364573,564.9504255,539.8943334
XCME.GY1.05AUG25.112.P,.1718750,.2031250,112,P,.1772700,520.3999007,605.8912172,563.1548577
XCME.ZN1.01AUG25.112:75.C,INVALID,.0069999,112.7500000,C,.0000196,,1352.3948316,1196.9388273
XCME.ZN1.01AUG25.110:25.C,1.7812500,1.8125000,110.2500000,C,1.7890624,,,
XCME.ZN1.01AUG25.110:25.P,INVALID,.0069999,110.2500000,P,0,,,
XCME.ZN1.01AUG25.110:75.P,INVALID,.0069999,110.7500000,P,0,,,
