Key,BID,ASK,STRIKE,ITYPE,ADJTHEOR,IVBID,IVASK,IVAVERAGE
XCME.ZN.SEP25,110.9375000,110.9531250,INVALID,F,,,,
XCME.ZN1.01AUG25.110:25.P,.0156250,.0312500,110.2500000,P,.0014470,951.4974010,1139.1580177,1052.6023073
XCME.ZN1.01AUG25.110:5.P,.0625000,.0781250,110.5000000,P,.0120056,1078.6412687,1184.8011781,1132.4969531
