Key,BID,ASK,STRIKE,ITYPE,ADJTHEOR,IVBID,IVASK,IVAVERAGE
XCME.ZN.SEP25,111.8281250,111.8437500,INVALID,F,,,,
XCME.GY1.05AUG25.111:25.P,.0312500,.0468750,111.2500000,P,.0301338,543.2002519,618.0212841,582.0245709
XCME.GY1.05AUG25.110:25.P,INVALID,.0069999,110.2500000,P,.0028815,,849.6365041,766.8951680
XCME.GY1.05AUG25.111:5.C,.4218750,.4531250,111.5000000,C,.4185577,547.3351044,647.4544762,598.1778055
XCME.GY1.05AUG25.110.C,1.8281250,1.8593750,110,C,1.8466336,,1099.1236722,883.0336495
XCME.GY1.05AUG25.111:5.P,.0781250,.0937500,111.5000000,P,.0748077,547.3352291,598.1773697,572.9841852
XCME.GY1.05AUG25.110:25.C,1.5781250,1.6093750,110.2500000,C,1.5966315,,976.3799239,778.7881229
XCME.GY1.05AUG25.112:75.C,.0156250,.0312500,112.7500000,C,.0217073,622.4209893,735.6976619,683.7536035
