Key,BID,ASK,STRIKE,ITYPE,ADJTHEOR,IVBID,IVASK,IVAVERAGE
XCME.ZN.SEP25,111.8593750,111.8750000,INVALID,F,,,,
XCME.WY1.06AUG25.111.P,.0156250,.0312500,111,P,.0192355,497.1214553,588.1702579,546.3031848
XCME.WY1.06AUG25.112:25.C,.0937500,.1250000,112.2500000,C,.1083659,529.9211190,612.6149163,571.8117405
XCME.WY1.06AUG25.112:5.C,.0468750,.0625000,112.5000000,C,.0596830,540.5051951,596.9237592,569.4052554
XCME.WY1.06AUG25.111:25.P,.0468750,.0625000,111.2500000,P,.0464641,521.9393471,577.4575073,550.3654937
XCME.WY1.06AUG25.111:75.C,.2968750,.3281250,111.7500000,C,.3034775,525.4874812,595.4550554,560.5035903
XCME.WY1.06AUG25.113.C,.0156250,.0312500,113,C,.0184723,619.3952745,724.7716112,676.6543859
