Key,BID,ASK,STRIKE,ITYPE,ADJTHEOR,IVBID,IVASK,IVAVERAGE
XCME.ZN.SEP25,112.0156250,112.0312500,INVALID,F,,,,
XCME.ZN1.01AUG25.111:5.P,INVALID,.0069999,111.5000000,P,.0000847,,1029.1174562,903.0593611
XCME.ZN1.01AUG25.111:25.P,INVALID,.0069999,111.2500000,P,.0000107,,1404.1191845,1246.3972581
XCME.ZN1.01AUG25.112:5.P,.4531250,.4687500,112.5000000,P,.4647373,,836.6786361,594.8560603
XCME.ZN1.01AUG25.110.C,2.0312500,2.0468750,110,C,2.0355625,,,
XCME.ZN1.01AUG25.112.P,.0312500,.0625000,112,P,.0390711,369.6438806,622.7587999,497.0822389
XCME.ZN1.01AUG25.112:25.C,INVALID,.0156250,112.2500000,C,.0052541,,644.7242368,524.6466731
