Key,BID,ASK,STRIKE,ITYPE,ADJTHEOR,IVBID,IVASK,IVAVERAGE
XCME.ZN.SEP25,112.0937500,112.1093750,INVALID,F,,,,
XCME.WY1.06AUG25.110:75.C,1.3593750,1.3906250,110.7500000,C,1.3714359,588.5776643,877.6100598,769.7922940
XCME.WY1.06AUG25.111:5.P,.0625000,.0781250,111.5000000,P,.0746712,591.8044003,644.4065271,618.5457909
XCME.WY1.06AUG25.111.C,1.1093750,1.1406250,111,C,1.1307258,495.6297816,753.5693141,656.2114225
XCME.VY1.04AUG25.111:75.P,.0312500,.0625000,111.7500000,P,.0478870,553.2397515,727.0184065,644.4323862
XCME.VY1.04AUG25.111:75.C,.3906250,.4218750,111.7500000,C,.4029503,579.6170149,748.8325659,667.8799090
XCME.VY1.04AUG25.112:75.P,.6562500,.6718750,112.7500000,P,.6647394,646.0816850,800.5352158,731.0224582
XCME.VY1.04AUG25.111:25.P,.0069999,.0156250,111.2500000,P,.0091033,728.4692123,857.3983710,799.8380334
