Key,BID,ASK,STRIKE,ITYPE,ADJTHEOR,IVBID,IVASK,IVAVERAGE
XCME.ZN.SEP25,112.1250000,112.1406250,INVALID,F,,,,
XCME.VY1.04AUG25.111.C,1.1250000,1.1562500,111,C,1.1372825,,1193.8896052,1032.5606108
XCME.VY1.04AUG25.110:5.C,1.6250000,1.6562500,110.5000000,C,1.6361336,,1587.9976023,1390.3162244
XCME.VY1.04AUG25.110.C,2.1250000,2.1562500,110,C,2.1363298,,1964.0608482,1734.0466931
XCME.VY1.04AUG25.110:75.C,1.3750000,1.4062500,110.7500000,C,1.3863526,,1393.5183917,1213.5328138
XCME.VY1.04AUG25.110.P,INVALID,.0069999,110,P,.0035173,,1599.1825872,1452.6320710
XCME.VY1.04AUG25.111:25.C,.8750000,.9062500,111.2500000,C,.8905779,,981.7245364,838.7637303
