Key,BID,ASK,STRIKE,ITYPE,ADJTHEOR,IVBID,IVASK,IVAVERAGE
XCME.ZN.SEP25,110.9218750,110.9375000,INVALID,F,,,,
XCME.ZN1.01AUG25.112:5.C,INVALID,.0069999,112.5000000,C,0,,1712.9637030,1545.7089063
XCME.ZN1.01AUG25.112.C,INVALID,.0156250,112,C,.0000129,,1450.5711101,1268.9927903
