Key,BID,ASK,STRIKE,ITYPE,ADJTHEOR,IVBID,IVASK,IVAVERAGE
XCME.ZN.SEP25,112.0312500,112.0468750,INVALID,F,,,,
XCME.ZN1.01AUG25.111:25.C,.7812500,.7968750,111.2500000,C,.7890730,,1507.9453984,1334.7625111
XCME.ZN1.01AUG25.111:75.C,.2812500,.2968750,111.7500000,C,.2905320,,687.8595056,588.6614604
XCME.ZN1.01AUG25.110:5.C,1.5312500,1.5468750,110.5000000,C,1.5390624,,,
XCME.ZN1.01AUG25.110:75.C,1.2812500,1.2968750,110.7500000,C,1.2890625,,,
XCME.ZN1.01AUG25.111.P,INVALID,.0069999,111,P,.0000014,,1846.2548824,1650.8116283
XCME.ZN1.01AUG25.113.C,INVALID,.0069999,113,C,.000001,,1734.9347835,1549.0968241
