Key,BID,ASK,STRIKE,ITYPE,ADJTHEOR,IVBID,IVASK,IVAVERAGE
XCME.ZN.SEP25,110.8750000,110.8906250,INVALID,F,,,,
XCME.ZN1.01AUG25.110:5.C,.4375000,.4687500,110.5000000,C,.3887991,1269.8929019,1388.3618688,1329.7509143
XCME.ZN1.01AUG25.111:75.C,.0069999,.0156250,111.7500000,C,.0000412,1154.8359385,1357.8320684,1267.2322803
