Key,BID,ASK,STRIKE,ITYPE,ADJTHEOR,IVBID,IVASK,IVAVERAGE
XCME.ZN.SEP25,110.9375000,110.9531250,INVALID,F,,,,
XCME.ZN1.01AUG25.111:5.P,.5937500,.6093750,111.5000000,P,.5755620,792.5167996,988.0455302,895.3787179
