Key,BID,ASK,STRIKE,ITYPE,ADJTHEOR,IVBID,IVASK,IVAVERAGE
XCME.ZN.SEP25,110.9375000,110.9531250,INVALID,F,,,,
XCME.ZN1.01AUG25.111.C,.2031250,.2187500,111,C,.1336706,884.6070009,1014.5357145,949.5915293
XCME.ZN1.01AUG25.111:25.P,.4062500,.4375000,111.2500000,P,.3552257,990.4594012,1135.2040275,1063.3865680
