Key,BID,ASK,STRIKE,ITYPE,ADJTHEOR,IVBID,IVASK,IVAVERAGE
XCME.ZN.SEP25,110.9375000,110.9531250,INVALID,F,,,,
XCME.ZN1.01AUG25.110:5.C,.5000000,.5312500,110.5000000,C,.4772197,783.0151715,952.6031997,870.5117530
XCME.ZN1.01AUG25.111:75.C,.0156250,.0312500,111.7500000,C,.0038921,834.1981749,990.9417950,918.8775059
