Key,BID,ASK,STRIKE,ITYPE,ADJTHEOR,IVBID,IVASK,IVAVERAGE
XCME.ZN.SEP25,110.9062500,110.9218750,INVALID,F,,,,
XCME.ZN1.01AUG25.110:25.P,.0156250,.0312500,110.2500000,P,.0010316,982.5949424,1177.8952958,1087.7436857
XCME.ZN1.01AUG25.110:5.P,.0625000,.0781250,110.5000000,P,.0103382,1102.3617694,1213.1317135,1158.5247921
