Key,BID,ASK,STRIKE,ITYPE,ADJTHEOR,IVBID,IVASK,IVAVERAGE
XCME.ZN.SEP25,112.1406250,112.1562500,INVALID,F,,,,
XCME.ZN1.01AUG25.112:75.P,.5937500,.6093750,112.7500000,P,.6015834,,1628.6865610,1431.0020493
XCME.ZN1.01AUG25.111:5.P,INVALID,.0069999,111.5000000,P,.0000180,,1689.5304789,1491.5666212
XCME.ZN1.01AUG25.111:25.P,INVALID,.0069999,111.2500000,P,.0000008,,,1941.7718736
XCME.ZN1.01AUG25.112:5.P,.3437500,.3593750,112.5000000,P,.3519646,,1071.6333556,925.6322992
XCME.ZN1.01AUG25.110.C,2.1406250,2.1562500,110,C,2.1484375,,,
XCME.ZN1.01AUG25.112.P,INVALID,.0156250,112,P,.0083391,,715.7909531,568.5189275
XCME.ZN1.01AUG25.112:25.C,.0069999,.0156250,112.2500000,C,.0156627,423.7087690,785.4200697,619.9900675
