Key,BID,ASK,STRIKE,ITYPE,ADJTHEOR,IVBID,IVASK,IVAVERAGE
XCME.ZN.SEP25,112.0781250,112.0937500,INVALID,F,,,,
XCME.ZN1.01AUG25.112:75.P,.6562500,.6875000,112.7500000,P,.6741876,,1328.0707575,1007.9492132
XCME.ZN1.01AUG25.111:5.P,INVALID,.0069999,111.5000000,P,.0025030,,989.6187354,871.5797257
XCME.ZN1.01AUG25.111:25.P,INVALID,.0069999,111.2500000,P,.0013228,,1315.0752142,1168.1242604
XCME.ZN1.01AUG25.112:5.P,.4062500,.4375000,112.5000000,P,.4292054,,934.9580242,684.3571818
XCME.ZN1.01AUG25.110.C,2.0781250,2.1093750,110,C,,873.5866369,,
XCME.ZN1.01AUG25.112.P,.0468750,.0625000,112,P,.0587983,569.0092365,687.4467989,628.5785005
XCME.ZN1.01AUG25.112:25.C,.0312500,.0468750,112.2500000,C,.0337502,661.9994250,801.1589218,733.0576405
