Key,BID,ASK,STRIKE,ITYPE,ADJTHEOR,IVBID,IVASK,IVAVERAGE
XCME.ZN.SEP25,111.8906250,111.9062500,INVALID,F,,,,
XCME.GY1.05AUG25.111:25.P,.0156250,.0312500,111.2500000,P,.0302562,483.0911208,580.0538289,535.2848976
XCME.GY1.05AUG25.110:25.P,INVALID,.0069999,110.2500000,P,.0033354,,876.1458995,791.9215858
XCME.GY1.05AUG25.111:5.C,.4531250,.4843750,111.5000000,C,.4730251,498.1011590,610.0066881,555.7330415
XCME.GY1.05AUG25.110.C,1.8906250,1.9218750,110,C,1.9051479,,1180.2770729,1011.2532835
XCME.GY1.05AUG25.111:5.P,.0625000,.0781250,111.5000000,P,.0710875,540.2253222,595.2900599,568.1352268
XCME.GY1.05AUG25.110:25.C,1.6406250,1.6718750,110.2500000,C,1.6552729,,1054.0357287,898.5798345
XCME.GY1.05AUG25.112:75.C,.0156250,.0312500,112.7500000,C,.0258971,588.3583257,698.6488348,648.0326354
