Key,BID,ASK,STRIKE,ITYPE,ADJTHEOR,IVBID,IVASK,IVAVERAGE
XCME.ZN.SEP25,112.1093750,112.1250000,INVALID,F,,,,
XCME.GY1.05AUG25.111:25.C,.8750000,.9062500,111.2500000,C,.9096214,,669.8144271,554.7846172
XCME.GY1.05AUG25.111:75.C,.4375000,.4687500,111.7500000,C,.4720158,505.6540356,621.0892955,565.0774197
XCME.GY1.05AUG25.112:5.P,.4531250,.4843750,112.5000000,P,.4597324,625.8969970,728.9728687,678.1239708
XCME.GY1.05AUG25.113.P,.8906250,.9218750,113,P,.8939426,708.2970957,885.7540912,804.0151504
XCME.GY1.05AUG25.112:75.P,.6562500,.6875000,112.7500000,P,.6659925,637.3033569,774.6223977,709.0505515
XCME.GY1.05AUG25.110:75.C,1.3593750,1.3906250,110.7500000,C,1.3945480,,730.6550356,554.9128531
