Key,BID,ASK,STRIKE,ITYPE,ADJTHEOR,IVBID,IVASK,IVAVERAGE
XCME.ZN.SEP25,112.0312500,112.0468750,INVALID,F,,,,
XCME.ZN1.01AUG25.110:5.C,1.5312500,1.5625000,110.5000000,C,1.5425624,,,1903.0314858
XCME.ZN1.01AUG25.110:75.C,1.2812500,1.3125000,110.7500000,C,1.2925624,,,1623.2383835
XCME.ZN1.01AUG25.111.P,INVALID,.0069999,111,P,0,,1950.1695204,1743.9277500
XCME.ZN1.01AUG25.113.C,INVALID,.0069999,113,C,0,,1821.8184729,1627.0159027
XCME.ZN1.01AUG25.112:5.C,INVALID,.0069999,112.5000000,C,.0000479,,1004.8152660,878.5290312
XCME.ZN1.01AUG25.111:5.C,.5312500,.5625000,111.5000000,C,.5425837,,1467.4460280,1187.0681268
