Key,BID,ASK,STRIKE,ITYPE,ADJTHEOR,IVBID,IVASK,IVAVERAGE
XCME.ZN.SEP25,112.0625000,112.0781250,INVALID,F,,,,
XCME.WY1.06AUG25.111.P,.0069999,.0156250,111,P,.0128688,520.8117561,606.4225947,568.3733490
XCME.WY1.06AUG25.112:25.C,.1406250,.1718750,112.2500000,C,.1543546,492.0023807,565.9917359,529.1144512
XCME.WY1.06AUG25.112:5.C,.0781250,.0937500,112.5000000,C,.0837940,523.5664782,568.8922800,546.4622898
XCME.WY1.06AUG25.111:25.P,.0156250,.0312500,111.2500000,P,.0247794,491.1959895,583.2917762,540.9648397
XCME.WY1.06AUG25.111:75.C,.4062500,.4375000,111.7500000,C,.4263396,462.9850529,546.7368635,505.4469618
XCME.WY1.06AUG25.113.C,.0156250,.0312500,113,C,.0244507,538.7309730,636.2976094,591.5840216
