Key,BID,ASK,STRIKE,ITYPE,ADJTHEOR,IVBID,IVASK,IVAVERAGE
XCME.ZN.SEP25,110.9843750,111,INVALID,F,,,,
XCME.ZN1.01AUG25.110:25.P,.0156250,.0312500,110.2500000,P,.0053687,771.3037055,921.6550886,852.4434525
XCME.ZN1.01AUG25.110:5.P,.0468750,.0625000,110.5000000,P,.0232881,795.9492962,886.9039992,842.4383493
