Key,BID,ASK,STRIKE,ITYPE,ADJTHEOR,IVBID,IVASK,IVAVERAGE
XCME.ZN.SEP25,111.9531250,111.9687500,INVALID,F,,,,
XCME.ZN1.01AUG25.110:5.C,1.4531250,1.4843750,110.5000000,C,1.4771418,,,
XCME.ZN1.01AUG25.110:75.C,1.2031250,1.2343750,110.7500000,C,1.2259310,,1949.8988653,1807.8886300
XCME.ZN1.01AUG25.111.P,INVALID,.0069999,111,P,.0026598,,1481.8620919,1323.4130329
XCME.ZN1.01AUG25.113.C,INVALID,.0069999,113,C,.0028092,,1553.8675891,1391.8981710
XCME.ZN1.01AUG25.112:5.C,INVALID,.0156250,112.5000000,C,.0101680,,1082.9734268,922.6892647
XCME.ZN1.01AUG25.111:5.C,.4687500,.5000000,111.5000000,C,.4844819,,1166.8790265,993.7333422
