Key,BID,ASK,STRIKE,ITYPE,ADJTHEOR,IVBID,IVASK,IVAVERAGE
XCME.ZN.SEP25,111.9843750,112,INVALID,F,,,,
XCME.ZN1.01AUG25.112:5.C,INVALID,.0156250,112.5000000,C,.0123261,,1035.2336927,880.9339471
XCME.ZN1.01AUG25.111:5.C,.4687500,.5000000,111.5000000,C,.5036044,,859.7116481,750.7930014
XCME.ZN1.01AUG25.113.P,1.0156250,1.0468750,113,P,1.0108496,1532.4089267,,1919.3522693
XCME.ZN1.01AUG25.112:25.P,.2968750,.3281250,112.2500000,P,.2974506,886.4073924,1159.9247868,1027.5748792
XCME.ZN1.01AUG25.111.C,.9687500,.9843750,111,C,.9948411,,,
XCME.ZN1.01AUG25.112.C,.0937500,.1250000,112,C,.1209539,670.6202744,885.4109580,778.0213323
