Key,BID,ASK,STRIKE,ITYPE,ADJTHEOR,IVBID,IVASK,IVAVERAGE
XCME.ZN.SEP25,110.9843750,111,INVALID,F,,,,
XCME.ZN1.01AUG25.112:5.C,INVALID,.0069999,112.5000000,C,.0000103,,1291.5770483,1164.5963472
XCME.ZN1.01AUG25.112.C,INVALID,.0156250,112,C,.0004614,,1076.4918116,939.5948448
