Key,BID,ASK,STRIKE,ITYPE,ADJTHEOR,IVBID,IVASK,IVAVERAGE
XCME.ZN.SEP25,111.9531250,111.9687500,INVALID,F,,,,
XCME.WY1.06AUG25.112:75.P,.8125000,.8437500,112.7500000,P,.8269245,548.2684704,679.3615226,618.1847292
XCME.WY1.06AUG25.110:5.C,1.4531250,1.4843750,110.5000000,C,1.4737027,,762.5648485,605.9238351
XCME.WY1.06AUG25.112.P,.2656250,.2812500,112,P,.2717440,553.7310289,588.4230180,571.0776410
XCME.WY1.06AUG25.110:75.C,1.2031250,1.2343750,110.7500000,C,1.2301546,,656.7305640,516.7353000
XCME.WY1.06AUG25.111:5.P,.0625000,.0937500,111.5000000,P,.0903724,493.8294739,587.0059969,541.6038681
XCME.WY1.06AUG25.111.C,.9687500,.9843750,111,C,.9929852,263.9624834,645.0845211,547.6678225
