Key,BID,ASK,STRIKE,ITYPE,ADJTHEOR,IVBID,IVASK,IVAVERAGE
XCME.ZN.SEP25,112.0937500,112.1093750,INVALID,F,,,,
XCME.ZN1.01AUG25.112:5.C,INVALID,.0069999,112.5000000,C,.0006217,,978.1967190,851.5057455
XCME.ZN1.01AUG25.111:5.C,.5937500,.6250000,111.5000000,C,.6051429,,1738.3045489,1415.7509030
XCME.ZN1.01AUG25.113.P,.8750000,.9062500,113,P,.8949593,,,1890.2941958
XCME.ZN1.01AUG25.112:25.P,.1406250,.1562500,112.2500000,P,.1573611,,538.2817476,470.9806579
XCME.ZN1.01AUG25.111.C,1.0937500,1.1250000,111,C,1.1050588,,,
XCME.ZN1.01AUG25.112.C,.1093750,.1406250,112,C,.1245376,319.9680435,731.9564277,551.0342266
