Key,BID,ASK,STRIKE,ITYPE,ADJTHEOR,IVBID,IVASK,IVAVERAGE
XCME.ZN.SEP25,112.0156250,112.0312500,INVALID,F,,,,
XCME.GY1.05AUG25.111:25.C,.7812500,.8125000,111.2500000,C,.7831381,559.2483723,750.0972765,665.7499355
XCME.GY1.05AUG25.111:75.C,.3593750,.3750000,111.7500000,C,.3626826,540.3536381,588.6121386,564.6164997
XCME.GY1.05AUG25.112:5.P,.5156250,.5468750,112.5000000,P,.5400892,481.8922141,616.2511583,552.8224561
XCME.GY1.05AUG25.113.P,.9687500,1,113,P,.9995139,,679.2856535,528.8402282
XCME.GY1.05AUG25.112:75.P,.7343750,.7656250,112.7500000,P,.7627373,171.9330380,643.1119321,538.3865325
XCME.GY1.05AUG25.110:75.C,1.2656250,1.2968750,110.7500000,C,1.2683664,277.5375857,964.3602759,866.8910683
