Key,BID,ASK,STRIKE,ITYPE,ADJTHEOR,IVBID,IVASK,IVAVERAGE
XCME.ZN.SEP25,112.0156250,112.0312500,INVALID,F,,,,
XCME.ZN1.01AUG25.110:5.C,1.5000000,1.5312500,110.5000000,C,1.4921871,,,
XCME.ZN1.01AUG25.110:75.C,1.2500000,1.2812500,110.7500000,C,1.2421878,,,
XCME.ZN1.01AUG25.111.P,INVALID,.0069999,111,P,.0000112,,1716.8755037,1533.3205120
XCME.ZN1.01AUG25.113.C,INVALID,.0069999,113,C,.0000012,,1701.9374299,1522.9778766
XCME.ZN1.01AUG25.112:5.C,INVALID,.0069999,112.5000000,C,.0005921,,964.3537669,845.5783440
XCME.ZN1.01AUG25.111:5.C,.5000000,.5312500,111.5000000,C,.4927199,,1325.4894461,1106.1140710
XCME.ZN1.01AUG25.113.P,.9687500,1,113,P,1.0078137,,1735.3024933,1548.2907013
