Key,BID,ASK,STRIKE,ITYPE,ADJTHEOR,IVBID,IVASK,IVAVERAGE
XCME.ZN.SEP25,112.1093750,112.1250000,INVALID,F,,,,
XCME.GY1.05AUG25.110:75.C,1.3593750,1.3906250,110.7500000,C,1.3711061,,1003.1091412,889.4895951
XCME.GY1.05AUG25.112:25.P,.2812500,.3125000,112.2500000,P,.2946320,567.9718137,656.7900619,612.4781805
XCME.GY1.05AUG25.113.C,.0156250,.0312500,113,C,.0249890,632.4032046,749.2267069,695.6519124
XCME.GY1.05AUG25.111.P,.0069999,.0156250,111,P,.0115719,654.8947188,761.0811223,713.8416417
XCME.GY1.05AUG25.112.C,.2656250,.2968750,112,C,.2789015,561.9040823,649.9493801,605.9951589
XCME.GY1.05AUG25.111:25.P,.0156250,.0312500,111.2500000,P,.0213590,619.0464961,734.2420697,681.3712816
XCME.GY1.05AUG25.110:25.P,INVALID,.0069999,110.2500000,P,.0044919,,1006.3737472,911.7361406
