Key,BID,ASK,STRIKE,ITYPE,ADJTHEOR,IVBID,IVASK,IVAVERAGE
XCME.ZN.SEP25,111.9531250,111.9687500,INVALID,F,,,,
XCME.WY1.06AUG25.110:75.C,1.2031250,1.2343750,110.7500000,C,1.2241593,,692.9187359,583.5418264
XCME.WY1.06AUG25.111:5.P,.0625000,.0781250,111.5000000,P,.0742014,493.7680923,541.6846770,518.0794252
XCME.WY1.06AUG25.111.C,.9531250,1,111,C,.9820363,432.9745308,579.2595187,520.4699899
XCME.VY1.04AUG25.111:75.P,.0625000,.0781250,111.7500000,P,.0669474,530.4466819,597.1405409,564.1003678
XCME.VY1.04AUG25.111:75.C,.2656250,.2968750,111.7500000,C,.2813847,480.3087094,615.1636878,549.1083018
XCME.VY1.04AUG25.112:75.P,.7812500,.8125000,112.7500000,P,.7947386,,871.4229195,756.5801530
XCME.VY1.04AUG25.111:25.P,INVALID,.0156250,111.2500000,P,.0093209,,713.4874315,615.6015271
