Key,BID,ASK,STRIKE,ITYPE,ADJTHEOR,IVBID,IVASK,IVAVERAGE
XCME.ZN.SEP25,111.8281250,111.8437500,INVALID,F,,,,
XCME.GY1.05AUG25.110.P,INVALID,.0069999,110,P,.0032438,,953.3820410,863.0739472
XCME.GY1.05AUG25.110:5.C,1.3281250,1.3593750,110.5000000,C,1.3368913,,946.8240348,838.8650390
XCME.GY1.05AUG25.111.C,.8593750,.8906250,111,C,.8483964,663.5074817,830.1297195,753.2395193
XCME.GY1.05AUG25.112:25.C,.0781250,.0937500,112.2500000,C,.0803604,606.5031679,659.3521036,633.1948866
XCME.GY1.05AUG25.111:25.C,.6250000,.6562500,111.2500000,C,.6208012,589.3229902,718.7570238,656.8821918
XCME.GY1.05AUG25.111:75.C,.2656250,.2968750,111.7500000,C,.2623890,588.3922306,672.0270882,630.2363382
XCME.GY1.05AUG25.112:5.P,.6718750,.7031250,112.5000000,P,.7088846,378.9575912,612.0575142,521.7731049
