Key,BID,ASK,STRIKE,ITYPE,ADJTHEOR,IVBID,IVASK,IVAVERAGE
XCME.ZN.SEP25,112.1093750,112.1250000,INVALID,F,,,,
XCME.ZN1.01AUG25.112:75.P,.6093750,.6406250,112.7500000,P,.6250106,,1834.3567999,1388.3340924
XCME.ZN1.01AUG25.111:5.P,INVALID,.0069999,111.5000000,P,.0000193,,1477.8985085,1302.8619028
XCME.ZN1.01AUG25.111:25.P,INVALID,.0069999,111.2500000,P,.0000013,,1937.3853013,1721.9736838
XCME.ZN1.01AUG25.112:5.P,.3593750,.3906250,112.5000000,P,.3752234,,1268.7957833,926.0245541
XCME.ZN1.01AUG25.110.C,2.1093750,2.1406250,110,C,2.1250000,,,
XCME.ZN1.01AUG25.112.P,.0069999,.0156250,112,P,.0116076,408.1628081,545.1062494,480.9326030
XCME.ZN1.01AUG25.112:25.C,.0069999,.0156250,112.2500000,C,.0114050,484.7362593,634.5620206,564.9877201
