Key,BID,ASK,STRIKE,ITYPE,ADJTHEOR,IVBID,IVASK,IVAVERAGE
XCME.ZN.SEP25,112.0937500,112.1093750,INVALID,F,,,,
XCME.VY1.04AUG25.110.C,2.0937500,2.1093750,110,C,2.1016859,,1647.0399491,1540.2466664
XCME.VY1.04AUG25.110:75.C,1.3437500,1.3593750,110.7500000,C,1.3508077,,1143.7805807,1062.6642938
XCME.VY1.04AUG25.110.P,INVALID,.0069999,110,P,.0036234,,1527.3056438,1387.1380252
XCME.VY1.04AUG25.111:25.C,.8437500,.8593750,111.2500000,C,.8533359,,782.0126372,719.5595492
XCME.VY1.04AUG25.113.P,.8906250,.9218750,113,P,.9087366,688.9576714,1079.7943409,931.4551110
XCME.VY1.04AUG25.113.C,INVALID,.0069999,113,C,.0067991,,749.4501033,666.1818343
