Key,BID,ASK,STRIKE,ITYPE,ADJTHEOR,IVBID,IVASK,IVAVERAGE
XCME.ZN.SEP25,112.1093750,112.1250000,INVALID,F,,,,
XCME.GY1.05AUG25.111.C,1.1093750,1.1406250,111,C,1.1308419,670.9754254,948.1282921,835.8060622
XCME.GY1.05AUG25.112:25.C,.1562500,.1875000,112.2500000,C,.1721652,597.9097596,686.6258038,642.3478994
XCME.GY1.05AUG25.111:25.C,.8750000,.9062500,111.2500000,C,.8923344,540.1340334,785.9320118,685.4141700
XCME.GY1.05AUG25.111:75.C,.4375000,.4843750,111.7500000,C,.4613430,561.4675080,720.3365739,642.8971888
XCME.GY1.05AUG25.112:5.P,.4531250,.5000000,112.5000000,P,.4778171,575.4214990,735.3926000,657.4520809
XCME.GY1.05AUG25.113.P,.8906250,.9218750,113,P,.9120195,548.2938352,797.0028928,695.5676032
