Key,BID,ASK,STRIKE,ITYPE,ADJTHEOR,IVBID,IVASK,IVAVERAGE
XCME.ZN.SEP25,110.8437500,110.8593750,INVALID,F,,,,
XCME.ZN1.01AUG25.112:5.C,INVALID,.0069999,112.5000000,C,0,,1921.7365490,1736.7934603
XCME.ZN1.01AUG25.112.C,INVALID,.0069999,112,C,0,,1421.6714755,1276.2778926
