Key,BID,ASK,STRIKE,ITYPE,ADJTHEOR,IVBID,IVASK,IVAVERAGE
XCME.ZN.SEP25,111.9843750,112,INVALID,F,,,,
XCME.ZN1.01AUG25.111:25.C,.7187500,.7500000,111.2500000,C,.7461641,,1194.7603782,1056.3655969
XCME.ZN1.01AUG25.111:75.C,.2656250,.2812500,111.7500000,C,.2826547,699.7756682,854.8105438,780.1289162
XCME.ZN1.01AUG25.110:5.C,1.4843750,1.5156250,110.5000000,C,1.4962140,,,
XCME.ZN1.01AUG25.110:75.C,1.2343750,1.2656250,110.7500000,C,1.2449719,,,1952.3885800
XCME.ZN1.01AUG25.111.P,INVALID,.0069999,111,P,.0025629,,1477.9671321,1319.9371915
XCME.ZN1.01AUG25.113.C,INVALID,.0069999,113,C,.0028210,,1503.1812171,1345.8067504
XCME.ZN1.01AUG25.112:5.C,.0069999,.0156250,112.5000000,C,.0117529,,1035.2336927,880.9339471
