Key,BID,ASK,STRIKE,ITYPE,ADJTHEOR,IVBID,IVASK,IVAVERAGE
XCME.ZN.SEP25,112.1250000,112.1406250,INVALID,F,,,,
XCME.WY1.06AUG25.111.P,.0156250,.0312500,111,P,.0258446,638.6499960,746.9577008,697.4547879
XCME.WY1.06AUG25.112:25.C,.2031250,.2187500,112.2500000,C,.2110783,588.0098000,624.2504686,606.1385281
XCME.WY1.06AUG25.112:5.C,.1250000,.1406250,112.5000000,C,.1260634,616.0859486,657.0535586,636.6600735
XCME.WY1.06AUG25.111:25.P,.0312500,.0468750,111.2500000,P,.0425163,617.7581960,693.4451613,657.2283979
XCME.WY1.06AUG25.111:75.C,.5000000,.5156250,111.7500000,C,.5043160,606.9638248,648.6234576,627.9019764
XCME.WY1.06AUG25.113.C,.0312500,.0468750,113,C,.0449244,610.1691399,685.3392509,649.3585845
