Key,BID,ASK,STRIKE,ITYPE,ADJTHEOR,IVBID,IVASK,IVAVERAGE
XCME.ZN.SEP25,112.1093750,112.1250000,INVALID,F,,,,
XCME.GY1.05AUG25.110:75.C,1.3593750,1.3906250,110.7500000,C,1.3782162,,943.2871077,798.6933798
XCME.GY1.05AUG25.112:25.P,.2812500,.3125000,112.2500000,P,.2938933,579.9462325,668.4063972,624.2582597
XCME.GY1.05AUG25.113.C,.0156250,.0312500,113,C,.0289519,628.4373072,744.8631444,691.4829421
XCME.GY1.05AUG25.111.P,.0069999,.0156250,111,P,.0117401,658.2647594,764.8711219,717.4761925
XCME.GY1.05AUG25.112.C,.2656250,.2968750,112,C,.2854312,550.1704724,638.5397604,594.4374486
XCME.GY1.05AUG25.111:25.P,.0156250,.0312500,111.2500000,P,.0215402,623.0104218,738.6171416,685.5475062
XCME.GY1.05AUG25.110:25.P,INVALID,.0069999,110.2500000,P,.0045015,,1009.5636932,914.6644597
