Key,BID,ASK,STRIKE,ITYPE,ADJTHEOR,IVBID,IVASK,IVAVERAGE
XCME.ZN.SEP25,110.9843750,111,INVALID,F,,,,
XCME.ZN1.01AUG25.111:5.P,.5468750,.5781250,111.5000000,P,.5316635,895.6982337,1089.8279646,996.4178151
