Key,BID,ASK,STRIKE,ITYPE,ADJTHEOR,IVBID,IVASK,IVAVERAGE
XCME.ZN.SEP25,110.9531250,110.9687500,INVALID,F,,,,
XCME.ZN1.01AUG25.110:25.P,.0156250,.0312500,110.2500000,P,.0019563,909.0038367,1087.2635761,1005.1594098
XCME.ZN1.01AUG25.110:5.P,.0468750,.0781250,110.5000000,P,.0132667,931.9911783,1140.3600962,1039.9621116
