Key,BID,ASK,STRIKE,ITYPE,ADJTHEOR,IVBID,IVASK,IVAVERAGE
XCME.ZN.SEP25,111.9062500,111.9218750,INVALID,F,,,,
XCME.VY1.04AUG25.112.P,.1875000,.2031250,112,P,.2039925,487.5821383,547.2385257,517.4755388
XCME.VY1.04AUG25.111:5.C,.4218750,.4531250,111.5000000,C,.4329502,499.1384309,688.5042355,601.2661914
XCME.VY1.04AUG25.112:25.C,.0312500,.0625000,112.2500000,C,.0406858,523.4617761,687.9219013,609.6745843
XCME.VY1.04AUG25.110:5.P,INVALID,.0069999,110.5000000,P,.0030581,,1055.2501128,951.1059577
XCME.VY1.04AUG25.112:5.P,.5937500,.6250000,112.5000000,P,.6137106,,723.6392288,622.8441017
XCME.VY1.04AUG25.111.C,.8906250,.9218750,111,C,.9072763,,907.5987362,755.5874583
XCME.VY1.04AUG25.110:5.C,1.3906250,1.4218750,110.5000000,C,1.4049956,,1278.7690441,1083.6892448
