Key,BID,ASK,STRIKE,ITYPE,ADJTHEOR,IVBID,IVASK,IVAVERAGE
XCME.ZN.SEP25,112.0156250,112.0312500,INVALID,F,,,,
XCME.VY1.04AUG25.112:25.P,.2812500,.3125000,112.2500000,P,.3061361,533.4652445,664.4883965,599.9908625
XCME.VY1.04AUG25.112.C,.1562500,.1718750,112,C,.1642685,509.5370669,566.5791906,538.0634969
XCME.VY1.04AUG25.112:75.C,.0069999,.0156250,112.7500000,C,.0138367,599.1071900,709.9313707,660.3028312
XCME.VY1.04AUG25.110:25.C,1.7656250,1.7812500,110.2500000,C,1.7656596,,359.9129914,
XCME.WY1.06AUG25.110.C,2.0156250,2.0468750,110,C,2.0415217,,904.1743725,
XCME.WY1.06AUG25.113.P,.9843750,1.0156250,113,P,.9908086,594.8769830,751.1359290,680.2475095
