Key,BID,ASK,STRIKE,ITYPE,ADJTHEOR,IVBID,IVASK,IVAVERAGE
XCME.ZN.SEP25,111.6406250,111.6562500,INVALID,F,,,,
XCME.WY1.06AUG25.112:75.C,.0069999,.0312500,112.7500000,C,.0267898,507.8450613,693.5849545,617.7474055
XCME.WY1.06AUG25.112.C,.1093750,.1250000,112,C,.1347488,524.7846874,564.3797431,544.6829631
XCME.WY1.06AUG25.111.P,.0312500,.0468750,111,P,.0418878,491.6683946,556.4908169,525.3371015
XCME.WY1.06AUG25.112:25.C,.0468750,.0625000,112.2500000,C,.0802453,502.8839523,557.3951114,530.7845599
XCME.WY1.06AUG25.112:5.C,.0156250,.0468750,112.5000000,C,.0471946,478.3705563,639.9089209,568.7899194
XCME.WY1.06AUG25.111:25.P,.0937500,.1093750,111.2500000,P,.0886261,551.3135668,593.7218219,572.6833235
XCME.WY1.06AUG25.111:75.C,.1718750,.2031250,111.7500000,C,.2198406,459.3807958,528.8656188,494.1468963
