Key,BID,ASK,STRIKE,ITYPE,ADJTHEOR,IVBID,IVASK,IVAVERAGE
XCME.ZN.SEP25,112.0625000,112.0781250,INVALID,F,,,,
XCME.VY1.04AUG25.111:5.C,.6250000,.6562500,111.5000000,C,.5825033,881.6989447,1044.3549376,965.5148730
XCME.VY1.04AUG25.112:25.C,.0781250,.1093750,112.2500000,C,.0891073,552.1767627,676.4025387,614.8771931
XCME.VY1.04AUG25.110:5.P,INVALID,.0069999,110.5000000,P,.0026399,,1140.5568329,1029.3579337
XCME.VY1.04AUG25.112:5.P,.4062500,.4375000,112.5000000,P,.4730568,,362.2123895,414.0877501
XCME.VY1.04AUG25.111.C,1.1093750,1.1406250,111,C,1.0700896,1227.7325279,1447.8321522,1343.7807983
XCME.VY1.04AUG25.110:5.C,1.6093750,1.6406250,110.5000000,C,1.5694524,1630.8500642,1889.8134090,1768.1156844
