Key,BID,ASK,STRIKE,ITYPE,ADJTHEOR,IVBID,IVASK,IVAVERAGE
XCME.ZN.SEP25,112.1093750,112.1250000,INVALID,F,,,,
XCME.ZN1.01AUG25.111:5.C,.5937500,.6250000,111.5000000,C,.6128932,,1667.7087859,1533.4662746
XCME.ZN1.01AUG25.113.P,.8750000,.9062500,113,P,.8871275,,,
XCME.ZN1.01AUG25.112:25.P,.1406250,.1562500,112.2500000,P,.1471009,394.8291456,676.3608603,555.6530952
XCME.ZN1.01AUG25.111.C,1.0937500,1.1250000,111,C,1.1128727,,,
XCME.ZN1.01AUG25.112.C,.1093750,.1406250,112,C,.1267075,,716.5528800,561.2098577
XCME.GY1.05AUG25.110.P,INVALID,.0069999,110,P,.0041306,,1129.0809198,1025.5452949
XCME.GY1.05AUG25.110:5.C,1.6093750,1.6406250,110.5000000,C,1.6198845,,1152.9575757,1027.4304936
