Key,BID,ASK,STRIKE,ITYPE,ADJTHEOR,IVBID,IVASK,IVAVERAGE
XCME.ZN.SEP25,112.1718750,112.1875000,INVALID,F,,,,
XCME.GY1.05AUG25.111:25.P,.0156250,.0312500,111.2500000,P,.0203183,665.0738092,786.4229625,730.7983487
XCME.GY1.05AUG25.110:25.P,INVALID,.0156250,110.2500000,P,.0051260,,1201.9936272,1070.0347266
XCME.GY1.05AUG25.111:5.C,.6875000,.7187500,111.5000000,C,.7122571,487.6812264,689.9329649,602.8663533
XCME.GY1.05AUG25.110.C,2.1562500,2.1875000,110,C,2.1806268,,1257.4954456,1176.7496248
XCME.GY1.05AUG25.111:5.P,.0312500,.0468750,111.5000000,P,.0360691,628.6050575,711.6041269,671.7409259
XCME.GY1.05AUG25.110:25.C,1.9062500,1.9375000,110.2500000,C,1.9313135,,1136.0233788,1061.2253837
XCME.GY1.05AUG25.112:75.C,.0468750,.0625000,112.7500000,C,.0525452,637.4455372,706.6680041,672.8728343
