Key,BID,ASK,STRIKE,ITYPE,ADJTHEOR,IVBID,IVASK,IVAVERAGE
XCME.ZN.SEP25,112.0312500,112.0468750,INVALID,F,,,,
XCME.VY1.04AUG25.112.C,.1406250,.1718750,112,C,.1610786,449.9482080,567.8248098,508.9320011
XCME.VY1.04AUG25.112:75.C,.0069999,.0156250,112.7500000,C,.0094959,613.2902303,726.6671573,675.9021938
XCME.VY1.04AUG25.110:25.C,1.7812500,1.7968750,110.2500000,C,1.7922719,,1342.8595442,1212.5735068
XCME.GY1.05AUG25.110.P,INVALID,.0069999,110,P,.0033158,,1075.3632212,975.4828988
XCME.GY1.05AUG25.110:5.C,1.5312500,1.5625000,110.5000000,C,1.5461862,,1024.0545189,870.4660617
XCME.GY1.05AUG25.111.C,1.0312500,1.0625000,111,C,1.0501618,,752.4783005,629.2271236
XCME.GY1.05AUG25.112:25.C,.1093750,.1250000,112.2500000,C,.1181867,534.3081936,580.5790428,557.5222358
