Key,BID,ASK,STRIKE,ITYPE,ADJTHEOR,IVBID,IVASK,IVAVERAGE
XCME.ZN.SEP25,112.1093750,112.1250000,INVALID,F,,,,
XCME.WY1.06AUG25.110.P,INVALID,.0156250,110,P,.0076266,,1053.5301322,939.6982705
XCME.WY1.06AUG25.110:75.P,.0069999,.0312500,110.7500000,P,.0150390,638.2051893,855.8729750,767.7686724
XCME.WY1.06AUG25.112:25.P,.3281250,.3593750,112.2500000,P,.3374026,569.6883107,642.7542932,606.2732834
XCME.WY1.06AUG25.111:25.C,.9062500,.9375000,111.2500000,C,.9102852,693.8401003,815.7724567,757.4199944
XCME.WY1.06AUG25.110:5.P,.0069999,.0156250,110.5000000,P,.0110630,735.3181082,844.5710774,796.2740108
XCME.WY1.06AUG25.110:25.C,1.8750000,1.9062500,110.2500000,C,1.8803974,986.5608055,1218.4961359,1116.6353539
