Key,BID,ASK,STRIKE,ITYPE,ADJTHEOR,IVBID,IVASK,IVAVERAGE
XCME.ZN.SEP25,111.8437500,111.8593750,INVALID,F,,,,
XCME.VY1.04AUG25.112:25.P,.4218750,.4687500,112.2500000,P,.4476506,456.2665046,730.2940291,608.4266573
XCME.VY1.04AUG25.112.C,.0937500,.1250000,112,C,.0973741,570.7483680,689.5529395,630.5032059
XCME.VY1.04AUG25.112:75.C,INVALID,.0156250,112.7500000,C,.0094210,,836.2241951,727.1646683
XCME.VY1.04AUG25.110:25.C,1.5781250,1.6093750,110.2500000,C,1.5966920,,1514.5934203,1244.2849346
XCME.WY1.06AUG25.110.C,1.8281250,1.8593750,110,C,1.8441212,,1073.3196179,908.2271610
XCME.WY1.06AUG25.113.P,1.1562500,1.1875000,113,P,1.1802002,,714.3518278,632.2356226
