Key,BID,ASK,STRIKE,ITYPE,ADJTHEOR,IVBID,IVASK,IVAVERAGE
XCME.ZN.SEP25,110.9375000,110.9531250,INVALID,F,,,,
XCME.ZN1.01AUG25.111.C,.1875000,.2187500,111,C,.1006756,1123.9777149,1290.2410715,1207.1325164
XCME.ZN1.01AUG25.111:25.P,.4062500,.4375000,111.2500000,P,.3284819,1188.0701173,1375.5253398,1282.6448881
