Key,BID,ASK,STRIKE,ITYPE,ADJTHEOR,IVBID,IVASK,IVAVERAGE
XCME.ZN.SEP25,112.1093750,112.1250000,INVALID,F,,,,
XCME.VY1.04AUG25.111:75.P,.0312500,.0468750,111.7500000,P,.0466227,554.4425136,645.6607310,601.4841514
XCME.VY1.04AUG25.111:75.C,.4062500,.4218750,111.7500000,C,.4024965,664.7474626,746.0183592,706.0882140
XCME.VY1.04AUG25.112:75.P,.6250000,.6562500,112.7500000,P,.6656467,,654.9875324,388.5706825
XCME.VY1.04AUG25.111:25.P,.0069999,.0156250,111.2500000,P,.0087070,728.0850703,857.3236037,799.6568085
XCME.VY1.04AUG25.111:5.P,.0069999,.0312500,111.5000000,P,.0182869,554.6072768,797.3673068,695.9410439
XCME.VY1.04AUG25.112:5.C,.0312500,.0625000,112.5000000,C,.0464204,594.7669963,773.2860560,688.5865888
XCME.VY1.04AUG25.110:25.P,INVALID,.0069999,110.2500000,P,.0033555,,1398.7346161,1267.0282118
