Key,BID,ASK,STRIKE,ITYPE,ADJTHEOR,IVBID,IVASK,IVAVERAGE
XCME.ZN.SEP25,110.9375000,110.9531250,INVALID,F,,,,
XCME.ZN1.01AUG25.112:5.C,INVALID,.0069999,112.5000000,C,0,,1753.6636199,1581.7819849
XCME.ZN1.01AUG25.112.C,INVALID,.0156250,112,C,.0000089,,1477.9914072,1291.7200300
