Key,BID,ASK,STRIKE,ITYPE,ADJTHEOR,IVBID,IVASK,IVAVERAGE
XCME.ZN.SEP25,110.9687500,110.9843750,INVALID,F,,,,
XCME.ZN1.01AUG25.111.C,.2187500,.2343750,111,C,.1448388,906.6025823,1038.7064749,972.6582497
XCME.ZN1.01AUG25.111:25.P,.3750000,.4062500,111.2500000,P,.3289487,964.4442051,1110.1881411,1037.8222928
