Key,BID,ASK,STRIKE,ITYPE,ADJTHEOR,IVBID,IVASK,IVAVERAGE
XCME.ZN.SEP25,110.9531250,110.9687500,INVALID,F,,,,
XCME.ZN1.01AUG25.111.C,.2031250,.2343750,111,C,.1322560,967.4075574,1102.6354762,1035.0330519
XCME.ZN1.01AUG25.111:25.P,.3906250,.4218750,111.2500000,P,.3416596,917.1390034,1070.7133660,994.6961500
