Key,BID,ASK,STRIKE,ITYPE,ADJTHEOR,IVBID,IVASK,IVAVERAGE
XCME.ZN.SEP25,111.8281250,111.8437500,INVALID,F,,,,
XCME.WY1.06AUG25.112:75.C,.0156250,.0312500,112.7500000,C,.0255982,534.9710650,630.8089800,586.8873995
XCME.WY1.06AUG25.112.C,.1718750,.1875000,112,C,.1628271,569.5404194,605.5315946,587.5597315
XCME.WY1.06AUG25.111.P,.0156250,.0312500,111,P,.0276160,470.9351645,559.6488121,518.8723097
XCME.WY1.06AUG25.112:25.C,.0781250,.1093750,112.2500000,C,.0904125,523.8224468,611.4921873,568.4695511
XCME.WY1.06AUG25.112:5.C,.0468750,.0625000,112.5000000,C,.0480551,570.4053420,628.5533359,600.2105650
XCME.WY1.06AUG25.111:25.P,.0468750,.0625000,111.2500000,P,.0591189,490.0802119,543.8907493,517.6098600
XCME.WY1.06AUG25.111:75.C,.2812500,.2968750,111.7500000,C,.2728361,559.0180828,593.6046927,576.3131358
