Key,BID,ASK,STRIKE,ITYPE,ADJTHEOR,IVBID,IVASK,IVAVERAGE
XCME.ZN.SEP25,112.1093750,112.1250000,INVALID,F,,,,
XCME.ZN1.01AUG25.111:5.C,.5937500,.6250000,111.5000000,C,.6215454,,1234.6052805,
XCME.ZN1.01AUG25.113.P,.8750000,.9062500,113,P,.8785128,,,
XCME.ZN1.01AUG25.112:25.P,.1406250,.1718750,112.2500000,P,.1421463,508.8247101,893.8113091,714.7479936
XCME.ZN1.01AUG25.111.C,1.0937500,1.1250000,111,C,1.1214963,,,
XCME.ZN1.01AUG25.112.C,.1093750,.1406250,112,C,.1361680,,587.6529672,416.1957899
XCME.GY1.05AUG25.110.P,INVALID,.0069999,110,P,.0030787,,1127.9743082,1024.7278965
XCME.GY1.05AUG25.110:5.C,1.6093750,1.6406250,110.5000000,C,1.6283011,,1032.6479331,825.0014818
