Key,BID,ASK,STRIKE,ITYPE,ADJTHEOR,IVBID,IVASK,IVAVERAGE
XCME.ZN.SEP25,111.9062500,111.9218750,INVALID,F,,,,
XCME.WY1.06AUG25.111.P,.0156250,.0312500,111,P,.0181373,527.8633021,622.9579321,579.3043061
XCME.WY1.06AUG25.112:25.C,.1093750,.1250000,112.2500000,C,.1200751,538.3959648,578.6993859,558.6525122
XCME.WY1.06AUG25.112:5.C,.0468750,.0781250,112.5000000,C,.0693227,515.2825784,621.9873160,570.7503262
XCME.WY1.06AUG25.111:25.P,.0312500,.0468750,111.2500000,P,.0390099,494.0345940,559.7296526,528.1728100
XCME.WY1.06AUG25.111:75.C,.3125000,.3437500,111.7500000,C,.3284503,493.3459909,565.8774048,529.7066966
XCME.WY1.06AUG25.113.C,.0156250,.0312500,113,C,.0247809,603.5805787,707.4986415,659.9832602
