Key,BID,ASK,STRIKE,ITYPE,ADJTHEOR,IVBID,IVASK,IVAVERAGE
XCME.ZN.SEP25,112.0468750,112.0625000,INVALID,F,,,,
XCME.ZN1.01AUG25.111:75.P,INVALID,.0069999,111.7500000,P,.0022499,,651.9849330,560.9819719
XCME.ZN1.01AUG25.110.P,INVALID,.0069999,110,P,.0000027,,,
XCME.ZN1.01AUG25.110:5.P,INVALID,.0069999,110.5000000,P,.0000032,,,
XCME.ZN1.01AUG25.112:75.P,.7031250,.7187500,112.7500000,P,.7033117,,1515.6432012,1420.2463354
XCME.ZN1.01AUG25.111:5.P,INVALID,.0069999,111.5000000,P,.0001604,,1046.4050111,918.8108262
XCME.ZN1.01AUG25.111:25.P,INVALID,.0069999,111.2500000,P,.0000293,,1420.4614976,1261.7573792
