Key,BID,ASK,STRIKE,ITYPE,ADJTHEOR,IVBID,IVASK,IVAVERAGE
XCME.ZN.SEP25,110.9375000,110.9531250,INVALID,F,,,,
XCME.ZN1.01AUG25.111:25.C,.0937500,.1250000,111.2500000,C,.0539057,855.9469292,1002.2091848,929.8630054
