Key,BID,ASK,STRIKE,ITYPE,ADJTHEOR,IVBID,IVASK,IVAVERAGE
XCME.ZN.SEP25,112.1093750,112.1250000,INVALID,F,,,,
XCME.GY1.05AUG25.112:25.P,.2812500,.3125000,112.2500000,P,.2982486,588.9006207,677.4107052,633.2294477
XCME.GY1.05AUG25.113.C,.0156250,.0312500,113,C,.0292373,627.7897901,744.2831593,690.8723624
XCME.GY1.05AUG25.111.P,.0069999,.0312500,111,P,.0077243,662.1761771,900.0107243,802.9519567
XCME.GY1.05AUG25.112.C,.2812500,.3125000,112,C,.2969752,588.9009868,677.4109428,633.2297365
XCME.GY1.05AUG25.111:25.P,.0156250,.0312500,111.2500000,P,.0204954,627.2018547,743.4409155,690.1046133
XCME.GY1.05AUG25.110:25.P,INVALID,.0069999,110.2500000,P,.0001127,,1014.4102403,919.3380792
