Key,BID,ASK,STRIKE,ITYPE,ADJTHEOR,IVBID,IVASK,IVAVERAGE
XCME.ZN.SEP25,111.3125000,111.3281250,INVALID,F,,,,
XCME.WY5.30JUL25.111:25.C,.2031250,.2187500,111.2500000,C,.1334902,991.1613383,1087.2471347,1039.2369666
XCME.WY5.30JUL25.111:5.C,.0937500,.1093750,111.5000000,C,.0285321,1013.6691989,1116.2485718,1065.1574894
XCME.WY5.30JUL25.110.C,1.3125000,1.3281250,110,C,1.3238121,,,1701.9106986
XCME.WY5.30JUL25.112:5.P,1.1718750,1.2031250,112.5000000,P,1.1761872,,1638.9890567,1519.6144682
