Key,BID,ASK,STRIKE,ITYPE,ADJTHEOR,IVBID,IVASK,IVAVERAGE
XCME.ZN.SEP25,111.3750000,111.3906250,INVALID,F,,,,
XCME.ZN1.01AUG25.111:25.P,.2656250,.2812500,111.2500000,P,.2087034,797.3803569,836.0318727,816.7115575
XCME.ZN1.01AUG25.112:5.P,1.1406250,1.1718750,112.5000000,P,1.1333729,713.3162077,904.5447926,819.1156868
XCME.ZN1.01AUG25.111:5.P,.3906250,.4062500,111.5000000,P,.3346305,798.6739471,837.2650021,817.9740235
