Key,BID,ASK,STRIKE,ITYPE,ADJTHEOR,IVBID,IVASK,IVAVERAGE
XCME.ZN.SEP25,111.1250000,111.1406250,INVALID,F,,,,
XCME.WY5.30JUL25.111:25.P,.1718750,.2031250,111.2500000,P,.1467106,783.2670849,1049.5401266,918.0571189
XCME.WY5.30JUL25.113.P,1.8437500,1.8750000,113,P,1.8706875,,,1980.0953164
XCME.WY5.30JUL25.112.P,.8437500,.8750000,112,P,.8706873,,1395.5260562,1035.3605193
