Key,BID,ASK,STRIKE,ITYPE,ADJTHEOR,IVBID,IVASK,IVAVERAGE
XCME.ZN.SEP25,111.2968750,111.3125000,INVALID,F,,,,
XCME.WY5.30JUL25.110:5.P,INVALID,.0156250,110.5000000,P,.0000309,,1304.2322241,1127.8188714
XCME.WY5.30JUL25.110:5.C,.8125000,.8437500,110.5000000,C,.8168430,,1490.4061460,1296.3691631
XCME.WY5.30JUL25.111:75.C,.0312500,.0468750,111.7500000,C,.0022299,997.5763424,1150.1368657,1076.4352084
