Key,BID,ASK,STRIKE,ITYPE,ADJTHEOR,IVBID,IVASK,IVAVERAGE
XCME.ZN.SEP25,111.3593750,111.3750000,INVALID,F,,,,
XCME.WY5.30JUL25.112:25.P,.8750000,.9062500,112.2500000,P,.8828121,,1668.7060290,1428.7504298
XCME.WY5.30JUL25.112.C,.0069999,.0312500,112,C,.0000508,985.0549674,1411.1673037,1233.4422081
XCME.WY5.30JUL25.110:25.C,1.1093750,1.1406250,110.2500000,C,1.1171875,,,1723.6040028
