Key,BID,ASK,STRIKE,ITYPE,ADJTHEOR,IVBID,IVASK,IVAVERAGE
XCME.ZN.SEP25,111.1093750,111.1250000,INVALID,F,,,,
XCME.ZN1.01AUG25.111:75.C,.0781250,.1093750,111.7500000,C,.0521623,746.6630154,858.1808154,803.6716773
XCME.ZN1.01AUG25.110:5.C,.6875000,.7187500,110.5000000,C,.6728032,688.0820157,805.3438746,748.4377680
XCME.ZN1.01AUG25.110:75.C,.5156250,.5312500,110.7500000,C,.4800892,750.2012849,795.9136185,773.1416454
