Key,BID,ASK,STRIKE,ITYPE,ADJTHEOR,IVBID,IVASK,IVAVERAGE
XCME.ZN.SEP25,111.3593750,111.3750000,INVALID,F,,,,
XCME.ZN1.01AUG25.112:5.C,.0312500,.0468750,112.5000000,C,.0108490,818.4699938,910.2318258,866.4323538
XCME.ZN1.01AUG25.112:25.P,.9375000,.9687500,112.2500000,P,.9193866,742.5394145,883.3872295,816.5900474
XCME.ZN1.01AUG25.111:5.C,.2656250,.2812500,111.5000000,C,.1995089,826.8541180,866.2038936,846.5354799
