Key,BID,ASK,STRIKE,ITYPE,ADJTHEOR,IVBID,IVASK,IVAVERAGE
XCME.ZN.SEP25,111.1562500,111.1718750,INVALID,F,,,,
XCME.ZN1.01AUG25.110.C,1.1718750,1.2031250,110,C,1.1700229,648.8070024,914.4603545,807.1303149
XCME.ZN1.01AUG25.111:25.P,.3437500,.3750000,111.2500000,P,.3003314,773.4722865,854.8448440,814.1706736
XCME.ZN1.01AUG25.112:5.P,1.3281250,1.3593750,112.5000000,P,1.3408023,,897.6797856,780.3817369
