Key,BID,ASK,STRIKE,ITYPE,ADJTHEOR,IVBID,IVASK,IVAVERAGE
XCME.ZN.SEP25,111.0781250,111.0937500,INVALID,F,,,,
XCME.WY5.30JUL25.111.C,.1406250,.1718750,111,C,.1068692,955.8111563,1300.3938979,1129.4661985
XCME.WY5.30JUL25.111:75.P,.6562500,.6718750,111.7500000,P,.6640624,,1655.7786545,1456.7468456
XCME.WY5.30JUL25.112:25.C,INVALID,.0069999,112.2500000,C,0,,,
XCME.WY5.30JUL25.110:5.P,INVALID,.0069999,110.5000000,P,0,,1474.7679747,1299.6129365
