Key,BID,ASK,STRIKE,ITYPE,ADJTHEOR,IVBID,IVASK,IVAVERAGE
XCME.ZN.SEP25,111.3593750,111.3750000,INVALID,F,,,,
XCME.WY5.30JUL25.111:5.P,.2343750,.2656250,111.5000000,P,.1605201,1027.7929814,1265.9687696,1147.5712450
XCME.WY5.30JUL25.111:25.P,.1093750,.1250000,111.2500000,P,.0325177,1161.9874412,1278.9793373,1220.5904080
XCME.WY5.30JUL25.113.P,1.6250000,1.6562500,113,P,1.6328124,,,
XCME.WY5.30JUL25.112.P,.6406250,.6562500,112,P,.6328282,1097.8738734,1418.8670207,1279.2326229
