Key,BID,ASK,STRIKE,ITYPE,ADJTHEOR,IVBID,IVASK,IVAVERAGE
XCME.ZN.SEP25,111.3125000,111.3281250,INVALID,F,,,,
XCME.WY5.30JUL25.112:25.P,.9062500,.9375000,112.2500000,P,.9374993,,841.2498357,
XCME.WY5.30JUL25.112.C,.0069999,.0156250,112,C,0,1161.0632497,1380.2009976,1282.0115041
XCME.WY5.30JUL25.110:25.C,1.0625000,1.0937500,110.2500000,C,1.0624992,.9900000,,
