Key,BID,ASK,STRIKE,ITYPE,ADJTHEOR,IVBID,IVASK,IVAVERAGE
XCME.ZN.SEP25,111.1406250,111.1562500,INVALID,F,,,,
XCME.WY5.30JUL25.112:25.P,1.0937500,1.1250000,112.2500000,P,1.1093749,,,1644.1157694
XCME.WY5.30JUL25.112.C,INVALID,.0069999,112,C,0,,1463.6786077,1302.5255052
XCME.WY5.30JUL25.110:25.C,.8750000,.9062500,110.2500000,C,.8906250,,1768.0021361,1663.3890946
