Key,BID,ASK,STRIKE,ITYPE,ADJTHEOR,IVBID,IVASK,IVAVERAGE
XCME.ZN.SEP25,111.3437500,111.3593750,INVALID,F,,,,
XCME.ZN1.01AUG25.110.P,.0156250,.0312500,110,P,.0041662,797.8700657,927.3247702,868.3887140
XCME.ZN1.01AUG25.111:75.P,.5625000,.5781250,111.7500000,P,.5113581,,,
XCME.ZN1.01AUG25.112:75.P,INVALID,INVALID,112.7500000,P,1.4079320,,,
