Key,BID,ASK,STRIKE,ITYPE,ADJTHEOR,IVBID,IVASK,IVAVERAGE
XCME.ZN.SEP25,111.3593750,111.3750000,INVALID,F,,,,
XCME.WY5.30JUL25.111:25.C,.2343750,.2500000,111.2500000,C,.1782774,859.6678056,1023.4454372,941.7846818
XCME.WY5.30JUL25.111:5.C,.1093750,.1250000,111.5000000,C,.0548442,850.0365176,933.0430576,891.6279288
XCME.WY5.30JUL25.110.C,1.3593750,1.3906250,110,C,1.3671889,,1792.3737018,1559.5772194
XCME.WY5.30JUL25.112:5.P,1.1093750,1.1406250,112.5000000,P,1.1328133,,1243.5342541,1111.6673162
XCME.WY5.30JUL25.111:5.P,.2343750,.2656250,111.5000000,P,.1876568,808.2402018,974.3057084,891.6277504
