Key,BID,ASK,STRIKE,ITYPE,ADJTHEOR,IVBID,IVASK,IVAVERAGE
XCME.ZN.SEP25,111.3437500,111.3593750,INVALID,F,,,,
XCME.ZN1.01AUG25.110.C,1.3437500,1.3750000,110,C,1.3364133,753.5631071,1006.3704237,900.3899769
XCME.ZN1.01AUG25.111:25.P,.2812500,.3125000,111.2500000,P,.2216946,808.9842421,888.1715876,848.5867735
XCME.ZN1.01AUG25.112:5.P,1.1718750,1.2031250,112.5000000,P,1.1767762,576.2956027,871.6812389,760.5636051
