Key,BID,ASK,STRIKE,ITYPE,ADJTHEOR,IVBID,IVASK,IVAVERAGE
XCME.ZN.SEP25,111.3437500,111.3593750,INVALID,F,,,,
XCME.WY5.30JUL25.112:25.P,.9062500,.9375000,112.2500000,P,.9175547,,1408.8696508,1173.4657609
XCME.WY5.30JUL25.112.C,.0069999,.0312500,112,C,.0001914,870.7657211,1243.9348828,1088.6251010
XCME.WY5.30JUL25.110:25.C,1.0781250,1.1093750,110.2500000,C,1.0824359,,1713.4632538,1507.3096812
