Key,BID,ASK,STRIKE,ITYPE,ADJTHEOR,IVBID,IVASK,IVAVERAGE
XCME.ZN.SEP25,111.3593750,111.3750000,INVALID,F,,,,
XCME.WY5.30JUL25.112:75.C,INVALID,.0069999,112.7500000,C,0,,,1854.6545329
XCME.WY5.30JUL25.112:5.C,INVALID,.0069999,112.5000000,C,0,,1749.0713406,1569.0346501
XCME.WY5.30JUL25.111.P,.0468750,.0625000,111,P,.0025935,1041.9288664,1366.1665602,1211.9689363
