Key,BID,ASK,STRIKE,ITYPE,ADJTHEOR,IVBID,IVASK,IVAVERAGE
XCME.ZN.SEP25,111.4062500,111.4218750,INVALID,F,,,,
XCME.WY5.30JUL25.110:75.C,.6718750,.6875000,110.7500000,C,.6675984,966.5085161,1335.0804943,1185.0950123
XCME.WY5.30JUL25.112:75.C,INVALID,.0069999,112.7500000,C,0,,1876.8428542,1687.4571746
XCME.WY5.30JUL25.112:5.C,INVALID,.0069999,112.5000000,C,0,,1578.3337971,1411.3761126
