Key,BID,ASK,STRIKE,ITYPE,ADJTHEOR,IVBID,IVASK,IVAVERAGE
XCME.ZN.SEP25,111.3906250,111.4062500,INVALID,F,,,,
XCME.WY5.30JUL25.112.C,.0156250,.0312500,112,C,.0000622,1157.8074873,1394.7974230,1285.2195276
XCME.WY5.30JUL25.110:25.C,1.1406250,1.1562500,110.2500000,C,1.1449374,,1777.7460731,1646.9163019
XCME.WY5.30JUL25.110:75.C,.6406250,.6718750,110.7500000,C,.6450060,,1390.7661912,1199.3371345
