Key,BID,ASK,STRIKE,ITYPE,ADJTHEOR,IVBID,IVASK,IVAVERAGE
XCME.ZN.SEP25,111.3593750,111.3750000,INVALID,F,,,,
XCME.WY5.30JUL25.111.C,.4062500,.4375000,111,C,.3730692,1099.9433865,1413.6095459,1263.6051582
XCME.WY5.30JUL25.111:75.P,.4062500,.4375000,111.7500000,P,.3810711,1013.5211306,1348.6489357,1190.8750459
XCME.WY5.30JUL25.112:25.C,INVALID,.0156250,112.2500000,C,0,,1619.7554995,1408.2588521
XCME.WY5.30JUL25.110:5.P,INVALID,.0156250,110.5000000,P,.0000011,,1605.6879951,1394.4190437
