Key,BID,ASK,STRIKE,ITYPE,ADJTHEOR,IVBID,IVASK,IVAVERAGE
XCME.ZN.SEP25,111.3281250,111.3437500,INVALID,F,,,,
XCME.ZN1.01AUG25.111:5.P,.4218750,.4531250,111.5000000,P,.3589816,825.5757683,907.5914685,866.6301035
XCME.WY5.30JUL25.111:25.C,.2031250,.2343750,111.2500000,C,.1152312,1207.8795283,1435.4985756,1321.7932466
XCME.WY5.30JUL25.111:5.C,.0937500,.1093750,111.5000000,C,.0172171,1224.1366556,1346.6258103,1285.6271394
