Key,BID,ASK,STRIKE,ITYPE,ADJTHEOR,IVBID,IVASK,IVAVERAGE
XCME.ZN.SEP25,111.0625000,111.0781250,INVALID,F,,,,
XCME.WY5.30JUL25.111:25.C,.0312500,.0625000,111.2500000,C,.0102329,821.3330292,1144.9106708,988.6936827
XCME.WY5.30JUL25.111:5.C,.0069999,.0156250,111.5000000,C,.0001596,935.2595395,1133.6114614,1043.9267995
XCME.WY5.30JUL25.110.C,1.0468750,1.0781250,110,C,1.0616874,,,1791.5524578
XCME.WY5.30JUL25.112:5.P,1.4218750,1.4531250,112.5000000,P,1.4383125,,,
