Key,BID,ASK,STRIKE,ITYPE,ADJTHEOR,IVBID,IVASK,IVAVERAGE
XCME.ZN.SEP25,111.1250000,111.1406250,INVALID,F,,,,
XCME.WY5.30JUL25.111:5.P,.3593750,.3906250,111.5000000,P,.3596670,1100.2170412,1367.9801360,1242.7409901
XCME.WY5.30JUL25.111:25.P,.1562500,.1875000,111.2500000,P,.1288667,1020.3093696,1177.8301179,1099.4658171
XCME.WY5.30JUL25.113.P,1.8593750,1.8906250,113,P,1.8593750,982.3723497,,
XCME.WY5.30JUL25.112.P,.8593750,.8906250,112,P,.8593749,890.5429069,,
