Key,BID,ASK,STRIKE,ITYPE,ADJTHEOR,IVBID,IVASK,IVAVERAGE
XCME.ZN.SEP25,111.0625000,111.0781250,INVALID,F,,,,
XCME.ZN1.01AUG25.111:25.C,.2187500,.2343750,111.2500000,C,.1731502,824.5762401,866.5070874,845.5539745
XCME.ZN1.01AUG25.110:25.C,.8593750,.8906250,110.2500000,C,.8460491,779.9429750,851.5446764,816.6192602
XCME.ZN1.01AUG25.112:75.C,.0069999,.0156250,112.7500000,C,.0019841,874.5675584,1003.3430783,946.4074409
XCME.ZN1.01AUG25.111:75.C,.0781250,.0937500,111.7500000,C,.0421668,795.5870292,854.7250821,825.5504710
