Key,BID,ASK,STRIKE,ITYPE,ADJTHEOR,IVBID,IVASK,IVAVERAGE
XCME.ZN.SEP25,111.0468750,111.0625000,INVALID,F,,,,
XCME.ZN1.01AUG25.110.P,.0156250,.0312500,110,P,.0090045,685.8363278,805.0833231,750.4958884
XCME.ZN1.01AUG25.111:75.P,.7656250,.7812500,111.7500000,P,.7426715,746.9072062,870.4632438,810.6311365
XCME.ZN1.01AUG25.112:75.P,1.7031250,1.7187500,112.7500000,P,1.7058119,,1004.1142167,884.3760752
