Key,BID,ASK,STRIKE,ITYPE,ADJTHEOR,IVBID,IVASK,IVAVERAGE
XCME.ZN.SEP25,111.3437500,111.3593750,INVALID,F,,,,
XCME.WY5.30JUL25.112:25.P,.8906250,.9218750,112.2500000,P,.9027559,,912.9383245,
XCME.WY5.30JUL25.112.C,.0069999,.0312500,112,C,.0005639,780.4537110,1115.9329852,976.1662628
XCME.WY5.30JUL25.110:25.C,1.0937500,1.1250000,110.2500000,C,1.0972587,,1587.3234461,1402.2023948
XCME.WY5.30JUL25.110:75.C,.6093750,.6406250,110.7500000,C,.5987500,823.3475630,1167.5459946,1017.6925790
XCME.WY5.30JUL25.112:75.C,INVALID,.0069999,112.7500000,C,0,,1472.1360038,1325.5589572
