Key,BID,ASK,STRIKE,ITYPE,ADJTHEOR,IVBID,IVASK,IVAVERAGE
XCME.ZN.SEP25,111.2500000,111.2656250,INVALID,F,,,,
XCME.WY5.30JUL25.111:25.C,.1562500,.1875000,111.2500000,C,.0799279,1128.0265391,1362.2994182,1245.1671819
XCME.WY5.30JUL25.111:5.C,.0625000,.0781250,111.5000000,C,.0082329,1147.7976401,1286.9025857,1218.0315863
XCME.WY5.30JUL25.110.C,1.2500000,1.2656250,110,C,1.2613124,,1826.6177568,1382.7348925
XCME.WY5.30JUL25.112:5.P,1.2343750,1.2656250,112.5000000,P,1.2386874,,,
