Key,BID,ASK,STRIKE,ITYPE,ADJTHEOR,IVBID,IVASK,IVAVERAGE
XCME.ZN.SEP25,111.3281250,111.3437500,INVALID,F,,,,
XCME.WY5.30JUL25.112:75.C,INVALID,.0069999,112.7500000,C,0,,,1918.0814172
XCME.WY5.30JUL25.112:5.C,INVALID,.0069999,112.5000000,C,0,,1812.1401143,1627.4823173
XCME.WY5.30JUL25.111.P,.0468750,.0625000,111,P,.0031941,1184.6830030,1339.0733572,1263.2801056
