Key,BID,ASK,STRIKE,ITYPE,ADJTHEOR,IVBID,IVASK,IVAVERAGE
XCME.ZN.SEP25,111.3593750,111.3750000,INVALID,F,,,,
XCME.ZN1.01AUG25.110:25.C,1.1406250,1.1718750,110.2500000,C,1.1319258,698.2009993,889.4204608,804.3053977
XCME.ZN1.01AUG25.112:75.C,.0156250,.0312500,112.7500000,C,.0067737,788.8217581,915.7563048,857.8922291
XCME.ZN1.01AUG25.111:75.C,.1718750,.1875000,111.7500000,C,.1223913,788.6885467,830.4222553,809.6106439
XCME.ZN1.01AUG25.110:5.C,.9218750,.9531250,110.5000000,C,.8969471,744.7426782,874.1140537,812.2014533
XCME.ZN1.01AUG25.110:75.C,.7187500,.7500000,110.7500000,C,.6804607,761.1189786,860.2188436,811.4971367
