Key,BID,ASK,STRIKE,ITYPE,ADJTHEOR,IVBID,IVASK,IVAVERAGE
XCME.ZN.SEP25,111.3750000,111.3906250,INVALID,F,,,,
XCME.WY5.30JUL25.110:5.P,INVALID,.0156250,110.5000000,P,.00,,1518.6637735,1320.5545088
XCME.WY5.30JUL25.110:5.C,.8750000,.9062500,110.5000000,C,.8828127,,1668.6310782,1428.7851734
XCME.WY5.30JUL25.111:75.C,.0312500,.0625000,111.7500000,C,.0030246,975.6402482,1276.0429009,1133.3102865
