Key,BID,ASK,STRIKE,ITYPE,ADJTHEOR,IVBID,IVASK,IVAVERAGE
XCME.ZN.SEP25,111.3281250,111.3437500,INVALID,F,,,,
XCME.ZN1.01AUG25.110:5.P,.0625000,.0781250,110.5000000,P,.0230139,823.0911018,889.2085012,856.7677182
XCME.ZN1.01AUG25.112:25.C,.0468750,.0781250,112.2500000,C,.0195278,804.9538099,948.0603410,879.8487147
XCME.ZN1.01AUG25.112.P,.7656250,.7812500,112,P,.7141234,845.8002600,900.4431052,873.3780075
