Key,BID,ASK,STRIKE,ITYPE,ADJTHEOR,IVBID,IVASK,IVAVERAGE
XCME.ZN.SEP25,111.0625000,111.0781250,INVALID,F,,,,
XCME.WY5.30JUL25.112:25.P,1.1718750,1.2031250,112.2500000,P,1.1831875,,,
XCME.WY5.30JUL25.112.C,INVALID,.0069999,112,C,0,,1873.7384104,1675.8438059
XCME.WY5.30JUL25.110:25.C,.8125000,.8281250,110.2500000,C,.8168121,,1825.8085209,1677.1937871
