Key,BID,ASK,STRIKE,ITYPE,ADJTHEOR,IVBID,IVASK,IVAVERAGE
XCME.ZN.SEP25,111.1406250,111.1562500,INVALID,F,,,,
XCME.ZN1.01AUG25.111:25.C,.2500000,.2812500,111.2500000,C,.2065226,773.6952032,855.1125078,814.4218637
XCME.ZN1.01AUG25.110:25.C,.9218750,.9531250,110.2500000,C,.9124503,681.7869244,849.2182770,772.1117089
XCME.ZN1.01AUG25.112:75.C,.0069999,.0156250,112.7500000,C,.0025541,830.2859638,954.2164794,899.4954424
XCME.ZN1.01AUG25.111:75.C,.0937500,.1093750,111.7500000,C,.0554806,789.1722406,843.2008066,816.4440988
