Key,BID,ASK,STRIKE,ITYPE,ADJTHEOR,IVBID,IVASK,IVAVERAGE
XCME.ZN.SEP25,111.3437500,111.3593750,INVALID,F,,,,
XCME.ZN1.01AUG25.111:5.P,.4218750,.4375000,111.5000000,P,.3537294,835.6886194,875.8665867,855.7870680
XCME.WY5.30JUL25.111:25.C,.2187500,.2343750,111.2500000,C,.1342968,1118.0775878,1219.8706237,1169.0102935
XCME.WY5.30JUL25.111:5.C,.1093750,.1250000,111.5000000,C,.0268350,1159.7665487,1266.3764989,1213.2176959
