Key,BID,ASK,STRIKE,ITYPE,ADJTHEOR,IVBID,IVASK,IVAVERAGE
XCME.ZN.SEP25,111.1718750,111.1875000,INVALID,F,,,,
XCME.ZN1.01AUG25.112:5.C,.0156250,.0312500,112.5000000,C,.0045665,834.4556350,969.3762252,907.9170208
XCME.ZN1.01AUG25.112:25.P,1.0937500,1.1250000,112.2500000,P,1.1149384,,747.3522882,626.7674358
XCME.ZN1.01AUG25.111:5.C,.1718750,.1875000,111.5000000,C,.1138183,824.1850033,868.6100012,846.4512849
