Key,BID,ASK,STRIKE,ITYPE,ADJTHEOR,IVBID,IVASK,IVAVERAGE
XCME.ZN.SEP25,111.3437500,111.3593750,INVALID,F,,,,
XCME.ZN1.01AUG25.111.P,.1718750,.2031250,111,P,.1160147,799.9448432,884.6118124,842.4790533
XCME.ZN1.01AUG25.113.C,.0069999,.0156250,113,C,.0034872,802.6613671,921.9788478,869.2422965
XCME.ZN1.01AUG25.112.C,.0937500,.1250000,112,C,.0588419,770.0232669,872.4312214,822.1310860
