Key,BID,ASK,STRIKE,ITYPE,ADJTHEOR,IVBID,IVASK,IVAVERAGE
XCME.ZN.SEP25,111.3750000,111.3906250,INVALID,F,,,,
XCME.WY5.30JUL25.112:75.P,1.3593750,1.3750000,112.7500000,P,1.3671974,,1445.8658137,1258.0053855
XCME.WY5.30JUL25.110:75.P,.0156250,.0312500,110.7500000,P,.0047689,726.7771294,874.2763100,806.1326968
XCME.WY5.30JUL25.110:25.P,INVALID,.0069999,110.2500000,P,.0001442,,984.4593222,882.1662137
XCME.WY5.30JUL25.113.C,INVALID,.0069999,113,C,.0000035,,1324.4179508,1196.0190201
XCME.WY5.30JUL25.110.P,INVALID,.0069999,110,P,.0000413,,1162.0439320,1046.1888001
