Key,BID,ASK,STRIKE,ITYPE,ADJTHEOR,IVBID,IVASK,IVAVERAGE
XCME.ZN.SEP25,111.1250000,111.1406250,INVALID,F,,,,
XCME.ZN1.01AUG25.112:5.C,.0069999,.0156250,112.5000000,C,.0038523,742.4750871,857.4939923,806.5728054
XCME.ZN1.01AUG25.112:25.P,1.1250000,1.1562500,112.2500000,P,1.1256689,639.8836705,904.9756528,797.6239284
XCME.ZN1.01AUG25.111:5.C,.1406250,.1718750,111.5000000,C,.1060178,759.6099493,852.2145429,806.2212625
