Key,BID,ASK,STRIKE,ITYPE,ADJTHEOR,IVBID,IVASK,IVAVERAGE
XCME.ZN.SEP25,111.0937500,111.1093750,INVALID,F,,,,
XCME.ZN1.01AUG25.112:5.C,.0069999,.0156250,112.5000000,C,.0035050,757.4668508,873.9465175,822.4091761
XCME.ZN1.01AUG25.112:25.P,1.1562500,1.1875000,112.2500000,P,1.1525133,700.6155526,945.3869976,842.0305544
XCME.ZN1.01AUG25.111:5.C,.1406250,.1562500,111.5000000,C,.0976484,786.9503382,834.1676564,810.6478638
