Key,BID,ASK,STRIKE,ITYPE,ADJTHEOR,IVBID,IVASK,IVAVERAGE
XCME.ZN.SEP25,111.0312500,111.0468750,INVALID,F,,,,
XCME.WY5.30JUL25.111.C,.0312500,.0625000,111,C,,,328.7783146,
XCME.WY5.30JUL25.111:75.P,.7031250,.7500000,111.7500000,P,,,,
XCME.WY5.30JUL25.112:25.C,INVALID,.0069999,112.2500000,C,,,,
XCME.WY5.30JUL25.110:5.P,INVALID,.0069999,110.5000000,P,,,,
