Key,BID,ASK,STRIKE,ITYPE,ADJTHEOR,IVBID,IVASK,IVAVERAGE
XCME.ZN.SEP25,111.3281250,111.3437500,INVALID,F,,,,
XCME.ZN1.01AUG25.111.C,.5312500,.5468750,111,C,.4666834,826.3143887,869.1094168,847.7578907
XCME.ZN1.01AUG25.113.P,1.6562500,1.6718750,113,P,1.6547398,771.4880924,998.1554724,908.8816856
XCME.ZN1.01AUG25.110.C,1.3593750,1.3750000,110,C,1.3519010,759.1446482,906.5551857,841.3463686
