Key,BID,ASK,STRIKE,ITYPE,ADJTHEOR,IVBID,IVASK,IVAVERAGE
XCME.ZN.SEP25,111.2968750,111.3125000,INVALID,F,,,,
XCME.ZN1.01AUG25.110:75.P,.1093750,.1250000,110.7500000,P,.0635600,786.9599059,836.6750457,812.0007936
XCME.ZN1.01AUG25.110:25.P,.0312500,.0468750,110.2500000,P,.0104577,780.4285398,870.0106544,827.2358211
XCME.ZN1.01AUG25.110.P,.0156250,.0312500,110,P,.0042957,786.6134411,914.9866164,856.5023233
XCME.ZN1.01AUG25.111:75.P,.5937500,.6093750,111.7500000,P,.5323364,831.3832929,875.7850995,853.6576699
