Key,BID,ASK,STRIKE,ITYPE,ADJTHEOR,IVBID,IVASK,IVAVERAGE
XCME.ZN.SEP25,111.3437500,111.3593750,INVALID,F,,,,
XCME.WY5.30JUL25.111:25.P,.1093750,.1406250,111.2500000,P,.0573327,860.1697045,1037.3348640,948.9988450
XCME.WY5.30JUL25.113.P,1.6406250,1.6562500,113,P,1.6449374,,1956.2247412,1822.2722393
XCME.WY5.30JUL25.112.P,.6406250,.6718750,112,P,.6452597,,1138.9576863,982.1769581
