Key,BID,ASK,STRIKE,ITYPE,ADJTHEOR,IVBID,IVASK,IVAVERAGE
XCME.ZN.SEP25,111.1093750,111.1250000,INVALID,F,,,,
XCME.WY5.30JUL25.111.C,.1718750,.1875000,111,C,.1388498,935.8536864,1098.3491607,1017.7569147
XCME.WY5.30JUL25.111:75.P,.6093750,.6406250,111.7500000,P,.6285001,,1562.7638141,1436.9726824
XCME.WY5.30JUL25.112:25.C,INVALID,.0069999,112.2500000,C,0,,,
