Key,BID,ASK,STRIKE,ITYPE,ADJTHEOR,IVBID,IVASK,IVAVERAGE
XCME.ZN.SEP25,111.3125000,111.3281250,INVALID,F,,,,
XCME.ZN1.01AUG25.112:75.P,1.4218750,1.4687500,112.7500000,P,1.4258996,861.7106352,1103.9327890,998.8741528
XCME.ZN1.01AUG25.110:5.P,.0625000,.0781250,110.5000000,P,.0235375,819.8389559,885.8665365,853.4952664
XCME.ZN1.01AUG25.112:25.C,.0468750,.0781250,112.2500000,C,.0192499,807.6102506,950.9743264,882.6592273
XCME.ZN1.01AUG25.112.P,.7656250,.7968750,112,P,.7178430,833.1255245,941.8614834,888.4903242
