Key,BID,ASK,STRIKE,ITYPE,ADJTHEOR,IVBID,IVASK,IVAVERAGE
XCME.ZN.SEP25,111.3750000,111.3906250,INVALID,F,,,,
XCME.WY5.30JUL25.112:25.P,.8593750,.8906250,112.2500000,P,.8706873,,1698.0232853,1407.9743158
XCME.WY5.30JUL25.112.C,.0069999,.0156250,112,C,.0000271,1041.1588643,1240.2264644,1150.8237042
XCME.WY5.30JUL25.110:25.C,1.1250000,1.1406250,110.2500000,C,1.1293124,,,1959.7604486
