Key,BID,ASK,STRIKE,ITYPE,ADJTHEOR,IVBID,IVASK,IVAVERAGE
XCME.ZN.SEP25,111.0625000,111.0781250,INVALID,F,,,,
XCME.ZN1.01AUG25.111.C,.3281250,.3437500,111,C,.2867284,768.8062364,810.4721295,789.6418665
XCME.ZN1.01AUG25.113.P,1.9218750,1.9531250,113,P,1.9273722,,1264.5963225,1132.4135530
XCME.ZN1.01AUG25.110.C,1.0781250,1.1093750,110,C,1.0812107,563.6083367,748.9900241,674.8511597
