Key,BID,ASK,STRIKE,ITYPE,ADJTHEOR,IVBID,IVASK,IVAVERAGE
XCME.ZN.SEP25,111.2343750,111.2500000,INVALID,F,,,,
XCME.WY5.30JUL25.111:5.P,.3125000,.3437500,111.5000000,P,.2611201,1145.5219157,1424.9918521,1287.9377079
XCME.WY5.30JUL25.111:25.P,.1562500,.1718750,111.2500000,P,.0762658,1154.6827180,1271.7841539,1213.2337170
XCME.WY5.30JUL25.113.P,1.7343750,1.7656250,113,P,1.7543125,,,
XCME.WY5.30JUL25.112.P,.7500000,.7812500,112,P,.7543098,,1734.2998080,1502.7644463
