Key,BID,ASK,STRIKE,ITYPE,ADJTHEOR,IVBID,IVASK,IVAVERAGE
XCME.ZN.SEP25,111.3125000,111.3281250,INVALID,F,,,,
XCME.WY5.30JUL25.111:5.P,.2656250,.2968750,111.5000000,P,.2004287,1018.0573961,1224.2229132,1121.8144640
XCME.WY5.30JUL25.111:25.P,.1250000,.1562500,111.2500000,P,.0568835,989.5349893,1184.5616862,1087.1851620
XCME.WY5.30JUL25.113.P,1.6718750,1.7031250,113,P,1.6718749,639.1040951,,
XCME.WY5.30JUL25.112.P,.6875000,.7187500,112,P,.6719370,1134.6087213,1545.1101287,1362.9039057
