Key,BID,ASK,STRIKE,ITYPE,ADJTHEOR,IVBID,IVASK,IVAVERAGE
XCME.ZN.SEP25,111.1250000,111.1406250,INVALID,F,,,,
XCME.WY5.30JUL25.112:75.P,1.6093750,1.6250000,112.7500000,P,1.6206875,,,
XCME.WY5.30JUL25.110:25.P,INVALID,.0069999,110.2500000,P,0,,1828.8436633,1626.9129544
XCME.WY5.30JUL25.110:75.P,.0069999,.0156250,110.7500000,P,.0002566,938.6226967,1145.8155736,1051.7992054
