Key,BID,ASK,STRIKE,ITYPE,ADJTHEOR,IVBID,IVASK,IVAVERAGE
XCME.ZN.SEP25,111.3125000,111.3281250,INVALID,F,,,,
XCME.WY5.30JUL25.111:25.C,.2031250,.2187500,111.2500000,C,.1344628,945.8356055,1033.6019771,989.7379524
XCME.WY5.30JUL25.111:5.C,.0937500,.1093750,111.5000000,C,.0320660,953.5329629,1048.3009994,1001.1108181
XCME.WY5.30JUL25.110.C,1.3125000,1.3281250,110,C,1.3124991,663.4757083,,1828.6966017
XCME.WY5.30JUL25.112:5.P,1.1718750,1.2031250,112.5000000,P,1.1874993,,,
