Key,BID,ASK,STRIKE,ITYPE,ADJTHEOR,IVBID,IVASK,IVAVERAGE
XCME.ZN.SEP25,111.0625000,111.0781250,INVALID,F,,,,
XCME.WY5.30JUL25.110:75.P,.0156250,.0312500,110.7500000,P,.0017922,904.3588517,1133.3496389,1025.9754395
XCME.WY5.30JUL25.110.P,INVALID,.0069999,110,P,0,,1923.3721419,1721.6071255
XCME.WY5.30JUL25.113.C,INVALID,.0069999,113,C,0,,,
