Key,BID,ASK,STRIKE,ITYPE,ADJTHEOR,IVBID,IVASK,IVAVERAGE
XCME.ZN.SEP25,111.3281250,111.3437500,INVALID,F,,,,
XCME.ZN1.01AUG25.110.C,1.3437500,1.3750000,110,C,1.3593398,,835.0753484,706.0475936
XCME.ZN1.01AUG25.111:25.P,.2812500,.3125000,111.2500000,P,.2173227,816.5011248,894.1229339,855.3249454
XCME.ZN1.01AUG25.112:5.P,1.1718750,1.2031250,112.5000000,P,1.1561773,784.2603119,961.9434181,880.5671427
