Key,BID,ASK,STRIKE,ITYPE,ADJTHEOR,IVBID,IVASK,IVAVERAGE
XCME.ZN.SEP25,111.3125000,111.3281250,INVALID,F,,,,
XCME.ZN1.01AUG25.112:5.C,.0312500,.0468750,112.5000000,C,.0094846,840.9308796,934.3924057,889.7960405
XCME.ZN1.01AUG25.112:25.P,.9687500,1,112.2500000,P,.9475792,766.0759245,909.6652118,841.5798531
XCME.ZN1.01AUG25.111:5.C,.2500000,.2656250,111.5000000,C,.1849446,826.2946170,866.1929420,846.2537613
