Key,BID,ASK,STRIKE,ITYPE,ADJTHEOR,IVBID,IVASK,IVAVERAGE
XCME.ZN.SEP25,111.0468750,111.0625000,INVALID,F,,,,
XCME.WY5.30JUL25.110.C,1.0468750,1.0625000,110,C,1.0511873,,,1914.4255309
XCME.WY5.30JUL25.112:5.P,1.4375000,1.4687500,112.5000000,P,1.4488125,,,
XCME.WY5.30JUL25.111:5.P,.4375000,.4687500,111.5000000,P,.4489409,,1233.3835490,986.7804733
