Key,BID,ASK,STRIKE,ITYPE,ADJTHEOR,IVBID,IVASK,IVAVERAGE
XCME.ZN.SEP25,111.0781250,111.0937500,INVALID,F,,,,
XCME.ZN1.01AUG25.111:25.C,.2187500,.2500000,111.2500000,C,.1754338,776.9238169,861.1563309,819.0901763
XCME.ZN1.01AUG25.110:25.C,.8750000,.9062500,110.2500000,C,.8534021,746.4152863,823.1351137,785.9328842
XCME.ZN1.01AUG25.112:75.C,.0069999,.0156250,112.7500000,C,.0019040,875.1275490,1004.2249354,947.1424725
XCME.ZN1.01AUG25.111:75.C,.0781250,.0937500,111.7500000,C,.0428122,793.0625610,852.2903334,823.0584772
