Key,BID,ASK,STRIKE,ITYPE,ADJTHEOR,IVBID,IVASK,IVAVERAGE
XCME.ZN.SEP25,111.3437500,111.3593750,INVALID,F,,,,
XCME.WY5.30JUL25.112:5.P,1.1250000,1.1562500,112.5000000,P,1.1406268,,1324.0886980,1250.4558533
XCME.WY5.30JUL25.111:5.P,.2500000,.2656250,111.5000000,P,.2004216,803.1691162,880.4776047,841.9106668
XCME.WY5.30JUL25.111:25.P,.1250000,.1406250,111.2500000,P,.0716402,820.6354703,896.3659772,858.5487955
XCME.WY5.30JUL25.113.P,1.6250000,1.6562500,113,P,1.6406249,,1771.7087077,1681.2685660
XCME.WY5.30JUL25.112.P,.6406250,.6718750,112,P,.6418930,249.5349682,1012.3985157,889.7021348
