Key,BID,ASK,STRIKE,ITYPE,ADJTHEOR,IVBID,IVASK,IVAVERAGE
XCME.ZN.SEP25,111.3437500,111.3593750,INVALID,F,,,,
XCME.WY5.30JUL25.110.C,1.3437500,1.3750000,110,C,1.3480626,,1641.6906010,1524.3998535
XCME.WY5.30JUL25.112:5.P,1.1406250,1.1718750,112.5000000,P,1.1519371,,1623.6626451,1364.8614864
XCME.WY5.30JUL25.111:5.P,.2500000,.2656250,111.5000000,P,.1947738,886.3326836,1066.4525305,976.8705094
