Key,BID,ASK,STRIKE,ITYPE,ADJTHEOR,IVBID,IVASK,IVAVERAGE
XCME.ZN.SEP25,111.3437500,111.3593750,INVALID,F,,,,
XCME.WY5.30JUL25.112:75.C,INVALID,.0069999,112.7500000,C,0,,1648.0076282,1483.7439783
XCME.WY5.30JUL25.112:5.C,INVALID,.0069999,112.5000000,C,0,,1398.3233182,1254.2358834
XCME.WY5.30JUL25.111.P,.0468750,.0625000,111,P,.0078266,968.8250761,1092.0882145,1031.6184677
