Key,BID,ASK,STRIKE,ITYPE,ADJTHEOR,IVBID,IVASK,IVAVERAGE
XCME.ZN.SEP25,111.0312500,111.0468750,INVALID,F,,,,
XCME.WY5.30JUL25.110:5.P,INVALID,.0156250,110.5000000,P,.0000184,,1325.3116854,1132.5012960
XCME.WY5.30JUL25.110:5.C,.5312500,.5625000,110.5000000,C,.5582059,,1010.3918854,726.9323979
XCME.WY5.30JUL25.111:75.C,INVALID,.0069999,111.7500000,C,.00000,,1312.3945259,1160.4430200
