Key,BID,ASK,STRIKE,ITYPE,ADJTHEOR,IVBID,IVASK,IVAVERAGE
XCME.ZN.SEP25,111.3593750,111.3750000,INVALID,F,,,,
XCME.ZN1.01AUG25.110.P,.0069999,.0156250,110,P,.0045091,683.8056234,790.1395536,743.0862998
XCME.ZN1.01AUG25.111:75.P,.5468750,.5781250,111.7500000,P,.5040195,773.0816180,857.8853094,815.7177888
XCME.ZN1.01AUG25.112:75.P,1.3906250,1.4218750,112.7500000,P,1.3924669,643.6365835,958.8186343,841.5512119
