Key,BID,ASK,STRIKE,ITYPE,ADJTHEOR,IVBID,IVASK,IVAVERAGE
XCME.ZN.SEP25,111.1250000,111.1406250,INVALID,F,,,,
XCME.ZN1.01AUG25.110:5.C,.7031250,.7343750,110.5000000,C,.6856408,700.3208218,818.7370413,761.2879399
XCME.ZN1.01AUG25.110:75.C,.5312500,.5468750,110.7500000,C,.4906586,766.0072981,857.5364234,812.0909262
XCME.ZN1.01AUG25.111.P,.2343750,.2656250,111,P,.1893207,775.1561115,857.3342391,816.2778607
XCME.ZN1.01AUG25.113.C,INVALID,.0156250,113,C,.0016513,,1078.1313051,958.7983870
