Key,BID,ASK,STRIKE,ITYPE,ADJTHEOR,IVBID,IVASK,IVAVERAGE
XCME.ZN.SEP25,111.3437500,111.3593750,INVALID,F,,,,
XCME.ZN1.01AUG25.111:5.C,.2656250,.2812500,111.5000000,C,.1925729,847.7179737,887.7395954,867.7357854
XCME.ZN1.01AUG25.111.C,.5312500,.5468750,111,C,.4661919,828.1562707,871.0466704,849.6475649
XCME.ZN1.01AUG25.113.P,1.6562500,1.6718750,113,P,1.6546912,773.1748470,1000.3681765,910.8878823
