Key,BID,ASK,STRIKE,ITYPE,ADJTHEOR,IVBID,IVASK,IVAVERAGE
XCME.ZN.SEP25,111.3593750,111.3750000,INVALID,F,,,,
XCME.WY5.30JUL25.112.C,.0069999,.0312500,112,C,.0001604,891.7117651,1277.4507155,1116.5688744
XCME.WY5.30JUL25.110:25.C,1.0937500,1.1250000,110.2500000,C,1.1171879,,1447.6873672,1293.1304304
XCME.WY5.30JUL25.110:75.C,.6093750,.6406250,110.7500000,C,.6175346,,1159.4287167,977.0994866
