Key,BID,ASK,STRIKE,ITYPE,ADJTHEOR,IVBID,IVASK,IVAVERAGE
XCME.ZN.SEP25,111.0156250,111.0312500,INVALID,F,,,,
XCME.ZN1.01AUG25.111:25.C,.1875000,.2031250,111.2500000,C,.1426136,788.5537947,833.4353904,811.0243311
XCME.ZN1.01AUG25.110:25.C,.8125000,.8281250,110.2500000,C,.7932028,733.1471055,810.6483457,773.0383226
XCME.ZN1.01AUG25.112:75.C,INVALID,.0156250,112.7500000,C,.0012201,,1075.1305359,954.1633432
XCME.ZN1.01AUG25.111:75.C,.0468750,.0625000,111.7500000,C,.0300448,731.6864538,805.0379642,769.2990745
