Key,BID,ASK,STRIKE,ITYPE,ADJTHEOR,IVBID,IVASK,IVAVERAGE
XCME.ZN.SEP25,111.3593750,111.3750000,INVALID,F,,,,
XCME.ZN1.01AUG25.112:75.P,1.3906250,1.4218750,112.7500000,P,1.3891385,703.4942407,977.2465303,867.3372388
XCME.ZN1.01AUG25.110:5.P,.0468750,.0781250,110.5000000,P,.0249651,732.2384314,865.1961263,801.7651021
XCME.ZN1.01AUG25.112:25.C,.0468750,.0781250,112.2500000,C,.0275541,741.7079723,875.4174904,811.6731322
XCME.ZN1.01AUG25.112.P,.7187500,.7656250,112,P,.6930888,789.1303073,839.6986686,814.6414600
