Key,BID,ASK,STRIKE,ITYPE,ADJTHEOR,IVBID,IVASK,IVAVERAGE
XCME.ZN.SEP25,111.1093750,111.1250000,INVALID,F,,,,
XCME.ZN1.01AUG25.110:75.P,.1406250,.1718750,110.7500000,P,.1068448,791.8399253,837.4163773,814.6952750
XCME.ZN1.01AUG25.110:25.P,.0312500,.0468750,110.2500000,P,.0191287,696.6887536,782.4943479,741.4208443
XCME.ZN1.01AUG25.110.P,.0156250,.0312500,110,P,.0069655,719.6291537,843.1768514,786.7216966
XCME.ZN1.01AUG25.111:75.P,.7031250,.7343750,111.7500000,P,.6908586,760.1280246,875.7101485,819.3124498
