Key,BID,ASK,STRIKE,ITYPE,ADJTHEOR,IVBID,IVASK,IVAVERAGE
XCME.ZN.SEP25,111.0468750,111.0625000,INVALID,F,,,,
XCME.ZN1.01AUG25.110:5.C,.6406250,.6718750,110.5000000,C,.6171171,719.0590730,826.7981514,773.9885137
XCME.ZN1.01AUG25.110:75.C,.4687500,.5000000,110.7500000,C,.4326450,751.4072068,839.5531443,795.6781820
XCME.ZN1.01AUG25.111.P,.2812500,.2968750,111,P,.2252181,804.9705558,845.7216662,825.3474622
XCME.ZN1.01AUG25.113.C,INVALID,.0156250,113,C,.0013871,,1122.6909138,999.3083066
