Key,BID,ASK,STRIKE,ITYPE,ADJTHEOR,IVBID,IVASK,IVAVERAGE
XCME.ZN.SEP25,111.1875000,111.2031250,INVALID,F,,,,
XCME.WY5.30JUL25.110:75.P,.0069999,.0156250,110.7500000,P,.0004880,865.7396298,1051.0752240,967.2675566
XCME.WY5.30JUL25.110.P,INVALID,.0069999,110,P,0,,1956.9891419,1756.5358106
XCME.WY5.30JUL25.113.C,INVALID,.0069999,113,C,0,,,
