Key,BID,ASK,STRIKE,ITYPE,ADJTHEOR,IVBID,IVASK,IVAVERAGE
XCME.ZN.SEP25,111.4218750,111.4375000,INVALID,F,,,,
XCME.ZN1.01AUG25.111:75.C,.2031250,.2187500,111.7500000,C,.1288364,862.9132328,905.5251343,884.2539869
XCME.ZN1.01AUG25.110:5.C,.9687500,1,110.5000000,C,.9489895,748.0042166,902.9742285,830.2348123
XCME.ZN1.01AUG25.110:75.C,.7656250,.7812500,110.7500000,C,.7244825,793.8840235,905.5505712,850.9431889
