Key,BID,ASK,STRIKE,ITYPE,ADJTHEOR,IVBID,IVASK,IVAVERAGE
XCME.ZN.SEP25,111.3281250,111.3437500,INVALID,F,,,,
XCME.WY5.30JUL25.110.P,INVALID,.0069999,110,P,0,,1614.6739537,1452.0708981
XCME.WY5.30JUL25.113.C,INVALID,.0069999,113,C,0,,1926.0919003,1740.8831861
XCME.WY5.30JUL25.112:25.P,.8906250,.9218750,112.2500000,P,.9062471,,1369.0105005,1060.8205118
