Key,BID,ASK,STRIKE,ITYPE,ADJTHEOR,IVBID,IVASK,IVAVERAGE
XCME.ZN.SEP25,111.3593750,111.3750000,INVALID,F,,,,
XCME.ZN1.01AUG25.112:75.P,1.3906250,1.4218750,112.7500000,P,1.3923875,644.9671573,960.8295778,843.3245762
XCME.ZN1.01AUG25.110:5.P,.0468750,.0625000,110.5000000,P,.0248433,733.3363219,803.0507227,769.1444503
XCME.ZN1.01AUG25.112:25.C,.0468750,.0781250,112.2500000,C,.0267840,746.9821267,881.4563019,817.3480920
XCME.ZN1.01AUG25.112.P,.7187500,.7500000,112,P,.6952804,729.9293417,834.6776965,783.4087531
