Key,BID,ASK,STRIKE,ITYPE,ADJTHEOR,IVBID,IVASK,IVAVERAGE
XCME.ZN.SEP25,111.0781250,111.0937500,INVALID,F,,,,
XCME.ZN1.01AUG25.111.P,.2656250,.2812500,111,P,.2097355,804.1166909,844.9398392,824.5317029
XCME.ZN1.01AUG25.113.C,INVALID,.0156250,113,C,.0014936,,1103.7258849,982.0266664
XCME.ZN1.01AUG25.112.C,.0312500,.0468750,112,C,.0194538,719.7519224,806.2018802,764.8278502
