Key,BID,ASK,STRIKE,ITYPE,ADJTHEOR,IVBID,IVASK,IVAVERAGE
XCME.ZN.SEP25,111.3750000,111.3906250,INVALID,F,,,,
XCME.ZN1.01AUG25.110:5.C,.9218750,.9531250,110.5000000,C,.9029195,638.2651390,807.6945860,730.4393299
XCME.ZN1.01AUG25.110:75.C,.7187500,.7500000,110.7500000,C,.6827304,707.4297673,819.6192986,764.9659360
XCME.ZN1.01AUG25.111.P,.1718750,.1875000,111,P,.1072870,829.9246255,873.7066623,851.8736251
XCME.ZN1.01AUG25.113.C,.0069999,.0312500,113,C,.0029367,817.6713944,1084.5263258,977.2459946
