Key,BID,ASK,STRIKE,ITYPE,ADJTHEOR,IVBID,IVASK,IVAVERAGE
XCME.ZN.SEP25,111.3750000,111.3906250,INVALID,F,,,,
XCME.WY5.30JUL25.112:75.C,INVALID,.0069999,112.7500000,C,0,,,1783.1560892
XCME.WY5.30JUL25.112:5.C,INVALID,.0069999,112.5000000,C,0,,1674.4880471,1499.2125341
XCME.WY5.30JUL25.111.P,.0312500,.0468750,111,P,.0020065,1077.5607947,1249.1768569,1166.1383372
