Key,BID,ASK,STRIKE,ITYPE,ADJTHEOR,IVBID,IVASK,IVAVERAGE
XCME.ZN.SEP25,111.0625000,111.0781250,INVALID,F,,,,
XCME.WY5.30JUL25.110.C,1.0625000,1.0937500,110,C,1.0703122,,,
XCME.WY5.30JUL25.112:5.P,1.4218750,1.4375000,112.5000000,P,1.4296875,,,
XCME.WY5.30JUL25.111:5.P,.4218750,.4531250,111.5000000,P,.4299833,,1194.8893637,988.3818436
