Key,BID,ASK,STRIKE,ITYPE,ADJTHEOR,IVBID,IVASK,IVAVERAGE
XCME.ZN.SEP25,111.3281250,111.3437500,INVALID,F,,,,
XCME.ZN1.01AUG25.111.P,.1875000,.2031250,111,P,.1271661,809.7849571,851.3415815,830.6049087
XCME.ZN1.01AUG25.113.C,.0069999,.0156250,113,C,.0033802,812.9566352,932.8061014,879.8883698
XCME.ZN1.01AUG25.112.C,.0937500,.1093750,112,C,.0544784,788.1971154,840.8225286,814.7778092
