Key,BID,ASK,STRIKE,ITYPE,ADJTHEOR,IVBID,IVASK,IVAVERAGE
XCME.ZN.SEP25,111.3593750,111.3750000,INVALID,F,,,,
XCME.ZN1.01AUG25.111:25.P,.2656250,.2968750,111.2500000,P,.2121860,829.7678113,868.8066142,849.2911572
XCME.ZN1.01AUG25.112:5.P,1.1562500,1.1875000,112.5000000,P,1.1475702,730.9242930,1002.0627237,883.9933705
XCME.ZN1.01AUG25.111:5.P,.4062500,.4218750,111.5000000,P,.3400952,826.4093970,865.6021788,846.0114767
