Key,BID,ASK,STRIKE,ITYPE,ADJTHEOR,IVBID,IVASK,IVAVERAGE
XCME.ZN.SEP25,111.3125000,111.3281250,INVALID,F,,,,
XCME.ZN1.01AUG25.111:75.C,.1562500,.1718750,111.7500000,C,.0939798,841.9028298,932.6820129,887.5815417
XCME.ZN1.01AUG25.110:5.C,.8750000,.9062500,110.5000000,C,.8415605,858.3100417,920.6547139,889.9717742
XCME.ZN1.01AUG25.110:75.C,.6718750,.7031250,110.7500000,C,.6260574,845.3373424,944.1833510,895.3360475
