Key,BID,ASK,STRIKE,ITYPE,ADJTHEOR,IVBID,IVASK,IVAVERAGE
XCME.ZN.SEP25,111.0781250,111.0937500,INVALID,F,,,,
XCME.WY5.30JUL25.111:5.P,.4062500,.4375000,111.5000000,P,.4332370,,941.7388435,662.6015608
XCME.WY5.30JUL25.111:25.P,.2031250,.2343750,111.2500000,P,.1905680,756.2766255,1141.5271629,959.3891683
XCME.WY5.30JUL25.113.P,1.9218750,1.9375000,113,P,1.9331875,,,
XCME.WY5.30JUL25.112.P,.9218750,.9375000,112,P,.9331874,,1782.3263960,1345.7466655
