Key,BID,ASK,STRIKE,ITYPE,ADJTHEOR,IVBID,IVASK,IVAVERAGE
XCME.ZN.SEP25,111.3437500,111.3593750,INVALID,F,,,,
XCME.WY5.30JUL25.110:5.C,.8593750,.8906250,110.5000000,C,.8672089,,1146.6857000,1017.0153890
XCME.WY5.30JUL25.111:75.C,.0312500,.0468750,111.7500000,C,.0048921,884.2065558,1152.8093862,1025.3227080
XCME.WY5.30JUL25.112:75.P,1.3750000,1.4062500,112.7500000,P,1.3828124,,,
XCME.WY5.30JUL25.110:25.P,INVALID,.0069999,110.2500000,P,.0000007,,1384.9665947,1240.1597216
