Key,BID,ASK,STRIKE,ITYPE,ADJTHEOR,IVBID,IVASK,IVAVERAGE
XCME.ZN.SEP25,111.3437500,111.3593750,INVALID,F,,,,
XCME.WY5.30JUL25.112:75.C,INVALID,.0069999,112.7500000,C,0,,1716.7574543,1546.6344199
XCME.WY5.30JUL25.112:5.C,INVALID,.0069999,112.5000000,C,0,,1461.6958910,1312.1728554
XCME.WY5.30JUL25.111.P,.0468750,.0625000,111,P,.0090872,946.7937587,1070.6268544,1009.8307727
