Key,BID,ASK,STRIKE,ITYPE,ADJTHEOR,IVBID,IVASK,IVAVERAGE
XCME.ZN.SEP25,111.1250000,111.1406250,INVALID,F,,,,
XCME.WY5.30JUL25.112.C,INVALID,.0069999,112,C,0,,1837.1816070,1639.7715857
XCME.WY5.30JUL25.110:25.C,.8593750,.8906250,110.2500000,C,.8714999,,,1830.9695454
XCME.WY5.30JUL25.110:75.C,.3750000,.4062500,110.7500000,C,.3717980,800.9750093,1452.2816384,1195.7967265
