Key,BID,ASK,STRIKE,ITYPE,ADJTHEOR,IVBID,IVASK,IVAVERAGE
XCME.ZN.SEP25,111.1250000,111.1406250,INVALID,F,,,,
XCME.WY5.30JUL25.110:5.C,.6250000,.6406250,110.5000000,C,.6363183,,1099.1607510,793.8069146
XCME.WY5.30JUL25.111:75.C,INVALID,.0156250,111.7500000,C,.0000054,,1385.5796931,1187.3965946
XCME.WY5.30JUL25.112:75.P,1.6093750,1.6406250,112.7500000,P,1.6136875,,,
XCME.WY5.30JUL25.110:25.P,INVALID,.0069999,110.2500000,P,0,,1565.2151255,1392.4218981
