Key,BID,ASK,STRIKE,ITYPE,ADJTHEOR,IVBID,IVASK,IVAVERAGE
XCME.ZN.SEP25,111.0781250,111.0937500,INVALID,F,,,,
XCME.ZN1.01AUG25.110.C,1.0937500,1.1250000,110,C,1.0963998,569.9358408,870.5941289,757.2737161
XCME.ZN1.01AUG25.111:25.P,.3750000,.4062500,111.2500000,P,.3369623,763.2124307,848.0082644,805.6601950
XCME.ZN1.01AUG25.112:5.P,1.4218750,1.4531250,112.5000000,P,1.4138607,831.9902268,1105.2609632,990.7515633
