Key,BID,ASK,STRIKE,ITYPE,ADJTHEOR,IVBID,IVASK,IVAVERAGE
XCME.ZN.SEP25,111.3593750,111.3750000,INVALID,F,,,,
XCME.WY5.30JUL25.112:75.C,INVALID,.0069999,112.7500000,C,0,,1697.9568340,1528.1778536
XCME.WY5.30JUL25.112:5.C,INVALID,.0069999,112.5000000,C,0,,1438.2082755,1289.2542285
XCME.WY5.30JUL25.111.P,.0312500,.0625000,111,P,.0059150,883.7331319,1155.5931587,1026.4158127
