Key,BID,ASK,STRIKE,ITYPE,ADJTHEOR,IVBID,IVASK,IVAVERAGE
XCME.ZN.SEP25,111.3750000,111.3906250,INVALID,F,,,,
XCME.ZN1.01AUG25.111.P,.1718750,.1875000,111,P,.1028168,844.4997861,888.6683456,866.6444076
XCME.ZN1.01AUG25.113.C,.0069999,.0312500,113,C,.0028920,816.1008923,1083.1201042,975.7504063
XCME.ZN1.01AUG25.112.C,.1093750,.1250000,112,C,.0578599,830.1983326,881.4845867,856.0390248
