Key,BID,ASK,STRIKE,ITYPE,ADJTHEOR,IVBID,IVASK,IVAVERAGE
XCME.ZN.SEP25,111.0156250,111.0312500,INVALID,F,,,,
XCME.WY5.30JUL25.111.P,.0937500,.1093750,111,P,.0518525,911.5337436,1043.3631057,977.4738813
XCME.ZN1.01AUG25.110:75.P,.1718750,.2031250,110.7500000,P,.1325285,760.0077081,847.1322409,803.7276919
XCME.ZN1.01AUG25.110:25.P,.0468750,.0625000,110.2500000,P,.0266659,727.5852675,799.5511765,764.5225626
