Key,BID,ASK,STRIKE,ITYPE,ADJTHEOR,IVBID,IVASK,IVAVERAGE
XCME.ZN.SEP25,111.3437500,111.3593750,INVALID,F,,,,
XCME.ZN1.01AUG25.112:75.P,1.4062500,1.4375000,112.7500000,P,1.4009288,759.1945678,1009.6532866,904.6953378
XCME.ZN1.01AUG25.110:5.P,.0468750,.0781250,110.5000000,P,.0257347,727.8560692,860.8019277,797.3731414
XCME.ZN1.01AUG25.112:25.C,.0468750,.0781250,112.2500000,C,.0260107,752.2301838,887.1152324,822.8034454
XCME.ZN1.01AUG25.112.P,.7343750,.7656250,112,P,.7025745,759.5094786,862.8172044,812.1514636
