Key,BID,ASK,STRIKE,ITYPE,ADJTHEOR,IVBID,IVASK,IVAVERAGE
XCME.ZN.SEP25,111.3125000,111.3281250,INVALID,F,,,,
XCME.ZN1.01AUG25.111:25.C,.3750000,.3906250,111.2500000,C,.2890454,880.0063764,920.2674980,900.1381030
XCME.ZN1.01AUG25.110:25.C,1.0937500,1.1250000,110.2500000,C,1.0725896,795.7073326,968.7225374,888.6504023
XCME.ZN1.01AUG25.112:75.C,.0156250,.0312500,112.7500000,C,.0037836,868.8510343,1006.8354244,943.9661264
