Key,BID,ASK,STRIKE,ITYPE,ADJTHEOR,IVBID,IVASK,IVAVERAGE
XCME.ZN.SEP25,111.3437500,111.3593750,INVALID,F,,,,
XCME.WY5.30JUL25.111.P,.0312500,.0625000,111,P,.0094469,793.1330449,1036.0949904,920.6789533
XCME.ZN1.01AUG25.110:75.P,.0937500,.1250000,110.7500000,P,.0572151,757.6368749,858.5807130,808.9942457
XCME.ZN1.01AUG25.110:25.P,.0156250,.0468750,110.2500000,P,.0098419,675.9912677,880.8786326,791.4322000
