Key,BID,ASK,STRIKE,ITYPE,ADJTHEOR,IVBID,IVASK,IVAVERAGE
XCME.ZN.SEP25,111.0625000,111.0781250,INVALID,F,,,,
XCME.ZN1.01AUG25.110:5.P,.0937500,.1093750,110.5000000,P,.0585352,772.9303674,826.5765646,800.0093510
XCME.ZN1.01AUG25.112:25.C,.0156250,.0312500,112.2500000,C,.0074390,745.5391712,870.6983965,813.5033543
XCME.ZN1.01AUG25.112.P,.9531250,.9843750,112,P,.9550002,728.2622283,891.1434777,815.3712258
