Key,BID,ASK,STRIKE,ITYPE,ADJTHEOR,IVBID,IVASK,IVAVERAGE
XCME.ZN.SEP25,111.3437500,111.3593750,INVALID,F,,,,
XCME.ZN1.01AUG25.112:5.C,.0312500,.0468750,112.5000000,C,.0119292,803.8231715,893.9568145,850.9340336
XCME.ZN1.01AUG25.112:25.P,.9375000,.9687500,112.2500000,P,.9204233,733.1919619,870.7911647,805.4657116
XCME.ZN1.01AUG25.111:5.C,.2656250,.2812500,111.5000000,C,.2044366,811.6204342,850.2815035,830.9574297
