Key,BID,ASK,STRIKE,ITYPE,ADJTHEOR,IVBID,IVASK,IVAVERAGE
XCME.ZN.SEP25,111.3593750,111.3750000,INVALID,F,,,,
XCME.ZN1.01AUG25.112:5.C,.0312500,.0468750,112.5000000,C,.0098783,831.3631713,925.3425466,880.4912021
XCME.ZN1.01AUG25.112:25.P,.9218750,.9531250,112.2500000,P,.8940835,794.6080259,931.3608073,865.8633870
XCME.ZN1.01AUG25.111:5.C,.2812500,.2968750,111.5000000,C,.2015823,866.9750593,907.4231870,887.2037944
