Key,BID,ASK,STRIKE,ITYPE,ADJTHEOR,IVBID,IVASK,IVAVERAGE
XCME.ZN.SEP25,111.3281250,111.3437500,INVALID,F,,,,
XCME.ZN1.01AUG25.110:25.C,1.1093750,1.1406250,110.2500000,C,1.1062268,645.0440102,842.3026175,756.1449514
XCME.ZN1.01AUG25.112:75.C,.0156250,.0312500,112.7500000,C,.0070088,789.3670750,915.4142517,857.9599144
XCME.ZN1.01AUG25.111:75.C,.1562500,.1875000,111.7500000,C,.1177356,757.9172674,841.2922961,799.8576706
XCME.ZN1.01AUG25.110:5.C,.8906250,.9218750,110.5000000,C,.8737412,700.3789702,829.0141047,767.6655353
XCME.ZN1.01AUG25.110:75.C,.6875000,.7187500,110.7500000,C,.6606849,719.0538860,816.2208943,768.4671158
