Key,BID,ASK,STRIKE,ITYPE,ADJTHEOR,IVBID,IVASK,IVAVERAGE
XCME.ZN.SEP25,111.0468750,111.0625000,INVALID,F,,,,
XCME.WY5.30JUL25.111:5.P,.4218750,.4531250,111.5000000,P,.4261951,,1691.4030541,1432.7012577
XCME.WY5.30JUL25.111:25.P,.2031250,.2343750,111.2500000,P,.1808488,964.4585299,1387.9310497,1184.4363158
XCME.WY5.30JUL25.113.P,1.9218750,1.9531250,113,P,1.9261875,,,
XCME.WY5.30JUL25.112.P,.9218750,.9531250,112,P,.9261875,,,
