Key,BID,ASK,STRIKE,ITYPE,ADJTHEOR,IVBID,IVASK,IVAVERAGE
XCME.ZN.SEP25,111.3593750,111.3750000,INVALID,F,,,,
XCME.WY5.30JUL25.110:5.P,INVALID,.0156250,110.5000000,P,.0000252,,1304.1130754,1132.3685947
XCME.WY5.30JUL25.110:5.C,.8593750,.8750000,110.5000000,C,.8672130,,1434.0274091,1226.2077284
XCME.WY5.30JUL25.111:75.C,.0312500,.0625000,111.7500000,C,.0052005,873.1925890,1138.4611026,1012.5525433
