Key,BID,ASK,STRIKE,ITYPE,ADJTHEOR,IVBID,IVASK,IVAVERAGE
XCME.ZN.SEP25,111.3593750,111.3750000,INVALID,F,,,,
XCME.WY5.30JUL25.111.P,.0312500,.0625000,111,P,.0105594,773.4101288,1012.3402526,898.7740561
XCME.ZN1.01AUG25.110:75.P,.0937500,.1250000,110.7500000,P,.0588944,750.4071375,850.8168757,801.4859960
XCME.ZN1.01AUG25.110:25.P,.0156250,.0468750,110.2500000,P,.0102678,670.7720864,874.5202300,785.5448686
