Key,BID,ASK,STRIKE,ITYPE,ADJTHEOR,IVBID,IVASK,IVAVERAGE
XCME.ZN.SEP25,111.4062500,111.4218750,INVALID,F,,,,
XCME.ZN1.01AUG25.111:75.C,.1875000,.2031250,111.7500000,C,.1217466,841.5247237,884.7211775,863.1666715
XCME.ZN1.01AUG25.110:5.C,.9531250,.9843750,110.5000000,C,.9278267,772.7717115,918.4540648,849.3531538
XCME.ZN1.01AUG25.110:75.C,.7500000,.7812500,110.7500000,C,.7050326,803.6911175,912.2646248,859.0304948
