Key,BID,ASK,STRIKE,ITYPE,ADJTHEOR,IVBID,IVASK,IVAVERAGE
XCME.ZN.SEP25,111.0937500,111.1093750,INVALID,F,,,,
XCME.ZN1.01AUG25.110:5.C,.6875000,.7031250,110.5000000,C,.6533397,764.5937417,821.3567479,793.3146846
XCME.ZN1.01AUG25.110:75.C,.5000000,.5312500,110.7500000,C,.4619962,759.5041379,851.1570144,805.6108933
XCME.ZN1.01AUG25.111.P,.2500000,.2656250,111,P,.2005443,789.0772629,830.6136692,809.8504107
XCME.ZN1.01AUG25.113.C,INVALID,.0156250,113,C,.0013237,,1114.3739893,991.3432007
