Key,BID,ASK,STRIKE,ITYPE,ADJTHEOR,IVBID,IVASK,IVAVERAGE
XCME.ZN.SEP25,111.3593750,111.3750000,INVALID,F,,,,
XCME.WY5.30JUL25.111:5.P,.2343750,.2656250,111.5000000,P,.2089890,671.0779052,814.9430840,743.3907250
XCME.WY5.30JUL25.111:25.P,.1093750,.1406250,111.2500000,P,.0806339,689.0443516,829.6432955,759.5500744
XCME.WY5.30JUL25.113.P,1.6250000,1.6562500,113,P,1.6406255,,1639.6908730,1309.3315819
XCME.WY5.30JUL25.112.P,.6406250,.6718750,112,P,.6427611,206.9952746,938.8515928,780.9756411
XCME.WY5.30JUL25.111.C,.3906250,.4218750,111,C,.3808182,634.9267438,831.7619669,738.1803390
