Key,BID,ASK,STRIKE,ITYPE,ADJTHEOR,IVBID,IVASK,IVAVERAGE
XCME.ZN.SEP25,111.1093750,111.1250000,INVALID,F,,,,
XCME.WY5.30JUL25.112.C,INVALID,.0069999,112,C,0,,1568.4581829,1399.4145360
XCME.WY5.30JUL25.110:25.C,.8593750,.8906250,110.2500000,C,.8671873,,1566.0832549,1387.1996700
XCME.WY5.30JUL25.110:75.C,.3750000,.4062500,110.7500000,C,.3683424,797.2993091,1073.2314243,951.0742074
