Key,BID,ASK,STRIKE,ITYPE,ADJTHEOR,IVBID,IVASK,IVAVERAGE
XCME.ZN.SEP25,111.3593750,111.3750000,INVALID,F,,,,
XCME.ZN1.01AUG25.110.P,.0156250,.0312500,110,P,.0040862,800.1081647,929.8994315,870.8124612
XCME.ZN1.01AUG25.111:75.P,.5625000,.5781250,111.7500000,P,.5102633,803.9390379,847.7540825,825.9135185
XCME.ZN1.01AUG25.112:75.P,1.4062500,1.4218750,112.7500000,P,1.4070624,664.7832509,868.0583125,787.6082984
