Key,BID,ASK,STRIKE,ITYPE,ADJTHEOR,IVBID,IVASK,IVAVERAGE
XCME.ZN.SEP25,111.0312500,111.0468750,INVALID,F,,,,
XCME.WY5.30JUL25.111:25.C,INVALID,.0069999,111.2500000,C,0,,,
XCME.WY5.30JUL25.111:5.C,INVALID,.0069999,111.5000000,C,0,,,
XCME.WY5.30JUL25.110.C,1.0156250,1.0625000,110,C,1.0425625,,,
XCME.WY5.30JUL25.112:5.P,1.4375000,1.4843750,112.5000000,P,1.4574374,,,
