Key,BID,ASK,STRIKE,ITYPE,ADJTHEOR,IVBID,IVASK,IVAVERAGE
XCME.ZN.SEP25,111.0468750,111.0625000,INVALID,F,,,,
XCME.WY5.30JUL25.112.C,INVALID,.0069999,112,C,0,,1740.7193158,1556.4732141
XCME.WY5.30JUL25.110:25.C,.7968750,.8281250,110.2500000,C,.8046864,,1963.8654120,1670.4505746
XCME.WY5.30JUL25.110:75.C,.3125000,.3437500,110.7500000,C,.3069436,724.8928426,1195.3624538,992.4713237
