Key,BID,ASK,STRIKE,ITYPE,ADJTHEOR,IVBID,IVASK,IVAVERAGE
XCME.ZN.SEP25,111.0625000,111.0781250,INVALID,F,,,,
XCME.WY5.30JUL25.111:25.C,.0468750,.0625000,111.2500000,C,.0120782,899.4641258,1045.9118304,973.5581317
XCME.WY5.30JUL25.111:5.C,.0069999,.0156250,111.5000000,C,.0002585,864.9249157,1050.3002564,966.3962326
XCME.WY5.30JUL25.110.C,1.0625000,1.0937500,110,C,1.0624997,,,1677.5042844
XCME.WY5.30JUL25.112:5.P,1.4062500,1.4375000,112.5000000,P,1.4374999,,,
