Key,BID,ASK,STRIKE,ITYPE,ADJTHEOR,IVBID,IVASK,IVAVERAGE
XCME.ZN.SEP25,111.3593750,111.3750000,INVALID,F,,,,
XCME.ZN1.01AUG25.110:75.P,.0937500,.1250000,110.7500000,P,.0564238,761.9762694,863.9348665,813.8434801
XCME.ZN1.01AUG25.110:25.P,.0312500,.0468750,110.2500000,P,.0094564,797.6677207,887.9891399,844.8726027
XCME.ZN1.01AUG25.110.P,.0156250,.0312500,110,P,.0041283,800.5923929,929.9349191,871.0505713
XCME.ZN1.01AUG25.111:75.P,.5468750,.5781250,111.7500000,P,.5010781,783.2660274,869.1859559,826.4636470
