Key,BID,ASK,STRIKE,ITYPE,ADJTHEOR,IVBID,IVASK,IVAVERAGE
XCME.ZN.SEP25,111.0468750,111.0625000,INVALID,F,,,,
XCME.ZN1.01AUG25.111:5.P,.5625000,.5937500,111.5000000,P,.5349981,740.5946733,838.0390450,789.8440203
XCME.WY5.30JUL25.111:25.C,.0312500,.0468750,111.2500000,C,.0077180,881.4457510,1219.1095373,1056.3720035
XCME.WY5.30JUL25.111:5.C,.0069999,.0156250,111.5000000,C,.0000883,986.2543898,1193.3520726,1099.7782023
