Key,BID,ASK,STRIKE,ITYPE,ADJTHEOR,IVBID,IVASK,IVAVERAGE
XCME.ZN.SEP25,111.3593750,111.3750000,INVALID,F,,,,
XCME.ZN1.01AUG25.112:5.C,.0312500,.0468750,112.5000000,C,.0110957,814.8619618,906.1378162,862.5713206
XCME.ZN1.01AUG25.112:25.P,.9375000,.9687500,112.2500000,P,.9232630,721.6948968,865.3180263,797.5270227
XCME.ZN1.01AUG25.111:5.C,.2656250,.2812500,111.5000000,C,.1998097,825.0958325,864.2040751,844.6564745
