Key,BID,ASK,STRIKE,ITYPE,ADJTHEOR,IVBID,IVASK,IVAVERAGE
XCME.ZN.SEP25,111.3281250,111.3437500,INVALID,F,,,,
XCME.WY5.30JUL25.111.C,.3750000,.3906250,111,C,.3355960,1141.4731909,1299.3320931,1222.0296289
XCME.WY5.30JUL25.111:75.P,.4375000,.4687500,111.7500000,P,.4183321,1024.8538985,1408.3528125,1231.9108859
XCME.WY5.30JUL25.112:25.C,INVALID,.0069999,112.2500000,C,0,,1487.2478291,1328.6211354
XCME.WY5.30JUL25.110:5.P,INVALID,.0156250,110.5000000,P,.000001,,1605.8076243,1390.3224344
