Key,BID,ASK,STRIKE,ITYPE,ADJTHEOR,IVBID,IVASK,IVAVERAGE
XCME.ZN.SEP25,111.3125000,111.3281250,INVALID,F,,,,
XCME.WY5.30JUL25.112:25.P,.9218750,.9531250,112.2500000,P,.9331759,,1410.8003908,1176.1532647
XCME.WY5.30JUL25.112.C,.0069999,.0156250,112,C,.0001780,875.0999805,1040.5338581,966.3867905
XCME.WY5.30JUL25.110:25.C,1.0468750,1.0781250,110.2500000,C,1.0668076,,1387.3391895,1282.8528418
