Key,BID,ASK,STRIKE,ITYPE,ADJTHEOR,IVBID,IVASK,IVAVERAGE
XCME.ZN.SEP25,111.3593750,111.3750000,INVALID,F,,,,
XCME.WY5.30JUL25.111:25.P,.1093750,.1406250,111.2500000,P,.0620500,810.6441187,973.3604631,892.2623123
XCME.WY5.30JUL25.113.P,1.6250000,1.6562500,113,P,1.6328124,,,1786.8182944
XCME.WY5.30JUL25.112.P,.6406250,.6718750,112,P,.6336214,765.9247500,989.8487260,892.4451780
XCME.WY5.30JUL25.111.C,.4062500,.4218750,111,C,.3795045,804.4983725,917.8790755,862.5612875
XCME.WY5.30JUL25.111:75.P,.4062500,.4375000,111.7500000,P,.3923717,693.4766574,939.6934551,824.8289739
