Key,BID,ASK,STRIKE,ITYPE,ADJTHEOR,IVBID,IVASK,IVAVERAGE
XCME.ZN.SEP25,111.3437500,111.3593750,INVALID,F,,,,
XCME.WY5.30JUL25.111.C,.3906250,.4218750,111,C,.3774858,740.8341926,1029.4728901,896.1354370
XCME.WY5.30JUL25.111:75.P,.4062500,.4375000,111.7500000,P,.3846995,970.2339554,1218.3166502,1098.7463620
XCME.WY5.30JUL25.112:25.C,INVALID,.0069999,112.2500000,C,.0000021,,1124.5376910,1001.9020205
XCME.WY5.30JUL25.110:5.P,INVALID,.0156250,110.5000000,P,.0000242,,1308.1860678,1136.1087993
