Key,BID,ASK,STRIKE,ITYPE,ADJTHEOR,IVBID,IVASK,IVAVERAGE
XCME.ZN.SEP25,111.3437500,111.3593750,INVALID,F,,,,
XCME.WY5.30JUL25.110.P,INVALID,.0069999,110,P,0,,1561.7772900,1404.5235875
XCME.WY5.30JUL25.113.C,INVALID,.0069999,113,C,0,,1853.1070650,1675.7093303
XCME.WY5.30JUL25.112:25.P,.8906250,.9218750,112.2500000,P,.9019344,,1390.0421918,1156.3822979
