Key,BID,ASK,STRIKE,ITYPE,ADJTHEOR,IVBID,IVASK,IVAVERAGE
XCME.ZN.SEP25,111.1406250,111.1562500,INVALID,F,,,,
XCME.WY5.30JUL25.112.C,INVALID,.0069999,112,C,0,,1464.9548472,1301.2074261
XCME.WY5.30JUL25.110:25.C,.8750000,.9062500,110.2500000,C,.9105622,,,
XCME.WY5.30JUL25.110:75.C,.3906250,.4218750,110.7500000,C,.4112900,,923.5196847,835.7800506
