Key,BID,ASK,STRIKE,ITYPE,ADJTHEOR,IVBID,IVASK,IVAVERAGE
XCME.ZN.SEP25,111.3906250,111.4062500,INVALID,F,,,,
XCME.ZN1.01AUG25.110.P,.0069999,.0312500,110,P,.0030061,727.9580223,974.5209566,874.7994001
XCME.ZN1.01AUG25.111:75.P,.5312500,.5625000,111.7500000,P,.4705682,827.2615970,913.5733103,870.5975896
XCME.ZN1.01AUG25.112:75.P,1.3593750,1.3906250,112.7500000,P,1.3568157,719.4902313,1002.1446304,888.6645117
