Key,BID,ASK,STRIKE,ITYPE,ADJTHEOR,IVBID,IVASK,IVAVERAGE
XCME.ZN.SEP25,111.0468750,111.0625000,INVALID,F,,,,
XCME.ZN1.01AUG25.110:75.P,.1718750,.1875000,110.7500000,P,.1244571,783.5019659,827.4792795,805.5380930
XCME.ZN1.01AUG25.110:25.P,.0468750,.0625000,110.2500000,P,.0243886,742.7875680,815.4291274,780.0897632
XCME.ZN1.01AUG25.110.P,.0156250,.0312500,110,P,.0087819,688.6765368,808.0748244,753.4485908
XCME.ZN1.01AUG25.111:75.P,.7500000,.7812500,111.7500000,P,.7327506,720.0786057,844.1966875,784.2149198
