Key,BID,ASK,STRIKE,ITYPE,ADJTHEOR,IVBID,IVASK,IVAVERAGE
XCME.ZN.SEP25,111.3437500,111.3593750,INVALID,F,,,,
XCME.ZN1.01AUG25.111.P,.1718750,.2031250,111,P,.1211579,786.0772886,870.8796017,828.6673405
XCME.ZN1.01AUG25.113.C,.0069999,.0312500,113,C,.0030653,819.9679948,1085.3094836,978.7124968
XCME.ZN1.01AUG25.112.C,.0937500,.1093750,112,C,.0537011,793.0681407,846.1833577,819.8957187
