Key,BID,ASK,STRIKE,ITYPE,ADJTHEOR,IVBID,IVASK,IVAVERAGE
XCME.ZN.SEP25,111.4218750,111.4375000,INVALID,F,,,,
XCME.WY5.30JUL25.111.C,.4531250,.4843750,111,C,.4346384,975.2073398,1337.5444597,1171.1143316
XCME.WY5.30JUL25.111:75.P,.3593750,.3906250,111.7500000,P,.3215985,1030.6817375,1311.5320489,1175.7248707
XCME.WY5.30JUL25.112:25.C,INVALID,.0156250,112.2500000,C,0,,1474.4682700,1277.5125320
