Key,BID,ASK,STRIKE,ITYPE,ADJTHEOR,IVBID,IVASK,IVAVERAGE
XCME.ZN.SEP25,111.0937500,111.1093750,INVALID,F,,,,
XCME.ZN1.01AUG25.111:5.P,.5312500,.5468750,111.5000000,P,.4936026,769.8864339,817.0732482,793.5788135
XCME.WY5.30JUL25.111:25.C,.0468750,.0625000,111.2500000,C,.0132698,960.2763547,1127.3151293,1044.6666423
XCME.WY5.30JUL25.111:5.C,.0069999,.0156250,111.5000000,C,.0001513,957.7531355,1168.1029177,1072.7071954
