Key,BID,ASK,STRIKE,ITYPE,ADJTHEOR,IVBID,IVASK,IVAVERAGE
XCME.ZN.SEP25,111.3281250,111.3437500,INVALID,F,,,,
XCME.ZN1.01AUG25.111:5.P,.4218750,.4375000,111.5000000,P,.3535768,793.2982500,872.3039827,832.8355812
XCME.WY5.30JUL25.111:25.C,.2031250,.2343750,111.2500000,C,.1445697,912.4524557,1098.4244179,1005.6100906
XCME.WY5.30JUL25.111:5.C,.0937500,.1093750,111.5000000,C,.0341041,949.6779809,1047.7587308,998.8946282
