Key,BID,ASK,STRIKE,ITYPE,ADJTHEOR,IVBID,IVASK,IVAVERAGE
XCME.ZN.SEP25,111.3281250,111.3437500,INVALID,F,,,,
XCME.WY5.30JUL25.112.C,.0069999,.0156250,112,C,.0000028,1131.2094242,1345.8487761,1249.5606880
XCME.WY5.30JUL25.110:25.C,1.0781250,1.1093750,110.2500000,C,1.0859371,,,1869.7084497
XCME.WY5.30JUL25.110:75.C,.5781250,.6093750,110.7500000,C,.5859862,,1372.5656630,1154.3908081
