Key,BID,ASK,STRIKE,ITYPE,ADJTHEOR,IVBID,IVASK,IVAVERAGE
XCME.ZN.SEP25,111,111.0156250,INVALID,F,,,,
XCME.ZN1.01AUG25.110.C,1.0156250,1.0468750,110,C,1.0125467,652.1582330,889.1696115,788.5798250
XCME.ZN1.01AUG25.111:25.P,.4218750,.4375000,111.2500000,P,.3827474,772.5269884,817.8128296,795.2066601
XCME.ZN1.01AUG25.112:5.P,1.4843750,1.5156250,112.5000000,P,1.4977662,770.4199444,1002.8619701,911.0258916
