Key,BID,ASK,STRIKE,ITYPE,ADJTHEOR,IVBID,IVASK,IVAVERAGE
XCME.ZN.SEP25,111.3125000,111.3281250,INVALID,F,,,,
XCME.ZN1.01AUG25.111.C,.5000000,.5312500,111,C,.4467280,793.2914868,877.4100197,835.5032362
XCME.ZN1.01AUG25.113.P,1.6875000,1.7187500,113,P,1.6859336,780.8876704,1141.7193896,1008.6994811
XCME.ZN1.01AUG25.110.C,1.3125000,1.3437500,110,C,1.3211802,,886.2038247,784.6608157
