Key,BID,ASK,STRIKE,ITYPE,ADJTHEOR,IVBID,IVASK,IVAVERAGE
XCME.ZN.SEP25,111.3125000,111.3281250,INVALID,F,,,,
XCME.WY5.30JUL25.112:25.P,.9218750,.9531250,112.2500000,P,.9296809,,1592.0459190,1367.1375488
XCME.WY5.30JUL25.112.C,.0069999,.0156250,112,C,.0000657,949.3844350,1128.9814642,1048.4095278
XCME.WY5.30JUL25.110:25.C,1.0625000,1.0937500,110.2500000,C,1.0703086,,1769.6923449,1525.9127936
