Key,BID,ASK,STRIKE,ITYPE,ADJTHEOR,IVBID,IVASK,IVAVERAGE
XCME.ZN.SEP25,111.0937500,111.1093750,INVALID,F,,,,
XCME.WY5.30JUL25.111:25.C,.0468750,.0625000,111.2500000,C,.0148490,917.0958701,1075.0682870,996.9142188
XCME.WY5.30JUL25.111:5.C,.0069999,.0156250,111.5000000,C,.0002433,909.5493946,1108.6385249,1018.3747660
XCME.WY5.30JUL25.110.C,1.0781250,1.1093750,110,C,1.1050624,,1923.0224615,1435.5419484
XCME.WY5.30JUL25.112:5.P,1.3906250,1.4218750,112.5000000,P,1.3949375,,,
