Key,BID,ASK,STRIKE,ITYPE,ADJTHEOR,IVBID,IVASK,IVAVERAGE
XCME.ZN.SEP25,111.2812500,111.2968750,INVALID,F,,,,
XCME.ZN1.01AUG25.110.C,1.2968750,1.3281250,110,C,1.2895489,748.0234800,894.8287458,829.7333967
XCME.ZN1.01AUG25.111:25.P,.3125000,.3281250,111.2500000,P,.2384778,850.0166247,930.5845300,890.3021215
XCME.ZN1.01AUG25.112:5.P,1.2343750,1.2500000,112.5000000,P,1.2214712,801.0613627,1009.9913062,916.7916920
