Key,BID,ASK,STRIKE,ITYPE,ADJTHEOR,IVBID,IVASK,IVAVERAGE
XCME.ZN.SEP25,111.3906250,111.4062500,INVALID,F,,,,
XCME.WY5.30JUL25.112:75.C,INVALID,.0069999,112.7500000,C,0,,1872.7473000,1684.7486704
XCME.WY5.30JUL25.112:5.C,INVALID,.0069999,112.5000000,C,0,,1580.2200288,1413.7776370
XCME.WY5.30JUL25.111.P,.0312500,.0468750,111,P,.0025085,1037.4444125,1201.8862370,1122.3502920
