Key,BID,ASK,STRIKE,ITYPE,ADJTHEOR,IVBID,IVASK,IVAVERAGE
XCME.ZN.SEP25,111.1406250,111.1562500,INVALID,F,,,,
XCME.WY5.30JUL25.111:5.P,.3593750,.3906250,111.5000000,P,.3529582,753.0860758,1216.4212555,1018.1962105
XCME.WY5.30JUL25.111:25.P,.1718750,.2031250,111.2500000,P,.1327212,891.0431454,1147.6420561,1020.1341273
XCME.WY5.30JUL25.113.P,1.8437500,1.8750000,113,P,1.8515624,,,
XCME.WY5.30JUL25.112.P,.8437500,.8750000,112,P,.8515624,,1920.8445536,1641.7492146
