Key,BID,ASK,STRIKE,ITYPE,ADJTHEOR,IVBID,IVASK,IVAVERAGE
XCME.ZN.SEP25,111.1093750,111.1250000,INVALID,F,,,,
XCME.ZN1.01AUG25.111.P,.2500000,.2656250,111,P,.1987526,793.0729269,834.5345377,813.8090443
XCME.ZN1.01AUG25.113.C,INVALID,.0156250,113,C,.0013303,,1108.8794890,986.6261731
XCME.ZN1.01AUG25.112.C,.0312500,.0468750,112,C,.0196234,718.3708078,805.2220574,763.6399998
