Key,BID,ASK,STRIKE,ITYPE,ADJTHEOR,IVBID,IVASK,IVAVERAGE
XCME.ZN.SEP25,111.0625000,111.0781250,INVALID,F,,,,
XCME.ZN1.01AUG25.110:5.C,.6562500,.6875000,110.5000000,C,.6331296,722.2721806,780.6086046,751.8151002
XCME.ZN1.01AUG25.110:75.C,.4843750,.5156250,110.7500000,C,.4440881,766.6827134,812.6228705,789.7198258
XCME.ZN1.01AUG25.111.P,.2500000,.2656250,111,P,.2082094,811.6699622,853.4718622,832.5738036
XCME.ZN1.01AUG25.113.C,INVALID,.0156250,113,C,.0011459,,1136.6571333,1011.5329343
