Key,BID,ASK,STRIKE,ITYPE,ADJTHEOR,IVBID,IVASK,IVAVERAGE
XCME.ZN.SEP25,111.3437500,111.3593750,INVALID,F,,,,
XCME.WY5.30JUL25.110:5.C,.8437500,.8750000,110.5000000,C,.8481381,,1378.7882874,1201.9769184
XCME.WY5.30JUL25.111:75.C,.0312500,.0468750,111.7500000,C,.0056748,851.5940083,985.3443572,920.6610270
XCME.WY5.30JUL25.112:75.P,1.3906250,1.4218750,112.7500000,P,1.4019374,,1893.7174579,1605.1990438
XCME.WY5.30JUL25.110:25.P,INVALID,.0069999,110.2500000,P,.0000023,,1272.7576290,1139.0681962
