Key,BID,ASK,STRIKE,ITYPE,ADJTHEOR,IVBID,IVASK,IVAVERAGE
XCME.ZN.SEP25,111.0468750,111.0625000,INVALID,F,,,,
XCME.WY5.30JUL25.112:25.P,1.1875000,1.2187500,112.2500000,P,1.1953124,,,
XCME.WY5.30JUL25.112.C,INVALID,.0069999,112,C,0,,1788.2834665,1598.9191002
XCME.WY5.30JUL25.110:25.C,.7968750,.8125000,110.2500000,C,.8046867,,1580.0468866,1394.9206610
