Key,BID,ASK,STRIKE,ITYPE,ADJTHEOR,IVBID,IVASK,IVAVERAGE
XCME.ZN.SEP25,111.0312500,111.0468750,INVALID,F,,,,
XCME.ZN1.01AUG25.110:5.C,.6406250,.6562500,110.5000000,C,.5966796,801.5908014,856.8260335,829.4362224
XCME.ZN1.01AUG25.110:75.C,.4531250,.4843750,110.7500000,C,.4111920,775.1120184,867.4138132,821.4598488
XCME.ZN1.01AUG25.111.P,.2656250,.2812500,111,P,.2200657,784.0964664,826.9449540,805.5216552
XCME.ZN1.01AUG25.113.C,INVALID,.0156250,113,C,.0008473,,1189.3279459,1058.8589156
