Key,BID,ASK,STRIKE,ITYPE,ADJTHEOR,IVBID,IVASK,IVAVERAGE
XCME.ZN.SEP25,111.1250000,111.1406250,INVALID,F,,,,
XCME.WY5.30JUL25.112.C,INVALID,.0069999,112,C,0,,1877.6945046,1674.6563118
XCME.WY5.30JUL25.110:25.C,.8750000,.8906250,110.2500000,C,.8828124,,,
XCME.WY5.30JUL25.110:75.C,.3750000,.4062500,110.7500000,C,.3829877,,1344.5948964,1105.5834195
