Key,BID,ASK,STRIKE,ITYPE,ADJTHEOR,IVBID,IVASK,IVAVERAGE
XCME.ZN.SEP25,111.0468750,111.0625000,INVALID,F,,,,
XCME.WY5.30JUL25.111:25.P,.2187500,.2500000,111.2500000,P,.2108427,679.3982857,1056.3855320,881.4474765
XCME.WY5.30JUL25.113.P,1.9375000,1.9531250,113,P,1.9531250,,1179.7546078,
XCME.WY5.30JUL25.112.P,.9375000,.9531250,112,P,.9531249,,1037.5520083,
