Key,BID,ASK,STRIKE,ITYPE,ADJTHEOR,IVBID,IVASK,IVAVERAGE
XCME.ZN.SEP25,111.3281250,111.3437500,INVALID,F,,,,
XCME.WY5.30JUL25.112:75.P,1.4062500,1.4375000,112.7500000,P,1.4062499,,,
XCME.WY5.30JUL25.110:25.P,INVALID,.0069999,110.2500000,P,0,,1680.1060071,1503.1490189
XCME.WY5.30JUL25.110:75.P,.0069999,.0312500,110.7500000,P,.0000546,1026.5793573,1224.8229690,1135.7350136
