Key,BID,ASK,STRIKE,ITYPE,ADJTHEOR,IVBID,IVASK,IVAVERAGE
XCME.ZN.SEP25,111.1250000,111.1406250,INVALID,F,,,,
XCME.ZN1.01AUG25.110:5.P,.0781250,.0937500,110.5000000,P,.0461584,755.6150489,812.8597564,784.5906245
XCME.ZN1.01AUG25.112:25.C,.0156250,.0312500,112.2500000,C,.0094588,715.7503709,837.7918629,782.0194523
XCME.ZN1.01AUG25.112.P,.9062500,.9375000,112,P,.8898754,738.5890199,887.3493336,817.0981355
