Key,BID,ASK,STRIKE,ITYPE,ADJTHEOR,IVBID,IVASK,IVAVERAGE
XCME.ZN.SEP25,111.3437500,111.3593750,INVALID,F,,,,
XCME.WY5.30JUL25.110.C,1.3437500,1.3750000,110,C,1.3750003,,.9900000,
XCME.WY5.30JUL25.112:5.P,1.1250000,1.1562500,112.5000000,P,1.1250001,413.4196121,1752.1259931,1570.0403815
XCME.WY5.30JUL25.111:5.P,.2500000,.2656250,111.5000000,P,.1767361,973.0319035,1060.1799293,1016.6713341
