Key,BID,ASK,STRIKE,ITYPE,ADJTHEOR,IVBID,IVASK,IVAVERAGE
XCME.ZN.SEP25,111.3593750,111.3750000,INVALID,F,,,,
XCME.ZN1.01AUG25.110:75.P,.1093750,.1250000,110.7500000,P,.0567861,811.9967965,861.9744362,837.1782957
XCME.ZN1.01AUG25.110:25.P,.0312500,.0468750,110.2500000,P,.0095737,795.8558410,885.9755882,842.9541439
XCME.ZN1.01AUG25.110.P,.0156250,.0312500,110,P,.0041926,798.7705443,927.8242639,869.0752956
XCME.ZN1.01AUG25.111:75.P,.5468750,.5781250,111.7500000,P,.5015850,781.4885235,867.2137854,824.5881503
