Key,BID,ASK,STRIKE,ITYPE,ADJTHEOR,IVBID,IVASK,IVAVERAGE
XCME.ZN.SEP25,111.4218750,111.4375000,INVALID,F,,,,
XCME.WY5.30JUL25.112:75.C,INVALID,.0069999,112.7500000,C,0,,1871.4132279,1683.0909724
XCME.WY5.30JUL25.112:5.C,INVALID,.0069999,112.5000000,C,0,,1573.3850427,1407.4491360
XCME.WY5.30JUL25.111.P,.0312500,.0468750,111,P,.0016819,1101.2464179,1272.1777772,1189.5964170
