Key,BID,ASK,STRIKE,ITYPE,ADJTHEOR,IVBID,IVASK,IVAVERAGE
XCME.ZN.SEP25,111.0625000,111.0781250,INVALID,F,,,,
XCME.WY5.30JUL25.112:75.C,INVALID,.0069999,112.7500000,C,0,,,
XCME.WY5.30JUL25.112:5.C,INVALID,.0069999,112.5000000,C,0,,,
XCME.WY5.30JUL25.111.P,.0625000,.0781250,111,P,.0226776,1002.8921936,1168.3852442,1085.9598865
