Key,BID,ASK,STRIKE,ITYPE,ADJTHEOR,IVBID,IVASK,IVAVERAGE
XCME.ZN.SEP25,111.0312500,111.0468750,INVALID,F,,,,
XCME.ZN1.01AUG25.112:5.C,.0069999,.0156250,112.5000000,C,.0034020,771.6748179,889.2608661,837.2265432
XCME.ZN1.01AUG25.112:25.P,1.2187500,1.2500000,112.2500000,P,1.2143126,718.2137092,861.3510743,797.7874063
XCME.ZN1.01AUG25.111:5.C,.1250000,.1406250,111.5000000,C,.0849264,779.9047687,828.2826751,804.2176239
