Key,BID,ASK,STRIKE,ITYPE,ADJTHEOR,IVBID,IVASK,IVAVERAGE
XCME.ZN.SEP25,111.3593750,111.3750000,INVALID,F,,,,
XCME.ZN1.01AUG25.111:25.P,.2812500,.2968750,111.2500000,P,.2099834,834.7571892,873.6644380,854.2151653
XCME.ZN1.01AUG25.112:5.P,1.1562500,1.1875000,112.5000000,P,1.1403585,781.0233084,956.0570860,875.6910220
XCME.ZN1.01AUG25.111:5.P,.4062500,.4218750,111.5000000,P,.3367334,833.7360640,872.6890988,853.2175640
