Key,BID,ASK,STRIKE,ITYPE,ADJTHEOR,IVBID,IVASK,IVAVERAGE
XCME.ZN.SEP25,111.3125000,111.3281250,INVALID,F,,,,
XCME.ZN1.01AUG25.111:75.C,.1562500,.1718750,111.7500000,C,.1011697,814.5980428,859.1573521,836.9518285
XCME.ZN1.01AUG25.110:5.C,.8750000,.9062500,110.5000000,C,.8539229,730.1549590,865.2924556,800.8288035
XCME.ZN1.01AUG25.110:75.C,.6875000,.7031250,110.7500000,C,.6387701,800.1017975,850.2698455,825.3741262
