Key,BID,ASK,STRIKE,ITYPE,ADJTHEOR,IVBID,IVASK,IVAVERAGE
XCME.ZN.SEP25,111.1250000,111.1406250,INVALID,F,,,,
XCME.WY5.30JUL25.111.P,.0468750,.0781250,111,P,.0217808,805.1338312,1083.3107799,946.4308179
XCME.ZN1.01AUG25.110:75.P,.1406250,.1562500,110.7500000,P,.1006691,764.0791571,810.2043043,787.2285244
XCME.ZN1.01AUG25.110:25.P,.0312500,.0468750,110.2500000,P,.0178363,706.5912533,792.5206610,751.3943080
