Key,BID,ASK,STRIKE,ITYPE,ADJTHEOR,IVBID,IVASK,IVAVERAGE
XCME.ZN.SEP25,111.0468750,111.0625000,INVALID,F,,,,
XCME.WY5.30JUL25.110:75.C,.3281250,.3437500,110.7500000,C,.3106336,926.0260747,1133.0757929,1034.5303275
XCME.WY5.30JUL25.112:75.C,INVALID,.0069999,112.7500000,C,0,,,
XCME.WY5.30JUL25.112:5.C,INVALID,.0069999,112.5000000,C,0,,,
