Key,BID,ASK,STRIKE,ITYPE,ADJTHEOR,IVBID,IVASK,IVAVERAGE
XCME.ZN.SEP25,111.2031250,111.2187500,INVALID,F,,,,
XCME.ZN1.01AUG25.110.C,1.2031250,1.2343750,110,C,1.1972378,705.9990367,949.7144818,847.0081879
XCME.ZN1.01AUG25.111:25.P,.3437500,.3750000,111.2500000,P,.2858220,810.3491594,891.2498390,850.8042764
XCME.ZN1.01AUG25.112:5.P,1.2968750,1.3437500,112.5000000,P,1.3135077,,971.2484464,813.0610891
