Key,BID,ASK,STRIKE,ITYPE,ADJTHEOR,IVBID,IVASK,IVAVERAGE
XCME.ZN.SEP25,111.0625000,111.0781250,INVALID,F,,,,
XCME.WY5.30JUL25.110:5.C,.5468750,.5781250,110.5000000,C,.5738134,,1088.9950451,786.8826496
XCME.WY5.30JUL25.111:75.C,INVALID,.0069999,111.7500000,C,.000,,1354.3392404,1196.1693831
XCME.WY5.30JUL25.112:75.P,1.6718750,1.7031250,112.7500000,P,1.6761875,,,
XCME.WY5.30JUL25.110:25.P,INVALID,.0069999,110.2500000,P,0,,1578.9521762,1398.9259465
