Key,BID,ASK,STRIKE,ITYPE,ADJTHEOR,IVBID,IVASK,IVAVERAGE
XCME.ZN.SEP25,111.3437500,111.3593750,INVALID,F,,,,
XCME.ZN1.01AUG25.110:5.P,.0468750,.0781250,110.5000000,P,.0266086,721.6487493,853.4564995,790.5674340
XCME.ZN1.01AUG25.112:25.C,.0468750,.0781250,112.2500000,C,.0269077,745.8082933,879.5420796,815.7758318
XCME.ZN1.01AUG25.112.P,.7343750,.7656250,112,P,.7039849,753.0252809,855.4512695,805.2179752
XCME.ZN1.01AUG25.111:25.C,.3750000,.4062500,111.2500000,C,.3269800,774.8549378,851.1843315,813.0336435
XCME.ZN1.01AUG25.110:25.C,1.1250000,1.1562500,110.2500000,C,1.1158886,699.3187959,887.7794255,803.5668489
