Key,BID,ASK,STRIKE,ITYPE,ADJTHEOR,IVBID,IVASK,IVAVERAGE
XCME.ZN.SEP25,111.3125000,111.3281250,INVALID,F,,,,
XCME.WY5.30JUL25.111.C,.3593750,.3750000,111,C,.3073105,1054.3994533,1173.3028092,1114.5310403
XCME.WY5.30JUL25.111:75.P,.4687500,.4843750,111.7500000,P,.4547122,850.9324750,1042.6702038,953.4564068
XCME.WY5.30JUL25.112:25.C,INVALID,.0069999,112.2500000,C,0,,1284.3625424,1148.8276159
XCME.WY5.30JUL25.110:5.P,INVALID,.0156250,110.5000000,P,.0000310,,1295.6474808,1118.8942859
