Key,BID,ASK,STRIKE,ITYPE,ADJTHEOR,IVBID,IVASK,IVAVERAGE
XCME.ZN.SEP25,111.1093750,111.1250000,INVALID,F,,,,
XCME.WY5.30JUL25.110:5.P,INVALID,.0069999,110.5000000,P,0,,1312.9788701,1157.7139877
XCME.WY5.30JUL25.110:5.C,.6093750,.6250000,110.5000000,C,.6015596,1342.1047344,1737.8432668,1565.3657477
XCME.WY5.30JUL25.111:75.C,INVALID,.0069999,111.7500000,C,.0,,1384.2534061,1221.0029662
