Key,BID,ASK,STRIKE,ITYPE,ADJTHEOR,IVBID,IVASK,IVAVERAGE
XCME.ZN.SEP25,111.1093750,111.1250000,INVALID,F,,,,
XCME.ZN1.01AUG25.110:5.P,.0781250,.0937500,110.5000000,P,.0478005,748.4293140,859.7605639,805.3356950
XCME.ZN1.01AUG25.112:25.C,.0156250,.0312500,112.2500000,C,.0093588,718.2676199,840.3642688,784.5740832
XCME.ZN1.01AUG25.112.P,.9218750,.9375000,112,P,.8972561,782.3357443,923.6330427,856.2460647
