Key,BID,ASK,STRIKE,ITYPE,ADJTHEOR,IVBID,IVASK,IVAVERAGE
XCME.ZN.SEP25,111.4375000,111.4531250,INVALID,F,,,,
XCME.WY5.30JUL25.112.C,.0156250,.0312500,112,C,.0000788,1125.5625054,1360.1347450,1251.5628788
XCME.WY5.30JUL25.110:25.C,1.1718750,1.2031250,110.2500000,C,1.1796873,,,1863.9062947
XCME.WY5.30JUL25.110:75.C,.6875000,.7031250,110.7500000,C,.6797150,1093.2850326,1409.6877157,1272.3621244
