Key,BID,ASK,STRIKE,ITYPE,ADJTHEOR,IVBID,IVASK,IVAVERAGE
XCME.ZN.SEP25,111.0468750,111.0625000,INVALID,F,,,,
XCME.WY5.30JUL25.111.C,.1406250,.1562500,111,C,.1017081,897.2821281,1164.8318802,1031.4108935
XCME.WY5.30JUL25.111:75.P,.6875000,.7187500,111.7500000,P,.6883128,,1569.0103256,1465.1810146
XCME.WY5.30JUL25.112:25.C,INVALID,.0069999,112.2500000,C,0,,,1886.6947576
