Key,BID,ASK,STRIKE,ITYPE,ADJTHEOR,IVBID,IVASK,IVAVERAGE
XCME.ZN.SEP25,111.3906250,111.4062500,INVALID,F,,,,
XCME.ZN1.01AUG25.111.P,.1718750,.1875000,111,P,.0977605,862.6072901,907.2017501,884.9675764
XCME.ZN1.01AUG25.113.C,.0069999,.0312500,113,C,.0029735,813.1889853,1080.0214139,972.7085757
XCME.ZN1.01AUG25.112.C,.1093750,.1250000,112,C,.0600873,821.0933079,872.3566656,846.9194280
