Key,BID,ASK,STRIKE,ITYPE,ADJTHEOR,IVBID,IVASK,IVAVERAGE
XCME.ZN.SEP25,111.3437500,111.3593750,INVALID,F,,,,
XCME.WY5.30JUL25.110.P,INVALID,.0069999,110,P,0,,1664.1591607,1496.4204037
XCME.WY5.30JUL25.113.C,INVALID,.0069999,113,C,0,,1968.0831758,1778.0712004
XCME.WY5.30JUL25.112:25.P,.8906250,.9218750,112.2500000,P,.8984346,,1531.4207314,1312.7619584
