Key,BID,ASK,STRIKE,ITYPE,ADJTHEOR,IVBID,IVASK,IVAVERAGE
XCME.ZN.SEP25,111.1250000,111.1406250,INVALID,F,,,,
XCME.ZN1.01AUG25.111:25.C,.2343750,.2656250,111.2500000,C,.1948583,765.7347729,849.0628663,807.4253943
XCME.ZN1.01AUG25.110:25.C,.9062500,.9375000,110.2500000,C,.8964764,685.7906303,855.5047179,777.3280461
XCME.ZN1.01AUG25.112:75.C,.0069999,.0156250,112.7500000,C,.0021030,854.1038274,981.0604009,925.0440511
XCME.ZN1.01AUG25.111:75.C,.0781250,.0937500,111.7500000,C,.0499744,758.4901636,816.5037997,787.8662086
