Key,BID,ASK,STRIKE,ITYPE,ADJTHEOR,IVBID,IVASK,IVAVERAGE
XCME.ZN.SEP25,111.1718750,111.1875000,INVALID,F,,,,
XCME.ZN1.01AUG25.110:5.P,.0781250,.0937500,110.5000000,P,.0437456,765.9994797,823.6674713,795.1997625
XCME.ZN1.01AUG25.112:25.C,.0312500,.0468750,112.2500000,C,.0102331,824.6271496,918.4245655,873.6670397
XCME.ZN1.01AUG25.112.P,.8906250,.9218750,112,P,.8726958,742.9999922,886.8175417,818.5552446
