Key,BID,ASK,STRIKE,ITYPE,ADJTHEOR,IVBID,IVASK,IVAVERAGE
XCME.ZN.SEP25,111.3125000,111.3281250,INVALID,F,,,,
XCME.WY5.30JUL25.112:25.P,.9062500,.9531250,112.2500000,P,.9218739,,,1802.4105413
XCME.WY5.30JUL25.112.C,.0069999,.0156250,112,C,.0000017,1118.3708380,1330.8449785,1235.6010845
XCME.WY5.30JUL25.110:25.C,1.0625000,1.0937500,110.2500000,C,1.0781242,,1934.5195148,1510.4166090
