Key,BID,ASK,STRIKE,ITYPE,ADJTHEOR,IVBID,IVASK,IVAVERAGE
XCME.ZN.SEP25,111.3437500,111.3593750,INVALID,F,,,,
XCME.ZN1.01AUG25.111.C,.5312500,.5468750,111,C,.4561213,854.2647151,896.5422642,875.4403504
XCME.ZN1.01AUG25.113.P,1.6562500,1.6875000,113,P,1.6702812,,1005.7918430,857.8618366
XCME.ZN1.01AUG25.110.C,1.3437500,1.3750000,110,C,1.3364730,751.8765271,1004.1349442,898.3873750
