Key,BID,ASK,STRIKE,ITYPE,ADJTHEOR,IVBID,IVASK,IVAVERAGE
XCME.ZN.SEP25,111.0625000,111.0781250,INVALID,F,,,,
XCME.ZN1.01AUG25.112.C,.0312500,.0468750,112,C,.0177882,734.3615404,822.0496315,780.0878499
XCME.ZN1.01AUG25.112:5.C,.0069999,.0156250,112.5000000,C,.0035955,760.1138028,876.3578404,824.9297929
XCME.ZN1.01AUG25.112:25.P,1.1875000,1.2187500,112.2500000,P,1.1836397,705.3049660,949.7370273,846.6577791
