Key,BID,ASK,STRIKE,ITYPE,ADJTHEOR,IVBID,IVASK,IVAVERAGE
XCME.ZN.SEP25,111.3906250,111.4062500,INVALID,F,,,,
XCME.ZN1.01AUG25.112:5.C,.0312500,.0468750,112.5000000,C,.0110389,814.2826749,907.0690215,862.7768896
XCME.ZN1.01AUG25.112:25.P,.9062500,.9375000,112.2500000,P,.8697115,827.1996307,954.9479628,893.2103977
XCME.ZN1.01AUG25.111:5.C,.2812500,.2968750,111.5000000,C,.2139123,833.8022611,874.0200260,853.9142287
