Key,BID,ASK,STRIKE,ITYPE,ADJTHEOR,IVBID,IVASK,IVAVERAGE
XCME.ZN.SEP25,111.1093750,111.1250000,INVALID,F,,,,
XCME.ZN1.01AUG25.110.P,.0156250,.0312500,110,P,.0066337,725.5627551,849.8297971,793.0355926
XCME.ZN1.01AUG25.111:75.P,.6875000,.7187500,111.7500000,P,.6838414,659.8156455,786.3287728,725.4383596
XCME.ZN1.01AUG25.112:75.P,1.6250000,1.6562500,112.7500000,P,1.6383425,,1036.8578394,883.6227282
