Key,BID,ASK,STRIKE,ITYPE,ADJTHEOR,IVBID,IVASK,IVAVERAGE
XCME.ZN.SEP25,111.1250000,111.1406250,INVALID,F,,,,
XCME.ZN1.01AUG25.111:25.P,.3593750,.3906250,111.2500000,P,.3155459,777.2471772,860.5464920,818.9222996
XCME.ZN1.01AUG25.112:5.P,1.3750000,1.4062500,112.5000000,P,1.3745449,688.5255137,900.6578239,816.6275667
XCME.ZN1.01AUG25.111:5.P,.5156250,.5468750,111.5000000,P,.4762446,773.8801264,820.2549455,797.1466580
