Key,BID,ASK,STRIKE,ITYPE,ADJTHEOR,IVBID,IVASK,IVAVERAGE
XCME.ZN.SEP25,111.3593750,111.3750000,INVALID,F,,,,
XCME.WY5.30JUL25.110:5.C,.8593750,.8906250,110.5000000,C,.8707159,,1366.4818670,1133.0794612
XCME.WY5.30JUL25.111:75.C,.0312500,.0625000,111.7500000,C,.0057090,857.3980567,1118.7107122,994.6587564
XCME.WY5.30JUL25.112:75.P,1.3750000,1.4062500,112.7500000,P,1.3793124,,,1850.9542953
XCME.WY5.30JUL25.110:25.P,INVALID,.0069999,110.2500000,P,.0000011,,1354.7138791,1213.0136042
