Key,BID,ASK,STRIKE,ITYPE,ADJTHEOR,IVBID,IVASK,IVAVERAGE
XCME.ZN.SEP25,111.2656250,111.2812500,INVALID,F,,,,
XCME.ZN1.01AUG25.111:75.C,.1406250,.1718750,111.7500000,C,.0777429,853.8646307,948.3864741,901.5227792
XCME.ZN1.01AUG25.110:5.C,.8281250,.8750000,110.5000000,C,.7844147,820.9410490,995.2972778,911.1814226
XCME.ZN1.01AUG25.110:75.C,.6406250,.6718750,110.7500000,C,.5752027,848.7347439,943.8662250,896.7216727
