Key,BID,ASK,STRIKE,ITYPE,ADJTHEOR,IVBID,IVASK,IVAVERAGE
XCME.ZN.SEP25,111.4218750,111.4375000,INVALID,F,,,,
XCME.ZN1.01AUG25.112.C,.1250000,.1406250,112,C,.0632662,858.8392312,908.2721487,883.7079796
XCME.ZN1.01AUG25.112:5.C,.0312500,.0468750,112.5000000,C,.0120072,799.3255588,890.9038612,847.1713138
XCME.ZN1.01AUG25.112:25.P,.8750000,.9062500,112.2500000,P,.8521298,759.3284276,892.5749998,828.7089319
