Key,BID,ASK,STRIKE,ITYPE,ADJTHEOR,IVBID,IVASK,IVAVERAGE
XCME.ZN.SEP25,111.0625000,111.0781250,INVALID,F,,,,
XCME.ZN1.01AUG25.110.P,.0156250,.0312500,110,P,.0081063,698.9065081,820.2920942,764.7416895
XCME.ZN1.01AUG25.111:75.P,.7500000,.7812500,111.7500000,P,.7362920,708.1475743,839.4391623,776.3445484
XCME.ZN1.01AUG25.112:75.P,1.6875000,1.7031250,112.7500000,P,1.7005017,,833.5799575,636.7861662
