Key,BID,ASK,STRIKE,ITYPE,ADJTHEOR,IVBID,IVASK,IVAVERAGE
XCME.ZN.SEP25,111.3593750,111.3750000,INVALID,F,,,,
XCME.ZN1.01AUG25.111.C,.5312500,.5625000,111,C,.4973401,732.6428065,812.9991654,773.0252674
XCME.ZN1.01AUG25.113.P,1.6250000,1.6562500,113,P,1.6378885,,947.0613159,828.9940410
XCME.ZN1.01AUG25.110.C,1.3750000,1.4062500,110,C,1.3731440,667.2204236,928.2002063,823.5303024
XCME.ZN1.01AUG25.111:25.P,.2656250,.2968750,111.2500000,P,.2269049,748.1141628,821.6939516,784.9207425
XCME.ZN1.01AUG25.112:5.P,1.1562500,1.1875000,112.5000000,P,1.1482573,711.9527061,886.4919262,807.4197343
