Key,BID,ASK,STRIKE,ITYPE,ADJTHEOR,IVBID,IVASK,IVAVERAGE
XCME.ZN.SEP25,111.4062500,111.4218750,INVALID,F,,,,
XCME.ZN1.01AUG25.111.C,.5625000,.5937500,111,C,.5080320,804.8051735,894.8686089,850.1269425
XCME.ZN1.01AUG25.113.P,1.5937500,1.6093750,113,P,1.5923189,755.6513675,980.8308200,892.1100083
XCME.ZN1.01AUG25.110.C,1.4218750,1.4375000,110,C,1.4133619,799.9062197,952.6935055,885.1035519
