Key,BID,ASK,STRIKE,ITYPE,ADJTHEOR,IVBID,IVASK,IVAVERAGE
XCME.ZN.SEP25,111.3593750,111.3750000,INVALID,F,,,,
XCME.WY5.30JUL25.111.P,.0312500,.0625000,111,P,.0066415,861.7005854,1126.7783056,1000.8185407
XCME.ZN1.01AUG25.110:75.P,.0937500,.1250000,110.7500000,P,.0557205,765.3653235,867.7786213,817.4638400
XCME.ZN1.01AUG25.110:25.P,.0312500,.0468750,110.2500000,P,.0092304,801.2183136,891.9367992,848.6376546
