Key,BID,ASK,STRIKE,ITYPE,ADJTHEOR,IVBID,IVASK,IVAVERAGE
XCME.ZN.SEP25,111.3437500,111.3593750,INVALID,F,,,,
XCME.ZN1.01AUG25.110:5.P,.0468750,.0781250,110.5000000,P,.0222109,828.6132155,894.8969339,862.4086614
XCME.ZN1.01AUG25.112:25.C,.0468750,.0781250,112.2500000,C,.0200855,800.0361348,942.7387537,874.7340782
XCME.ZN1.01AUG25.112.P,.7500000,.7812500,112,P,.7073830,867.9956267,921.4698173,894.9630953
