Key,BID,ASK,STRIKE,ITYPE,ADJTHEOR,IVBID,IVASK,IVAVERAGE
XCME.ZN.SEP25,111.1250000,111.1406250,INVALID,F,,,,
XCME.ZN1.01AUG25.111:25.C,.2343750,.2656250,111.2500000,C,.1978404,757.5947963,840.8257413,799.2345107
XCME.ZN1.01AUG25.110:25.C,.9062500,.9375000,110.2500000,C,.9030186,640.7048007,742.7973320,695.1460493
XCME.ZN1.01AUG25.112:75.C,.0069999,.0156250,112.7500000,C,.0021711,850.9344136,977.6666459,921.6213272
XCME.ZN1.01AUG25.111:75.C,.0781250,.0937500,111.7500000,C,.0510756,753.2803431,811.1141683,782.5577578
