Key,BID,ASK,STRIKE,ITYPE,ADJTHEOR,IVBID,IVASK,IVAVERAGE
XCME.ZN.SEP25,111.3906250,111.4062500,INVALID,F,,,,
XCME.ZN1.01AUG25.110:25.C,1.1562500,1.1875000,110.2500000,C,1.1580268,601.7921086,812.2630115,723.4400243
XCME.ZN1.01AUG25.112:75.C,.0156250,.0312500,112.7500000,C,.0100738,732.9105231,851.5928129,797.5382971
XCME.ZN1.01AUG25.111:75.P,.5312500,.5625000,111.7500000,P,.4992569,735.0670075,812.5977027,774.0009937
XCME.ZN1.01AUG25.110.P,.0156250,.0312500,110,P,.0064500,750.8569392,871.1099443,816.3392261
