Key,BID,ASK,STRIKE,ITYPE,ADJTHEOR,IVBID,IVASK,IVAVERAGE
XCME.ZN.SEP25,111.0312500,111.0468750,INVALID,F,,,,
XCME.WY5.30JUL25.110.C,1.0312500,1.0625000,110,C,1.0468750,,,
XCME.WY5.30JUL25.112:5.P,1.4375000,1.4687500,112.5000000,P,1.4531249,,,
XCME.WY5.30JUL25.111:5.P,.4375000,.4687500,111.5000000,P,.4531250,,,
