Key,BID,ASK,STRIKE,ITYPE,ADJTHEOR,IVBID,IVASK,IVAVERAGE
XCME.ZN.SEP25,111.1718750,111.1875000,INVALID,F,,,,
XCME.WY5.30JUL25.111:25.C,.0781250,.1093750,111.2500000,C,.0370167,896.4044921,1148.7195718,1023.0658349
XCME.WY5.30JUL25.111:5.C,.0156250,.0312500,111.5000000,C,.0018896,865.2937096,1081.6790454,980.3098816
XCME.WY5.30JUL25.110.C,1.1562500,1.1875000,110,C,1.1675624,,,1980.0943744
XCME.WY5.30JUL25.112:5.P,1.3125000,1.3437500,112.5000000,P,1.3324374,,,
