Key,BID,ASK,STRIKE,ITYPE,ADJTHEOR,IVBID,IVASK,IVAVERAGE
XCME.ZN.SEP25,111.1718750,111.1875000,INVALID,F,,,,
XCME.ZN1.01AUG25.111.P,.2187500,.2500000,111,P,.1811312,754.8697796,837.5335167,796.2482358
XCME.ZN1.01AUG25.113.C,INVALID,.0156250,113,C,.0016642,,1068.6861995,949.9838211
XCME.ZN1.01AUG25.112.C,.0468750,.0625000,112,C,.0250830,761.6804369,834.7749878,799.2147526
