Key,BID,ASK,STRIKE,ITYPE,ADJTHEOR,IVBID,IVASK,IVAVERAGE
XCME.ZN.SEP25,111.3593750,111.3750000,INVALID,F,,,,
XCME.ZN1.01AUG25.111.P,.1718750,.1875000,111,P,.1179625,792.9968876,835.1616077,814.1334407
XCME.ZN1.01AUG25.113.C,.0069999,.0156250,113,C,.0037170,795.6807479,913.9810673,861.6909044
XCME.ZN1.01AUG25.112.C,.0937500,.1250000,112,C,.0602889,763.3358586,864.8533282,814.9922118
