Key,BID,ASK,STRIKE,ITYPE,ADJTHEOR,IVBID,IVASK,IVAVERAGE
XCME.ZN.SEP25,111.1093750,111.1250000,INVALID,F,,,,
XCME.ZN1.01AUG25.111:5.C,.1562500,.1718750,111.5000000,C,.1051453,806.7163218,852.1671899,829.5110275
XCME.ZN1.01AUG25.111.C,.3593750,.3906250,111,C,.3159742,770.9853303,852.9897971,812.0107156
XCME.ZN1.01AUG25.113.P,1.8750000,1.9062500,113,P,1.8843385,,1180.2900594,1038.1340339
