Key,BID,ASK,STRIKE,ITYPE,ADJTHEOR,IVBID,IVASK,IVAVERAGE
XCME.ZN.SEP25,111.0625000,111.0781250,INVALID,F,,,,
XCME.ZN1.01AUG25.110:5.P,.0781250,.1093750,110.5000000,P,.0528222,787.0046166,841.7678628,814.6530622
XCME.ZN1.01AUG25.112:25.C,.0156250,.0312500,112.2500000,C,.0067213,764.6007943,892.8763500,834.2844823
XCME.ZN1.01AUG25.112.P,.9531250,.9843750,112,P,.9426261,813.3531662,893.5783921,854.6948325
