Key,BID,ASK,STRIKE,ITYPE,ADJTHEOR,IVBID,IVASK,IVAVERAGE
XCME.ZN.SEP25,111.1250000,111.1406250,INVALID,F,,,,
XCME.ZN1.01AUG25.110.P,.0156250,.0312500,110,P,.0065906,726.4849630,850.1854752,793.6956554
XCME.ZN1.01AUG25.111:75.P,.7031250,.7343750,111.7500000,P,.6669934,783.7182904,891.9452248,838.8380132
XCME.ZN1.01AUG25.112:75.P,1.6250000,1.6406250,112.7500000,P,1.6161297,908.1446162,1195.4400022,1075.6968612
