Key,BID,ASK,STRIKE,ITYPE,ADJTHEOR,IVBID,IVASK,IVAVERAGE
XCME.ZN.SEP25,111.0781250,111.0937500,INVALID,F,,,,
XCME.WY5.30JUL25.111:25.P,.2031250,.2343750,111.2500000,P,.1833915,801.5404149,1127.9077753,969.9944533
XCME.WY5.30JUL25.113.P,1.9062500,1.9375000,113,P,1.9218750,,,
XCME.WY5.30JUL25.112.P,.9062500,.9375000,112,P,.9218749,,,1593.4118947
