Key,BID,ASK,STRIKE,ITYPE,ADJTHEOR,IVBID,IVASK,IVAVERAGE
XCME.ZN.SEP25,111.0937500,111.1093750,INVALID,F,,,,
XCME.WY5.30JUL25.110.C,1.0781250,1.1093750,110,C,1.0937499,,,1877.9255435
XCME.WY5.30JUL25.112:5.P,1.3906250,1.4218750,112.5000000,P,1.4062500,,,
XCME.WY5.30JUL25.111:5.P,.4062500,.4375000,111.5000000,P,.4064337,.9900000,1396.2325575,1205.3340751
