Key,BID,ASK,STRIKE,ITYPE,ADJTHEOR,IVBID,IVASK,IVAVERAGE
XCME.ZN.SEP25,111.0781250,111.0937500,INVALID,F,,,,
XCME.ZN1.01AUG25.110:5.C,.6718750,.7031250,110.5000000,C,.6346213,772.7283797,827.8533639,800.5731082
XCME.ZN1.01AUG25.110:75.C,.4843750,.5156250,110.7500000,C,.4462196,758.9464902,849.4182516,804.4234019
XCME.ZN1.01AUG25.111.P,.2500000,.2812500,111,P,.2107076,803.4798489,844.8599363,824.1727548
XCME.ZN1.01AUG25.113.C,INVALID,.0156250,113,C,.0012583,,1125.2040090,1001.3192218
