Key,BID,ASK,STRIKE,ITYPE,ADJTHEOR,IVBID,IVASK,IVAVERAGE
XCME.ZN.SEP25,111.3906250,111.4062500,INVALID,F,,,,
XCME.ZN1.01AUG25.110.P,.0069999,.0312500,110,P,.0027559,736.5373604,985.6577921,884.9889143
XCME.ZN1.01AUG25.111:75.P,.5312500,.5625000,111.7500000,P,.4634822,847.6572467,934.0477594,891.0156922
XCME.ZN1.01AUG25.112:75.P,1.3593750,1.3906250,112.7500000,P,1.3489287,951.5391799,1053.5092286,1004.9355761
