Key,BID,ASK,STRIKE,ITYPE,ADJTHEOR,IVBID,IVASK,IVAVERAGE
XCME.ZN.SEP25,111.0625000,111.0781250,INVALID,F,,,,
XCME.WY5.30JUL25.111:25.P,.2187500,.2500000,111.2500000,P,.1949579,835.7312911,1144.1514809,994.4060050
XCME.WY5.30JUL25.113.P,1.9218750,1.9531250,113,P,1.9331875,,,
XCME.WY5.30JUL25.112.P,.9218750,.9531250,112,P,.9331872,,,1731.3946659
