Key,BID,ASK,STRIKE,ITYPE,ADJTHEOR,IVBID,IVASK,IVAVERAGE
XCME.ZN.SEP25,111.3281250,111.3437500,INVALID,F,,,,
XCME.WY5.30JUL25.110:5.P,INVALID,.0156250,110.5000000,P,.0000288,,1311.9873832,1137.4527442
XCME.WY5.30JUL25.110:5.C,.8437500,.8593750,110.5000000,C,.8480913,,1223.8674867,1126.0483934
XCME.WY5.30JUL25.111:75.C,.0312500,.0468750,111.7500000,C,.0037622,924.0376959,1069.1680363,998.9848855
