Key,BID,ASK,STRIKE,ITYPE,ADJTHEOR,IVBID,IVASK,IVAVERAGE
XCME.ZN.SEP25,111.3437500,111.3593750,INVALID,F,,,,
XCME.WY5.30JUL25.111.C,.3906250,.4062500,111,C,.3515789,835.9773520,1099.1798373,973.9109067
XCME.WY5.30JUL25.111:75.P,.4218750,.4531250,111.7500000,P,.4098409,930.6157528,1076.2497006,1005.8328482
XCME.WY5.30JUL25.112:25.C,INVALID,.0069999,112.2500000,C,0,,1183.0245017,1055.7202461
XCME.WY5.30JUL25.110:5.P,INVALID,.0156250,110.5000000,P,.0000306,,1306.7557879,1132.6728483
