Key,BID,ASK,STRIKE,ITYPE,ADJTHEOR,IVBID,IVASK,IVAVERAGE
XCME.ZN.SEP25,111.1718750,111.1875000,INVALID,F,,,,
XCME.ZN1.01AUG25.111:5.C,.1718750,.1875000,111.5000000,C,.1234482,794.6434610,838.6265312,816.6853904
XCME.ZN1.01AUG25.111.C,.3906250,.4218750,111,C,.3505361,761.3226846,844.3342105,802.8841258
XCME.ZN1.01AUG25.113.P,1.8125000,1.8437500,113,P,1.8255242,,1254.8401248,1065.8437124
