Key,BID,ASK,STRIKE,ITYPE,ADJTHEOR,IVBID,IVASK,IVAVERAGE
XCME.ZN.SEP25,111.3437500,111.3593750,INVALID,F,,,,
XCME.ZN1.01AUG25.111:25.C,.3750000,.4062500,111.2500000,C,.3261563,776.2760743,852.2377849,814.2697452
XCME.ZN1.01AUG25.110:25.C,1.1250000,1.1562500,110.2500000,C,1.1127805,720.6063686,899.2076206,818.2631419
XCME.ZN1.01AUG25.112:75.C,.0156250,.0312500,112.7500000,C,.0064087,798.1751269,926.0009943,867.7493547
XCME.ZN1.01AUG25.111:75.C,.1718750,.1875000,111.7500000,C,.1165493,805.8138088,847.8149707,826.8720028
XCME.ZN1.01AUG25.110:5.C,.9062500,.9375000,110.5000000,C,.8789315,751.7625587,877.2354125,816.9288793
