Key,BID,ASK,STRIKE,ITYPE,ADJTHEOR,IVBID,IVASK,IVAVERAGE
XCME.ZN.SEP25,111.0781250,111.0937500,INVALID,F,,,,
XCME.ZN1.01AUG25.111:5.P,.5468750,.5625000,111.5000000,P,.5040057,787.8438649,835.5461311,811.7946063
XCME.WY5.30JUL25.111:25.C,.0312500,.0468750,111.2500000,C,.0076799,912.3888297,1107.2614871,1011.8255918
XCME.WY5.30JUL25.111:5.C,INVALID,.0156250,111.5000000,C,.0000366,,1305.1439840,1100.1207320
