Key,BID,ASK,STRIKE,ITYPE,ADJTHEOR,IVBID,IVASK,IVAVERAGE
XCME.ZN.SEP25,111.3125000,111.3281250,INVALID,F,,,,
XCME.ZN1.01AUG25.111:75.C,.1562500,.1875000,111.7500000,C,.0952309,837.7776120,928.5757107,883.4638227
XCME.ZN1.01AUG25.110:5.C,.8750000,.9062500,110.5000000,C,.8477201,765.5248661,900.2807242,835.6875032
XCME.ZN1.01AUG25.110:75.C,.6875000,.7031250,110.7500000,C,.6314313,830.0439771,880.9087299,855.6557825
