Key,BID,ASK,STRIKE,ITYPE,ADJTHEOR,IVBID,IVASK,IVAVERAGE
XCME.ZN.SEP25,111.0156250,111.0312500,INVALID,F,,,,
XCME.ZN1.01AUG25.111:25.C,.1875000,.2031250,111.2500000,C,.1434181,785.6458033,830.4934196,808.0991325
XCME.ZN1.01AUG25.110:25.C,.7968750,.8281250,110.2500000,C,.7957353,720.5687803,799.8053941,761.4482384
XCME.ZN1.01AUG25.112:75.C,INVALID,.0156250,112.7500000,C,.0012978,,936.4638830,846.9096996
