Key,BID,ASK,STRIKE,ITYPE,ADJTHEOR,IVBID,IVASK,IVAVERAGE
XCME.ZN.SEP25,111.3125000,111.3281250,INVALID,F,,,,
XCME.WY5.30JUL25.111.P,.0468750,.0625000,111,P,.0105646,923.4941685,1047.9820949,986.8103338
XCME.ZN1.01AUG25.110:75.P,.1093750,.1250000,110.7500000,P,.0654135,780.9822180,830.5447105,805.9457250
XCME.ZN1.01AUG25.110:25.P,.0312500,.0468750,110.2500000,P,.0109252,776.1510115,865.4274167,822.7915557
