Key,BID,ASK,STRIKE,ITYPE,ADJTHEOR,IVBID,IVASK,IVAVERAGE
XCME.ZN.SEP25,111.0312500,111.0468750,INVALID,F,,,,
XCME.ZN1.01AUG25.112:5.C,.0069999,.0156250,112.5000000,C,.0022340,818.8436285,943.4520098,888.3210693
XCME.ZN1.01AUG25.112:25.P,1.2343750,1.2500000,112.2500000,P,1.2270294,,921.3131456,816.9388517
XCME.ZN1.01AUG25.111:5.C,.1093750,.1250000,111.5000000,C,.0721265,781.6261510,834.0822646,808.0233753
