Key,BID,ASK,STRIKE,ITYPE,ADJTHEOR,IVBID,IVASK,IVAVERAGE
XCME.ZN.SEP25,111.3593750,111.3750000,INVALID,F,,,,
XCME.WY5.30JUL25.113.C,INVALID,.0069999,113,C,.000,,1446.5020263,1306.5835607
XCME.WY5.30JUL25.112:25.P,.8750000,.9062500,112.2500000,P,.8864681,,1078.1694997,895.5214911
XCME.WY5.30JUL25.112.C,.0069999,.0312500,112,C,.0020035,662.6675394,948.7127152,829.4517977
XCME.WY5.30JUL25.110:25.C,1.1093750,1.1406250,110.2500000,C,1.1137584,,1377.5202463,1213.1242985
