Key,BID,ASK,STRIKE,ITYPE,ADJTHEOR,IVBID,IVASK,IVAVERAGE
XCME.ZN.SEP25,111.4218750,111.4375000,INVALID,F,,,,
XCME.ZN1.01AUG25.112.C,.1093750,.1406250,112,C,.0632662,808.0512865,908.2721487,858.8392311
XCME.ZN1.01AUG25.112:5.C,.0312500,.0468750,112.5000000,C,.0120072,799.3255587,890.9038620,847.1713133
XCME.ZN1.01AUG25.112:25.P,.8750000,.9062500,112.2500000,P,.8521298,828.7089318,892.5749996,861.2144112
