Key,BID,ASK,STRIKE,ITYPE,ADJTHEOR,IVBID,IVASK,IVAVERAGE
XCME.ZN.SEP25,111.2656250,111.2812500,INVALID,F,,,,
XCME.ZN1.01AUG25.110:5.P,.0625000,.0937500,110.5000000,P,.0309137,770.7418973,834.9163605,803.4277049
XCME.ZN1.01AUG25.112:25.C,.0468750,.0625000,112.2500000,C,.0146030,855.0418090,932.6358423,894.9459970
XCME.ZN1.01AUG25.112.P,.7968750,.8281250,112,P,.7823794,712.1570287,843.4749304,780.4967579
