Key,BID,ASK,STRIKE,ITYPE,ADJTHEOR,IVBID,IVASK,IVAVERAGE
XCME.ZN.SEP25,111.3906250,111.4062500,INVALID,F,,,,
XCME.ZN1.01AUG25.111:25.C,.4062500,.4218750,111.2500000,C,.3390723,829.6547053,869.9636949,849.8167084
XCME.ZN1.01AUG25.110:25.C,1.1562500,1.1875000,110.2500000,C,1.1555001,629.8094219,888.4327920,783.8356931
XCME.ZN1.01AUG25.112:75.C,.0156250,.0312500,112.7500000,C,.0052532,816.6111754,948.9731790,888.6645117
XCME.ZN1.01AUG25.111:75.C,.1875000,.2031250,111.7500000,C,.1190058,848.9782770,892.1270191,870.5965799
