Key,BID,ASK,STRIKE,ITYPE,ADJTHEOR,IVBID,IVASK,IVAVERAGE
XCME.ZN.SEP25,111.2812500,111.2968750,INVALID,F,,,,
XCME.WY5.30JUL25.112:75.P,1.4531250,1.4843750,112.7500000,P,1.4687500,,,
XCME.WY5.30JUL25.110:25.P,INVALID,.0069999,110.2500000,P,0,,1666.2499551,1491.0545485
XCME.WY5.30JUL25.110:75.P,.0156250,.0312500,110.7500000,P,.0001064,1169.4719493,1419.0744966,1303.3147687
