Key,BID,ASK,STRIKE,ITYPE,ADJTHEOR,IVBID,IVASK,IVAVERAGE
XCME.ZN.SEP25,111.3593750,111.3750000,INVALID,F,,,,
XCME.ZN1.01AUG25.110:5.C,.9062500,.9375000,110.5000000,C,.8853696,736.9089599,878.6217173,811.3437024
XCME.ZN1.01AUG25.110:75.C,.7031250,.7343750,110.7500000,C,.6665930,764.3593047,869.6984235,818.0061739
XCME.ZN1.01AUG25.111.P,.1718750,.1875000,111,P,.1127868,812.9825959,856.4792658,834.7853490
XCME.ZN1.01AUG25.113.C,.0069999,.0156250,113,C,.0027958,826.2283808,948.8498331,894.6694117
