Key,BID,ASK,STRIKE,ITYPE,ADJTHEOR,IVBID,IVASK,IVAVERAGE
XCME.ZN.SEP25,111.3437500,111.3593750,INVALID,F,,,,
XCME.WY5.30JUL25.112:75.P,1.3906250,1.4218750,112.7500000,P,1.3984374,,,1762.7117280
XCME.WY5.30JUL25.110:25.P,INVALID,.0069999,110.2500000,P,.0000008,,1319.6849472,1181.0291866
XCME.WY5.30JUL25.110:75.P,.0156250,.0312500,110.7500000,P,.0006945,965.4467849,1163.3847561,1071.8748937
