Key,BID,ASK,STRIKE,ITYPE,ADJTHEOR,IVBID,IVASK,IVAVERAGE
XCME.ZN.SEP25,111.0625000,111.0781250,INVALID,F,,,,
XCME.ZN1.01AUG25.112:5.C,.0069999,.0156250,112.5000000,C,.0029566,783.5732534,903.0309685,850.1876839
XCME.ZN1.01AUG25.112:25.P,1.1875000,1.2187500,112.2500000,P,1.2050185,,816.7826923,687.8709083
XCME.ZN1.01AUG25.111:5.C,.1250000,.1406250,111.5000000,C,.0833263,788.1467584,837.3442772,812.8748584
