Key,BID,ASK,STRIKE,ITYPE,ADJTHEOR,IVBID,IVASK,IVAVERAGE
XCME.ZN.SEP25,111.0937500,111.1093750,INVALID,F,,,,
XCME.ZN1.01AUG25.111:75.C,.0781250,.0937500,111.7500000,C,.0477405,767.3865532,825.2689917,796.7055013
XCME.ZN1.01AUG25.110:5.C,.6875000,.7031250,110.5000000,C,.6525452,763.4763469,871.9369845,818.7632127
XCME.ZN1.01AUG25.110:75.C,.5000000,.5312500,110.7500000,C,.4625924,800.5759495,845.2888330,822.9918993
