Key,BID,ASK,STRIKE,ITYPE,ADJTHEOR,IVBID,IVASK,IVAVERAGE
XCME.ZN.SEP25,111.4062500,111.4218750,INVALID,F,,,,
XCME.ZN1.01AUG25.111:5.P,.3750000,.3906250,111.5000000,P,.3026369,845.5971983,885.5620405,865.5817569
XCME.WY5.30JUL25.111:25.C,.2656250,.2812500,111.2500000,C,.1914712,1152.4443183,1267.0308777,1209.9314221
XCME.WY5.30JUL25.111:5.C,.1250000,.1562500,111.5000000,C,.0463200,1112.4134174,1329.4686868,1221.1055979
