Key,BID,ASK,STRIKE,ITYPE,ADJTHEOR,IVBID,IVASK,IVAVERAGE
XCME.ZN.SEP25,111.3281250,111.3437500,INVALID,F,,,,
XCME.ZN1.01AUG25.111:75.C,.1562500,.1875000,111.7500000,C,.1082085,790.4048910,877.0853442,834.0093509
XCME.ZN1.01AUG25.110:5.C,.8906250,.9218750,110.5000000,C,.8658468,744.4777714,874.5128082,812.2028070
XCME.ZN1.01AUG25.110:75.C,.6875000,.7187500,110.7500000,C,.6507314,757.6310227,857.4019359,808.3142222
