Key,BID,ASK,STRIKE,ITYPE,ADJTHEOR,IVBID,IVASK,IVAVERAGE
XCME.ZN.SEP25,111.3437500,111.3593750,INVALID,F,,,,
XCME.ZN1.01AUG25.110:5.C,.9062500,.9218750,110.5000000,C,.8805762,749.5303432,817.2169005,784.1800794
XCME.ZN1.01AUG25.110:75.C,.7031250,.7343750,110.7500000,C,.6644716,763.9597137,863.7046304,814.6429192
XCME.ZN1.01AUG25.111.P,.1718750,.2031250,111,P,.1225625,780.3107415,863.9998866,822.3450141
XCME.ZN1.01AUG25.113.C,.0069999,.0156250,113,C,.0035343,804.6162981,923.6340947,871.0672560
