Key,BID,ASK,STRIKE,ITYPE,ADJTHEOR,IVBID,IVASK,IVAVERAGE
XCME.ZN.SEP25,111.0625000,111.0781250,INVALID,F,,,,
XCME.ZN1.01AUG25.111:5.P,.5468750,.5781250,111.5000000,P,.5107487,766.5307311,861.4248982,814.3772739
XCME.WY5.30JUL25.111:25.C,.0312500,.0625000,111.2500000,C,.0101619,836.5116187,1013.8795013,927.0364378
XCME.WY5.30JUL25.111:5.C,.0069999,.0156250,111.5000000,C,.0001054,979.4311693,1189.9718123,1094.6533812
