Key,BID,ASK,STRIKE,ITYPE,ADJTHEOR,IVBID,IVASK,IVAVERAGE
XCME.ZN.SEP25,111.1562500,111.1718750,INVALID,F,,,,
XCME.ZN1.01AUG25.110.P,.0156250,.0312500,110,P,.0056842,745.7823705,870.9404072,813.7623092
XCME.ZN1.01AUG25.111:75.P,.6718750,.6875000,111.7500000,P,.6345093,782.4145290,886.5732091,835.3144770
XCME.ZN1.01AUG25.112:75.P,1.5625000,1.5937500,112.7500000,P,1.5765088,,987.2288017,839.6145941
