Key,BID,ASK,STRIKE,ITYPE,ADJTHEOR,IVBID,IVASK,IVAVERAGE
XCME.ZN.SEP25,111.0156250,111.0312500,INVALID,F,,,,
XCME.ZN1.01AUG25.111:25.C,.1875000,.2031250,111.2500000,C,.1491501,768.6525349,813.2992952,791.0027501
XCME.ZN1.01AUG25.110:25.C,.8125000,.8437500,110.2500000,C,.8099453,636.3819179,810.7318190,730.8626403
XCME.ZN1.01AUG25.112:75.C,INVALID,.0069999,112.7500000,C,.0013298,,929.5792782,840.4954635
XCME.ZN1.01AUG25.111:75.C,.0468750,.0625000,111.7500000,C,.0320522,719.1424678,791.8295250,756.4073524
