Key,BID,ASK,STRIKE,ITYPE,ADJTHEOR,IVBID,IVASK,IVAVERAGE
XCME.ZN.SEP25,111.3125000,111.3281250,INVALID,F,,,,
XCME.ZN1.01AUG25.112:5.C,.0312500,.0468750,112.5000000,C,.0077497,870.6386346,967.1560631,921.1053875
XCME.ZN1.01AUG25.112:25.P,.9687500,1,112.2500000,P,.9549265,734.8166536,895.9425626,820.8764846
XCME.ZN1.01AUG25.111:5.C,.2500000,.2812500,111.5000000,C,.1738348,861.2162248,943.3603156,902.3298548
