Key,BID,ASK,STRIKE,ITYPE,ADJTHEOR,IVBID,IVASK,IVAVERAGE
XCME.ZN.SEP25,111.0781250,111.0937500,INVALID,F,,,,
XCME.WY5.30JUL25.112.C,INVALID,.0069999,112,C,0,,,1960.6125325
XCME.WY5.30JUL25.110:25.C,.8281250,.8593750,110.2500000,C,.8402499,,,
XCME.WY5.30JUL25.110:75.C,.3281250,.3593750,110.7500000,C,.3404186,862.2287458,1590.1867974,1301.8532723
