Key,BID,ASK,STRIKE,ITYPE,ADJTHEOR,IVBID,IVASK,IVAVERAGE
XCME.ZN.SEP25,111.3281250,111.3437500,INVALID,F,,,,
XCME.ZN1.01AUG25.112.C,.0937500,.1093750,112,C,.0562269,781.0508012,833.5483584,807.5674514
XCME.ZN1.01AUG25.112:5.C,.0312500,.0468750,112.5000000,C,.0112398,813.0006340,904.1381224,860.6368305
XCME.ZN1.01AUG25.112:25.P,.9531250,.9843750,112.2500000,P,.9200568,811.1197711,939.1079071,877.4759149
