Key,BID,ASK,STRIKE,ITYPE,ADJTHEOR,IVBID,IVASK,IVAVERAGE
XCME.ZN.SEP25,111.3750000,111.3906250,INVALID,F,,,,
XCME.ZN1.01AUG25.112:75.P,1.3750000,1.4062500,112.7500000,P,1.3686320,777.2570368,1036.0699100,927.5880072
XCME.ZN1.01AUG25.110:5.P,.0468750,.0625000,110.5000000,P,.0190680,779.7258851,853.1759956,817.4901617
XCME.ZN1.01AUG25.112:25.C,.0625000,.0781250,112.2500000,C,.0244344,838.3337735,904.6879192,872.1399261
XCME.ZN1.01AUG25.112.P,.7187500,.7500000,112,P,.6693625,825.6816354,928.4998013,877.8535205
