Key,BID,ASK,STRIKE,ITYPE,ADJTHEOR,IVBID,IVASK,IVAVERAGE
XCME.ZN.SEP25,111.1562500,111.1718750,INVALID,F,,,,
XCME.WY5.30JUL25.110:75.P,.0069999,.0156250,110.7500000,P,.0007795,818.5955063,997.0544518,916.1834593
XCME.WY5.30JUL25.110.P,INVALID,.0069999,110,P,0,,1911.5191131,1715.4515197
XCME.WY5.30JUL25.113.C,INVALID,.0069999,113,C,0,,,
