Key,BID,ASK,STRIKE,ITYPE,ADJTHEOR,IVBID,IVASK,IVAVERAGE
XCME.ZN.SEP25,111.0625000,111.0781250,INVALID,F,,,,
XCME.ZN1.01AUG25.111:75.C,.0781250,.0937500,111.7500000,C,.0414908,798.4546228,857.3795022,828.3154749
XCME.ZN1.01AUG25.110:5.C,.6562500,.6718750,110.5000000,C,.6178241,715.3632734,874.2399292,796.9183086
XCME.ZN1.01AUG25.110:75.C,.4843750,.5000000,110.7500000,C,.4333977,748.0909090,836.0938763,792.2923032
