Key,BID,ASK,STRIKE,ITYPE,ADJTHEOR,IVBID,IVASK,IVAVERAGE
XCME.ZN.SEP25,111.0468750,111.0625000,INVALID,F,,,,
XCME.WY5.30JUL25.110:5.P,INVALID,.0156250,110.5000000,P,.0000437,,1290.0937878,1100.2699187
XCME.WY5.30JUL25.110:5.C,.5312500,.5625000,110.5000000,C,.5391056,,,
XCME.WY5.30JUL25.111:75.C,INVALID,.0069999,111.7500000,C,.00,,1343.1201336,1188.8838086
