Key,BID,ASK,STRIKE,ITYPE,ADJTHEOR,IVBID,IVASK,IVAVERAGE
XCME.ZN.SEP25,111.3281250,111.3437500,INVALID,F,,,,
XCME.WY5.30JUL25.110:75.C,.5937500,.6250000,110.7500000,C,.5901498,736.1491132,1206.8576654,1023.1554067
XCME.WY5.30JUL25.112:75.C,INVALID,.0069999,112.7500000,C,0,,1643.7830864,1480.6821874
XCME.WY5.30JUL25.112:5.C,INVALID,.0069999,112.5000000,C,0,,1397.6770875,1254.3495853
