Key,BID,ASK,STRIKE,ITYPE,ADJTHEOR,IVBID,IVASK,IVAVERAGE
XCME.ZN.SEP25,111.3750000,111.3906250,INVALID,F,,,,
XCME.ZN1.01AUG25.110:75.P,.0937500,.1250000,110.7500000,P,.0668499,714.5506110,809.3566249,762.7944392
XCME.ZN1.01AUG25.110:25.P,.0312500,.0468750,110.2500000,P,.0134764,745.2578078,829.1302160,789.1100829
XCME.ZN1.01AUG25.112:75.P,1.3750000,1.4062500,112.7500000,P,1.3769223,652.1083995,907.1464935,804.7541394
XCME.ZN1.01AUG25.110:5.P,.0468750,.0625000,110.5000000,P,.0304621,694.5054122,759.9936081,728.1405951
