Key,BID,ASK,STRIKE,ITYPE,ADJTHEOR,IVBID,IVASK,IVAVERAGE
XCME.ZN.SEP25,111.3437500,111.3593750,INVALID,F,,,,
XCME.ZN1.01AUG25.112:5.C,.0312500,.0468750,112.5000000,C,.0096966,835.3127110,928.7953855,884.1769728
XCME.ZN1.01AUG25.112:25.P,.9531250,.9687500,112.2500000,P,.9243037,801.3170103,872.2613156,837.6889978
XCME.ZN1.01AUG25.111:5.C,.2656250,.2812500,111.5000000,C,.1925729,847.7179737,887.7395954,867.7357854
