Key,BID,ASK,STRIKE,ITYPE,ADJTHEOR,IVBID,IVASK,IVAVERAGE
XCME.ZN.SEP25,111.3593750,111.3750000,INVALID,F,,,,
XCME.WY5.30JUL25.111:25.P,.1093750,.1250000,111.2500000,P,.0328002,1150.0620312,1265.0412401,1207.6604929
XCME.WY5.30JUL25.113.P,1.6093750,1.6406250,113,P,1.6293124,,,
XCME.WY5.30JUL25.112.P,.6250000,.6562500,112,P,.6293343,,1440.9070329,1241.9892338
