Key,BID,ASK,STRIKE,ITYPE,ADJTHEOR,IVBID,IVASK,IVAVERAGE
XCME.ZN.SEP25,111.0625000,111.0781250,INVALID,F,,,,
XCME.WY5.30JUL25.111.C,.1406250,.1562500,111,C,.1003823,888.2453437,1141.7569697,1015.2384937
XCME.WY5.30JUL25.111:75.P,.6875000,.7187500,111.7500000,P,.6953133,,1687.3178244,1428.9938242
XCME.WY5.30JUL25.112:25.C,INVALID,.0069999,112.2500000,C,0,,,1806.2161003
XCME.WY5.30JUL25.110:5.P,INVALID,.0069999,110.5000000,P,.0000330,,1075.3140676,945.8524082
