Key,BID,ASK,STRIKE,ITYPE,ADJTHEOR,IVBID,IVASK,IVAVERAGE
XCME.ZN.SEP25,111.0937500,111.1093750,INVALID,F,,,,
XCME.ZN1.01AUG25.111:5.P,.5312500,.5625000,111.5000000,P,.4956971,764.1935516,858.5470968,811.7375382
XCME.WY5.30JUL25.111:25.C,.0468750,.0625000,111.2500000,C,.0103391,845.0524077,1205.4023385,1030.5972892
XCME.WY5.30JUL25.111:5.C,INVALID,.0156250,111.5000000,C,.0000815,1013.2479221,1233.8557576,1133.8962803
