Key,BID,ASK,STRIKE,ITYPE,ADJTHEOR,IVBID,IVASK,IVAVERAGE
XCME.ZN.SEP25,111.3593750,111.3750000,INVALID,F,,,,
XCME.WY5.30JUL25.112:75.P,1.3750000,1.4062500,112.7500000,P,1.3828124,,,1787.0305198
XCME.WY5.30JUL25.110:25.P,INVALID,.0069999,110.2500000,P,.0000010,,1367.7608971,1224.7587620
XCME.WY5.30JUL25.110:75.P,.0069999,.0312500,110.7500000,P,.0004874,844.3555786,1211.1857567,1058.1299885
