Key,BID,ASK,STRIKE,ITYPE,ADJTHEOR,IVBID,IVASK,IVAVERAGE
XCME.ZN.SEP25,111.1562500,111.1718750,INVALID,F,,,,
XCME.ZN1.01AUG25.111:25.P,.3437500,.3750000,111.2500000,P,.3003314,773.4722865,854.8448440,814.1706736
XCME.ZN1.01AUG25.112:5.P,1.3437500,1.3593750,112.5000000,P,1.3408023,,1012.6169461,863.1593303
XCME.ZN1.01AUG25.111:5.P,.5000000,.5156250,111.5000000,P,.4555459,783.9168247,828.2870861,806.1595480
