Key,BID,ASK,STRIKE,ITYPE,ADJTHEOR,IVBID,IVASK,IVAVERAGE
XCME.ZN.SEP25,111.3593750,111.3750000,INVALID,F,,,,
XCME.ZN1.01AUG25.111:5.C,.2656250,.2812500,111.5000000,C,.2127051,789.2563579,827.3539568,808.3109964
XCME.ZN1.01AUG25.111.C,.5312500,.5625000,111,C,.4897985,756.5685944,839.5483992,798.2689748
XCME.ZN1.01AUG25.113.P,1.6406250,1.6562500,113,P,1.6368815,799.5917781,977.9979841,902.3134293
XCME.ZN1.01AUG25.110.C,1.3593750,1.3906250,110,C,1.3720292,,850.3798529,739.8914077
XCME.ZN1.01AUG25.111:25.P,.2656250,.2968750,111.2500000,P,.2181248,772.5446118,848.5271712,810.5531339
