Key,BID,ASK,STRIKE,ITYPE,ADJTHEOR,IVBID,IVASK,IVAVERAGE
XCME.ZN.SEP25,111.3437500,111.3593750,INVALID,F,,,,
XCME.ZN1.01AUG25.110:5.P,.0468750,.0781250,110.5000000,P,.0228594,748.4719340,884.3458723,819.5377436
XCME.ZN1.01AUG25.112:25.C,.0468750,.0781250,112.2500000,C,.0252732,758.1378624,894.8073365,829.6539499
XCME.ZN1.01AUG25.112.P,.7343750,.7656250,112,P,.6894919,806.6143120,908.3642350,858.2978743
