Key,BID,ASK,STRIKE,ITYPE,ADJTHEOR,IVBID,IVASK,IVAVERAGE
XCME.ZN.SEP25,111.3437500,111.3593750,INVALID,F,,,,
XCME.ZN1.01AUG25.111:25.C,.3750000,.4062500,111.2500000,C,.3223852,788.3744308,827.2192945,807.8006789
XCME.ZN1.01AUG25.110:25.C,1.1250000,1.1406250,110.2500000,C,1.1149408,535.6693830,817.5956737,711.5309934
XCME.ZN1.01AUG25.112:75.C,.0156250,.0312500,112.7500000,C,.0056662,813.9376098,944.3430056,884.8968302
XCME.ZN1.01AUG25.111:75.C,.1562500,.1875000,111.7500000,C,.1126878,776.9069378,863.1511288,820.2851601
