Key,BID,ASK,STRIKE,ITYPE,ADJTHEOR,IVBID,IVASK,IVAVERAGE
XCME.ZN.SEP25,111.3281250,111.3437500,INVALID,F,,,,
XCME.ZN1.01AUG25.111:25.P,.2812500,.3125000,111.2500000,P,.2238417,800.7477262,878.4069254,839.5872738
XCME.ZN1.01AUG25.112:5.P,1.1718750,1.2031250,112.5000000,P,1.1711364,661.2161756,891.4151937,794.3041612
XCME.ZN1.01AUG25.111:5.P,.4062500,.4375000,111.5000000,P,.3547249,789.7839672,868.4396982,829.1463460
