Key,BID,ASK,STRIKE,ITYPE,ADJTHEOR,IVBID,IVASK,IVAVERAGE
XCME.ZN.SEP25,111.3906250,111.4062500,INVALID,F,,,,
XCME.ZN1.01AUG25.111:25.C,.4062500,.4218750,111.2500000,C,.3335451,845.0852719,885.5036309,865.3009429
XCME.ZN1.01AUG25.110:25.C,1.1562500,1.1718750,110.2500000,C,1.1477078,717.0694058,838.7326562,783.1648111
XCME.ZN1.01AUG25.112:75.C,.0156250,.0312500,112.7500000,C,.0050325,824.4321270,957.7677784,897.0120248
