Key,BID,ASK,STRIKE,ITYPE,ADJTHEOR,IVBID,IVASK,IVAVERAGE
XCME.ZN.SEP25,111.0781250,111.0937500,INVALID,F,,,,
XCME.WY5.30JUL25.110:5.C,.5781250,.6093750,110.5000000,C,.5824340,1415.2921366,1764.4892200,1606.8867773
XCME.WY5.30JUL25.111:75.C,INVALID,.0069999,111.7500000,C,0,,1417.6575195,1251.5812584
XCME.WY5.30JUL25.112:75.P,1.6406250,1.6718750,112.7500000,P,1.6675625,,,
XCME.WY5.30JUL25.110:25.P,INVALID,.0069999,110.2500000,P,0,,1687.6124264,1495.9476217
