Key,BID,ASK,STRIKE,ITYPE,ADJTHEOR,IVBID,IVASK,IVAVERAGE
XCME.ZN.SEP25,111.3437500,111.3593750,INVALID,F,,,,
XCME.WY5.30JUL25.110:5.C,.8437500,.8750000,110.5000000,C,.8594406,,1221.6229705,938.6690313
XCME.WY5.30JUL25.111:75.C,.0312500,.0468750,111.7500000,C,.0062469,836.3252741,968.7468415,904.6813089
XCME.WY5.30JUL25.112:75.P,1.3750000,1.4062500,112.7500000,P,1.3906249,,1791.2842774,1696.7642568
XCME.WY5.30JUL25.110:25.P,INVALID,.0069999,110.2500000,P,.0000019,,1283.8050887,1148.8639312
