Key,BID,ASK,STRIKE,ITYPE,ADJTHEOR,IVBID,IVASK,IVAVERAGE
XCME.ZN.SEP25,111.3125000,111.3281250,INVALID,F,,,,
XCME.WY5.30JUL25.112:75.C,INVALID,.0069999,112.7500000,C,0,,1849.0292409,1667.1740950
XCME.WY5.30JUL25.112:5.C,INVALID,.0069999,112.5000000,C,0,,1577.2675758,1416.3673451
XCME.WY5.30JUL25.111.P,.0468750,.0625000,111,P,.0077030,991.9927705,1123.4141182,1058.8687415
