Key,BID,ASK,STRIKE,ITYPE,ADJTHEOR,IVBID,IVASK,IVAVERAGE
XCME.ZN.SEP25,111.1562500,111.1718750,INVALID,F,,,,
XCME.WY5.30JUL25.111:25.P,.1562500,.1875000,111.2500000,P,.1114208,920.7380243,1170.5870609,1045.9965198
XCME.WY5.30JUL25.113.P,1.8125000,1.8437500,113,P,1.8203125,,,
XCME.WY5.30JUL25.112.P,.8125000,.8437500,112,P,.8203123,,1863.5407423,1588.6715252
