Key,BID,ASK,STRIKE,ITYPE,ADJTHEOR,IVBID,IVASK,IVAVERAGE
XCME.ZN.SEP25,111.3593750,111.3750000,INVALID,F,,,,
XCME.ZN1.01AUG25.110:5.C,.9062500,.9375000,110.5000000,C,.8851569,738.6667633,880.7219474,813.2816394
XCME.ZN1.01AUG25.110:75.C,.7031250,.7343750,110.7500000,C,.6662303,766.1867181,871.7775562,819.9618406
XCME.ZN1.01AUG25.111.P,.1718750,.1875000,111,P,.1122711,814.9262313,858.5269605,836.7811902
XCME.ZN1.01AUG25.113.C,.0156250,.0312500,113,C,.0027444,828.1822445,1097.2374201,989.1131561
