Key,BID,ASK,STRIKE,ITYPE,ADJTHEOR,IVBID,IVASK,IVAVERAGE
XCME.ZN.SEP25,111.1250000,111.1406250,INVALID,F,,,,
XCME.ZN1.01AUG25.111:5.P,.5156250,.5468750,111.5000000,P,.4823291,755.8004766,848.9450757,802.7095989
XCME.WY5.30JUL25.111:25.C,.0468750,.0625000,111.2500000,C,.0154798,921.3456911,1086.3177369,1004.6209965
XCME.WY5.30JUL25.111:5.C,.0069999,.0156250,111.5000000,C,.0001934,934.7078964,1141.8558055,1047.8356691
