Key,BID,ASK,STRIKE,ITYPE,ADJTHEOR,IVBID,IVASK,IVAVERAGE
XCME.ZN.SEP25,111.3281250,111.3437500,INVALID,F,,,,
XCME.WY5.30JUL25.110.C,1.3437500,1.3593750,110,C,1.3437499,,1866.2562920,1766.9338364
XCME.WY5.30JUL25.112:5.P,1.1406250,1.1718750,112.5000000,P,1.1562498,,1657.8839405,1301.4658282
XCME.WY5.30JUL25.111:5.P,.2500000,.2656250,111.5000000,P,.1923674,932.6381599,1126.7705212,1030.2796737
