Key,BID,ASK,STRIKE,ITYPE,ADJTHEOR,IVBID,IVASK,IVAVERAGE
XCME.ZN.SEP25,111.4062500,111.4218750,INVALID,F,,,,
XCME.WY5.30JUL25.111.C,.4531250,.4687500,111,C,.4346384,678.0996089,1171.1143315,975.2073395
XCME.WY5.30JUL25.111:75.P,.3750000,.4062500,111.7500000,P,.3215985,1175.7248707,1441.4607423,1311.5320488
XCME.WY5.30JUL25.112:25.C,INVALID,.0156250,112.2500000,C,0,,1474.4682731,1277.5125358
