Key,BID,ASK,STRIKE,ITYPE,ADJTHEOR,IVBID,IVASK,IVAVERAGE
XCME.ZN.SEP25,111.3281250,111.3437500,INVALID,F,,,,
XCME.ZN1.01AUG25.110.C,1.3437500,1.3593750,110,C,1.3364730,751.8765256,898.3873748,833.5518821
XCME.ZN1.01AUG25.111:25.P,.2968750,.3125000,111.2500000,P,.2222715,846.6994424,886.1962236,866.4498839
XCME.ZN1.01AUG25.112:5.P,1.1875000,1.2187500,112.5000000,P,1.1768932,758.8734409,959.1632916,869.7388694
