Key,BID,ASK,STRIKE,ITYPE,ADJTHEOR,IVBID,IVASK,IVAVERAGE
XCME.ZN.SEP25,111.3593750,111.3750000,INVALID,F,,,,
XCME.WY5.30JUL25.111:25.C,.2343750,.2500000,111.2500000,C,.1578851,1085.5649802,1189.2598591,1137.4944640
XCME.WY5.30JUL25.111:5.C,.1093750,.1250000,111.5000000,C,.0353955,1073.4032971,1178.2209916,1125.9233056
XCME.WY5.30JUL25.110.C,1.3593750,1.3906250,110,C,1.3671875,,,1969.2914555
XCME.WY5.30JUL25.112:5.P,1.1250000,1.1562500,112.5000000,P,1.1328124,,1957.1237479,1691.4638324
