Key,BID,ASK,STRIKE,ITYPE,ADJTHEOR,IVBID,IVASK,IVAVERAGE
XCME.ZN.SEP25,111.3593750,111.3750000,INVALID,F,,,,
XCME.WY5.30JUL25.111.C,.3906250,.4218750,111,C,.3717252,785.4930564,1048.5063735,924.5406327
XCME.WY5.30JUL25.111:75.P,.4218750,.4531250,111.7500000,P,.3919344,897.6200998,1150.4081563,1029.6371184
XCME.WY5.30JUL25.112:25.C,INVALID,.0069999,112.2500000,C,.0000033,,1105.6269542,985.1718434
