Key,BID,ASK,STRIKE,ITYPE,ADJTHEOR,IVBID,IVASK,IVAVERAGE
XCME.ZN.SEP25,111,111.0156250,INVALID,F,,,,
XCME.ZN1.01AUG25.110:5.P,.0937500,.1093750,110.5000000,P,.0610593,756.9866825,811.9424583,784.7004646
XCME.ZN1.01AUG25.112:25.C,.0069999,.0156250,112.2500000,C,.0044658,710.1731738,823.0105439,772.9763497
XCME.ZN1.01AUG25.112.P,1,1.0312500,112,P,1.0033054,601.2203592,860.1832970,754.7892126
