Key,BID,ASK,STRIKE,ITYPE,ADJTHEOR,IVBID,IVASK,IVAVERAGE
XCME.ZN.SEP25,111.3125000,111.3281250,INVALID,F,,,,
XCME.ZN1.01AUG25.112:5.C,.0312500,.0468750,112.5000000,C,.0102983,827.0172481,919.1650711,875.1888555
XCME.ZN1.01AUG25.112:25.P,.9687500,.9843750,112.2500000,P,.9406177,794.7605560,928.9515433,864.7212425
XCME.ZN1.01AUG25.111:5.C,.2500000,.2656250,111.5000000,C,.1913407,808.0751605,847.4685895,827.7817274
