Key,BID,ASK,STRIKE,ITYPE,ADJTHEOR,IVBID,IVASK,IVAVERAGE
XCME.ZN.SEP25,111.3593750,111.3750000,INVALID,F,,,,
XCME.WY5.30JUL25.112.C,.0156250,.0312500,112,C,.0022905,773.7083634,930.7279701,858.1843321
XCME.WY5.30JUL25.110:25.C,1.1093750,1.1406250,110.2500000,C,1.1172701,,1316.1111275,1136.8224160
XCME.WY5.30JUL25.110:75.C,.6093750,.6406250,110.7500000,C,.6208348,,844.7405262,711.8958932
XCME.WY5.30JUL25.112:75.C,INVALID,.0156250,112.7500000,C,.0000026,,1428.3689341,1259.9354037
XCME.WY5.30JUL25.112:5.C,INVALID,.0156250,112.5000000,C,.0000161,,1218.3463900,1067.9088934
