Key,BID,ASK,STRIKE,ITYPE,ADJTHEOR,IVBID,IVASK,IVAVERAGE
XCME.ZN.SEP25,111.0781250,111.0937500,INVALID,F,,,,
XCME.WY5.30JUL25.111:5.P,.4218750,.4531250,111.5000000,P,.4176378,914.2461272,1577.9974473,1313.1075448
XCME.WY5.30JUL25.111:25.P,.2031250,.2187500,111.2500000,P,.1767745,914.1147641,1262.4732444,1093.0130072
XCME.WY5.30JUL25.113.P,1.9062500,1.9375000,113,P,1.9175625,,,
XCME.WY5.30JUL25.112.P,.9062500,.9375000,112,P,.9175624,,,
