Key,BID,ASK,STRIKE,ITYPE,ADJTHEOR,IVBID,IVASK,IVAVERAGE
XCME.ZN.SEP25,111.3437500,111.3593750,INVALID,F,,,,
XCME.ZN1.01AUG25.111.P,.1718750,.2031250,111,P,.1208627,782.9064948,865.7701093,824.5344633
XCME.ZN1.01AUG25.113.C,.0069999,.0312500,113,C,.0040715,785.5782725,1041.1150300,938.4129926
XCME.ZN1.01AUG25.112.C,.0937500,.1250000,112,C,.0624587,753.6228836,853.8479377,804.6196831
XCME.ZN1.01AUG25.112:5.C,.0312500,.0468750,112.5000000,C,.0132353,786.9066648,875.5855406,833.2610713
XCME.ZN1.01AUG25.112:25.P,.9375000,.9687500,112.2500000,P,.9073749,787.2732365,911.3020831,851.5281691
