Key,BID,ASK,STRIKE,ITYPE,ADJTHEOR,IVBID,IVASK,IVAVERAGE
XCME.ZN.SEP25,111.0625000,111.0781250,INVALID,F,,,,
XCME.WY5.30JUL25.112:75.P,1.6718750,1.6875000,112.7500000,P,1.6796875,,,
XCME.WY5.30JUL25.110:25.P,INVALID,.0069999,110.2500000,P,0,,1494.8969553,1324.3460926
XCME.WY5.30JUL25.110:75.P,.0156250,.0312500,110.7500000,P,.0020599,882.8326244,1106.3655470,1001.5389603
