Key,BID,ASK,STRIKE,ITYPE,ADJTHEOR,IVBID,IVASK,IVAVERAGE
XCME.ZN.SEP25,111.3125000,111.3281250,INVALID,F,,,,
XCME.WY5.30JUL25.111.C,.3593750,.3906250,111,C,.3273746,1047.5268868,1361.6413800,1210.9784369
XCME.WY5.30JUL25.111:75.P,.4531250,.4843750,111.7500000,P,.4268429,1139.4976173,1331.0178890,1239.0414322
XCME.WY5.30JUL25.112:25.C,INVALID,.0069999,112.2500000,C,0,,1499.3425462,1340.1368876
