Key,BID,ASK,STRIKE,ITYPE,ADJTHEOR,IVBID,IVASK,IVAVERAGE
XCME.ZN.SEP25,111.3750000,111.3906250,INVALID,F,,,,
XCME.ZN1.01AUG25.110.C,1.3906250,1.4062500,110,C,1.3781239,238.9970311,968.7421258,872.9383052
XCME.ZN1.01AUG25.111:25.P,.2656250,.2812500,111.2500000,P,.1988442,829.4976424,869.9166241,849.7125572
XCME.ZN1.01AUG25.112:5.P,1.1406250,1.1718750,112.5000000,P,1.1348339,831.8530670,925.7699677,880.9547559
