Key,BID,ASK,STRIKE,ITYPE,ADJTHEOR,IVBID,IVASK,IVAVERAGE
XCME.ZN.SEP25,111.0781250,111.0937500,INVALID,F,,,,
XCME.WY5.30JUL25.112:75.P,1.6562500,1.6875000,112.7500000,P,1.6640625,,,
XCME.WY5.30JUL25.110:25.P,INVALID,.0069999,110.2500000,P,0,,,1793.5101129
XCME.WY5.30JUL25.110:75.P,.0069999,.0312500,110.7500000,P,.0001894,987.7515891,1517.8641093,1290.3729090
