Key,BID,ASK,STRIKE,ITYPE,ADJTHEOR,IVBID,IVASK,IVAVERAGE
XCME.ZN.SEP25,111.1093750,111.1250000,INVALID,F,,,,
XCME.WY5.30JUL25.111:5.P,.3750000,.4062500,111.5000000,P,.3752095,326.2553013,1406.4615899,1209.7035201
XCME.WY5.30JUL25.111:25.P,.1718750,.1875000,111.2500000,P,.1411608,909.9762073,1074.3570561,992.9372604
XCME.WY5.30JUL25.113.P,1.8593750,1.8906250,113,P,1.8750000,,,
XCME.WY5.30JUL25.112.P,.8593750,.8906250,112,P,.8749999,,,
