Key,BID,ASK,STRIKE,ITYPE,ADJTHEOR,IVBID,IVASK,IVAVERAGE
XCME.ZN.SEP25,111.1093750,111.1250000,INVALID,F,,,,
XCME.WY5.30JUL25.111:25.P,.1718750,.2031250,111.2500000,P,.1486894,824.2333688,1146.7481977,988.7425122
XCME.WY5.30JUL25.113.P,1.8750000,1.8906250,113,P,1.8828125,,,
XCME.WY5.30JUL25.112.P,.8750000,.8906250,112,P,.8828124,,,1974.7160092
