Key,BID,ASK,STRIKE,ITYPE,ADJTHEOR,IVBID,IVASK,IVAVERAGE
XCME.ZN.SEP25,111.3437500,111.3593750,INVALID,F,,,,
XCME.ZN1.01AUG25.110:75.P,.1093750,.1250000,110.7500000,P,.0585800,805.2699979,855.1087897,830.3825353
XCME.ZN1.01AUG25.110:25.P,.0312500,.0468750,110.2500000,P,.0098933,790.9860232,880.9012027,837.9768634
XCME.ZN1.01AUG25.110.P,.0156250,.0312500,110,P,.0042744,794.6569601,923.4434729,864.8015279
XCME.ZN1.01AUG25.111:75.P,.5625000,.5781250,111.7500000,P,.5096623,803.5316318,846.7887989,825.2238737
