Key,BID,ASK,STRIKE,ITYPE,ADJTHEOR,IVBID,IVASK,IVAVERAGE
XCME.ZN.SEP25,111.0781250,111.0937500,INVALID,F,,,,
XCME.WY5.30JUL25.110:5.C,.5625000,.5937500,110.5000000,C,.5668098,,1782.2360438,1530.4559544
XCME.WY5.30JUL25.111:75.C,INVALID,.0069999,111.7500000,C,0,,1489.7365089,1316.2037201
XCME.WY5.30JUL25.112:75.P,1.6718750,1.6875000,112.7500000,P,1.6831875,,,
XCME.WY5.30JUL25.110:25.P,INVALID,.0069999,110.2500000,P,0,,1710.1196199,1514.8589865
