Key,BID,ASK,STRIKE,ITYPE,ADJTHEOR,IVBID,IVASK,IVAVERAGE
XCME.ZN.SEP25,111.0312500,111.0468750,INVALID,F,,,,
XCME.ZN1.01AUG25.111:25.P,.3750000,.4062500,111.2500000,P,.3627510,693.9632148,783.9408407,739.0902855
XCME.ZN1.01AUG25.112:5.P,1.4375000,1.4687500,112.5000000,P,1.4666705,,757.3886221,575.3127307
XCME.ZN1.01AUG25.111:5.P,.5468750,.5625000,111.5000000,P,.5384136,680.7297323,736.0271098,708.6599734
