Key,BID,ASK,STRIKE,ITYPE,ADJTHEOR,IVBID,IVASK,IVAVERAGE
XCME.ZN.SEP25,111.1250000,111.1406250,INVALID,F,,,,
XCME.WY5.30JUL25.110.P,INVALID,.0069999,110,P,0,,1831.0201299,1639.5002413
XCME.WY5.30JUL25.113.C,INVALID,.0069999,113,C,0,,,
XCME.WY5.30JUL25.112:25.P,1.1093750,1.1406250,112.2500000,P,1.1206874,,,1874.5224532
