Key,BID,ASK,STRIKE,ITYPE,ADJTHEOR,IVBID,IVASK,IVAVERAGE
XCME.ZN.SEP25,111.1875000,111.2031250,INVALID,F,,,,
XCME.ZN1.01AUG25.112:5.C,.0156250,.0312500,112.5000000,C,.0061457,784.0424957,913.3678192,854.3869452
XCME.ZN1.01AUG25.112:25.P,1.0468750,1.0781250,112.2500000,P,1.0252940,800.2367397,962.1042385,886.2980708
XCME.ZN1.01AUG25.111:5.C,.2031250,.2343750,111.5000000,C,.1454427,816.0265370,900.5749609,858.4014579
