Key,BID,ASK,STRIKE,ITYPE,ADJTHEOR,IVBID,IVASK,IVAVERAGE
XCME.ZN.SEP25,111.0937500,111.1093750,INVALID,F,,,,
XCME.ZN1.01AUG25.111:75.C,.0781250,.0937500,111.7500000,C,.0451362,781.4407884,840.2779408,811.2383557
XCME.ZN1.01AUG25.110:5.C,.6718750,.7031250,110.5000000,C,.6474339,726.8376420,840.4842006,785.0005724
XCME.ZN1.01AUG25.110:75.C,.5000000,.5156250,110.7500000,C,.4569779,773.6887170,819.4164530,796.6222956
