Key,BID,ASK,STRIKE,ITYPE,ADJTHEOR,IVBID,IVASK,IVAVERAGE
XCME.ZN.SEP25,111.3906250,111.4062500,INVALID,F,,,,
XCME.WY5.30JUL25.110.C,1.3750000,1.4062500,110,C,1.3749999,666.6015101,,
XCME.WY5.30JUL25.112:5.P,1.1093750,1.1250000,112.5000000,P,1.1249999,,441.9008266,
XCME.WY5.30JUL25.111:5.P,.2187500,.2500000,111.5000000,P,.1559511,1045.9627314,1277.4660884,1162.2513334
