Key,BID,ASK,STRIKE,ITYPE,ADJTHEOR,IVBID,IVASK,IVAVERAGE
XCME.ZN.SEP25,111.1562500,111.1718750,INVALID,F,,,,
XCME.ZN1.01AUG25.110:5.P,.0625000,.0937500,110.5000000,P,.0428255,709.3805975,828.8301116,770.9142024
XCME.ZN1.01AUG25.112:25.C,.0156250,.0312500,112.2500000,C,.0102806,703.1026277,917.9755215,824.1377089
XCME.ZN1.01AUG25.112.P,.8750000,.9062500,112,P,.8685254,679.9540363,763.8787991,723.6953078
