Key,BID,ASK,STRIKE,ITYPE,ADJTHEOR,IVBID,IVASK,IVAVERAGE
XCME.ZN.SEP25,111.3750000,111.3906250,INVALID,F,,,,
XCME.ZN1.01AUG25.111:25.P,.2656250,.2968750,111.2500000,P,.2036722,817.5373449,898.3837399,857.9778172
XCME.ZN1.01AUG25.112:5.P,1.1562500,1.1875000,112.5000000,P,1.1464363,750.1773637,954.4230893,863.5387696
XCME.ZN1.01AUG25.111:5.P,.4062500,.4218750,111.5000000,P,.3317216,813.6183310,894.8240686,854.2470631
