Key,BID,ASK,STRIKE,ITYPE,ADJTHEOR,IVBID,IVASK,IVAVERAGE
XCME.ZN.SEP25,111.3437500,111.3593750,INVALID,F,,,,
XCME.WY5.30JUL25.110:75.P,.0069999,.0312500,110.7500000,P,.0008331,791.6274372,1137.6357880,993.0977857
XCME.WY5.30JUL25.110.P,INVALID,.0069999,110,P,0,,1530.6493911,1376.3211411
XCME.WY5.30JUL25.113.C,INVALID,.0069999,113,C,0,,1809.4364791,1635.5581333
