Key,BID,ASK,STRIKE,ITYPE,ADJTHEOR,IVBID,IVASK,IVAVERAGE
XCME.ZN.SEP25,111.3125000,111.3281250,INVALID,F,,,,
XCME.ZN1.01AUG25.111:5.C,.2500000,.2656250,111.5000000,C,.1843514,828.2250393,868.2166244,848.2309371
XCME.ZN1.01AUG25.111.C,.5156250,.5312500,111,C,.4515568,823.2202377,865.3430140,844.3201974
XCME.ZN1.01AUG25.113.P,1.6718750,1.7031250,113,P,1.6790112,,1069.8872933,954.3072091
