Key,BID,ASK,STRIKE,ITYPE,ADJTHEOR,IVBID,IVASK,IVAVERAGE
XCME.ZN.SEP25,111.2656250,111.2812500,INVALID,F,,,,
XCME.ZN1.01AUG25.111:25.P,.3125000,.3437500,111.2500000,P,.2542469,809.4979983,889.9985812,849.7483089
XCME.ZN1.01AUG25.112:5.P,1.2500000,1.2656250,112.5000000,P,1.2527762,,810.2261207,603.2370478
XCME.ZN1.01AUG25.111:5.P,.4531250,.4843750,111.5000000,P,.3973752,810.4854195,894.6282510,852.6501004
