Key,BID,ASK,STRIKE,ITYPE,ADJTHEOR,IVBID,IVASK,IVAVERAGE
XCME.ZN.SEP25,111.3125000,111.3281250,INVALID,F,,,,
XCME.ZN1.01AUG25.112:5.C,.0312500,.0468750,112.5000000,C,.0083940,858.0866798,953.7593966,908.1063746
XCME.ZN1.01AUG25.112:25.P,.9687500,1,112.2500000,P,.9338398,841.2195730,977.9663853,912.3121044
XCME.ZN1.01AUG25.111:5.C,.2500000,.2812500,111.5000000,C,.1828258,836.4678407,918.2745030,877.4070587
