Key,BID,ASK,STRIKE,ITYPE,ADJTHEOR,IVBID,IVASK,IVAVERAGE
XCME.ZN.SEP25,111.3281250,111.3437500,INVALID,F,,,,
XCME.WY5.30JUL25.110:75.C,.5781250,.6093750,110.7500000,C,.5824902,,1421.1677746,1222.0075768
XCME.WY5.30JUL25.112:75.C,INVALID,.0069999,112.7500000,C,0,,,1916.8433752
XCME.WY5.30JUL25.112:5.C,INVALID,.0069999,112.5000000,C,0,,1811.0989769,1626.4919464
