Key,BID,ASK,STRIKE,ITYPE,ADJTHEOR,IVBID,IVASK,IVAVERAGE
XCME.ZN.SEP25,111.0312500,111.0468750,INVALID,F,,,,
XCME.ZN1.01AUG25.111.C,.2968750,.3281250,111,C,.2607839,758.0942720,800.9355824,779.5158020
XCME.ZN1.01AUG25.113.P,1.9531250,1.9843750,113,P,1.9617690,1060.4077617,1434.1662812,1286.3087619
XCME.ZN1.01AUG25.110.C,1.0468750,1.0781250,110,C,1.0461751,625.1473374,782.2399216,714.7736893
