Key,BID,ASK,STRIKE,ITYPE,ADJTHEOR,IVBID,IVASK,IVAVERAGE
XCME.ZN.SEP25,111.0468750,111.0625000,INVALID,F,,,,
XCME.ZN1.01AUG25.112:5.C,.0069999,.0156250,112.5000000,C,.0034753,766.5252206,883.4432710,831.7268798
XCME.ZN1.01AUG25.112:25.P,1.2031250,1.2343750,112.2500000,P,1.2024150,666.7788185,937.0877417,827.8645714
XCME.ZN1.01AUG25.111:5.C,.1250000,.1406250,111.5000000,C,.0879670,769.5734089,864.9944195,817.7261033
