Key,BID,ASK,STRIKE,ITYPE,ADJTHEOR,IVBID,IVASK,IVAVERAGE
XCME.ZN.SEP25,111.3437500,111.3593750,INVALID,F,,,,
XCME.ZN1.01AUG25.111:25.P,.2656250,.2968750,111.2500000,P,.2194447,770.7079504,847.2645958,809.0018423
XCME.ZN1.01AUG25.112:5.P,1.1562500,1.1875000,112.5000000,P,1.1529796,682.8717452,888.1707433,798.5384197
XCME.ZN1.01AUG25.111:5.P,.4062500,.4218750,111.5000000,P,.3476577,804.4209637,842.8950559,823.6641379
