Key,BID,ASK,STRIKE,ITYPE,ADJTHEOR,IVBID,IVASK,IVAVERAGE
XCME.ZN.SEP25,111.3281250,111.3437500,INVALID,F,,,,
XCME.ZN1.01AUG25.111:25.P,.2812500,.3125000,111.2500000,P,.2281480,789.3043324,866.5653080,827.9434545
XCME.ZN1.01AUG25.112:5.P,1.1875000,1.2187500,112.5000000,P,1.1781100,742.0623291,937.9111800,850.4787077
XCME.ZN1.01AUG25.111:5.P,.4218750,.4375000,111.5000000,P,.3600435,815.3591759,854.5597049,834.9682079
