Key,BID,ASK,STRIKE,ITYPE,ADJTHEOR,IVBID,IVASK,IVAVERAGE
XCME.ZN.SEP25,111.2968750,111.3125000,INVALID,F,,,,
XCME.ZN1.01AUG25.111.P,.1875000,.2187500,111,P,.1329742,796.8521592,880.6013136,838.8680109
XCME.ZN1.01AUG25.113.C,.0069999,.0312500,113,C,.0027508,842.6674814,1113.1030824,1004.5449688
XCME.ZN1.01AUG25.112.C,.0937500,.1093750,112,C,.0467686,826.1471063,880.5501849,853.6367896
