Key,BID,ASK,STRIKE,ITYPE,ADJTHEOR,IVBID,IVASK,IVAVERAGE
XCME.ZN.SEP25,111.4062500,111.4218750,INVALID,F,,,,
XCME.ZN1.01AUG25.111.C,.5781250,.5937500,111,C,.5137036,834.2240739,879.2141041,856.7915056
XCME.ZN1.01AUG25.113.P,1.5937500,1.6093750,113,P,1.5854517,875.9914453,1038.8278566,967.0144409
XCME.ZN1.01AUG25.110.C,1.4218750,1.4375000,110,C,1.4203224,685.3357170,894.1667081,811.5580359
