Key,BID,ASK,STRIKE,ITYPE,ADJTHEOR,IVBID,IVASK,IVAVERAGE
XCME.ZN.SEP25,111.1875000,111.2031250,INVALID,F,,,,
XCME.WY5.30JUL25.112.C,INVALID,.0069999,112,C,0,,1408.9931634,1247.9401609
XCME.WY5.30JUL25.110:25.C,.9218750,.9531250,110.2500000,C,.9453119,,1655.0002620,1475.1397671
XCME.WY5.30JUL25.110:75.C,.4218750,.4531250,110.7500000,C,.4457566,,898.4685751,779.6504288
