Key,BID,ASK,STRIKE,ITYPE,ADJTHEOR,IVBID,IVASK,IVAVERAGE
XCME.ZN.SEP25,111.0625000,111.0781250,INVALID,F,,,,
XCME.ZN1.01AUG25.110:5.P,.0781250,.1093750,110.5000000,P,.0566361,714.1516427,825.2649750,770.8682697
XCME.ZN1.01AUG25.112:25.C,.0156250,.0312500,112.2500000,C,.0061065,778.1548996,908.0717191,848.7431842
XCME.ZN1.01AUG25.112.P,.9687500,.9843750,112,P,.9637532,511.1594237,789.1902454,683.1889056
