Key,BID,ASK,STRIKE,ITYPE,ADJTHEOR,IVBID,IVASK,IVAVERAGE
XCME.ZN.SEP25,111.3437500,111.3593750,INVALID,F,,,,
XCME.ZN1.01AUG25.111:75.C,.1562500,.1875000,111.7500000,C,.1122048,777.8680794,863.7499912,821.0669879
XCME.ZN1.01AUG25.110:5.C,.8906250,.9218750,110.5000000,C,.8741935,704.6091987,841.1284257,776.3451130
XCME.ZN1.01AUG25.110:75.C,.7031250,.7187500,110.7500000,C,.6586897,781.7517156,831.5211383,806.8399594
