Key,BID,ASK,STRIKE,ITYPE,ADJTHEOR,IVBID,IVASK,IVAVERAGE
XCME.ZN.SEP25,111.3906250,111.4062500,INVALID,F,,,,
XCME.WY5.30JUL25.111:25.C,.2500000,.2656250,111.2500000,C,.2216993,681.9797256,749.0729221,715.6116507
XCME.WY5.30JUL25.111:5.C,.1250000,.1406250,111.5000000,C,.0896517,701.5176345,766.8171566,734.2068153
XCME.WY5.30JUL25.110.C,1.3906250,1.4062500,110,C,1.3949774,,1263.4707641,1174.3548382
XCME.WY5.30JUL25.112:5.P,1.0937500,1.1250000,112.5000000,P,1.1051269,,1173.7653944,983.7234380
XCME.WY5.30JUL25.111:5.P,.2187500,.2500000,111.5000000,P,.1947142,654.0194475,784.7881942,719.5723953
