Key,BID,ASK,STRIKE,ITYPE,ADJTHEOR,IVBID,IVASK,IVAVERAGE
XCME.ZN.SEP25,111.3281250,111.3437500,INVALID,F,,,,
XCME.WY5.30JUL25.112.C,.0069999,.0156250,112,C,.0001020,915.6113097,1306.2859829,1143.5082194
XCME.WY5.30JUL25.110:25.C,1.0781250,1.1093750,110.2500000,C,1.0980607,,1841.5597381,1527.3219636
XCME.WY5.30JUL25.110:75.C,.5937500,.6250000,110.7500000,C,.5984730,948.0877441,1180.0436523,1075.4730944
