Key,BID,ASK,STRIKE,ITYPE,ADJTHEOR,IVBID,IVASK,IVAVERAGE
XCME.ZN.SEP25,111.0312500,111.0468750,INVALID,F,,,,
XCME.ZN1.01AUG25.112:75.P,1.6875000,1.7187500,112.7500000,P,1.6938605,,1118.9756377,998.3843266
XCME.ZN1.01AUG25.110:5.P,.0937500,.1093750,110.5000000,P,.0589309,759.0725439,812.4114377,785.9797057
XCME.ZN1.01AUG25.112:25.C,.0156250,.0312500,112.2500000,C,.0072064,757.2306119,883.8495691,826.0144636
XCME.ZN1.01AUG25.112.P,.9843750,1.0156250,112,P,.9588489,806.7302444,957.2241351,885.8879841
