Key,BID,ASK,STRIKE,ITYPE,ADJTHEOR,IVBID,IVASK,IVAVERAGE
XCME.ZN.SEP25,111.3281250,111.3437500,INVALID,F,,,,
XCME.WY5.30JUL25.112:25.P,.9062500,.9375000,112.2500000,P,.9175618,,1804.1109999,1502.8122252
XCME.WY5.30JUL25.112.C,.0069999,.0156250,112,C,.0000042,1115.1255117,1326.5114595,1231.7338280
XCME.WY5.30JUL25.110:25.C,1.0781250,1.0937500,110.2500000,C,1.0824370,,1818.6752163,1682.1277101
