Key,BID,ASK,STRIKE,ITYPE,ADJTHEOR,IVBID,IVASK,IVAVERAGE
XCME.ZN.SEP25,111.2968750,111.3125000,INVALID,F,,,,
XCME.ZN1.01AUG25.111.P,.1875000,.2187500,111,P,.1304501,803.0992276,886.8569964,845.1234002
XCME.ZN1.01AUG25.113.C,.0069999,.0156250,113,C,.0027917,837.0399997,960.0146213,905.7422539
XCME.ZN1.01AUG25.112.C,.0937500,.1093750,112,C,.0483622,818.2400374,872.3167241,845.5655529
