Key,BID,ASK,STRIKE,ITYPE,ADJTHEOR,IVBID,IVASK,IVAVERAGE
XCME.ZN.SEP25,111.1093750,111.1250000,INVALID,F,,,,
XCME.ZN1.01AUG25.112.C,.0312500,.0468750,112,C,.0198794,716.3144155,803.0003934,761.5045032
XCME.ZN1.01AUG25.112:5.C,.0069999,.0156250,112.5000000,C,.0037496,747.6604437,862.9230618,811.9097841
XCME.ZN1.01AUG25.112:25.P,1.1406250,1.1718750,112.2500000,P,1.1444365,586.5752035,889.8331514,775.6160632
