Key,BID,ASK,STRIKE,ITYPE,ADJTHEOR,IVBID,IVASK,IVAVERAGE
XCME.ZN.SEP25,111.1093750,111.1250000,INVALID,F,,,,
XCME.ZN1.01AUG25.112.C,.0312500,.0468750,112,C,.0193143,720.9187516,807.9614685,766.2891503
XCME.ZN1.01AUG25.112:5.C,.0069999,.0156250,112.5000000,C,.0036217,751.1717425,866.8275778,815.6431041
XCME.ZN1.01AUG25.112:25.P,1.1406250,1.1718750,112.2500000,P,1.1519892,704.0139698,942.4732610,841.0951304
