Key,BID,ASK,STRIKE,ITYPE,ADJTHEOR,IVBID,IVASK,IVAVERAGE
XCME.ZN.SEP25,111.1093750,111.1250000,INVALID,F,,,,
XCME.ZN1.01AUG25.111.C,.3593750,.3750000,111,C,.3089401,790.9156885,832.3795680,811.6530075
XCME.ZN1.01AUG25.113.P,1.8750000,1.9062500,113,P,1.8911428,,1119.2968195,915.4940189
XCME.ZN1.01AUG25.110.C,1.1250000,1.1406250,110,C,1.1170257,713.9153232,936.9785045,840.1180066
