Key,BID,ASK,STRIKE,ITYPE,ADJTHEOR,IVBID,IVASK,IVAVERAGE
XCME.ZN.SEP25,111.3437500,111.3593750,INVALID,F,,,,
XCME.WY5.30JUL25.110:75.P,.0069999,.0312500,110.7500000,P,.0009862,774.7980959,1113.4962738,972.0372528
XCME.WY5.30JUL25.110.P,INVALID,.0069999,110,P,.00,,1498.1544115,1347.1316673
XCME.WY5.30JUL25.113.C,INVALID,.0069999,113,C,0,,1771.6049967,1600.8469599
