Key,BID,ASK,STRIKE,ITYPE,ADJTHEOR,IVBID,IVASK,IVAVERAGE
XCME.ZN.SEP25,111.1093750,111.1250000,INVALID,F,,,,
XCME.ZN1.01AUG25.112:5.C,.0156250,.0312500,112.5000000,C,.0041516,850.6785965,987.2293559,925.0539611
XCME.ZN1.01AUG25.112:25.P,1.1406250,1.1718750,112.2500000,P,1.1416414,636.4838349,898.6942581,792.5776395
XCME.ZN1.01AUG25.111:5.C,.1562500,.1718750,111.5000000,C,.1051453,806.7163218,852.1671899,829.5110275
