Key,BID,ASK,STRIKE,ITYPE,ADJTHEOR,IVBID,IVASK,IVAVERAGE
XCME.ZN.SEP25,111.1093750,111.1250000,INVALID,F,,,,
XCME.ZN1.01AUG25.111:25.C,.2343750,.2656250,111.2500000,C,.1954937,763.7622680,846.8757151,805.3455047
XCME.ZN1.01AUG25.110:25.C,.9062500,.9375000,110.2500000,C,.8966723,684.0232771,853.2998556,775.3267330
XCME.ZN1.01AUG25.112:75.C,.0069999,.0156250,112.7500000,C,.0021501,851.8639248,978.5524658,922.6110037
