Key,BID,ASK,STRIKE,ITYPE,ADJTHEOR,IVBID,IVASK,IVAVERAGE
XCME.ZN.SEP25,111.3437500,111.3593750,INVALID,F,,,,
XCME.WY5.30JUL25.110:75.C,.5937500,.6250000,110.7500000,C,.5990109,,1072.9940076,923.5441349
XCME.WY5.30JUL25.112:75.C,INVALID,.0069999,112.7500000,C,0,,1563.0674493,1407.5005624
XCME.WY5.30JUL25.112:5.C,INVALID,.0069999,112.5000000,C,0,,1327.4197442,1190.9844862
