Key,BID,ASK,STRIKE,ITYPE,ADJTHEOR,IVBID,IVASK,IVAVERAGE
XCME.ZN.SEP25,111.3125000,111.3281250,INVALID,F,,,,
XCME.WY5.30JUL25.110:75.P,.0156250,.0312500,110.7500000,P,.0003503,1041.6404754,1258.7041964,1158.1900130
XCME.WY5.30JUL25.110.P,INVALID,.0069999,110,P,0,,1723.7463457,1549.4648918
XCME.WY5.30JUL25.113.C,INVALID,.0069999,113,C,0,,,1908.8808031
