Key,BID,ASK,STRIKE,ITYPE,ADJTHEOR,IVBID,IVASK,IVAVERAGE
XCME.ZN.SEP25,111.1093750,111.1250000,INVALID,F,,,,
XCME.WY5.30JUL25.110.C,1.1093750,1.1406250,110,C,1.1206874,,,
XCME.WY5.30JUL25.112:5.P,1.3593750,1.3906250,112.5000000,P,1.3793125,,,
XCME.WY5.30JUL25.111:5.P,.3750000,.4062500,111.5000000,P,.3795022,,1348.1958416,1135.2989775
