Key,BID,ASK,STRIKE,ITYPE,ADJTHEOR,IVBID,IVASK,IVAVERAGE
XCME.ZN.SEP25,111.0468750,111.0625000,INVALID,F,,,,
XCME.ZN1.01AUG25.110:75.P,.1718750,.1875000,110.7500000,P,.1255593,780.5607427,824.6553222,802.6545130
XCME.ZN1.01AUG25.110:25.P,.0468750,.0625000,110.2500000,P,.0245388,741.9393702,814.7175620,779.2997814
XCME.ZN1.01AUG25.110.P,.0156250,.0312500,110,P,.0088051,688.4628806,808.0482512,753.3341628
XCME.ZN1.01AUG25.111:75.P,.7500000,.7812500,111.7500000,P,.7381987,697.5631712,826.8921757,764.7380658
