Key,BID,ASK,STRIKE,ITYPE,ADJTHEOR,IVBID,IVASK,IVAVERAGE
XCME.ZN.SEP25,110.9687500,110.9843750,INVALID,F,,,,
XCME.ZN1.01AUG25.111:25.C,.1875000,.2031250,111.2500000,C,.1263760,838.4435896,883.9438918,861.2309418
XCME.ZN1.01AUG25.110:25.C,.8125000,.8437500,110.2500000,C,.7509884,910.6181171,1029.9552716,971.5005763
XCME.ZN1.01AUG25.112:75.C,INVALID,.0069999,112.7500000,C,.0011390,,958.6595359,867.5058101
XCME.ZN1.01AUG25.111:75.C,.0468750,.0625000,111.7500000,C,.0251092,764.4573195,839.4435014,802.9430551
