Key,BID,ASK,STRIKE,ITYPE,ADJTHEOR,IVBID,IVASK,IVAVERAGE
XCME.ZN.SEP25,111.0781250,111.0937500,INVALID,F,,,,
XCME.ZN1.01AUG25.110:5.C,.6718750,.6875000,110.5000000,C,.6404788,752.5347219,808.9184394,781.0511813
XCME.ZN1.01AUG25.110:75.C,.4843750,.5156250,110.7500000,C,.4511749,744.9364920,836.0876023,790.7805053
XCME.ZN1.01AUG25.111.P,.2656250,.2812500,111,P,.2075897,811.9300825,853.3452418,832.6409531
XCME.ZN1.01AUG25.113.C,INVALID,.0156250,113,C,.0012927,,1121.9047168,998.2406422
