Key,BID,ASK,STRIKE,ITYPE,ADJTHEOR,IVBID,IVASK,IVAVERAGE
XCME.ZN.SEP25,111.0156250,111.0312500,INVALID,F,,,,
XCME.ZN1.01AUG25.111:75.C,.0468750,.0625000,111.7500000,C,.0339477,707.8340858,779.9195577,744.7924337
XCME.ZN1.01AUG25.110:5.C,.6093750,.6406250,110.5000000,C,.6069814,706.9777779,824.1673347,766.9791683
XCME.ZN1.01AUG25.110:75.C,.4375000,.4687500,110.7500000,C,.4198897,750.9013870,797.8209947,774.4270491
