Key,BID,ASK,STRIKE,ITYPE,ADJTHEOR,IVBID,IVASK,IVAVERAGE
XCME.ZN.SEP25,111.3437500,111.3593750,INVALID,F,,,,
XCME.ZN1.01AUG25.112:25.P,.9375000,.9687500,112.2500000,P,.9220767,723.3465513,860.5477043,795.4770798
XCME.ZN1.01AUG25.111:5.C,.2656250,.2812500,111.5000000,C,.2064000,805.4773939,843.8091079,824.6495556
XCME.ZN1.01AUG25.111.C,.5312500,.5625000,111,C,.4806053,781.7322913,864.1384041,823.1140612
XCME.ZN1.01AUG25.113.P,1.6406250,1.6718750,113,P,1.6488203,,1017.6227595,907.2426320
