Key,BID,ASK,STRIKE,ITYPE,ADJTHEOR,IVBID,IVASK,IVAVERAGE
XCME.ZN.SEP25,111.3437500,111.3593750,INVALID,F,,,,
XCME.ZN1.01AUG25.112:75.P,1.4062500,1.4375000,112.7500000,P,1.4038693,722.8975806,1002.9756096,890.5650240
XCME.ZN1.01AUG25.110:5.P,.0468750,.0781250,110.5000000,P,.0247352,735.3751370,869.8795753,805.7062656
XCME.ZN1.01AUG25.112:25.C,.0468750,.0781250,112.2500000,C,.0243851,764.2688974,901.1371492,835.8899751
XCME.ZN1.01AUG25.112.P,.7500000,.7656250,112,P,.7033946,813.6928926,865.5026264,839.8341858
