Key,BID,ASK,STRIKE,ITYPE,ADJTHEOR,IVBID,IVASK,IVAVERAGE
XCME.ZN.SEP25,111.3750000,111.3906250,INVALID,F,,,,
XCME.ZN1.01AUG25.111:5.P,.3906250,.4218750,111.5000000,P,.3188493,845.8083590,886.1351729,865.9759540
XCME.WY5.30JUL25.111:25.C,.2343750,.2656250,111.2500000,C,.1598393,1142.3619057,1372.9040283,1258.0807340
XCME.WY5.30JUL25.111:5.C,.1093750,.1250000,111.5000000,C,.0320932,1150.0609751,1379.2616641,1265.0413808
