Key,BID,ASK,STRIKE,ITYPE,ADJTHEOR,IVBID,IVASK,IVAVERAGE
XCME.ZN.SEP25,111.0312500,111.0468750,INVALID,F,,,,
XCME.WY5.30JUL25.112:25.P,1.1875000,1.2343750,112.2500000,P,,.9900000,,
XCME.WY5.30JUL25.112.C,INVALID,.0069999,112,C,,,,
XCME.WY5.30JUL25.110:25.C,.7656250,.8125000,110.2500000,C,,,1672.1556569,
