Key,BID,ASK,STRIKE,ITYPE,ADJTHEOR,IVBID,IVASK,IVAVERAGE
XCME.ZN.SEP25,111.1093750,111.1250000,INVALID,F,,,,
XCME.ZN1.01AUG25.111.P,.2500000,.2656250,111,P,.1969523,796.4674487,837.4971576,816.9884333
XCME.ZN1.01AUG25.113.C,INVALID,.0156250,113,C,.0015511,,1090.0662479,969.5693804
XCME.ZN1.01AUG25.112.C,.0468750,.0625000,112,C,.0215399,788.3363944,862.7043839,826.5395327
