Key,BID,ASK,STRIKE,ITYPE,ADJTHEOR,IVBID,IVASK,IVAVERAGE
XCME.ZN.SEP25,111.3437500,111.3593750,INVALID,F,,,,
XCME.ZN1.01AUG25.112:5.C,.0312500,.0468750,112.5000000,C,.0125352,795.3855574,885.0173227,842.2315358
XCME.ZN1.01AUG25.112:25.P,.9375000,.9687500,112.2500000,P,.9062056,795.7614607,921.1176974,860.7044860
XCME.ZN1.01AUG25.111:5.C,.2656250,.2812500,111.5000000,C,.2110909,794.8362304,833.4023539,814.1244846
