Key,BID,ASK,STRIKE,ITYPE,ADJTHEOR,IVBID,IVASK,IVAVERAGE
XCME.ZN.SEP25,111.1093750,111.1250000,INVALID,F,,,,
XCME.ZN1.01AUG25.110.C,1.1250000,1.1562500,110,C,1.1093369,771.0517545,962.1581990,875.5688656
XCME.ZN1.01AUG25.111:25.P,.3750000,.4062500,111.2500000,P,.3364735,761.4284773,843.6108259,802.5579634
XCME.ZN1.01AUG25.112:5.P,1.3906250,1.4218750,112.5000000,P,1.4025474,,928.7727043,809.1495469
