Key,BID,ASK,STRIKE,ITYPE,ADJTHEOR,IVBID,IVASK,IVAVERAGE
XCME.ZN.SEP25,111.0312500,111.0468750,INVALID,F,,,,
XCME.ZN1.01AUG25.112:5.C,.0069999,.0156250,112.5000000,C,.0033412,773.6325716,891.5140478,839.3533562
XCME.ZN1.01AUG25.112:25.P,1.2187500,1.2500000,112.2500000,P,1.2142094,719.9830764,967.9849763,863.5355902
XCME.ZN1.01AUG25.111:5.C,.1250000,.1406250,111.5000000,C,.0844436,781.8791889,830.3802166,806.2534933
