Key,BID,ASK,STRIKE,ITYPE,ADJTHEOR,IVBID,IVASK,IVAVERAGE
XCME.ZN.SEP25,111.3593750,111.3750000,INVALID,F,,,,
XCME.ZN1.01AUG25.111:75.C,.1718750,.1875000,111.7500000,C,.1107726,830.0537498,873.8287458,851.9986812
XCME.ZN1.01AUG25.110:5.C,.9062500,.9375000,110.5000000,C,.8885984,720.8536809,866.3139775,797.6376823
XCME.ZN1.01AUG25.110:75.C,.7187500,.7343750,110.7500000,C,.6695301,808.8051356,860.9646541,835.1105296
