Key,BID,ASK,STRIKE,ITYPE,ADJTHEOR,IVBID,IVASK,IVAVERAGE
XCME.ZN.SEP25,111.3593750,111.3750000,INVALID,F,,,,
XCME.WY5.30JUL25.112:25.P,.8750000,.9062500,112.2500000,P,.8793122,,1696.9092064,1482.6175860
XCME.WY5.30JUL25.112.C,.0069999,.0312500,112,C,.0000650,965.9846075,1384.5776789,1209.9338938
XCME.WY5.30JUL25.110:25.C,1.1093750,1.1406250,110.2500000,C,1.1206875,,1899.5234837,1593.5752909
