Key,BID,ASK,STRIKE,ITYPE,ADJTHEOR,IVBID,IVASK,IVAVERAGE
XCME.ZN.SEP25,111.0468750,111.0625000,INVALID,F,,,,
XCME.ZN1.01AUG25.110.P,.0156250,.0312500,110,P,.0082769,696.4627175,816.8418867,761.7918651
XCME.ZN1.01AUG25.111:75.P,.7500000,.7812500,111.7500000,P,.7193613,772.8693180,889.1462680,832.4604345
XCME.ZN1.01AUG25.112:75.P,1.6875000,1.7031250,112.7500000,P,1.6782913,939.3998311,1110.9334409,1035.3448160
