Key,BID,ASK,STRIKE,ITYPE,ADJTHEOR,IVBID,IVASK,IVAVERAGE
XCME.ZN.SEP25,111.0468750,111.0625000,INVALID,F,,,,
XCME.WY5.30JUL25.111:25.C,.0312500,.0468750,111.2500000,C,.0085069,858.0102372,1028.3000540,945.1525056
XCME.WY5.30JUL25.111:5.C,.0069999,.0156250,111.5000000,C,.0001180,960.0672120,1161.6515422,1070.5240695
XCME.WY5.30JUL25.110.C,1.0312500,1.0625000,110,C,1.0468748,,,
XCME.WY5.30JUL25.112:5.P,1.4375000,1.4687500,112.5000000,P,1.4531250,,,
