Key,BID,ASK,STRIKE,ITYPE,ADJTHEOR,IVBID,IVASK,IVAVERAGE
XCME.ZN.SEP25,111.3437500,111.3593750,INVALID,F,,,,
XCME.WY5.30JUL25.111:25.C,.2187500,.2343750,111.2500000,C,.1600925,896.6914315,1073.1528840,985.1265131
XCME.WY5.30JUL25.111:5.C,.0937500,.1250000,111.5000000,C,.0428608,863.5134289,1045.8801227,955.2085683
XCME.WY5.30JUL25.110.C,1.3437500,1.3593750,110,C,1.3515625,,1925.4760534,1674.4839741
XCME.WY5.30JUL25.112:5.P,1.1406250,1.1718750,112.5000000,P,1.1484371,,1698.3230472,1469.0945965
