Key,BID,ASK,STRIKE,ITYPE,ADJTHEOR,IVBID,IVASK,IVAVERAGE
XCME.ZN.SEP25,111.3593750,111.3750000,INVALID,F,,,,
XCME.ZN1.01AUG25.111:25.C,.3906250,.4062500,111.2500000,C,.3225804,830.9494402,870.8309294,850.8947118
XCME.ZN1.01AUG25.110:25.C,1.1250000,1.1562500,110.2500000,C,1.1254183,611.7048278,866.1926370,763.2828257
XCME.ZN1.01AUG25.112:75.C,.0156250,.0312500,112.7500000,C,.0049507,828.3480131,961.5431492,900.8525912
XCME.ZN1.01AUG25.111:75.C,.1718750,.1875000,111.7500000,C,.1107726,830.0537498,873.8287458,851.9986812
