Key,BID,ASK,STRIKE,ITYPE,ADJTHEOR,IVBID,IVASK,IVAVERAGE
XCME.ZN.SEP25,111.1250000,111.1406250,INVALID,F,,,,
XCME.ZN1.01AUG25.110:75.P,.1406250,.1718750,110.7500000,P,.1000340,766.0068797,857.5364232,812.0903221
XCME.ZN1.01AUG25.110:25.P,.0312500,.0468750,110.2500000,P,.0177385,707.3441101,793.2348104,752.1290347
XCME.ZN1.01AUG25.110.P,.0156250,.0312500,110,P,.0065684,726.8924111,850.4654817,794.0113436
XCME.ZN1.01AUG25.111:75.P,.7031250,.7187500,111.7500000,P,.6637697,737.1668728,848.1722733,793.8953890
