Key,BID,ASK,STRIKE,ITYPE,ADJTHEOR,IVBID,IVASK,IVAVERAGE
XCME.ZN.SEP25,111.3125000,111.3281250,INVALID,F,,,,
XCME.ZN1.01AUG25.110:5.C,.8750000,.9062500,110.5000000,C,.8436428,774.8390437,901.5069557,840.4323473
XCME.ZN1.01AUG25.110:75.C,.6875000,.7031250,110.7500000,C,.6295028,827.7464397,876.7046854,852.3834881
XCME.ZN1.01AUG25.111.P,.1875000,.2031250,111,P,.1294114,806.7534571,848.9688672,827.9004996
XCME.ZN1.01AUG25.113.C,.0069999,.0156250,113,C,.0026969,840.8926830,964.4027763,909.8993639
