Key,BID,ASK,STRIKE,ITYPE,ADJTHEOR,IVBID,IVASK,IVAVERAGE
XCME.ZN.SEP25,111.4062500,111.4218750,INVALID,F,,,,
XCME.ZN1.01AUG25.111:5.P,.3750000,.4062500,111.5000000,P,.3071249,833.8855963,913.6790662,873.7923376
XCME.WY5.30JUL25.111:25.C,.2500000,.2812500,111.2500000,C,.1869346,1053.6685324,1278.5956184,1166.8785420
XCME.WY5.30JUL25.111:5.C,.1250000,.1406250,111.5000000,C,.0451617,1114.7146542,1221.9424222,1168.3806380
