Key,BID,ASK,STRIKE,ITYPE,ADJTHEOR,IVBID,IVASK,IVAVERAGE
XCME.ZN.SEP25,111.3281250,111.3437500,INVALID,F,,,,
XCME.ZN1.01AUG25.110.C,1.3437500,1.3593750,110,C,1.3471248,292.6596575,953.6725586,820.5081775
XCME.ZN1.01AUG25.111:25.P,.2812500,.3125000,111.2500000,P,.2124340,835.7236782,916.3220507,876.0339739
XCME.ZN1.01AUG25.112:5.P,1.1875000,1.2187500,112.5000000,P,1.1650362,851.6587779,946.7997518,901.3958987
