Key,BID,ASK,STRIKE,ITYPE,ADJTHEOR,IVBID,IVASK,IVAVERAGE
XCME.ZN.SEP25,111.3281250,111.3437500,INVALID,F,,,,
XCME.ZN1.01AUG25.111:5.P,.4218750,.4531250,111.5000000,P,.3493737,850.4002041,932.2370073,891.3536845
XCME.WY5.30JUL25.111:25.C,.2031250,.2187500,111.2500000,C,.1212281,1182.4411702,1415.4872109,1299.1276050
XCME.WY5.30JUL25.111:5.C,.0937500,.1093750,111.5000000,C,.0182840,1216.5221948,1340.5077058,1278.7493654
