Key,BID,ASK,STRIKE,ITYPE,ADJTHEOR,IVBID,IVASK,IVAVERAGE
XCME.ZN.SEP25,111.3750000,111.3906250,INVALID,F,,,,
XCME.WY5.30JUL25.110.P,INVALID,.0069999,110,P,.0000,,1509.8482834,1358.3434170
XCME.WY5.30JUL25.113.C,INVALID,.0069999,113,C,0,,1759.9876148,1590.1711950
XCME.WY5.30JUL25.112:25.P,.8750000,.9062500,112.2500000,P,.8863218,,1312.0343787,1089.8020976
