Key,BID,ASK,STRIKE,ITYPE,ADJTHEOR,IVBID,IVASK,IVAVERAGE
XCME.ZN.SEP25,111.0625000,111.0781250,INVALID,F,,,,
XCME.ZN1.01AUG25.112.C,.0312500,.0468750,112,C,.0172782,738.9111797,826.9328177,784.8125023
XCME.ZN1.01AUG25.112:5.C,.0069999,.0156250,112.5000000,C,.0034775,763.5777087,880.2088655,828.6217384
XCME.ZN1.01AUG25.112:25.P,1.1875000,1.2343750,112.2500000,P,1.1912198,584.9249039,999.4535301,850.9066923
