Key,BID,ASK,STRIKE,ITYPE,ADJTHEOR,IVBID,IVASK,IVAVERAGE
XCME.ZN.SEP25,111.3125000,111.3281250,INVALID,F,,,,
XCME.WY5.30JUL25.110:75.C,.5781250,.6093750,110.7500000,C,.5634662,928.4764545,1279.6942115,1122.7958951
XCME.WY5.30JUL25.112:75.C,INVALID,.0069999,112.7500000,C,0,,1670.1558870,1505.2561880
XCME.WY5.30JUL25.112:5.C,INVALID,.0069999,112.5000000,C,0,,1424.6879167,1279.5046778
