Key,BID,ASK,STRIKE,ITYPE,ADJTHEOR,IVBID,IVASK,IVAVERAGE
XCME.ZN.SEP25,111.2500000,111.2656250,INVALID,F,,,,
XCME.WY5.30JUL25.111:25.C,.1718750,.1875000,111.2500000,C,.0865493,1198.1378268,1315.4151698,1256.7808636
XCME.WY5.30JUL25.111:5.C,.0625000,.0937500,111.5000000,C,.0095543,1118.1777619,1389.5772032,1256.0399407
XCME.WY5.30JUL25.110.C,1.2656250,1.2968750,110,C,1.2734374,,,
XCME.WY5.30JUL25.112:5.P,1.2187500,1.2500000,112.5000000,P,1.2265625,,,1961.2238289
