Key,BID,ASK,STRIKE,ITYPE,ADJTHEOR,IVBID,IVASK,IVAVERAGE
XCME.ZN.SEP25,111.3750000,111.3906250,INVALID,F,,,,
XCME.ZN1.01AUG25.112:75.P,1.3906250,1.4218750,112.7500000,P,1.3923875,644.9671698,843.3245714,764.7870099
XCME.ZN1.01AUG25.110:5.P,.0468750,.0625000,110.5000000,P,.0248433,733.3363252,803.0507248,769.1444457
XCME.ZN1.01AUG25.112:25.C,.0468750,.0781250,112.2500000,C,.0267840,817.3480913,881.4563017,850.0175130
XCME.ZN1.01AUG25.112.P,.7187500,.7500000,112,P,.6952803,729.9293419,834.6776964,783.4087533
