Key,BID,ASK,STRIKE,ITYPE,ADJTHEOR,IVBID,IVASK,IVAVERAGE
XCME.ZN.SEP25,111.3437500,111.3593750,INVALID,F,,,,
XCME.WY5.30JUL25.111.C,.3906250,.4062500,111,C,.3617808,709.8250472,968.8484140,847.6761419
XCME.WY5.30JUL25.111:75.P,.4375000,.4531250,111.7500000,P,.4043025,771.3038900,1157.3440098,980.0388361
XCME.WY5.30JUL25.112:25.C,INVALID,.0069999,112.2500000,C,0,,1082.5925008,965.9940851
XCME.WY5.30JUL25.110:5.P,INVALID,.0156250,110.5000000,P,.0000722,,1212.9960485,1051.7641670
