Key,BID,ASK,STRIKE,ITYPE,ADJTHEOR,IVBID,IVASK,IVAVERAGE
XCME.ZN.SEP25,111.2500000,111.2656250,INVALID,F,,,,
XCME.ZN1.01AUG25.110.C,1.2812500,1.3125000,110,C,1.2809935,,832.8569156,702.9066842
XCME.ZN1.01AUG25.111:25.P,.3281250,.3437500,111.2500000,P,.2427498,879.5078437,919.7768267,899.6425496
XCME.ZN1.01AUG25.112:5.P,1.2656250,1.2812500,112.5000000,P,1.2299748,965.3376032,1052.8056627,1010.5547007
