Key,BID,ASK,STRIKE,ITYPE,ADJTHEOR,IVBID,IVASK,IVAVERAGE
XCME.ZN.SEP25,111.3750000,111.3906250,INVALID,F,,,,
XCME.WY5.30JUL25.110:75.C,.6250000,.6562500,110.7500000,C,.6300853,,1097.5254680,945.9914295
XCME.WY5.30JUL25.112:75.C,INVALID,.0069999,112.7500000,C,0,,1516.3311051,1364.0760514
XCME.WY5.30JUL25.112:5.C,INVALID,.0156250,112.5000000,C,.00000,,1491.7585279,1306.5882939
