Key,BID,ASK,STRIKE,ITYPE,ADJTHEOR,IVBID,IVASK,IVAVERAGE
XCME.ZN.SEP25,111.0937500,111.1093750,INVALID,F,,,,
XCME.ZN1.01AUG25.110:5.P,.0781250,.0937500,110.5000000,P,.0475636,752.2217241,810.0345244,781.4766649
XCME.ZN1.01AUG25.112:25.C,.0156250,.0312500,112.2500000,C,.0075758,746.6659443,872.8975003,815.2296448
XCME.ZN1.01AUG25.112.P,.9218750,.9531250,112,P,.9135681,699.5709368,870.8223467,791.9080028
