Key,BID,ASK,STRIKE,ITYPE,ADJTHEOR,IVBID,IVASK,IVAVERAGE
XCME.ZN.SEP25,111.3593750,111.3750000,INVALID,F,,,,
XCME.ZN1.01AUG25.110:75.P,.0937500,.1250000,110.7500000,P,.0562182,763.0250490,865.1705525,814.9865834
XCME.ZN1.01AUG25.110:25.P,.0312500,.0468750,110.2500000,P,.0093778,798.9363123,889.4391511,846.2317915
XCME.ZN1.01AUG25.110.P,.0156250,.0312500,110,P,.0040827,801.9340216,931.5104384,872.5148485
XCME.ZN1.01AUG25.111:75.P,.5468750,.5781250,111.7500000,P,.5011859,783.3929331,869.5713301,826.7228537
