Key,BID,ASK,STRIKE,ITYPE,ADJTHEOR,IVBID,IVASK,IVAVERAGE
XCME.ZN.SEP25,111.3125000,111.3281250,INVALID,F,,,,
XCME.ZN1.01AUG25.110:5.C,.8750000,.9062500,110.5000000,C,.8441084,771.3239344,836.6262843,804.6584209
XCME.ZN1.01AUG25.110:75.C,.6875000,.7031250,110.7500000,C,.6302642,773.8554891,872.7338134,823.9966624
XCME.ZN1.01AUG25.111.P,.1875000,.2031250,111,P,.1304501,803.0992276,886.8569964,845.1234002
XCME.ZN1.01AUG25.113.C,.0069999,.0156250,113,C,.0027917,837.0399997,960.0146213,905.7422539
