Key,BID,ASK,STRIKE,ITYPE,ADJTHEOR,IVBID,IVASK,IVAVERAGE
XCME.ZN.SEP25,111.0937500,111.1093750,INVALID,F,,,,
XCME.WY5.30JUL25.112:75.P,1.6406250,1.6562500,112.7500000,P,1.6562500,,1218.6625997,
XCME.WY5.30JUL25.110:25.P,INVALID,.0069999,110.2500000,P,0,,1822.5407540,1616.4046832
XCME.WY5.30JUL25.110:75.P,.0069999,.0156250,110.7500000,P,.0004108,898.1956289,1375.4145414,1170.7807069
