Key,BID,ASK,STRIKE,ITYPE,ADJTHEOR,IVBID,IVASK,IVAVERAGE
XCME.ZN.SEP25,111.2968750,111.3125000,INVALID,F,,,,
XCME.WY5.30JUL25.111.P,.0468750,.0781250,111,P,.0049660,1115.3961153,1267.8401854,1192.9032835
XCME.ZN1.01AUG25.110:75.P,.1250000,.1406250,110.7500000,P,.0649412,786.7885409,886.7773059,837.4304568
XCME.ZN1.01AUG25.110:25.P,.0312500,.0468750,110.2500000,P,.0101547,787.3623094,878.5135603,834.9590390
