Key,BID,ASK,STRIKE,ITYPE,ADJTHEOR,IVBID,IVASK,IVAVERAGE
XCME.ZN.SEP25,111.0468750,111.0625000,INVALID,F,,,,
XCME.WY5.30JUL25.110:75.P,.0156250,.0312500,110.7500000,P,.0021794,880.8541561,1109.6641045,1002.1841638
XCME.WY5.30JUL25.110.P,INVALID,.0069999,110,P,0,,1940.6825853,1738.0017109
XCME.WY5.30JUL25.113.C,INVALID,.0069999,113,C,0,,,
