Key,BID,ASK,STRIKE,ITYPE,ADJTHEOR,IVBID,IVASK,IVAVERAGE
XCME.ZN.SEP25,111.3437500,111.3593750,INVALID,F,,,,
XCME.ZN1.01AUG25.110:5.C,.9062500,.9218750,110.5000000,C,.8758688,774.9489780,842.1673062,809.3259169
XCME.ZN1.01AUG25.110:75.C,.7031250,.7343750,110.7500000,C,.6590760,784.8936593,885.3269615,835.8850662
XCME.ZN1.01AUG25.111.P,.1718750,.2031250,111,P,.1201261,789.2397636,874.1332774,831.8772506
XCME.ZN1.01AUG25.113.C,.0069999,.0312500,113,C,.0031105,818.5251862,1083.5073203,977.0644255
