Key,BID,ASK,STRIKE,ITYPE,ADJTHEOR,IVBID,IVASK,IVAVERAGE
XCME.ZN.SEP25,111.3125000,111.3281250,INVALID,F,,,,
XCME.WY5.30JUL25.110:5.P,INVALID,.0156250,110.5000000,P,.0000156,,1364.6073723,1180.2384481
XCME.WY5.30JUL25.110:5.C,.8125000,.8437500,110.5000000,C,.8203281,,1504.2186747,1281.1155376
XCME.WY5.30JUL25.111:75.C,.0312500,.0468750,111.7500000,C,.0017920,1034.6858883,1193.3483663,1116.6989351
