Key,BID,ASK,STRIKE,ITYPE,ADJTHEOR,IVBID,IVASK,IVAVERAGE
XCME.ZN.SEP25,111.0781250,111.0937500,INVALID,F,,,,
XCME.ZN1.01AUG25.110:5.P,.0937500,.1093750,110.5000000,P,.0551409,775.6481223,829.8410441,803.0073029
XCME.ZN1.01AUG25.112:25.C,.0156250,.0312500,112.2500000,C,.0068250,762.4736859,890.1414805,831.8116288
XCME.ZN1.01AUG25.112.P,.9531250,.9843750,112,P,.9497517,667.9091388,856.8953060,771.9698499
