Key,BID,ASK,STRIKE,ITYPE,ADJTHEOR,IVBID,IVASK,IVAVERAGE
XCME.ZN.SEP25,111.3437500,111.3593750,INVALID,F,,,,
XCME.WY5.30JUL25.112.C,.0069999,.0312500,112,C,.0001209,910.5735832,1302.2380149,1139.0370556
XCME.WY5.30JUL25.110:25.C,1.0937500,1.1093750,110.2500000,C,1.0980622,,1841.7798699,1620.9701798
XCME.WY5.30JUL25.110:75.C,.5937500,.6250000,110.7500000,C,.5984922,,1179.7314474,1015.4253630
