Key,BID,ASK,STRIKE,ITYPE,ADJTHEOR,IVBID,IVASK,IVAVERAGE
XCME.ZN.SEP25,111.0625000,111.0781250,INVALID,F,,,,
XCME.ZN1.01AUG25.111:75.C,.0625000,.0781250,111.7500000,C,.0392612,748.8671268,812.8915024,781.4463484
XCME.ZN1.01AUG25.110:5.C,.6406250,.6718750,110.5000000,C,.6204167,710.1423905,823.3905939,768.0623208
XCME.ZN1.01AUG25.110:75.C,.4687500,.5000000,110.7500000,C,.4334214,751.7083338,842.6131539,797.3921674
