Key,BID,ASK,STRIKE,ITYPE,ADJTHEOR,IVBID,IVASK,IVAVERAGE
XCME.ZN.SEP25,111.0468750,111.0625000,INVALID,F,,,,
XCME.WY5.30JUL25.111.P,.0781250,.1093750,111,P,.0408947,889.1106039,1163.0644056,1026.4001158
XCME.ZN1.01AUG25.110:75.P,.1718750,.1875000,110.7500000,P,.1255593,780.5607427,824.6553222,802.6545130
XCME.ZN1.01AUG25.110:25.P,.0468750,.0625000,110.2500000,P,.0245388,741.9393702,814.7175620,779.2997814
