Key,BID,ASK,STRIKE,ITYPE,ADJTHEOR,IVBID,IVASK,IVAVERAGE
XCME.ZN.SEP25,111.0781250,111.0937500,INVALID,F,,,,
XCME.ZN1.01AUG25.110:5.C,.6718750,.6875000,110.5000000,C,.6252857,747.0199234,855.1282129,802.0925109
XCME.ZN1.01AUG25.110:75.C,.4843750,.5156250,110.7500000,C,.4387729,778.7349490,823.4240005,801.1341501
XCME.ZN1.01AUG25.111.P,.2656250,.2812500,111,P,.2174246,784.7895668,867.0095930,825.9077039
XCME.ZN1.01AUG25.113.C,INVALID,.0156250,113,C,.0012518,,1125.3722809,1001.6391056
