Key,BID,ASK,STRIKE,ITYPE,ADJTHEOR,IVBID,IVASK,IVAVERAGE
XCME.ZN.SEP25,111.2656250,111.2812500,INVALID,F,,,,
XCME.ZN1.01AUG25.110:5.C,.8281250,.8593750,110.5000000,C,.7914043,794.2688177,916.9073474,857.4324541
XCME.ZN1.01AUG25.110:75.C,.6406250,.6718750,110.7500000,C,.5814149,830.8548840,927.1443166,879.4722172
XCME.ZN1.01AUG25.111.P,.2031250,.2187500,111,P,.1425507,816.0273590,858.4031270,837.2427597
XCME.ZN1.01AUG25.113.C,.0069999,.0156250,113,C,.0019515,886.4890362,1015.9367981,958.8712124
