Key,BID,ASK,STRIKE,ITYPE,ADJTHEOR,IVBID,IVASK,IVAVERAGE
XCME.ZN.SEP25,111.1562500,111.1718750,INVALID,F,,,,
XCME.ZN1.01AUG25.111.C,.3906250,.4062500,111,C,.3434718,780.3124895,821.6798583,801.0081956
XCME.ZN1.01AUG25.113.P,1.8281250,1.8593750,113,P,1.8376317,,1153.5461835,1013.5334774
XCME.ZN1.01AUG25.110.C,1.1718750,1.2031250,110,C,1.1700229,648.8070024,914.4603545,807.1303149
