Key,BID,ASK,STRIKE,ITYPE,ADJTHEOR,IVBID,IVASK,IVAVERAGE
XCME.ZN.SEP25,111.3750000,111.3906250,INVALID,F,,,,
XCME.WY5.30JUL25.112:75.C,INVALID,.0069999,112.7500000,C,0,,1531.8812087,1378.6609348
XCME.WY5.30JUL25.112:5.C,INVALID,.0156250,112.5000000,C,.0,,1509.0782337,1322.9070863
XCME.WY5.30JUL25.111.P,.0312500,.0468750,111,P,.0096549,790.6280351,918.6874390,856.6722336
