Key,BID,ASK,STRIKE,ITYPE,ADJTHEOR,IVBID,IVASK,IVAVERAGE
XCME.ZN.SEP25,111.1093750,111.1250000,INVALID,F,,,,
XCME.WY5.30JUL25.111:25.P,.1718750,.2031250,111.2500000,P,.1439800,883.3915084,1210.8395923,1049.8899433
XCME.WY5.30JUL25.113.P,1.8593750,1.8906250,113,P,1.8785000,,,
XCME.WY5.30JUL25.112.P,.8593750,.8906250,112,P,.8784999,,,1890.7007624
