Key,BID,ASK,STRIKE,ITYPE,ADJTHEOR,IVBID,IVASK,IVAVERAGE
XCME.ZN.SEP25,110.9843750,111,INVALID,F,,,,
XCME.ZN1.01AUG25.111:25.C,.1718750,.1875000,111.2500000,C,.1316481,821.9687919,867.2614384,844.6498820
XCME.ZN1.01AUG25.110:25.C,.8125000,.8437500,110.2500000,C,.7650070,857.8289981,983.6693698,922.3963791
XCME.ZN1.01AUG25.112:75.C,INVALID,.0069999,112.7500000,C,.0011662,,951.7737041,861.0444823
