Key,BID,ASK,STRIKE,ITYPE,ADJTHEOR,IVBID,IVASK,IVAVERAGE
XCME.ZN.SEP25,111.0468750,111.0625000,INVALID,F,,,,
XCME.ZN1.01AUG25.111:5.C,.1250000,.1562500,111.5000000,C,.0866452,774.5133547,822.8598871,798.8132224
XCME.ZN1.01AUG25.111.C,.3281250,.3593750,111,C,.2790279,787.1046706,827.9384473,807.5226852
XCME.ZN1.01AUG25.113.P,1.9375000,1.9687500,113,P,1.9501317,921.3070383,1181.0888448,1079.3837646
