Key,BID,ASK,STRIKE,ITYPE,ADJTHEOR,IVBID,IVASK,IVAVERAGE
XCME.ZN.SEP25,111.0937500,111.1093750,INVALID,F,,,,
XCME.WY5.30JUL25.111:25.P,.2031250,.2187500,111.2500000,P,.1727639,742.6651369,1080.2297841,917.6311410
XCME.WY5.30JUL25.113.P,1.8906250,1.9218750,113,P,1.9105625,,,
XCME.WY5.30JUL25.112.P,.8906250,.9218750,112,P,.9105624,,1949.4928413,1800.7546841
