Key,BID,ASK,STRIKE,ITYPE,ADJTHEOR,IVBID,IVASK,IVAVERAGE
XCME.ZN.SEP25,111.3281250,111.3437500,INVALID,F,,,,
XCME.ZN1.01AUG25.111:5.C,.2500000,.2812500,111.5000000,C,.1930142,804.2182410,883.1864496,843.7349892
XCME.ZN1.01AUG25.111.C,.5156250,.5468750,111,C,.4640686,788.1696821,872.3782373,830.4489568
XCME.ZN1.01AUG25.113.P,1.6562500,1.6875000,113,P,1.6636742,,1052.5050113,938.5557278
