Key,BID,ASK,STRIKE,ITYPE,ADJTHEOR,IVBID,IVASK,IVAVERAGE
XCME.ZN.SEP25,111.3437500,111.3593750,INVALID,F,,,,
XCME.WY5.30JUL25.110:75.C,.6093750,.6406250,110.7500000,C,.6257203,,959.4796952,724.0259277
XCME.WY5.30JUL25.112:75.C,INVALID,.0069999,112.7500000,C,0,,1537.1259871,1383.1844148
XCME.WY5.30JUL25.112:5.C,INVALID,.0069999,112.5000000,C,0,,1512.6370349,1325.6882493
