Key,BID,ASK,STRIKE,ITYPE,ADJTHEOR,IVBID,IVASK,IVAVERAGE
XCME.ZN.SEP25,111.3281250,111.3437500,INVALID,F,,,,
XCME.WY5.30JUL25.111.C,.3750000,.4062500,111,C,.3551861,956.5134207,1086.7518684,1023.0088611
XCME.WY5.30JUL25.111:75.P,.4375000,.4687500,111.7500000,P,.4053836,813.3151981,1121.5778488,979.5550655
XCME.WY5.30JUL25.112:25.C,INVALID,.0069999,112.2500000,C,0,,1195.1933029,1067.2576435
