Key,BID,ASK,STRIKE,ITYPE,ADJTHEOR,IVBID,IVASK,IVAVERAGE
XCME.ZN.SEP25,111.1875000,111.2031250,INVALID,F,,,,
XCME.ZN1.01AUG25.110:5.C,.7500000,.7656250,110.5000000,C,.7360233,688.5581437,755.2227896,722.6467107
XCME.ZN1.01AUG25.110:75.C,.5625000,.5781250,110.7500000,C,.5334175,732.6951215,781.5119305,757.2503125
XCME.ZN1.01AUG25.111.P,.2187500,.2343750,111,P,.1653469,797.2095295,838.9506040,818.0968680
XCME.ZN1.01AUG25.113.C,INVALID,.0156250,113,C,.0018034,,1050.0426117,932.7948768
