Key,BID,ASK,STRIKE,ITYPE,ADJTHEOR,IVBID,IVASK,IVAVERAGE
XCME.ZN.SEP25,111.3593750,111.3750000,INVALID,F,,,,
XCME.WY5.30JUL25.112.C,.0156250,.0312500,112,C,.0000699,1142.4557596,1373.9296987,1266.9861493
XCME.WY5.30JUL25.110:25.C,1.1093750,1.1250000,110.2500000,C,1.1136875,,1656.1165969,1532.7403763
XCME.WY5.30JUL25.110:75.C,.6093750,.6406250,110.7500000,C,.6138749,,1285.7207811,1107.5638512
