Key,BID,ASK,STRIKE,ITYPE,ADJTHEOR,IVBID,IVASK,IVAVERAGE
XCME.ZN.SEP25,111.3593750,111.3750000,INVALID,F,,,,
XCME.ZN1.01AUG25.110.P,.0069999,.0312500,110,P,.0031295,722.2785441,967.8717567,868.6465133
XCME.ZN1.01AUG25.111:75.P,.5468750,.5625000,111.7500000,P,.4789610,848.3278370,891.7327255,870.0791623
XCME.ZN1.01AUG25.112:75.P,1.3750000,1.4062500,112.7500000,P,1.3687859,773.6038507,1031.2179353,923.2310118
