Key,BID,ASK,STRIKE,ITYPE,ADJTHEOR,IVBID,IVASK,IVAVERAGE
XCME.ZN.SEP25,111.0156250,111.0312500,INVALID,F,,,,
XCME.ZN1.01AUG25.111.P,.2812500,.2968750,111,P,.2298256,800.5780465,843.3745501,821.9765512
XCME.ZN1.01AUG25.113.C,INVALID,.0156250,113,C,.0008615,,1198.8307205,1067.8112181
XCME.ZN1.01AUG25.112.C,.0156250,.0312500,112,C,.0121104,677.7860052,799.3934294,743.7379921
