Key,BID,ASK,STRIKE,ITYPE,ADJTHEOR,IVBID,IVASK,IVAVERAGE
XCME.ZN.SEP25,111.3593750,111.3750000,INVALID,F,,,,
XCME.WY5.30JUL25.110:75.C,.6250000,.6406250,110.7500000,C,.6176748,863.1036151,1116.4118186,1006.1632016
XCME.WY5.30JUL25.112:75.C,INVALID,.0069999,112.7500000,C,0,,1635.0635910,1471.4709778
XCME.WY5.30JUL25.112:5.C,INVALID,.0069999,112.5000000,C,0,,1384.9033882,1241.4393296
