Key,BID,ASK,STRIKE,ITYPE,ADJTHEOR,IVBID,IVASK,IVAVERAGE
XCME.ZN.SEP25,111.3437500,111.3593750,INVALID,F,,,,
XCME.WY5.30JUL25.112:25.P,.8906250,.9218750,112.2500000,P,.9019344,,1390.0421918,1156.3822979
XCME.WY5.30JUL25.112.C,.0069999,.0312500,112,C,.0002342,856.4589382,1224.8839152,1071.3827290
XCME.WY5.30JUL25.110:25.C,1.0937500,1.1250000,110.2500000,C,1.0980633,,1732.3714162,1524.6922912
