Key,BID,ASK,STRIKE,ITYPE,ADJTHEOR,IVBID,IVASK,IVAVERAGE
XCME.ZN.SEP25,111.1093750,111.1250000,INVALID,F,,,,
XCME.ZN1.01AUG25.111:25.C,.2500000,.2656250,111.2500000,C,.1933633,809.4059600,850.5126083,829.9662746
XCME.ZN1.01AUG25.110:25.C,.9062500,.9375000,110.2500000,C,.8864913,739.3002131,888.8244096,818.2416849
XCME.ZN1.01AUG25.112:75.C,.0069999,.0156250,112.7500000,C,.0023209,846.9736983,972.6414548,917.0644647
