Key,BID,ASK,STRIKE,ITYPE,ADJTHEOR,IVBID,IVASK,IVAVERAGE
XCME.ZN.SEP25,111.3281250,111.3437500,INVALID,F,,,,
XCME.ZN1.01AUG25.110:5.C,.8906250,.9218750,110.5000000,C,.8799303,677.4162961,822.5386306,754.4111214
XCME.ZN1.01AUG25.110:75.C,.7031250,.7187500,110.7500000,C,.6634115,768.9355541,819.9475812,794.6737537
XCME.ZN1.01AUG25.111.P,.1875000,.2031250,111,P,.1210919,827.7003678,869.6262748,848.7069289
XCME.ZN1.01AUG25.113.C,.0069999,.0156250,113,C,.0033694,809.7808775,929.6582376,876.6985931
