Key,BID,ASK,STRIKE,ITYPE,ADJTHEOR,IVBID,IVASK,IVAVERAGE
XCME.ZN.SEP25,111.1250000,111.1406250,INVALID,F,,,,
XCME.ZN1.01AUG25.112:5.C,.0156250,.0312500,112.5000000,C,.0044111,841.0596108,976.6818372,914.9164657
XCME.ZN1.01AUG25.112:25.P,1.1406250,1.1562500,112.2500000,P,1.1231507,808.0959522,992.8096028,908.1327877
XCME.ZN1.01AUG25.111:5.C,.1562500,.1718750,111.5000000,C,.1106332,789.1925209,834.3430172,811.8334024
