Key,BID,ASK,STRIKE,ITYPE,ADJTHEOR,IVBID,IVASK,IVAVERAGE
XCME.ZN.SEP25,111.3750000,111.3906250,INVALID,F,,,,
XCME.ZN1.01AUG25.111:5.P,.3906250,.4062500,111.5000000,P,.3346305,798.6739471,837.2650021,817.9740235
XCME.WY5.30JUL25.111:25.C,.2343750,.2500000,111.2500000,C,.1808324,870.1119654,958.2518127,914.2797670
XCME.WY5.30JUL25.111:5.C,.1093750,.1250000,111.5000000,C,.0532059,875.9755961,963.5534870,919.8481304
