Key,BID,ASK,STRIKE,ITYPE,ADJTHEOR,IVBID,IVASK,IVAVERAGE
XCME.ZN.SEP25,111.3437500,111.3593750,INVALID,F,,,,
XCME.WY5.30JUL25.110:75.C,.6093750,.6406250,110.7500000,C,.5989303,871.6248830,1247.6297512,1085.0305697
XCME.WY5.30JUL25.112:75.C,INVALID,.0069999,112.7500000,C,0,,1580.7216082,1423.3057732
XCME.WY5.30JUL25.112:5.C,INVALID,.0069999,112.5000000,C,0,,1342.3410358,1204.2881073
