Key,BID,ASK,STRIKE,ITYPE,ADJTHEOR,IVBID,IVASK,IVAVERAGE
XCME.ZN.SEP25,111.3750000,111.3906250,INVALID,F,,,,
XCME.WY5.30JUL25.111:5.P,.2187500,.2500000,111.5000000,P,.2019606,625.4758016,760.6617025,693.3454389
XCME.WY5.30JUL25.111.C,.4218750,.4531250,111,C,.4018461,698.2546732,876.9578074,790.8385247
XCME.WY5.30JUL25.113.P,1.5937500,1.6250000,113,P,1.6206902,,1249.6715278,949.5862384
XCME.WY5.30JUL25.112.P,.6250000,.6406250,112,P,.6240807,558.2505160,773.3693340,685.6971689
XCME.WY5.30JUL25.111:25.P,.1093750,.1250000,111.2500000,P,.0796204,688.9578173,756.6828465,722.8900962
