Key,BID,ASK,STRIKE,ITYPE,ADJTHEOR,IVBID,IVASK,IVAVERAGE
XCME.ZN.SEP25,111.1718750,111.1875000,INVALID,F,,,,
XCME.WY5.30JUL25.110.C,1.1718750,1.2031250,110,C,1.1761874,,,1959.2617445
XCME.WY5.30JUL25.112:5.P,1.3125000,1.3437500,112.5000000,P,1.3238125,,,
XCME.WY5.30JUL25.111:5.P,.3437500,.3750000,111.5000000,P,.3259574,914.4327493,1289.5766167,1115.5048206
