Key,BID,ASK,STRIKE,ITYPE,ADJTHEOR,IVBID,IVASK,IVAVERAGE
XCME.ZN.SEP25,111.3437500,111.3593750,INVALID,F,,,,
XCME.ZN1.01AUG25.111:5.C,.2656250,.2812500,111.5000000,C,.2044366,811.6204342,850.2815035,830.9574297
XCME.ZN1.01AUG25.111.C,.5312500,.5625000,111,C,.4791839,787.0751687,870.2569641,828.8484077
XCME.ZN1.01AUG25.113.P,1.6406250,1.6718750,113,P,1.6477844,,1032.7478977,923.7468472
