Key,BID,ASK,STRIKE,ITYPE,ADJTHEOR,IVBID,IVASK,IVAVERAGE
XCME.ZN.SEP25,111.0312500,111.0468750,INVALID,F,,,,
XCME.ZN1.01AUG25.111:25.C,.2031250,.2343750,111.2500000,C,.1627972,768.1663613,852.3780253,810.3496851
XCME.ZN1.01AUG25.110:25.C,.8437500,.8593750,110.2500000,C,.8184923,753.2100123,887.9357168,823.3416995
XCME.ZN1.01AUG25.112:75.C,.0069999,.0156250,112.7500000,C,.0019974,881.5124621,1010.7214502,953.6616361
