Key,BID,ASK,STRIKE,ITYPE,ADJTHEOR,IVBID,IVASK,IVAVERAGE
XCME.ZN.SEP25,111.0781250,111.0937500,INVALID,F,,,,
XCME.ZN1.01AUG25.112:5.C,.0069999,.0156250,112.5000000,C,.0031049,775.5273800,894.1244401,841.6584114
XCME.ZN1.01AUG25.112:25.P,1.1718750,1.2031250,112.2500000,P,1.1828031,,863.7992263,762.5096924
XCME.ZN1.01AUG25.111:5.C,.1250000,.1406250,111.5000000,C,.0883902,770.4068928,819.2894030,794.9697337
