Key,BID,ASK,STRIKE,ITYPE,ADJTHEOR,IVBID,IVASK,IVAVERAGE
XCME.ZN.SEP25,111.0781250,111.0937500,INVALID,F,,,,
XCME.WY5.30JUL25.111:25.P,.2031250,.2187500,111.2500000,P,.1727639,917.6311410,1236.2236238,1080.2297841
XCME.WY5.30JUL25.113.P,1.9062500,1.9218750,113,P,1.9105625,,,
XCME.WY5.30JUL25.112.P,.9062500,.9218750,112,P,.9105624,,,
