Key,BID,ASK,STRIKE,ITYPE,ADJTHEOR,IVBID,IVASK,IVAVERAGE
XCME.ZN.SEP25,111.3750000,111.3906250,INVALID,F,,,,
XCME.ZN1.01AUG25.111:25.C,.3906250,.4218750,111.2500000,C,.3287080,815.5310658,895.6482640,855.6115799
XCME.ZN1.01AUG25.110:25.C,1.1406250,1.1718750,110.2500000,C,1.1370449,662.5986688,895.7476310,797.3604380
XCME.ZN1.01AUG25.112:75.C,.0156250,.0312500,112.7500000,C,.0050296,824.1864726,957.1826178,896.5809028
