Key,BID,ASK,STRIKE,ITYPE,ADJTHEOR,IVBID,IVASK,IVAVERAGE
XCME.ZN.SEP25,111.3593750,111.3750000,INVALID,F,,,,
XCME.ZN1.01AUG25.112.C,.0937500,.1250000,112,C,.0595575,766.4116065,868.0927237,818.1569844
XCME.ZN1.01AUG25.112:5.C,.0312500,.0468750,112.5000000,C,.0122101,799.3364458,889.3098225,846.3748491
XCME.ZN1.01AUG25.112:25.P,.9375000,.9687500,112.2500000,P,.9099071,780.9995573,847.7983248,815.1757314
