Key,BID,ASK,STRIKE,ITYPE,ADJTHEOR,IVBID,IVASK,IVAVERAGE
XCME.ZN.SEP25,111.1406250,111.1562500,INVALID,F,,,,
XCME.WY5.30JUL25.112.C,INVALID,.0069999,112,C,0,,1457.5459400,1297.2279436
XCME.WY5.30JUL25.110:25.C,.8906250,.9062500,110.2500000,C,.8949375,,1657.7914655,1528.1619412
XCME.WY5.30JUL25.110:75.C,.4062500,.4218750,110.7500000,C,.3959823,880.1441199,1127.1336494,1014.5327459
