Key,BID,ASK,STRIKE,ITYPE,ADJTHEOR,IVBID,IVASK,IVAVERAGE
XCME.ZN.SEP25,111.3437500,111.3593750,INVALID,F,,,,
XCME.WY5.30JUL25.111:25.P,.1093750,.1406250,111.2500000,P,.0522500,918.0182149,1110.0772940,1014.2922786
XCME.WY5.30JUL25.113.P,1.6406250,1.6718750,113,P,1.6519374,,1832.5874649,1397.3065879
XCME.WY5.30JUL25.112.P,.6562500,.6718750,112,P,.6520584,,1151.2101993,940.1849395
