Key,BID,ASK,STRIKE,ITYPE,ADJTHEOR,IVBID,IVASK,IVAVERAGE
XCME.ZN.SEP25,111.3125000,111.3281250,INVALID,F,,,,
XCME.ZN1.01AUG25.111:5.P,.4218750,.4531250,111.5000000,P,.3541055,838.4378997,920.4672973,879.4937259
XCME.WY5.30JUL25.111:25.C,.2031250,.2187500,111.2500000,C,.1184028,1200.9363522,1317.3582190,1259.1868943
XCME.WY5.30JUL25.111:5.C,.0937500,.1093750,111.5000000,C,.0175223,1228.2082121,1352.4974735,1290.5933847
