Key,BID,ASK,STRIKE,ITYPE,ADJTHEOR,IVBID,IVASK,IVAVERAGE
XCME.ZN.SEP25,111.0781250,111.0937500,INVALID,F,,,,
XCME.ZN1.01AUG25.111.P,.2656250,.2812500,111,P,.2053822,775.9279059,858.4598971,817.2100527
XCME.ZN1.01AUG25.113.C,INVALID,.0156250,113,C,.0013963,,1112.5614093,989.8344030
XCME.ZN1.01AUG25.112.C,.0312500,.0468750,112,C,.0194514,720.9663013,808.5934474,766.6617967
