Key,BID,ASK,STRIKE,ITYPE,ADJTHEOR,IVBID,IVASK,IVAVERAGE
XCME.ZN.SEP25,111.3593750,111.3750000,INVALID,F,,,,
XCME.ZN1.01AUG25.112:75.P,1.3906250,1.4218750,112.7500000,P,1.3918157,654.9752726,975.7788639,856.4545093
XCME.ZN1.01AUG25.110:5.P,.0468750,.0781250,110.5000000,P,.0233528,744.7542721,880.1225094,815.5579933
XCME.ZN1.01AUG25.112:25.C,.0468750,.0781250,112.2500000,C,.0251919,758.5900159,895.1655011,830.0605251
XCME.ZN1.01AUG25.112.P,.7343750,.7500000,112,P,.6927645,795.5934941,847.6626264,821.8747755
