Key,BID,ASK,STRIKE,ITYPE,ADJTHEOR,IVBID,IVASK,IVAVERAGE
XCME.ZN.SEP25,111.3593750,111.3750000,INVALID,F,,,,
XCME.WY5.30JUL25.112:75.C,INVALID,.0069999,112.7500000,C,0,,1821.8272542,1640.6796225
XCME.WY5.30JUL25.112:5.C,INVALID,.0069999,112.5000000,C,0,,1544.7352182,1384.8480332
XCME.WY5.30JUL25.111.P,.0468750,.0625000,111,P,.0043987,1093.2824007,1231.3230702,1163.6196149
