Key,BID,ASK,STRIKE,ITYPE,ADJTHEOR,IVBID,IVASK,IVAVERAGE
XCME.ZN.SEP25,111.3125000,111.3281250,INVALID,F,,,,
XCME.WY5.30JUL25.111:25.P,.1250000,.1562500,111.2500000,P,.0471527,1136.2724284,1364.4697609,1250.5082786
XCME.WY5.30JUL25.113.P,1.6718750,1.7031250,113,P,1.6796875,,,
XCME.WY5.30JUL25.112.P,.6718750,.7031250,112,P,.6796888,,1487.8420633,1256.6922720
