Key,BID,ASK,STRIKE,ITYPE,ADJTHEOR,IVBID,IVASK,IVAVERAGE
XCME.ZN.SEP25,111.0468750,111.0625000,INVALID,F,,,,
XCME.ZN1.01AUG25.111.P,.2812500,.2968750,111,P,.2282207,797.3700505,838.1988896,817.7855186
XCME.ZN1.01AUG25.113.C,INVALID,.0156250,113,C,.0013154,,1129.2305259,1005.2084344
XCME.ZN1.01AUG25.112.C,.0312500,.0468750,112,C,.0163557,747.8786294,836.5519820,794.1362339
