Key,BID,ASK,STRIKE,ITYPE,ADJTHEOR,IVBID,IVASK,IVAVERAGE
XCME.ZN.SEP25,111.1406250,111.1562500,INVALID,F,,,,
XCME.WY5.30JUL25.110:75.P,.0156250,.0312500,110.7500000,P,.0009903,964.2200845,1190.8623863,1085.1121552
XCME.WY5.30JUL25.110.P,INVALID,.0069999,110,P,0,,1858.1363477,1665.1561450
XCME.WY5.30JUL25.113.C,INVALID,.0069999,113,C,0,,,
