Key,BID,ASK,STRIKE,ITYPE,ADJTHEOR,IVBID,IVASK,IVAVERAGE
XCME.ZN.SEP25,111.3437500,111.3593750,INVALID,F,,,,
XCME.ZN1.01AUG25.110.C,1.3593750,1.3750000,110,C,1.3558369,700.0763370,864.8015279,794.6569601
XCME.ZN1.01AUG25.111:25.P,.2812500,.2968750,111.2500000,P,.2182598,814.4322353,853.3274599,833.8831154
XCME.ZN1.01AUG25.112:5.P,1.1718750,1.2031250,112.5000000,P,1.1594009,762.7645050,948.8007034,864.5331697
