Key,BID,ASK,STRIKE,ITYPE,ADJTHEOR,IVBID,IVASK,IVAVERAGE
XCME.ZN.SEP25,111.3437500,111.3593750,INVALID,F,,,,
XCME.ZN1.01AUG25.111:25.P,.2812500,.2968750,111.2500000,P,.2209740,805.1564174,843.4021551,824.2827188
XCME.ZN1.01AUG25.112:5.P,1.1562500,1.1875000,112.5000000,P,1.1563208,777.5741934,871.3704487,826.8780906
XCME.ZN1.01AUG25.111:5.P,.4062500,.4218750,111.5000000,P,.3496976,799.5180216,838.0252671,818.7780408
