Key,BID,ASK,STRIKE,ITYPE,ADJTHEOR,IVBID,IVASK,IVAVERAGE
XCME.ZN.SEP25,111.3281250,111.3437500,INVALID,F,,,,
XCME.ZN1.01AUG25.111:5.P,.4062500,.4375000,111.5000000,P,.3570068,782.8932321,860.8628030,821.9125861
XCME.WY5.30JUL25.111:25.C,.2187500,.2343750,111.2500000,C,.1532670,926.7444586,1013.4924053,970.1572137
XCME.WY5.30JUL25.111:5.C,.0937500,.1250000,111.5000000,C,.0404395,878.7531110,1060.2632121,970.0626280
