Key,BID,ASK,STRIKE,ITYPE,ADJTHEOR,IVBID,IVASK,IVAVERAGE
XCME.ZN.SEP25,111.3437500,111.3593750,INVALID,F,,,,
XCME.ZN1.01AUG25.110:5.P,.0468750,.0781250,110.5000000,P,.0259203,726.8443283,859.9669978,796.4484195
XCME.ZN1.01AUG25.112:25.C,.0468750,.0781250,112.2500000,C,.0249726,759.6393165,895.5055889,830.7437164
XCME.ZN1.01AUG25.112.P,.7343750,.7656250,112,P,.7077340,743.1856840,849.1534245,797.3041142
