Key,BID,ASK,STRIKE,ITYPE,ADJTHEOR,IVBID,IVASK,IVAVERAGE
XCME.ZN.SEP25,111.0625000,111.0781250,INVALID,F,,,,
XCME.WY5.30JUL25.111.C,.1406250,.1718750,111,C,.1097178,833.7491031,1104.7217941,969.8620698
XCME.WY5.30JUL25.111:75.P,.6718750,.7031250,111.7500000,P,.6761880,,1800.7865410,1556.5129333
XCME.WY5.30JUL25.112:25.C,INVALID,.0069999,112.2500000,C,0,,,1870.6197693
XCME.WY5.30JUL25.110:5.P,INVALID,.0069999,110.5000000,P,.0000036,,1161.0523045,1022.5505288
