Key,BID,ASK,STRIKE,ITYPE,ADJTHEOR,IVBID,IVASK,IVAVERAGE
XCME.ZN.SEP25,111.2968750,111.3125000,INVALID,F,,,,
XCME.WY5.30JUL25.112:25.P,.9375000,.9843750,112.2500000,P,.9531245,,,1724.4737529
XCME.WY5.30JUL25.112.C,.0069999,.0156250,112,C,0,1205.1427243,1431.8731780,1330.3037027
XCME.WY5.30JUL25.110:25.C,1.0312500,1.0625000,110.2500000,C,1.0468741,,1965.8861794,1853.8457938
