Key,BID,ASK,STRIKE,ITYPE,ADJTHEOR,IVBID,IVASK,IVAVERAGE
XCME.ZN.SEP25,111.3281250,111.3437500,INVALID,F,,,,
XCME.WY5.30JUL25.110:75.P,.0069999,.0312500,110.7500000,P,.0000557,1017.5104406,1468.6382951,1279.7253353
XCME.WY5.30JUL25.110.P,INVALID,.0069999,110,P,0,,,1804.4130219
XCME.WY5.30JUL25.113.C,INVALID,.0069999,113,C,0,,,
