Key,BID,ASK,STRIKE,ITYPE,ADJTHEOR,IVBID,IVASK,IVAVERAGE
XCME.ZN.SEP25,111.3281250,111.3437500,INVALID,F,,,,
XCME.ZN1.01AUG25.112:75.P,1.4062500,1.4375000,112.7500000,P,1.4071383,663.2049011,1082.4556980,930.5728017
XCME.ZN1.01AUG25.110:5.P,.0625000,.0781250,110.5000000,P,.0246058,807.0918671,871.4377050,839.8947176
XCME.ZN1.01AUG25.112:25.C,.0468750,.0625000,112.2500000,C,.0236597,769.7728962,841.8358360,806.7840635
XCME.ZN1.01AUG25.112.P,.7500000,.7656250,112,P,.7056386,807.9459932,911.2764784,860.4877572
