Key,BID,ASK,STRIKE,ITYPE,ADJTHEOR,IVBID,IVASK,IVAVERAGE
XCME.ZN.SEP25,111.0625000,111.0781250,INVALID,F,,,,
XCME.ZN1.01AUG25.111:25.C,.2031250,.2343750,111.2500000,C,.1634104,768.7930008,854.6008204,811.7685755
XCME.ZN1.01AUG25.110:25.C,.8437500,.8750000,110.2500000,C,.8305030,781.1122608,919.8152686,853.3323852
XCME.ZN1.01AUG25.112:75.C,INVALID,.0156250,112.7500000,C,.0017015,,1026.2535563,910.4931031
XCME.ZN1.01AUG25.111:75.C,.0625000,.0781250,111.7500000,C,.0380300,755.1796971,819.4482278,787.8796708
