Key,BID,ASK,STRIKE,ITYPE,ADJTHEOR,IVBID,IVASK,IVAVERAGE
XCME.ZN.SEP25,111.3437500,111.3593750,INVALID,F,,,,
XCME.ZN1.01AUG25.111.C,.5312500,.5468750,111,C,.4687025,818.8443736,861.2527257,840.0939745
XCME.ZN1.01AUG25.113.P,1.6562500,1.6718750,113,P,1.6549452,764.5134046,989.1297562,900.6666239
XCME.ZN1.01AUG25.110.C,1.3593750,1.3750000,110,C,1.3521487,752.2920070,898.3385073,833.7284992
