Key,BID,ASK,STRIKE,ITYPE,ADJTHEOR,IVBID,IVASK,IVAVERAGE
XCME.ZN.SEP25,111.3906250,111.4062500,INVALID,F,,,,
XCME.WY5.30JUL25.110.C,1.3906250,1.4062500,110,C,1.3984374,,,
XCME.WY5.30JUL25.112:5.P,1.0937500,1.1250000,112.5000000,P,1.1015623,,,1731.8852056
XCME.WY5.30JUL25.111:5.P,.2187500,.2500000,111.5000000,P,.1427687,1094.9508740,1310.4287487,1202.9396995
