Key,BID,ASK,STRIKE,ITYPE,ADJTHEOR,IVBID,IVASK,IVAVERAGE
XCME.ZN.SEP25,111.0468750,111.0625000,INVALID,F,,,,
XCME.ZN1.01AUG25.111:5.P,.5625000,.5937500,111.5000000,P,.5354582,787.9573239,883.2607936,836.0372107
XCME.WY5.30JUL25.111:25.C,.0312500,.0625000,111.2500000,C,.0085069,858.0102372,1028.3000540,945.1525056
XCME.WY5.30JUL25.111:5.C,.0069999,.0156250,111.5000000,C,.0001180,960.0672120,1161.6515422,1070.5240695
