Key,BID,ASK,STRIKE,ITYPE,ADJTHEOR,IVBID,IVASK,IVAVERAGE
XCME.ZN.SEP25,111.3437500,111.3593750,INVALID,F,,,,
XCME.WY5.30JUL25.111:25.P,.1250000,.1406250,111.2500000,P,.0669544,886.2408400,973.6978137,930.0043028
XCME.WY5.30JUL25.113.P,1.6562500,1.6718750,113,P,1.6718749,,589.5386597,
XCME.WY5.30JUL25.112.P,.6562500,.6875000,112,P,.6721033,,1017.8911225,769.9800111
