Key,BID,ASK,STRIKE,ITYPE,ADJTHEOR,IVBID,IVASK,IVAVERAGE
XCME.ZN.SEP25,111.0781250,111.0937500,INVALID,F,,,,
XCME.ZN1.01AUG25.111:25.C,.2343750,.2500000,111.2500000,C,.1766436,815.0092303,856.8657925,835.9490167
XCME.ZN1.01AUG25.110:25.C,.8750000,.8906250,110.2500000,C,.8538329,742.6946773,819.0360207,782.0166083
XCME.ZN1.01AUG25.112:75.C,.0069999,.0156250,112.7500000,C,.0019824,870.8205852,999.2053397,942.4322737
