Key,BID,ASK,STRIKE,ITYPE,ADJTHEOR,IVBID,IVASK,IVAVERAGE
XCME.ZN.SEP25,111.1718750,111.1875000,INVALID,F,,,,
XCME.ZN1.01AUG25.111.P,.2187500,.2500000,111,P,.1873120,738.7238220,821.1176631,779.9608103
XCME.ZN1.01AUG25.113.C,INVALID,.0156250,113,C,.0016241,,1075.8728529,956.7204346
XCME.ZN1.01AUG25.112.C,.0468750,.0625000,112,C,.0237353,771.3195744,844.8472870,809.0918419
