Key,BID,ASK,STRIKE,ITYPE,ADJTHEOR,IVBID,IVASK,IVAVERAGE
XCME.ZN.SEP25,111.0625000,111.0781250,INVALID,F,,,,
XCME.ZN1.01AUG25.110:5.C,.6562500,.6875000,110.5000000,C,.6285183,736.6463347,845.9036050,792.3668316
XCME.ZN1.01AUG25.110:75.C,.4843750,.5156250,110.7500000,C,.4415480,772.0035596,816.8454378,794.4821520
XCME.ZN1.01AUG25.111.P,.2656250,.2968750,111,P,.2160158,789.0459211,871.2954242,830.1794923
XCME.ZN1.01AUG25.113.C,INVALID,.0156250,113,C,.0013241,,1123.7251650,1000.0511411
