Key,BID,ASK,STRIKE,ITYPE,ADJTHEOR,IVBID,IVASK,IVAVERAGE
XCME.ZN.SEP25,111.3906250,111.4062500,INVALID,F,,,,
XCME.ZN1.01AUG25.110:5.P,.0468750,.0625000,110.5000000,P,.0187649,782.4119263,855.9873123,820.1837731
XCME.ZN1.01AUG25.112:25.C,.0625000,.0781250,112.2500000,C,.0248022,835.5250126,901.7637304,869.2715277
XCME.ZN1.01AUG25.112.P,.7187500,.7343750,112,P,.6657690,836.9408664,888.5703745,862.9518984
