Key,BID,ASK,STRIKE,ITYPE,ADJTHEOR,IVBID,IVASK,IVAVERAGE
XCME.ZN.SEP25,111.3125000,111.3281250,INVALID,F,,,,
XCME.ZN1.01AUG25.110:5.P,.0625000,.0781250,110.5000000,P,.0242056,814.6855434,880.4712975,848.2054244
XCME.ZN1.01AUG25.112:25.C,.0468750,.0625000,112.2500000,C,.0187111,812.4308695,887.7061633,851.1203313
XCME.ZN1.01AUG25.112.P,.7656250,.7968750,112,P,.7245519,810.1954840,921.4266162,866.9686862
