Key,BID,ASK,STRIKE,ITYPE,ADJTHEOR,IVBID,IVASK,IVAVERAGE
XCME.ZN.SEP25,110.9843750,111,INVALID,F,,,,
XCME.WY5.30JUL25.112:25.P,1.2343750,1.2656250,112.2500000,P,1.2499999,,,
XCME.WY5.30JUL25.112.C,INVALID,.0069999,112,C,0,,,
XCME.WY5.30JUL25.110:25.C,.7343750,.7656250,110.2500000,C,.7500000,,,
