Key,BID,ASK,STRIKE,ITYPE,ADJTHEOR,IVBID,IVASK,IVAVERAGE
XCME.ZN.SEP25,111.3281250,111.3437500,INVALID,F,,,,
XCME.ZN1.01AUG25.110:5.C,.8750000,.9062500,110.5000000,C,.8548639,732.2510262,936.5646292,840.9476854
XCME.ZN1.01AUG25.110:75.C,.6875000,.7031250,110.7500000,C,.6378931,810.1057526,912.2228360,861.8924858
XCME.ZN1.01AUG25.111.P,.1875000,.2031250,111,P,.1196356,840.1425849,883.5508846,861.8891538
XCME.ZN1.01AUG25.113.C,.0069999,.0156250,113,C,.0023737,854.5127896,980.2793831,924.7655833
