Key,BID,ASK,STRIKE,ITYPE,ADJTHEOR,IVBID,IVASK,IVAVERAGE
XCME.ZN.SEP25,111.3593750,111.3750000,INVALID,F,,,,
XCME.GY5.29JUL25.111:25.P,INVALID,INVALID,111.2500000,P,,,,
XCME.WY5.30JUL25.111:25.C,.2187500,.2500000,111.2500000,C,.1900089,689.0446669,829.6432371,759.5499251
XCME.WY5.30JUL25.111:5.C,.1093750,.1250000,111.5000000,C,.0683641,743.3908297,814.9430993,779.2481251
XCME.WY5.30JUL25.110.C,1.3437500,1.3750000,110,C,1.3593961,,1408.4478083,1333.1803074
XCME.WY5.30JUL25.112:5.P,1.1250000,1.1562500,112.5000000,P,1.1406395,,1225.0021491,960.2220005
