Key,BID,ASK,STRIKE,ITYPE,ADJTHEOR,IVBID,IVASK,IVAVERAGE
XCME.ZN.SEP25,111.3281250,111.3437500,INVALID,F,,,,
XCME.WY5.30JUL25.111:25.P,.1250000,.1406250,111.2500000,P,.0380466,1231.3814522,1348.7299741,1290.1162840
XCME.WY5.30JUL25.113.P,1.6562500,1.6875000,113,P,1.6562500,773.7195272,,
XCME.WY5.30JUL25.112.P,.6562500,.7031250,112,P,.6562536,426.6478758,1818.6553574,1542.8692527
