Key,BID,ASK,STRIKE,ITYPE,ADJTHEOR,IVBID,IVASK,IVAVERAGE
XCME.ZN.SEP25,111.0625000,111.0781250,INVALID,F,,,,
XCME.ZN1.01AUG25.110.C,1.0937500,1.1093750,110,C,1.0930052,627.2027916,783.7382248,716.6718659
XCME.ZN1.01AUG25.111:25.P,.3906250,.4062500,111.2500000,P,.3390720,800.1036384,842.5039062,821.3159903
XCME.ZN1.01AUG25.112:5.P,1.4218750,1.4375000,112.5000000,P,1.4173121,782.0003580,962.7077364,885.7503926
