Key,BID,ASK,STRIKE,ITYPE,ADJTHEOR,IVBID,IVASK,IVAVERAGE
XCME.ZN.SEP25,111.1406250,111.1562500,INVALID,F,,,,
XCME.WY5.30JUL25.111:5.P,.3593750,.3906250,111.5000000,P,.3531710,736.4819215,1189.6152767,995.7532715
XCME.WY5.30JUL25.111:25.P,.1718750,.2031250,111.2500000,P,.1340764,871.4050955,1122.3498829,997.6534576
XCME.WY5.30JUL25.113.P,1.8437500,1.8593750,113,P,1.8515624,,,
XCME.WY5.30JUL25.112.P,.8437500,.8750000,112,P,.8515624,,1878.3078445,1605.5618097
