Key,BID,ASK,STRIKE,ITYPE,ADJTHEOR,IVBID,IVASK,IVAVERAGE
XCME.ZN.SEP25,111.2500000,111.2656250,INVALID,F,,,,
XCME.WY5.30JUL25.112:75.C,INVALID,.0069999,112.7500000,C,0,,,
XCME.WY5.30JUL25.112:5.C,INVALID,.0069999,112.5000000,C,0,,1921.8556385,1726.8931191
XCME.WY5.30JUL25.111.P,.0625000,.0781250,111,P,.0057368,1239.3588979,1382.3663019,1311.6431674
