Key,BID,ASK,STRIKE,ITYPE,ADJTHEOR,IVBID,IVASK,IVAVERAGE
XCME.ZN.SEP25,111.3281250,111.3437500,INVALID,F,,,,
XCME.ZN1.01AUG25.110.P,.0156250,.0312500,110,P,.0040355,799.8302315,929.9961273,870.7075078
XCME.ZN1.01AUG25.111:75.P,.5781250,.5937500,111.7500000,P,.5195793,825.0691960,869.5114521,847.3623995
XCME.ZN1.01AUG25.112:75.P,1.4218750,1.4531250,112.7500000,P,1.4221863,677.5000258,1006.1198406,883.8212367
