Key,BID,ASK,STRIKE,ITYPE,ADJTHEOR,IVBID,IVASK,IVAVERAGE
XCME.ZN.SEP25,111.2968750,111.3125000,INVALID,F,,,,
XCME.ZN1.01AUG25.112:5.C,.0312500,.0468750,112.5000000,C,.0092318,844.6992360,938.4149853,893.7007641
XCME.ZN1.01AUG25.112:25.P,.9843750,1,112.2500000,P,.9540592,813.1378911,884.3347664,849.6471086
XCME.ZN1.01AUG25.111:5.C,.2500000,.2656250,111.5000000,C,.1821945,833.7180752,873.6689995,853.7038936
