Key,BID,ASK,STRIKE,ITYPE,ADJTHEOR,IVBID,IVASK,IVAVERAGE
XCME.ZN.SEP25,111.3125000,111.3281250,INVALID,F,,,,
XCME.ZN1.01AUG25.112:5.C,.0312500,.0468750,112.5000000,C,.0094038,842.4258175,936.1496211,891.4291271
XCME.ZN1.01AUG25.112:25.P,.9687500,1,112.2500000,P,.9431773,788.8653617,928.9019573,862.1702253
XCME.ZN1.01AUG25.111:5.C,.2500000,.2656250,111.5000000,C,.1854983,825.4430039,865.4900332,845.4768364
