Key,BID,ASK,STRIKE,ITYPE,ADJTHEOR,IVBID,IVASK,IVAVERAGE
XCME.ZN.SEP25,111.3437500,111.3593750,INVALID,F,,,,
XCME.WY5.30JUL25.110:5.C,.8281250,.8593750,110.5000000,C,.8325030,,1405.1041666,1223.5317560
XCME.WY5.30JUL25.111:75.C,.0312500,.0468750,111.7500000,C,.0040782,903.6242974,1043.6481992,975.9719503
XCME.WY5.30JUL25.112:75.P,1.4062500,1.4375000,112.7500000,P,1.4175624,,1515.1486921,1148.0456387
XCME.WY5.30JUL25.110:25.P,INVALID,.0069999,110.2500000,P,0,,1300.6541229,1163.3270122
