Key,BID,ASK,STRIKE,ITYPE,ADJTHEOR,IVBID,IVASK,IVAVERAGE
XCME.ZN.SEP25,111.1406250,111.1562500,INVALID,F,,,,
XCME.ZN1.01AUG25.111:75.C,.0937500,.1093750,111.7500000,C,.0573933,780.5800960,834.3550075,807.7287085
XCME.ZN1.01AUG25.110:5.C,.7187500,.7500000,110.5000000,C,.6993441,770.0666783,882.9602184,827.8118850
XCME.ZN1.01AUG25.110:75.C,.5312500,.5625000,110.7500000,C,.5024494,777.7768194,869.6264599,824.0331474
