Key,BID,ASK,STRIKE,ITYPE,ADJTHEOR,IVBID,IVASK,IVAVERAGE
XCME.ZN.SEP25,111.3437500,111.3593750,INVALID,F,,,,
XCME.ZN1.01AUG25.111.C,.5312500,.5468750,111,C,.4702236,813.3184056,855.4405417,834.4246248
XCME.ZN1.01AUG25.113.P,1.6562500,1.6718750,113,P,1.6551049,759.3246395,982.4399870,894.5725753
XCME.ZN1.01AUG25.110.C,1.3593750,1.3750000,110,C,1.3523427,747.2235304,892.2690500,828.0936767
