Key,BID,ASK,STRIKE,ITYPE,ADJTHEOR,IVBID,IVASK,IVAVERAGE
XCME.ZN.SEP25,111.3437500,111.3593750,INVALID,F,,,,
XCME.ZN1.01AUG25.110:5.P,.0468750,.0781250,110.5000000,P,.0255117,729.4805890,862.7221345,799.1567258
XCME.ZN1.01AUG25.112:25.C,.0468750,.0781250,112.2500000,C,.0257813,753.9115671,889.0979850,824.6461542
XCME.ZN1.01AUG25.112.P,.7343750,.7656250,112,P,.7022111,761.2066303,864.7453373,813.9662322
