Key,BID,ASK,STRIKE,ITYPE,ADJTHEOR,IVBID,IVASK,IVAVERAGE
XCME.ZN.SEP25,111.3437500,111.3593750,INVALID,F,,,,
XCME.WY5.30JUL25.111.P,.0468750,.0625000,111,P,.0102183,781.6936002,1025.8225439,909.6965065
XCME.ZN1.01AUG25.110:75.P,.0937500,.1250000,110.7500000,P,.0600152,747.1098151,847.6483433,798.2442036
XCME.ZN1.01AUG25.110:25.P,.0156250,.0468750,110.2500000,P,.0103663,669.0927247,873.2208801,784.0787452
