Key,BID,ASK,STRIKE,ITYPE,ADJTHEOR,IVBID,IVASK,IVAVERAGE
XCME.ZN.SEP25,111.2968750,111.3125000,INVALID,F,,,,
XCME.WY5.30JUL25.111.C,.3593750,.3750000,111,C,.3215085,956.7408531,1084.1064973,1021.5443642
XCME.WY5.30JUL25.111:75.P,.4531250,.4843750,111.7500000,P,.4394221,829.2830899,1173.5047517,1018.3119535
XCME.WY5.30JUL25.112:25.C,INVALID,.0069999,112.2500000,C,0,,1267.1524405,1133.2099454
