Key,BID,ASK,STRIKE,ITYPE,ADJTHEOR,IVBID,IVASK,IVAVERAGE
XCME.ZN.SEP25,111.3593750,111.3750000,INVALID,F,,,,
XCME.ZN1.01AUG25.111:75.P,.5468750,.5781250,111.7500000,P,.5120566,745.3347984,826.1160500,785.9395411
XCME.ZN1.01AUG25.112:75.P,1.3906250,1.4218750,112.7500000,P,1.3910145,674.0268371,936.2972724,830.9915348
XCME.ZN1.01AUG25.110:5.P,.0468750,.0781250,110.5000000,P,.0294760,701.5796839,828.9302291,768.1940703
XCME.ZN1.01AUG25.112:25.C,.0468750,.0781250,112.2500000,C,.0324227,710.6297411,838.7382043,777.6629961
XCME.ZN1.01AUG25.112.P,.7187500,.7500000,112,P,.7005608,705.6535231,804.5192908,756.0707052
