Key,BID,ASK,STRIKE,ITYPE,ADJTHEOR,IVBID,IVASK,IVAVERAGE
XCME.ZN.SEP25,111.0781250,111.0937500,INVALID,F,,,,
XCME.WY5.30JUL25.111:5.P,.3906250,.4218750,111.5000000,P,.4218848,345.5316544,1432.2534775,1208.3178057
XCME.WY5.30JUL25.111:25.P,.1875000,.2187500,111.2500000,P,.1769133,1013.5361619,1426.2515280,1226.5502046
XCME.WY5.30JUL25.113.P,1.8906250,1.9218750,113,P,1.9218750,1499.3344508,,
XCME.WY5.30JUL25.112.P,.8906250,.9218750,112,P,.9218749,1261.4963127,,
