Key,BID,ASK,STRIKE,ITYPE,ADJTHEOR,IVBID,IVASK,IVAVERAGE
XCME.ZN.SEP25,111.3281250,111.3437500,INVALID,F,,,,
XCME.ZN1.01AUG25.111:5.C,.2500000,.2812500,111.5000000,C,.1960659,796.7091742,875.7299947,836.2505178
XCME.ZN1.01AUG25.111.C,.5156250,.5468750,111,C,.4692204,774.2467673,859.2632976,816.9529148
XCME.ZN1.01AUG25.113.P,1.6562500,1.6875000,113,P,1.6550028,762.7746194,1117.6700558,986.8589957
