Key,BID,ASK,STRIKE,ITYPE,ADJTHEOR,IVBID,IVASK,IVAVERAGE
XCME.ZN.SEP25,111.3437500,111.3593750,INVALID,F,,,,
XCME.WY5.30JUL25.110:5.P,INVALID,.0156250,110.5000000,P,.0000388,,1280.0083823,1109.6875331
XCME.WY5.30JUL25.110:5.C,.8437500,.8750000,110.5000000,C,.8481015,,1459.6876164,1272.4957634
XCME.WY5.30JUL25.111:75.C,.0312500,.0468750,111.7500000,C,.0042774,901.5645759,1043.1701158,974.6981495
