Key,BID,ASK,STRIKE,ITYPE,ADJTHEOR,IVBID,IVASK,IVAVERAGE
XCME.ZN.SEP25,111.3281250,111.3437500,INVALID,F,,,,
XCME.WY5.30JUL25.111.C,.3750000,.4062500,111,C,.3572904,762.6058740,1022.1949416,899.6932680
XCME.WY5.30JUL25.111:75.P,.4375000,.4687500,111.7500000,P,.4066830,921.3754123,1176.9940821,1054.9556156
XCME.WY5.30JUL25.112:25.C,INVALID,.0069999,112.2500000,C,0,,1124.2056228,1003.8479131
XCME.WY5.30JUL25.110:5.P,INVALID,.0156250,110.5000000,P,.0000527,,1248.7826864,1081.9938840
