Key,BID,ASK,STRIKE,ITYPE,ADJTHEOR,IVBID,IVASK,IVAVERAGE
XCME.ZN.SEP25,111.3593750,111.3750000,INVALID,F,,,,
XCME.ZN1.01AUG25.111:5.C,.2656250,.2812500,111.5000000,C,.2085869,800.6852339,839.1373791,819.9170636
XCME.ZN1.01AUG25.111.C,.5312500,.5625000,111,C,.4847775,770.9908689,854.3445968,812.8680481
XCME.ZN1.01AUG25.113.P,1.6406250,1.6718750,113,P,1.6408914,717.3776922,1077.8372049,948.4389182
