Key,BID,ASK,STRIKE,ITYPE,ADJTHEOR,IVBID,IVASK,IVAVERAGE
XCME.ZN.SEP25,111.3437500,111.3593750,INVALID,F,,,,
XCME.ZN1.01AUG25.110.P,.0156250,.0312500,110,P,.0043429,793.0158842,921.6566455,863.0959669
XCME.ZN1.01AUG25.111:75.P,.5625000,.5937500,111.7500000,P,.5122081,796.8003111,883.1560476,840.2264818
XCME.ZN1.01AUG25.112:75.P,1.4062500,1.4375000,112.7500000,P,1.4073707,658.8703948,979.8441852,860.3717391
