Key,BID,ASK,STRIKE,ITYPE,ADJTHEOR,IVBID,IVASK,IVAVERAGE
XCME.ZN.SEP25,111.3437500,111.3593750,INVALID,F,,,,
XCME.WY5.30JUL25.110.P,INVALID,.0069999,110,P,.0,,1527.1651422,1373.4506533
XCME.WY5.30JUL25.113.C,INVALID,.0069999,113,C,0,,1812.6390082,1638.6352391
XCME.WY5.30JUL25.112:25.P,.8906250,.9218750,112.2500000,P,.9019351,,1359.2401029,1130.7575600
