Key,BID,ASK,STRIKE,ITYPE,ADJTHEOR,IVBID,IVASK,IVAVERAGE
XCME.ZN.SEP25,111.1093750,111.1250000,INVALID,F,,,,
XCME.ZN1.01AUG25.111.P,.2500000,.2656250,111,P,.2011798,787.0446370,828.4740446,807.7642700
XCME.ZN1.01AUG25.113.C,INVALID,.0156250,113,C,.0013562,,1111.4505088,988.8191375
XCME.ZN1.01AUG25.112.C,.0312500,.0468750,112,C,.0192615,721.4722026,808.5197800,766.8470357
