Key,BID,ASK,STRIKE,ITYPE,ADJTHEOR,IVBID,IVASK,IVAVERAGE
XCME.ZN.SEP25,111.0625000,111.0781250,INVALID,F,,,,
XCME.ZN1.01AUG25.110:5.P,.0937500,.1093750,110.5000000,P,.0555359,773.6497134,827.7048144,800.9377667
XCME.ZN1.01AUG25.112:25.C,.0156250,.0312500,112.2500000,C,.0069312,760.5067562,887.8524156,829.6739826
XCME.ZN1.01AUG25.112.P,.9531250,.9843750,112,P,.9499490,666.1931723,854.6884242,769.9831580
