Key,BID,ASK,STRIKE,ITYPE,ADJTHEOR,IVBID,IVASK,IVAVERAGE
XCME.ZN.SEP25,111.4062500,111.4218750,INVALID,F,,,,
XCME.WY5.30JUL25.110.C,1.4062500,1.4375000,110,C,1.4331874,,1854.8059064,1409.3149239
XCME.WY5.30JUL25.112:5.P,1.0625000,1.0937500,112.5000000,P,1.0668119,,,1807.4741743
XCME.WY5.30JUL25.111:5.P,.2031250,.2343750,111.5000000,P,.1187760,1144.4622938,1360.1305923,1252.3951656
