Key,BID,ASK,STRIKE,ITYPE,ADJTHEOR,IVBID,IVASK,IVAVERAGE
XCME.ZN.SEP25,111.0937500,111.1093750,INVALID,F,,,,
XCME.WY5.30JUL25.111:25.P,.1875000,.2031250,111.2500000,P,.1622759,897.8085042,1252.4874815,1079.6487180
XCME.WY5.30JUL25.113.P,1.8750000,1.9062500,113,P,1.9019375,,,
XCME.WY5.30JUL25.112.P,.8906250,.9062500,112,P,.9019374,,1792.9266041,1347.0005067
