Key,BID,ASK,STRIKE,ITYPE,ADJTHEOR,IVBID,IVASK,IVAVERAGE
XCME.ZN.SEP25,111.3437500,111.3593750,INVALID,F,,,,
XCME.WY5.30JUL25.110:75.P,.0069999,.0156250,110.7500000,P,.0009101,782.8147852,1125.0106142,982.0864313
XCME.WY5.30JUL25.110.P,INVALID,.0069999,110,P,.0,,1513.5679029,1361.0984471
XCME.WY5.30JUL25.113.C,INVALID,.0069999,113,C,0,,1789.6066786,1617.4394853
