Key,BID,ASK,STRIKE,ITYPE,ADJTHEOR,IVBID,IVASK,IVAVERAGE
XCME.ZN.SEP25,111.0937500,111.1093750,INVALID,F,,,,
XCME.ZN1.01AUG25.111:5.P,.5312500,.5625000,111.5000000,P,.4956971,764.1935516,858.5470968,811.7375382
XCME.WY5.30JUL25.111:25.C,.0312500,.0625000,111.2500000,C,.0108459,1019.1983964,1193.3979444,1107.2333045
XCME.WY5.30JUL25.111:5.C,.0069999,.0156250,111.5000000,C,.0000882,1006.3500610,1226.0579670,1126.4946243
