Key,BID,ASK,STRIKE,ITYPE,ADJTHEOR,IVBID,IVASK,IVAVERAGE
XCME.ZN.SEP25,111.3437500,111.3593750,INVALID,F,,,,
XCME.ZN1.01AUG25.112:5.C,.0312500,.0468750,112.5000000,C,.0104114,824.4489061,916.6971891,872.6687544
XCME.ZN1.01AUG25.112:25.P,.9531250,.9843750,112.2500000,P,.9263443,,,
XCME.ZN1.01AUG25.111:5.C,.2656250,.2812500,111.5000000,C,.1957332,837.1299335,876.6154997,856.8800625
