Key,BID,ASK,STRIKE,ITYPE,ADJTHEOR,IVBID,IVASK,IVAVERAGE
XCME.ZN.SEP25,111.0937500,111.1093750,INVALID,F,,,,
XCME.ZN1.01AUG25.112:5.C,.0069999,.0156250,112.5000000,C,.0034638,758.6469509,875.1829972,823.6327476
XCME.ZN1.01AUG25.112:25.P,1.1562500,1.1875000,112.2500000,P,1.1594082,596.6148958,903.4609976,787.9307943
XCME.ZN1.01AUG25.111:5.C,.1406250,.1562500,111.5000000,C,.0963522,791.2289041,838.4487116,814.9329298
