Key,BID,ASK,STRIKE,ITYPE,ADJTHEOR,IVBID,IVASK,IVAVERAGE
XCME.ZN.SEP25,111.3125000,111.3281250,INVALID,F,,,,
XCME.WY5.30JUL25.110.P,INVALID,.0069999,110,P,0,,1698.6459703,1526.9067980
XCME.WY5.30JUL25.113.C,INVALID,.0069999,113,C,0,,,1879.9462615
XCME.WY5.30JUL25.112:25.P,.9218750,.9531250,112.2500000,P,.9296823,,1636.1114036,1404.9637587
