Key,BID,ASK,STRIKE,ITYPE,ADJTHEOR,IVBID,IVASK,IVAVERAGE
XCME.ZN.SEP25,111.2812500,111.2968750,INVALID,F,,,,
XCME.ZN1.01AUG25.111.C,.4843750,.5156250,111,C,.4168213,836.0271035,878.6322082,857.3596821
XCME.ZN1.01AUG25.113.P,1.7187500,1.7343750,113,P,1.7207856,349.9203166,1158.8090641,1006.5022507
XCME.ZN1.01AUG25.110.C,1.2968750,1.3125000,110,C,1.2853148,793.8745842,1024.6255968,924.2915022
