Key,BID,ASK,STRIKE,ITYPE,ADJTHEOR,IVBID,IVASK,IVAVERAGE
XCME.ZN.SEP25,111.3437500,111.3593750,INVALID,F,,,,
XCME.WY5.30JUL25.111.C,.3750000,.4062500,111,C,.3592239,760.9476773,1038.6390243,908.7441257
XCME.WY5.30JUL25.111:75.P,.4375000,.4531250,111.7500000,P,.4025970,,,
XCME.WY5.30JUL25.112:25.C,INVALID,.0069999,112.2500000,C,0,,1160.5758374,1035.5632551
XCME.WY5.30JUL25.110:5.P,INVALID,.0156250,110.5000000,P,.0000315,,1300.3737904,1127.5283327
