Key,BID,ASK,STRIKE,ITYPE,ADJTHEOR,IVBID,IVASK,IVAVERAGE
XCME.ZN.SEP25,111.2500000,111.2656250,INVALID,F,,,,
XCME.WY5.30JUL25.112.C,INVALID,.0156250,112,C,0,,1486.7335146,1279.7281268
XCME.WY5.30JUL25.110:25.C,1,1.0312500,110.2500000,C,1.0113113,,,1689.6854902
XCME.WY5.30JUL25.110:75.C,.5156250,.5468750,110.7500000,C,.5115116,1210.1865832,1631.2926898,1438.7965605
