Key,BID,ASK,STRIKE,ITYPE,ADJTHEOR,IVBID,IVASK,IVAVERAGE
XCME.ZN.SEP25,111.3437500,111.3593750,INVALID,F,,,,
XCME.ZN1.01AUG25.111:5.C,.2500000,.2812500,111.5000000,C,.1986588,789.4099313,868.0319437,828.7502927
XCME.ZN1.01AUG25.111.C,.5312500,.5468750,111,C,.4726885,807.0038220,849.2538575,828.1761780
XCME.ZN1.01AUG25.113.P,1.6562500,1.6875000,113,P,1.6516526,829.2810194,1135.6991329,1013.5967976
