Key,BID,ASK,STRIKE,ITYPE,ADJTHEOR,IVBID,IVASK,IVAVERAGE
XCME.ZN.SEP25,111.3593750,111.3750000,INVALID,F,,,,
XCME.WY5.30JUL25.110:5.P,INVALID,.0156250,110.5000000,P,.0000045,,1473.6053226,1279.5203828
XCME.WY5.30JUL25.110:5.C,.8593750,.8906250,110.5000000,C,.8671920,,1620.5812567,1385.6500734
XCME.WY5.30JUL25.111:75.C,.0468750,.0625000,111.7500000,C,.0027441,1144.2164694,1286.4745911,1216.7465396
