Key,BID,ASK,STRIKE,ITYPE,ADJTHEOR,IVBID,IVASK,IVAVERAGE
XCME.ZN.SEP25,111.0937500,111.1093750,INVALID,F,,,,
XCME.WY5.30JUL25.110.C,1.0937500,1.1093750,110,C,1.1050624,,,
XCME.WY5.30JUL25.112:5.P,1.3906250,1.4218750,112.5000000,P,1.3949374,,,
XCME.WY5.30JUL25.111:5.P,.3906250,.4218750,111.5000000,P,.3950039,,1483.4952668,1251.7196637
