Key,BID,ASK,STRIKE,ITYPE,ADJTHEOR,IVBID,IVASK,IVAVERAGE
XCME.ZN.SEP25,111.3593750,111.3750000,INVALID,F,,,,
XCME.WY5.30JUL25.111:5.P,.2343750,.2500000,111.5000000,P,.1490087,1220.5905682,1337.1833423,1278.9795621
XCME.WY5.30JUL25.111:25.P,.1093750,.1250000,111.2500000,P,.0284573,1206.9158049,1324.7717913,1265.9688935
XCME.WY5.30JUL25.113.P,1.6093750,1.6406250,113,P,1.6171874,,,
XCME.WY5.30JUL25.112.P,.6250000,.6406250,112,P,.6172100,1079.6351056,1622.0517837,1396.6023987
