Key,BID,ASK,STRIKE,ITYPE,ADJTHEOR,IVBID,IVASK,IVAVERAGE
XCME.ZN.SEP25,111.3125000,111.3281250,INVALID,F,,,,
XCME.WY5.30JUL25.110.P,INVALID,.0069999,110,P,0,,1706.7260124,1534.2229262
XCME.WY5.30JUL25.113.C,INVALID,.0069999,113,C,0,,,1873.4342465
XCME.WY5.30JUL25.112:25.P,.9062500,.9375000,112.2500000,P,.9218714,,1481.5735022,1150.2511400
