Key,BID,ASK,STRIKE,ITYPE,ADJTHEOR,IVBID,IVASK,IVAVERAGE
XCME.ZN.SEP25,111.3437500,111.3593750,INVALID,F,,,,
XCME.WY5.30JUL25.110.C,1.3281250,1.3593750,110,C,1.3324373,,,
XCME.WY5.30JUL25.112:5.P,1.1406250,1.1718750,112.5000000,P,1.1675624,,1464.6261481,1102.8620199
XCME.WY5.30JUL25.111:5.P,.2500000,.2812500,111.5000000,P,.1943963,972.4666025,1189.3105310,1081.7516349
