Key,BID,ASK,STRIKE,ITYPE,ADJTHEOR,IVBID,IVASK,IVAVERAGE
XCME.ZN.SEP25,111.1093750,111.1250000,INVALID,F,,,,
XCME.WY5.30JUL25.111:25.P,.1718750,.1875000,111.2500000,P,.1490962,849.1296171,1027.5416824,939.6938768
XCME.WY5.30JUL25.113.P,1.8593750,1.8906250,113,P,1.8863125,,,
XCME.WY5.30JUL25.112.P,.8593750,.8906250,112,P,.8863124,,1765.3649927,1318.8361695
