Key,BID,ASK,STRIKE,ITYPE,ADJTHEOR,IVBID,IVASK,IVAVERAGE
XCME.ZN.SEP25,111.0781250,111.0937500,INVALID,F,,,,
XCME.ZN1.01AUG25.112:5.C,.0069999,.0156250,112.5000000,C,.0037329,753.4709737,869.1327671,817.9432644
XCME.ZN1.01AUG25.112:25.P,1.1718750,1.2031250,112.2500000,P,1.1606140,775.4878271,891.9547958,837.9601309
XCME.ZN1.01AUG25.111:5.C,.1406250,.1562500,111.5000000,C,.0974467,786.1043077,832.9833175,809.6334652
