Key,BID,ASK,STRIKE,ITYPE,ADJTHEOR,IVBID,IVASK,IVAVERAGE
XCME.ZN.SEP25,111.3437500,111.3593750,INVALID,F,,,,
XCME.ZN1.01AUG25.111:5.P,.4062500,.4375000,111.5000000,P,.3459404,812.7036066,891.6198017,852.1893535
XCME.WY5.30JUL25.111:25.C,.2187500,.2343750,111.2500000,C,.1537662,962.1695259,1057.0624475,1009.6790223
XCME.WY5.30JUL25.111:5.C,.0937500,.1250000,111.5000000,C,.0372181,926.5688262,1122.2524605,1024.9599096
