Key,BID,ASK,STRIKE,ITYPE,ADJTHEOR,IVBID,IVASK,IVAVERAGE
XCME.ZN.SEP25,111.3593750,111.3750000,INVALID,F,,,,
XCME.WY5.30JUL25.111.C,.3906250,.4218750,111,C,.3746030,764.2733481,1038.9678635,910.6300123
XCME.WY5.30JUL25.111:75.P,.4218750,.4375000,111.7500000,P,.3883279,933.6319430,1063.6678625,1000.2512672
XCME.WY5.30JUL25.112:25.C,INVALID,.0069999,112.2500000,C,.0000028,,1114.5147972,992.9978351
XCME.WY5.30JUL25.110:5.P,INVALID,.0156250,110.5000000,P,.0000296,,1288.2348868,1118.5667668
