Key,BID,ASK,STRIKE,ITYPE,ADJTHEOR,IVBID,IVASK,IVAVERAGE
XCME.ZN.SEP25,111.3593750,111.3750000,INVALID,F,,,,
XCME.WY5.30JUL25.112:75.P,1.3906250,1.4218750,112.7500000,P,1.3949374,,,
XCME.WY5.30JUL25.110:25.P,INVALID,.0069999,110.2500000,P,0,,1694.7074053,1516.5257950
XCME.WY5.30JUL25.110:75.P,.0069999,.0156250,110.7500000,P,.0000516,1041.5737346,1241.8044897,1151.8726707
