Key,BID,ASK,STRIKE,ITYPE,ADJTHEOR,IVBID,IVASK,IVAVERAGE
XCME.ZN.SEP25,111.3750000,111.3906250,INVALID,F,,,,
XCME.WY5.30JUL25.110:5.P,INVALID,.0156250,110.5000000,P,0,,1543.9802002,1342.5735390
XCME.WY5.30JUL25.110:5.C,.8750000,.9062500,110.5000000,C,.8828124,,1342.5619930,1192.7745034
XCME.WY5.30JUL25.111:75.C,.0312500,.0625000,111.7500000,C,.0027592,991.9297504,1297.3399392,1152.2305115
