Key,BID,ASK,STRIKE,ITYPE,ADJTHEOR,IVBID,IVASK,IVAVERAGE
XCME.ZN.SEP25,111.1093750,111.1250000,INVALID,F,,,,
XCME.ZN1.01AUG25.110.C,1.1250000,1.1406250,110,C,1.1086106,784.3487450,890.6534605,840.6915633
XCME.ZN1.01AUG25.111:25.P,.3750000,.3906250,111.2500000,P,.3322580,774.5664213,816.4055168,795.4965124
XCME.ZN1.01AUG25.112:5.P,1.3906250,1.4062500,112.5000000,P,1.4020840,,767.0100570,689.1256905
