Key,BID,ASK,STRIKE,ITYPE,ADJTHEOR,IVBID,IVASK,IVAVERAGE
XCME.ZN.SEP25,111.0937500,111.1093750,INVALID,F,,,,
XCME.ZN1.01AUG25.112.C,.0312500,.0468750,112,C,.0190474,723.3422485,810.6057084,768.8351471
XCME.ZN1.01AUG25.112:5.C,.0069999,.0156250,112.5000000,C,.0036361,753.6644323,869.5595326,818.2840733
XCME.ZN1.01AUG25.112:25.P,1.1562500,1.1875000,112.2500000,P,1.1527358,697.1060767,940.6262124,837.7935749
