Key,BID,ASK,STRIKE,ITYPE,ADJTHEOR,IVBID,IVASK,IVAVERAGE
XCME.ZN.SEP25,111.3437500,111.3593750,INVALID,F,,,,
XCME.WY5.30JUL25.111:25.P,.1093750,.1406250,111.2500000,P,.0620630,818.0874847,986.2857550,902.4230362
XCME.WY5.30JUL25.113.P,1.6250000,1.6562500,113,P,1.6441249,,1876.9517402,1759.1966099
XCME.WY5.30JUL25.112.P,.6406250,.6718750,112,P,.6446525,,1089.0526340,942.9827866
