Key,BID,ASK,STRIKE,ITYPE,ADJTHEOR,IVBID,IVASK,IVAVERAGE
XCME.ZN.SEP25,111.3437500,111.3593750,INVALID,F,,,,
XCME.WY5.30JUL25.111.P,.0312500,.0625000,111,P,.0062860,872.1722965,1140.4756389,1012.9877923
XCME.ZN1.01AUG25.110:75.P,.0937500,.1250000,110.7500000,P,.0548028,821.8584659,872.3488030,847.2995416
XCME.ZN1.01AUG25.110:25.P,.0312500,.0468750,110.2500000,P,.0089937,804.8617039,895.8974210,852.4510654
