Key,BID,ASK,STRIKE,ITYPE,ADJTHEOR,IVBID,IVASK,IVAVERAGE
XCME.ZN.SEP25,111.3125000,111.3281250,INVALID,F,,,,
XCME.ZN1.01AUG25.111:5.P,.4218750,.4531250,111.5000000,P,.3693502,792.3542586,871.0689293,831.7548257
XCME.WY5.30JUL25.111:25.C,.2031250,.2187500,111.2500000,C,.1370573,932.2279513,1020.1453613,976.2095594
XCME.WY5.30JUL25.111:5.C,.0937500,.1093750,111.5000000,C,.0330451,944.7753454,1039.3109311,992.2324719
