Key,BID,ASK,STRIKE,ITYPE,ADJTHEOR,IVBID,IVASK,IVAVERAGE
XCME.ZN.SEP25,111.3437500,111.3593750,INVALID,F,,,,
XCME.WY5.30JUL25.111:25.C,.2187500,.2500000,111.2500000,C,.1446693,1058.2338052,1263.3011275,1160.9808677
XCME.WY5.30JUL25.111:5.C,.1093750,.1250000,111.5000000,C,.0304657,1121.3243057,1227.1188157,1174.3524583
XCME.WY5.30JUL25.110.C,1.3437500,1.3593750,110,C,1.3480624,,1933.7965262,1795.4318157
XCME.WY5.30JUL25.112:5.P,1.1406250,1.1718750,112.5000000,P,1.1519374,,1911.4427287,1607.7089262
