Key,BID,ASK,STRIKE,ITYPE,ADJTHEOR,IVBID,IVASK,IVAVERAGE
XCME.ZN.SEP25,111.0937500,111.1093750,INVALID,F,,,,
XCME.ZN1.01AUG25.110:5.P,.0781250,.1093750,110.5000000,P,.0529308,727.5853333,784.2427514,756.2639647
XCME.ZN1.01AUG25.112:25.C,.0156250,.0312500,112.2500000,C,.0074016,750.7500585,876.9640343,819.3200248
XCME.ZN1.01AUG25.112.P,.9375000,.9687500,112,P,.9354846,656.1497192,842.7351305,758.8426077
