Key,BID,ASK,STRIKE,ITYPE,ADJTHEOR,IVBID,IVASK,IVAVERAGE
XCME.ZN.SEP25,111.0312500,111.0468750,INVALID,F,,,,
XCME.ZN1.01AUG25.110.C,1.0625000,1.0937500,110,C,1.0427876,675.5190086,918.5448036,815.6529701
XCME.ZN1.01AUG25.111:25.P,.3750000,.4062500,111.2500000,P,.3627510,722.0961368,811.1647358,766.7346444
XCME.ZN1.01AUG25.112:5.P,1.4375000,1.4687500,112.5000000,P,1.4666705,,978.1993178,829.9220560
