Key,BID,ASK,STRIKE,ITYPE,ADJTHEOR,IVBID,IVASK,IVAVERAGE
XCME.ZN.SEP25,111.3593750,111.3750000,INVALID,F,,,,
XCME.WY5.30JUL25.111.C,.3906250,.4218750,111,C,.3669312,839.1365077,1099.2836192,975.6068556
XCME.WY5.30JUL25.111:75.P,.4218750,.4531250,111.7500000,P,.3954292,884.9158896,1151.7696912,1025.1702748
XCME.WY5.30JUL25.112:25.C,INVALID,.0069999,112.2500000,C,.0000020,,1136.3983265,1012.6372404
