Key,BID,ASK,STRIKE,ITYPE,ADJTHEOR,IVBID,IVASK,IVAVERAGE
XCME.ZN.SEP25,111.4375000,111.4531250,INVALID,F,,,,
XCME.ZN1.01AUG25.112:75.P,1.3281250,1.3437500,112.7500000,P,1.3139727,638.9127839,957.5460047,838.5586532
XCME.ZN1.01AUG25.110:5.P,.0468750,.0625000,110.5000000,P,.0154365,812.1163484,887.0736558,850.6130672
XCME.ZN1.01AUG25.112:25.C,.0625000,.0781250,112.2500000,C,.0298426,800.0120476,864.7511907,832.9836902
XCME.ZN1.01AUG25.112.P,.6718750,.7031250,112,P,.6246002,809.6970991,908.6345482,859.7879735
