Key,BID,ASK,STRIKE,ITYPE,ADJTHEOR,IVBID,IVASK,IVAVERAGE
XCME.ZN.SEP25,111.3593750,111.3750000,INVALID,F,,,,
XCME.ZN1.01AUG25.111.P,.1718750,.1875000,111,P,.1216453,780.7596129,822.4155376,801.6402250
XCME.ZN1.01AUG25.113.C,.0069999,.0312500,113,C,.0039484,788.9605998,1045.3875251,942.3466039
XCME.ZN1.01AUG25.112.C,.0937500,.1250000,112,C,.0613646,758.2096992,858.8036049,809.4025617
XCME.ZN1.01AUG25.112:5.C,.0312500,.0468750,112.5000000,C,.0128968,790.7843102,879.7963352,837.3087602
XCME.ZN1.01AUG25.112:25.P,.9375000,.9531250,112.2500000,P,.9110644,772.6388846,838.7246977,806.4546400
