Key,BID,ASK,STRIKE,ITYPE,ADJTHEOR,IVBID,IVASK,IVAVERAGE
XCME.ZN.SEP25,111.0781250,111.0937500,INVALID,F,,,,
XCME.WY5.30JUL25.112:25.P,1.1562500,1.1718750,112.2500000,P,1.1718750,,,
XCME.WY5.30JUL25.112.C,INVALID,.0069999,112,C,0,,,1829.9570933
XCME.WY5.30JUL25.110:25.C,.8281250,.8437500,110.2500000,C,.8281249,,,
