Key,BID,ASK,STRIKE,ITYPE,ADJTHEOR,IVBID,IVASK,IVAVERAGE
XCME.ZN.SEP25,111.1406250,111.1562500,INVALID,F,,,,
XCME.ZN1.01AUG25.111:25.P,.3593750,.3906250,111.2500000,P,.3120444,783.7637817,865.1744701,824.4867446
XCME.ZN1.01AUG25.112:5.P,1.3593750,1.3906250,112.5000000,P,1.3605001,648.5051817,992.4937585,867.7230453
XCME.ZN1.01AUG25.111:5.P,.5156250,.5468750,111.5000000,P,.4699664,788.2842758,877.2202592,832.9840390
