Key,BID,ASK,STRIKE,ITYPE,ADJTHEOR,IVBID,IVASK,IVAVERAGE
XCME.ZN.SEP25,111.0781250,111.0937500,INVALID,F,,,,
XCME.ZN1.01AUG25.111.C,.3437500,.3593750,111,C,.2925860,795.0250816,836.8573661,815.9445905
XCME.ZN1.01AUG25.113.P,1.9062500,1.9218750,113,P,1.9152265,,1226.2240808,1078.9662770
XCME.ZN1.01AUG25.110.C,1.0937500,1.1250000,110,C,1.0928993,628.8510373,892.7240728,785.8084138
