Key,BID,ASK,STRIKE,ITYPE,ADJTHEOR,IVBID,IVASK,IVAVERAGE
XCME.ZN.SEP25,111.1093750,111.1250000,INVALID,F,,,,
XCME.ZN1.01AUG25.111:5.P,.5312500,.5468750,111.5000000,P,.4889756,779.9710899,825.4997794,802.8150680
XCME.WY5.30JUL25.111:25.C,.0625000,.0781250,111.2500000,C,.0235280,905.1022490,1036.1281298,971.0291856
XCME.WY5.30JUL25.111:5.C,.0156250,.0312500,111.5000000,C,.0009273,942.5340281,1166.5122878,1061.9199024
