Key,BID,ASK,STRIKE,ITYPE,ADJTHEOR,IVBID,IVASK,IVAVERAGE
XCME.ZN.SEP25,111.0625000,111.0781250,INVALID,F,,,,
XCME.ZN1.01AUG25.110.P,.0156250,.0312500,110,P,.0084027,694.6556928,814.8454635,759.8835830
XCME.ZN1.01AUG25.111:75.P,.7500000,.7656250,111.7500000,P,.7223826,761.4987904,821.9780725,792.1917179
XCME.ZN1.01AUG25.112:75.P,1.6718750,1.7031250,112.7500000,P,1.6817636,,1080.5449677,946.8169876
