Key,BID,ASK,STRIKE,ITYPE,ADJTHEOR,IVBID,IVASK,IVAVERAGE
XCME.ZN.SEP25,111.2968750,111.3125000,INVALID,F,,,,
XCME.WY5.30JUL25.110:5.P,INVALID,.0156250,110.5000000,P,.0000313,,1292.0131925,1116.4162955
XCME.WY5.30JUL25.110:5.C,.7968750,.8281250,110.5000000,C,.8082189,1002.2110449,1368.6876158,1221.2380482
XCME.WY5.30JUL25.111:75.C,.0312500,.0468750,111.7500000,C,.0019925,1010.9086180,1164.4764572,1090.3009915
