Key,BID,ASK,STRIKE,ITYPE,ADJTHEOR,IVBID,IVASK,IVAVERAGE
XCME.ZN.SEP25,111.1250000,111.1406250,INVALID,F,,,,
XCME.WY5.30JUL25.112:75.P,1.6093750,1.6250000,112.7500000,P,1.6171875,,,
XCME.WY5.30JUL25.110:25.P,INVALID,.0069999,110.2500000,P,.0,,1526.4179051,1357.4424285
XCME.WY5.30JUL25.110:75.P,.0069999,.0312500,110.7500000,P,.0010511,786.2049845,1187.2838390,1016.2111743
