Key,BID,ASK,STRIKE,ITYPE,ADJTHEOR,IVBID,IVASK,IVAVERAGE
XCME.ZN.SEP25,111.3125000,111.3281250,INVALID,F,,,,
XCME.ZN1.01AUG25.111:5.P,.4218750,.4531250,111.5000000,P,.3514890,845.0576097,926.9784183,886.0551142
XCME.WY5.30JUL25.111:25.C,.2031250,.2187500,111.2500000,C,.1198152,1206.9430808,1444.8178564,1326.0470542
XCME.WY5.30JUL25.111:5.C,.0937500,.1093750,111.5000000,C,.0172949,1241.7302840,1368.2848102,1305.2464545
