Key,BID,ASK,STRIKE,ITYPE,ADJTHEOR,IVBID,IVASK,IVAVERAGE
XCME.ZN.SEP25,111.1250000,111.1406250,INVALID,F,,,,
XCME.ZN1.01AUG25.112:75.P,1.6093750,1.6406250,112.7500000,P,1.6119058,,1106.5705333,1001.3537492
XCME.ZN1.01AUG25.110:5.P,.0781250,.0937500,110.5000000,P,.0450136,761.2765472,818.7229743,790.3806337
XCME.ZN1.01AUG25.112:25.C,.0156250,.0312500,112.2500000,C,.0097583,711.7880425,833.4078160,777.8312075
XCME.ZN1.01AUG25.112.P,.9062500,.9375000,112,P,.8827015,689.8692421,915.0010437,812.0622474
