Key,BID,ASK,STRIKE,ITYPE,ADJTHEOR,IVBID,IVASK,IVAVERAGE
XCME.ZN.SEP25,111.3281250,111.3437500,INVALID,F,,,,
XCME.WY5.30JUL25.112:75.P,1.4062500,1.4375000,112.7500000,P,1.4175624,,,
XCME.WY5.30JUL25.110:25.P,INVALID,.0069999,110.2500000,P,0,,1665.5916520,1490.0000085
XCME.WY5.30JUL25.110:75.P,.0069999,.0312500,110.7500000,P,.0000678,1010.9763591,1457.1374499,1270.4913590
