Key,BID,ASK,STRIKE,ITYPE,ADJTHEOR,IVBID,IVASK,IVAVERAGE
XCME.ZN.SEP25,111.3593750,111.3750000,INVALID,F,,,,
XCME.WY5.30JUL25.110:5.C,.8593750,.8906250,110.5000000,C,.8628797,,1685.1443238,1476.4063724
XCME.WY5.30JUL25.111:75.C,.0312500,.0625000,111.7500000,C,.0026026,1152.0927965,1294.7909950,1224.8491987
XCME.WY5.30JUL25.112:75.P,1.3593750,1.3906250,112.7500000,P,1.3871249,,1667.3298542,
XCME.WY5.30JUL25.110:25.P,INVALID,.0069999,110.2500000,P,0,,1540.5860285,1379.5431996
