Key,BID,ASK,STRIKE,ITYPE,ADJTHEOR,IVBID,IVASK,IVAVERAGE
XCME.ZN.SEP25,111.1093750,111.1250000,INVALID,F,,,,
XCME.ZN1.01AUG25.111:25.P,.3750000,.3906250,111.2500000,P,.3236693,795.2780021,877.4050342,836.3670648
XCME.ZN1.01AUG25.112:5.P,1.3906250,1.4218750,112.5000000,P,1.3827276,808.5754763,1067.6535204,958.1799760
XCME.ZN1.01AUG25.111:5.P,.5312500,.5468750,111.5000000,P,.4848224,792.5295127,883.0226372,838.0455697
