Key,BID,ASK,STRIKE,ITYPE,ADJTHEOR,IVBID,IVASK,IVAVERAGE
XCME.ZN.SEP25,111.3593750,111.3750000,INVALID,F,,,,
XCME.WY5.30JUL25.110:5.C,.8593750,.8906250,110.5000000,C,.8706907,,1586.8629636,1315.7677710
XCME.WY5.30JUL25.111:75.C,.0312500,.0625000,111.7500000,C,.0026294,995.7115578,1299.1800209,1155.1165020
XCME.WY5.30JUL25.112:75.P,1.3750000,1.3906250,112.7500000,P,1.3793124,,,1886.8721644
XCME.WY5.30JUL25.110:25.P,INVALID,.0069999,110.2500000,P,0,,1573.1362596,1408.7690121
