Key,BID,ASK,STRIKE,ITYPE,ADJTHEOR,IVBID,IVASK,IVAVERAGE
XCME.ZN.SEP25,111.0937500,111.1093750,INVALID,F,,,,
XCME.ZN1.01AUG25.110.P,.0156250,.0312500,110,P,.0072569,715.0829391,837.3269954,781.4865954
XCME.ZN1.01AUG25.111:75.P,.7187500,.7500000,111.7500000,P,.6808571,791.6140660,899.9967495,846.8274607
XCME.ZN1.01AUG25.112:75.P,1.6250000,1.6718750,112.7500000,P,1.6316878,,1198.3371705,1004.6665735
