Key,BID,ASK,STRIKE,ITYPE,ADJTHEOR,IVBID,IVASK,IVAVERAGE
XCME.ZN.SEP25,111.2968750,111.3125000,INVALID,F,,,,
XCME.WY5.30JUL25.111.P,.0468750,.0625000,111,P,.0074376,998.4226872,1130.2014416,1065.4867308
XCME.ZN1.01AUG25.110:75.P,.1093750,.1250000,110.7500000,P,.0610300,798.6816246,848.8836887,823.9712570
XCME.ZN1.01AUG25.110:25.P,.0312500,.0468750,110.2500000,P,.0099524,790.0594323,880.5707644,837.3589129
