Key,BID,ASK,STRIKE,ITYPE,ADJTHEOR,IVBID,IVASK,IVAVERAGE
XCME.ZN.SEP25,111.0781250,111.0937500,INVALID,F,,,,
XCME.ZN1.01AUG25.111:25.C,.2187500,.2343750,111.2500000,C,.1743788,780.9173539,823.4805794,802.2122776
XCME.ZN1.01AUG25.110:25.C,.8750000,.9062500,110.2500000,C,.8557806,737.3898372,817.2832542,778.6645197
XCME.ZN1.01AUG25.112:75.C,INVALID,.0156250,112.7500000,C,.0017764,,1012.7180600,898.1361644
