Key,BID,ASK,STRIKE,ITYPE,ADJTHEOR,IVBID,IVASK,IVAVERAGE
XCME.ZN.SEP25,111.1250000,111.1406250,INVALID,F,,,,
XCME.WY5.30JUL25.110:75.P,.0069999,.0156250,110.7500000,P,.0002073,962.6177530,1175.8505840,1079.0739828
XCME.WY5.30JUL25.110.P,INVALID,.0069999,110,P,0,,,
XCME.WY5.30JUL25.113.C,INVALID,.0069999,113,C,0,,,
