Key,BID,ASK,STRIKE,ITYPE,ADJTHEOR,IVBID,IVASK,IVAVERAGE
XCME.ZN.SEP25,111.2812500,111.2968750,INVALID,F,,,,
XCME.WY5.30JUL25.111.C,.3281250,.3750000,111,C,.2867160,1098.0203912,1392.9457782,1249.4944685
XCME.WY5.30JUL25.111:75.P,.4843750,.5156250,111.7500000,P,.4690112,1064.0307337,1494.9971553,1301.1958073
XCME.WY5.30JUL25.112:25.C,INVALID,.0069999,112.2500000,C,0,,1586.9610008,1419.8796405
