Key,BID,ASK,STRIKE,ITYPE,ADJTHEOR,IVBID,IVASK,IVAVERAGE
XCME.ZN.SEP25,111.0937500,111.1093750,INVALID,F,,,,
XCME.WY5.30JUL25.110:5.C,.5937500,.6250000,110.5000000,C,.6015607,,1481.0067251,1301.5527985
XCME.WY5.30JUL25.111:75.C,INVALID,.0069999,111.7500000,C,0,,1527.5645901,1347.4124330
XCME.WY5.30JUL25.112:75.P,1.6406250,1.6718750,112.7500000,P,1.6484375,,,
XCME.WY5.30JUL25.110:25.P,INVALID,.0069999,110.2500000,P,0,,1900.1574196,1686.2445002
