Key,BID,ASK,STRIKE,ITYPE,ADJTHEOR,IVBID,IVASK,IVAVERAGE
XCME.ZN.SEP25,111.0937500,111.1093750,INVALID,F,,,,
XCME.ZN1.01AUG25.110.C,1.1093750,1.1406250,110,C,1.1121028,569.3469082,868.8648521,756.1370270
XCME.ZN1.01AUG25.111:25.P,.3750000,.4062500,111.2500000,P,.3307769,778.1076141,861.4166563,819.7984252
XCME.ZN1.01AUG25.112:5.P,1.4062500,1.4375000,112.5000000,P,1.3987022,814.1823055,1082.5098654,970.0762073
