Key,BID,ASK,STRIKE,ITYPE,ADJTHEOR,IVBID,IVASK,IVAVERAGE
XCME.ZN.SEP25,111.3750000,111.3906250,INVALID,F,,,,
XCME.ZN1.01AUG25.111:25.P,.2656250,.2812500,111.2500000,P,.2009095,824.5895168,864.9827271,844.7912604
XCME.ZN1.01AUG25.112:5.P,1.1562500,1.1875000,112.5000000,P,1.1390421,804.8738601,988.1508794,904.1849128
XCME.ZN1.01AUG25.111:5.P,.3906250,.4218750,111.5000000,P,.3277574,823.2171768,904.0895348,863.6754006
