Key,BID,ASK,STRIKE,ITYPE,ADJTHEOR,IVBID,IVASK,IVAVERAGE
XCME.ZN.SEP25,111.3281250,111.3437500,INVALID,F,,,,
XCME.ZN1.01AUG25.112:75.P,1.4218750,1.4531250,112.7500000,P,1.4229378,662.4933230,983.8319009,864.2461086
XCME.ZN1.01AUG25.110:5.P,.0625000,.0781250,110.5000000,P,.0272735,788.0261474,851.3243280,820.2918622
XCME.ZN1.01AUG25.112:25.C,.0468750,.0625000,112.2500000,C,.0234814,770.6682655,842.3730248,807.5139347
XCME.ZN1.01AUG25.112.P,.7500000,.7812500,112,P,.7205946,809.7706657,912.6288432,862.0837196
