Key,BID,ASK,STRIKE,ITYPE,ADJTHEOR,IVBID,IVASK,IVAVERAGE
XCME.ZN.SEP25,111.3437500,111.3593750,INVALID,F,,,,
XCME.WY5.30JUL25.111.C,.3750000,.4062500,111,C,.3604800,734.0518351,1001.9266457,876.6224724
XCME.WY5.30JUL25.111:75.P,.4375000,.4687500,111.7500000,P,.4034246,946.7792835,1196.8631543,1076.9232515
XCME.WY5.30JUL25.112:25.C,INVALID,.0069999,112.2500000,C,0,,1119.5527449,998.9748785
XCME.WY5.30JUL25.110:5.P,INVALID,.0156250,110.5000000,P,.0000490,,1254.3517867,1087.6477656
