Key,BID,ASK,STRIKE,ITYPE,ADJTHEOR,IVBID,IVASK,IVAVERAGE
XCME.ZN.SEP25,111.3750000,111.3906250,INVALID,F,,,,
XCME.ZN1.01AUG25.111.C,.5468750,.5781250,111,C,.4948708,787.6873442,830.1015946,808.9525508
XCME.ZN1.01AUG25.113.P,1.6250000,1.6562500,113,P,1.6244120,736.3850011,1082.0111869,954.5585173
XCME.ZN1.01AUG25.110.C,1.3750000,1.4062500,110,C,1.3835320,,896.7357806,795.2439493
