Key,BID,ASK,STRIKE,ITYPE,ADJTHEOR,IVBID,IVASK,IVAVERAGE
XCME.ZN.SEP25,111.3593750,111.3750000,INVALID,F,,,,
XCME.ZN1.01AUG25.110.C,1.3593750,1.3906250,110,C,1.3640979,228.5914050,1008.9860221,883.8181436
XCME.ZN1.01AUG25.111:25.P,.2656250,.2968750,111.2500000,P,.2192134,770.7079941,847.2645994,809.0018773
XCME.ZN1.01AUG25.112:5.P,1.1562500,1.1875000,112.5000000,P,1.1528879,682.5765814,965.3695753,845.2504830
