Key,BID,ASK,STRIKE,ITYPE,ADJTHEOR,IVBID,IVASK,IVAVERAGE
XCME.ZN.SEP25,111.3281250,111.3437500,INVALID,F,,,,
XCME.WY5.30JUL25.110:75.P,.0069999,.0312500,110.7500000,P,.0008137,793.2176720,1142.5681817,996.4501910
XCME.WY5.30JUL25.110.P,INVALID,.0069999,110,P,0,,1550.0426081,1393.4284480
XCME.WY5.30JUL25.113.C,INVALID,.0069999,113,C,0,,1864.5525681,1686.8152565
