Key,BID,ASK,STRIKE,ITYPE,ADJTHEOR,IVBID,IVASK,IVAVERAGE
XCME.ZN.SEP25,111.3593750,111.3750000,INVALID,F,,,,
XCME.ZN1.01AUG25.110:5.C,.9062500,.9375000,110.5000000,C,.8917309,697.0660815,837.7083918,771.2802266
XCME.ZN1.01AUG25.110:75.C,.7031250,.7343750,110.7500000,C,.6747879,729.6273992,832.5160144,782.0802020
XCME.ZN1.01AUG25.111.P,.1718750,.1875000,111,P,.1192033,789.2049209,831.3114557,810.3113382
XCME.ZN1.01AUG25.113.C,.0069999,.0312500,113,C,.0036567,797.4892941,1056.6967206,952.5290803
