Key,BID,ASK,STRIKE,ITYPE,ADJTHEOR,IVBID,IVASK,IVAVERAGE
XCME.ZN.SEP25,111.3281250,111.3437500,INVALID,F,,,,
XCME.WY5.30JUL25.111.C,.3750000,.4062500,111,C,.3389807,982.4647314,1245.3530542,1118.3346179
XCME.WY5.30JUL25.111:75.P,.4375000,.4687500,111.7500000,P,.4196806,882.0826536,1212.1794550,1060.3093657
XCME.WY5.30JUL25.112:25.C,INVALID,.0069999,112.2500000,C,0,,1280.0883503,1143.5438009
XCME.WY5.30JUL25.110:5.P,INVALID,.0156250,110.5000000,P,.0000146,,1382.0748819,1196.5704727
