Key,BID,ASK,STRIKE,ITYPE,ADJTHEOR,IVBID,IVASK,IVAVERAGE
XCME.ZN.SEP25,111.0156250,111.0312500,INVALID,F,,,,
XCME.WY5.30JUL25.111.P,.0156250,.0468750,111,P,,1484.0664325,,
XCME.ZN1.01AUG25.110:75.P,.1718750,.1875000,110.7500000,P,.1238677,792.6147873,838.4401749,815.5720127
XCME.ZN1.01AUG25.110:25.P,.0468750,.0625000,110.2500000,P,.0226529,760.2503915,835.6197138,798.9293061
