Key,BID,ASK,STRIKE,ITYPE,ADJTHEOR,IVBID,IVASK,IVAVERAGE
XCME.ZN.SEP25,111.3593750,111.3750000,INVALID,F,,,,
XCME.ZN1.01AUG25.112:25.P,.9375000,.9687500,112.2500000,P,.9128383,760.4502639,885.6144185,825.4926002
XCME.ZN1.01AUG25.111:5.C,.2656250,.2812500,111.5000000,C,.2158676,780.0846997,817.7400429,798.9181909
XCME.ZN1.01AUG25.111.C,.5312500,.5625000,111,C,.4925055,747.7767193,829.7923681,788.9930849
XCME.ZN1.01AUG25.113.P,1.6406250,1.6562500,113,P,1.6372266,790.3078525,966.6309052,891.8241159
