Key,BID,ASK,STRIKE,ITYPE,ADJTHEOR,IVBID,IVASK,IVAVERAGE
XCME.ZN.SEP25,111.2031250,111.2187500,INVALID,F,,,,
XCME.WY5.30JUL25.112.C,INVALID,.0156250,112,C,0,,1627.7395464,1407.0357190
XCME.WY5.30JUL25.110:25.C,.9375000,.9687500,110.2500000,C,.9453117,,,1747.8574827
XCME.WY5.30JUL25.110:75.C,.4531250,.5000000,110.7500000,C,.4458450,878.6413174,1562.8239554,1278.7807395
