Key,BID,ASK,STRIKE,ITYPE,ADJTHEOR,IVBID,IVASK,IVAVERAGE
XCME.ZN.SEP25,111.3593750,111.3750000,INVALID,F,,,,
XCME.ZN1.01AUG25.112:5.C,.0312500,.0468750,112.5000000,C,.0123246,797.7519080,887.4593027,844.6547572
XCME.ZN1.01AUG25.112:25.P,.9375000,.9687500,112.2500000,P,.9135507,763.9085407,894.4890578,831.9688001
XCME.ZN1.01AUG25.111:5.C,.2656250,.2812500,111.5000000,C,.2083769,801.4767198,840.0044402,820.7465833
