Key,BID,ASK,STRIKE,ITYPE,ADJTHEOR,IVBID,IVASK,IVAVERAGE
XCME.ZN.SEP25,111,111.0156250,INVALID,F,,,,
XCME.ZN1.01AUG25.110.C,1.0156250,1.0468750,110,C,1.0192886,554.8433475,850.9346214,738.5080570
XCME.ZN1.01AUG25.111:25.P,.4218750,.4531250,111.2500000,P,.3781536,785.3764923,875.2659674,830.4416212
XCME.ZN1.01AUG25.112:5.P,1.5000000,1.5156250,112.5000000,P,1.4908356,896.2411451,1065.3823130,990.6627064
