Key,BID,ASK,STRIKE,ITYPE,ADJTHEOR,IVBID,IVASK,IVAVERAGE
XCME.ZN.SEP25,111.1093750,111.1250000,INVALID,F,,,,
XCME.WY5.30JUL25.111.P,.0468750,.0625000,111,P,.0163211,908.1213006,1068.8275883,989.2600950
XCME.ZN1.01AUG25.110:75.P,.1406250,.1718750,110.7500000,P,.1000527,767.1615902,859.6762058,813.7334237
XCME.ZN1.01AUG25.110:25.P,.0312500,.0468750,110.2500000,P,.0173598,711.1622464,797.8458558,756.3602462
