Key,BID,ASK,STRIKE,ITYPE,ADJTHEOR,IVBID,IVASK,IVAVERAGE
XCME.ZN.SEP25,111.0937500,111.1093750,INVALID,F,,,,
XCME.ZN1.01AUG25.110:5.C,.6718750,.7031250,110.5000000,C,.6540558,701.2071231,817.2665732,760.7843592
XCME.ZN1.01AUG25.110:75.C,.5000000,.5156250,110.7500000,C,.4630325,755.7199900,801.5972687,778.7358106
XCME.ZN1.01AUG25.111.P,.2500000,.2812500,111,P,.2017765,826.4752970,867.7681913,847.1259701
XCME.ZN1.01AUG25.113.C,INVALID,.0156250,113,C,.0013850,,1108.7790483,986.4253251
