Key,BID,ASK,STRIKE,ITYPE,ADJTHEOR,IVBID,IVASK,IVAVERAGE
XCME.ZN.SEP25,111.3593750,111.3750000,INVALID,F,,,,
XCME.WY5.30JUL25.110:5.C,.8437500,.8750000,110.5000000,C,.8515940,,1431.1378372,1222.0546097
XCME.WY5.30JUL25.111:75.C,.0312500,.0468750,111.7500000,C,.0041593,907.6522765,1050.6311091,981.4763577
XCME.WY5.30JUL25.112:75.P,1.3750000,1.4062500,112.7500000,P,1.3984374,,1702.7942419,1529.4996239
XCME.WY5.30JUL25.110:25.P,INVALID,.0069999,110.2500000,P,0,,1368.2139218,1224.1966098
