Key,BID,ASK,STRIKE,ITYPE,ADJTHEOR,IVBID,IVASK,IVAVERAGE
XCME.ZN.SEP25,111.3593750,111.3750000,INVALID,F,,,,
XCME.WY5.30JUL25.110:75.C,.6093750,.6406250,110.7500000,C,.5943147,991.0700134,1359.2068956,1195.0710954
XCME.WY5.30JUL25.112:75.C,INVALID,.0069999,112.7500000,C,0,,1680.0114432,1512.8497093
XCME.WY5.30JUL25.112:5.C,INVALID,.0069999,112.5000000,C,0,,1427.4306320,1280.8408534
