Key,BID,ASK,STRIKE,ITYPE,ADJTHEOR,IVBID,IVASK,IVAVERAGE
XCME.ZN.SEP25,111,111.0156250,INVALID,F,,,,
XCME.ZN1.01AUG25.112:5.C,.0069999,.0156250,112.5000000,C,.0019625,838.8779528,965.8926019,909.7790849
XCME.ZN1.01AUG25.112:25.P,1.2500000,1.2812500,112.2500000,P,1.2705300,,826.7703618,636.7867156
XCME.ZN1.01AUG25.111:5.C,.0937500,.1093750,111.5000000,C,.0628608,764.4484780,819.5866716,792.2679167
