Key,BID,ASK,STRIKE,ITYPE,ADJTHEOR,IVBID,IVASK,IVAVERAGE
XCME.ZN.SEP25,111.0468750,111.0625000,INVALID,F,,,,
XCME.ZN1.01AUG25.111:75.C,.0468750,.0625000,111.7500000,C,.0345639,705.0737392,777.0833271,741.9825206
XCME.ZN1.01AUG25.110:5.C,.6406250,.6562500,110.5000000,C,.6093542,756.8323119,814.6471212,786.0653085
XCME.ZN1.01AUG25.110:75.C,.4531250,.4843750,110.7500000,C,.4217262,743.7790916,837.4770007,790.8803631
