Key,BID,ASK,STRIKE,ITYPE,ADJTHEOR,IVBID,IVASK,IVAVERAGE
XCME.ZN.SEP25,111.3593750,111.3750000,INVALID,F,,,,
XCME.ZN1.01AUG25.111:25.C,.3906250,.4062500,111.2500000,C,.3245840,825.9643514,865.8740015,845.9240795
XCME.ZN1.01AUG25.110:25.C,1.1406250,1.1562500,110.2500000,C,1.1287993,737.6880643,847.1059109,796.2221912
XCME.ZN1.01AUG25.112:75.C,.0156250,.0312500,112.7500000,C,.0050223,826.6744703,959.6849712,899.0580787
XCME.ZN1.01AUG25.111:75.C,.1718750,.1875000,111.7500000,C,.1117458,826.8865974,870.6143676,848.8068613
