Key,BID,ASK,STRIKE,ITYPE,ADJTHEOR,IVBID,IVASK,IVAVERAGE
XCME.ZN.SEP25,111.4218750,111.4375000,INVALID,F,,,,
XCME.ZN1.01AUG25.111:25.P,.2500000,.2656250,111.2500000,P,.1750817,851.2692111,892.0614309,871.6762216
XCME.ZN1.01AUG25.112:5.P,1.0937500,1.1250000,112.5000000,P,1.0790054,768.4208126,946.9171299,865.0661031
XCME.ZN1.01AUG25.111:5.P,.3593750,.3906250,111.5000000,P,.2935399,828.9549996,908.9377812,868.9520624
