Key,BID,ASK,STRIKE,ITYPE,ADJTHEOR,IVBID,IVASK,IVAVERAGE
XCME.ZN.SEP25,111.3125000,111.3281250,INVALID,F,,,,
XCME.ZN1.01AUG25.112:75.P,1.4375000,1.4687500,112.7500000,P,1.4533110,,892.9535923,757.6083791
XCME.ZN1.01AUG25.110:5.P,.0625000,.0781250,110.5000000,P,.0289790,779.4119348,842.9339641,811.7828932
XCME.ZN1.01AUG25.112:25.C,.0468750,.0625000,112.2500000,C,.0198052,801.3556272,875.1455111,839.2884070
XCME.ZN1.01AUG25.112.P,.7812500,.7968750,112,P,.7449285,728.6242823,844.4953305,788.2307042
