Key,BID,ASK,STRIKE,ITYPE,ADJTHEOR,IVBID,IVASK,IVAVERAGE
XCME.ZN.SEP25,111.0312500,111.0468750,INVALID,F,,,,
XCME.ZN1.01AUG25.110:75.P,.1718750,.1875000,110.7500000,P,.1152023,821.0959732,867.3323055,844.2634076
XCME.ZN1.01AUG25.110:25.P,.0468750,.0625000,110.2500000,P,.0203585,779.0362624,855.3717210,818.2315804
XCME.ZN1.01AUG25.110.P,.0156250,.0312500,110,P,.0065734,723.4787724,848.7328676,791.4059508
XCME.ZN1.01AUG25.111:75.P,.7656250,.7968750,111.7500000,P,.7292602,813.6072322,938.3557273,877.6523774
