Key,BID,ASK,STRIKE,ITYPE,ADJTHEOR,IVBID,IVASK,IVAVERAGE
XCME.ZN.SEP25,111.3281250,111.3437500,INVALID,F,,,,
XCME.WY5.30JUL25.111:25.P,.1250000,.1406250,111.2500000,P,.0588209,961.9044911,1055.8901518,1008.9379473
XCME.WY5.30JUL25.113.P,1.6562500,1.6875000,113,P,1.6675624,,,
XCME.WY5.30JUL25.112.P,.6562500,.6875000,112,P,.6676728,835.7080824,1154.4181724,1024.7355097
