Key,BID,ASK,STRIKE,ITYPE,ADJTHEOR,IVBID,IVASK,IVAVERAGE
XCME.ZN.SEP25,111.2968750,111.3125000,INVALID,F,,,,
XCME.ZN1.01AUG25.110.P,.0156250,.0312500,110,P,.0044459,784.7473414,913.0011992,854.5486563
XCME.ZN1.01AUG25.111:75.P,.5937500,.6250000,111.7500000,P,.5381912,817.5138440,906.7855938,862.4541064
XCME.ZN1.01AUG25.112:75.P,1.4531250,1.4843750,112.7500000,P,1.4463661,799.5313546,1060.4815526,951.2258491
