Key,BID,ASK,STRIKE,ITYPE,ADJTHEOR,IVBID,IVASK,IVAVERAGE
XCME.ZN.SEP25,111.0468750,111.0625000,INVALID,F,,,,
XCME.ZN1.01AUG25.111:5.P,.5625000,.5937500,111.5000000,P,.5327888,795.7871888,843.5880128,819.7972341
XCME.WY5.30JUL25.111:25.C,.0312500,.0625000,111.2500000,C,.0089825,847.3849103,1174.5893681,1016.8273592
XCME.WY5.30JUL25.111:5.C,.0069999,.0156250,111.5000000,C,.0001284,952.8289410,1153.4859937,1062.8052410
