Key,BID,ASK,STRIKE,ITYPE,ADJTHEOR,IVBID,IVASK,IVAVERAGE
XCME.ZN.SEP25,111.0781250,111.0937500,INVALID,F,,,,
XCME.ZN1.01AUG25.110:75.P,.1562500,.1718750,110.7500000,P,.1122803,776.1810649,821.5093490,798.9088361
XCME.ZN1.01AUG25.110:25.P,.0468750,.0625000,110.2500000,P,.0206416,685.7969437,845.4191280,771.0782277
XCME.ZN1.01AUG25.110.P,.0156250,.0312500,110,P,.0073776,711.2762596,833.8245725,777.8050371
XCME.ZN1.01AUG25.111:75.P,.7343750,.7656250,111.7500000,P,.7047005,769.0431520,828.8273745,799.3582583
