Key,BID,ASK,STRIKE,ITYPE,ADJTHEOR,IVBID,IVASK,IVAVERAGE
XCME.ZN.SEP25,111.0625000,111.0781250,INVALID,F,,,,
XCME.ZN1.01AUG25.111:75.C,.0781250,.0937500,111.7500000,C,.0441632,785.2168279,843.8593914,814.9180613
XCME.ZN1.01AUG25.110:5.C,.6562500,.6875000,110.5000000,C,.6361116,707.9047466,819.6656429,765.0798242
XCME.ZN1.01AUG25.110:75.C,.4843750,.5156250,110.7500000,C,.4483361,751.4400857,841.0168471,796.4668548
