Key,BID,ASK,STRIKE,ITYPE,ADJTHEOR,IVBID,IVASK,IVAVERAGE
XCME.ZN.SEP25,111.1093750,111.1250000,INVALID,F,,,,
XCME.WY5.30JUL25.111.C,.1875000,.2031250,111,C,.1434836,958.2435124,1091.7278935,1025.2758089
XCME.WY5.30JUL25.111:75.P,.6250000,.6562500,111.7500000,P,.6328160,,1215.7408469,1068.2587755
XCME.WY5.30JUL25.112:25.C,INVALID,.0069999,112.2500000,C,0,,1923.0294392,1725.3144632
XCME.WY5.30JUL25.110:5.P,INVALID,.0069999,110.5000000,P,.0000063,,1173.9664602,1035.7053150
