Key,BID,ASK,STRIKE,ITYPE,ADJTHEOR,IVBID,IVASK,IVAVERAGE
XCME.ZN.SEP25,111.3750000,111.3906250,INVALID,F,,,,
XCME.WY5.30JUL25.110.P,INVALID,.0069999,110,P,0,,1875.0189320,1688.6612222
XCME.WY5.30JUL25.113.C,INVALID,.0069999,113,C,0,,,1930.9680048
XCME.WY5.30JUL25.112:25.P,.8593750,.8906250,112.2500000,P,.8671878,,1645.2873780,1406.8564346
