Key,BID,ASK,STRIKE,ITYPE,ADJTHEOR,IVBID,IVASK,IVAVERAGE
XCME.ZN.SEP25,111.0625000,111.0781250,INVALID,F,,,,
XCME.ZN1.01AUG25.112.C,.0312500,.0468750,112,C,.0158096,753.4132052,843.1999175,800.2339190
XCME.ZN1.01AUG25.112:5.C,.0069999,.0156250,112.5000000,C,.0030094,778.6969118,897.6499979,845.0378388
XCME.ZN1.01AUG25.112:25.P,1.1875000,1.2187500,112.2500000,P,1.1896090,614.8983738,928.6731767,810.6863324
