Key,BID,ASK,STRIKE,ITYPE,ADJTHEOR,IVBID,IVASK,IVAVERAGE
XCME.ZN.SEP25,111.3437500,111.3593750,INVALID,F,,,,
XCME.WY5.30JUL25.112:25.P,.8906250,.9218750,112.2500000,P,.8984373,,1741.9904743,1432.5934050
XCME.WY5.30JUL25.112.C,.0069999,.0312500,112,C,.0003770,816.1396936,1167.8387304,1021.2622970
XCME.WY5.30JUL25.110:25.C,1.0937500,1.1250000,110.2500000,C,1.1015654,,1608.2472961,1388.1723035
