Key,BID,ASK,STRIKE,ITYPE,ADJTHEOR,IVBID,IVASK,IVAVERAGE
XCME.ZN.SEP25,111.1875000,111.2031250,INVALID,F,,,,
XCME.ZN1.01AUG25.111:25.C,.2812500,.2968750,111.2500000,C,.2302995,792.4889365,833.0191905,812.7551334
XCME.ZN1.01AUG25.110:25.C,.9531250,.9843750,110.2500000,C,.9626958,497.4196474,768.0001069,664.9180293
XCME.ZN1.01AUG25.112:75.C,.0069999,.0156250,112.7500000,C,.0028688,808.2534782,929.9277963,876.3272832
XCME.ZN1.01AUG25.111:75.C,.0937500,.1093750,111.7500000,C,.0650627,749.8667856,802.7936035,776.5732404
