Key,BID,ASK,STRIKE,ITYPE,ADJTHEOR,IVBID,IVASK,IVAVERAGE
XCME.ZN.SEP25,111.3437500,111.3593750,INVALID,F,,,,
XCME.ZN1.01AUG25.111:25.P,.2968750,.3125000,111.2500000,P,.2131600,874.0519614,914.4242135,894.2405171
XCME.ZN1.01AUG25.112:5.P,1.1875000,1.2187500,112.5000000,P,1.1682051,831.3047799,1015.8757852,931.1747457
XCME.ZN1.01AUG25.111:5.P,.4218750,.4375000,111.5000000,P,.3443990,863.4572546,904.3101963,883.8921768
