Key,BID,ASK,STRIKE,ITYPE,ADJTHEOR,IVBID,IVASK,IVAVERAGE
XCME.ZN.SEP25,111.3906250,111.4062500,INVALID,F,,,,
XCME.ZN1.01AUG25.110.C,1.4062500,1.4218750,110,C,1.4014436,,913.3013603,795.5590480
XCME.ZN1.01AUG25.111:25.P,.2500000,.2812500,111.2500000,P,.1906348,809.4765929,890.0967710,849.8166588
XCME.ZN1.01AUG25.112:5.P,1.1250000,1.1562500,112.5000000,P,1.1126758,758.3633549,946.2989871,861.1422369
