Key,BID,ASK,STRIKE,ITYPE,ADJTHEOR,IVBID,IVASK,IVAVERAGE
XCME.ZN.SEP25,111.3593750,111.3750000,INVALID,F,,,,
XCME.WY5.30JUL25.111.C,.3906250,.4218750,111,C,.3596453,897.4286141,1144.5346714,1025.7070070
XCME.WY5.30JUL25.111:75.P,.4218750,.4531250,111.7500000,P,.4028722,816.5687608,1102.4795176,969.2672932
XCME.WY5.30JUL25.112:25.C,INVALID,.0069999,112.2500000,C,0,,1146.1259721,1022.6810705
