Key,BID,ASK,STRIKE,ITYPE,ADJTHEOR,IVBID,IVASK,IVAVERAGE
XCME.ZN.SEP25,111.3750000,111.3906250,INVALID,F,,,,
XCME.WY5.30JUL25.110:5.C,.8750000,.9062500,110.5000000,C,.8801121,,1067.2704886,932.4791237
XCME.WY5.30JUL25.112:25.C,.0069999,.0156250,112.2500000,C,.0004514,791.4117612,929.8622043,868.1094476
XCME.WY5.30JUL25.111:75.P,.4062500,.4375000,111.7500000,P,.3926775,636.5520247,818.2384293,731.3509113
XCME.WY5.30JUL25.110:5.P,INVALID,.0156250,110.5000000,P,.0007989,,937.9544673,815.4917567
XCME.WY5.30JUL25.111:75.C,.0468750,.0625000,111.7500000,C,.0219892,706.1729357,794.8340160,751.3531149
