Key,BID,ASK,STRIKE,ITYPE,ADJTHEOR,IVBID,IVASK,IVAVERAGE
XCME.ZN.SEP25,111.1250000,111.1406250,INVALID,F,,,,
XCME.WY5.30JUL25.111.P,.0468750,.0781250,111,P,.0205779,844.4306640,1001.9108190,923.8423839
XCME.ZN1.01AUG25.110:75.P,.1406250,.1718750,110.7500000,P,.1046672,752.8297050,844.8340209,799.1344836
XCME.ZN1.01AUG25.110:25.P,.0312500,.0468750,110.2500000,P,.0185660,701.3543275,787.4838251,746.2577717
