Key,BID,ASK,STRIKE,ITYPE,ADJTHEOR,IVBID,IVASK,IVAVERAGE
XCME.ZN.SEP25,111.3437500,111.3593750,INVALID,F,,,,
XCME.ZN1.01AUG25.111:25.C,.3750000,.4062500,111.2500000,C,.3196202,794.4576156,871.6894766,833.0854772
XCME.ZN1.01AUG25.110:25.C,1.1250000,1.1406250,110.2500000,C,1.1084545,755.7727504,849.9859545,805.3576563
XCME.ZN1.01AUG25.112:75.C,.0156250,.0312500,112.7500000,C,.0056728,813.6204494,943.8203716,884.4841135
XCME.ZN1.01AUG25.111:75.C,.1562500,.1875000,111.7500000,C,.1117369,779.5114748,865.5745139,822.8016825
