Key,BID,ASK,STRIKE,ITYPE,ADJTHEOR,IVBID,IVASK,IVAVERAGE
XCME.ZN.SEP25,111.0781250,111.0937500,INVALID,F,,,,
XCME.WY5.30JUL25.111:5.P,.4062500,.4375000,111.5000000,P,.3951801,1018.3880064,1529.4345484,1304.4391528
XCME.WY5.30JUL25.111:25.P,.2031250,.2187500,111.2500000,P,.1597875,1032.1088149,1186.0467572,1109.6412513
XCME.WY5.30JUL25.113.P,1.8906250,1.9218750,113,P,1.8949375,,,
XCME.WY5.30JUL25.112.P,.8906250,.9218750,112,P,.8949374,,,
