Key,BID,ASK,STRIKE,ITYPE,ADJTHEOR,IVBID,IVASK,IVAVERAGE
XCME.ZN.SEP25,111.0625000,111.0781250,INVALID,F,,,,
XCME.ZN1.01AUG25.111:25.C,.2031250,.2343750,111.2500000,C,.1607750,776.4043467,862.3589606,819.4565054
XCME.ZN1.01AUG25.110:25.C,.8437500,.8750000,110.2500000,C,.8240916,733.1285882,878.7282800,809.5804801
XCME.ZN1.01AUG25.112:75.C,INVALID,.0156250,112.7500000,C,.0016526,,1029.6961519,913.6655892
