Key,BID,ASK,STRIKE,ITYPE,ADJTHEOR,IVBID,IVASK,IVAVERAGE
XCME.ZN.SEP25,111.3593750,111.3750000,INVALID,F,,,,
XCME.ZN1.01AUG25.112:5.P,1.1406250,1.1718750,112.5000000,P,1.1417353,639.1053983,857.0348563,764.3942143
XCME.ZN1.01AUG25.111:5.P,.3906250,.4218750,111.5000000,P,.3424534,777.8130051,854.1013262,815.9774554
XCME.GY5.29JUL25.111.C,INVALID,INVALID,111,C,,,,
XCME.GY5.29JUL25.110.P,INVALID,INVALID,110,P,,,,
XCME.GY5.29JUL25.111:25.C,INVALID,INVALID,111.2500000,C,,,,
