Key,BID,ASK,STRIKE,ITYPE,ADJTHEOR,IVBID,IVASK,IVAVERAGE
XCME.ZN.SEP25,111.3437500,111.3593750,INVALID,F,,,,
XCME.ZN1.01AUG25.111.P,.1718750,.1875000,111,P,.1169968,797.6213277,840.3239413,819.0260252
XCME.ZN1.01AUG25.113.C,.0069999,.0312500,113,C,.0032055,811.6865940,1075.3295570,969.3943225
XCME.ZN1.01AUG25.112.C,.0937500,.1093750,112,C,.0563184,781.4475341,834.0904048,808.0253078
