Key,BID,ASK,STRIKE,ITYPE,ADJTHEOR,IVBID,IVASK,IVAVERAGE
XCME.ZN.SEP25,111.4062500,111.4218750,INVALID,F,,,,
XCME.WY5.30JUL25.112:25.P,.8281250,.8593750,112.2500000,P,.8394279,,1593.4406054,1318.3612864
XCME.WY5.30JUL25.112.C,.0156250,.0312500,112,C,.0000588,1154.1700056,1392.1656420,1282.0506618
XCME.WY5.30JUL25.110:25.C,1.1562500,1.1718750,110.2500000,C,1.1605623,,1826.9116157,1693.2190990
