Key,BID,ASK,STRIKE,ITYPE,ADJTHEOR,IVBID,IVASK,IVAVERAGE
XCME.ZN.SEP25,111.0937500,111.1093750,INVALID,F,,,,
XCME.WY5.30JUL25.111.P,.0625000,.0781250,111,P,.0218440,992.7456624,1149.2692858,1071.3707252
XCME.ZN1.01AUG25.110:75.P,.1562500,.1718750,110.7500000,P,.1069334,792.9461404,838.6364323,815.8583253
XCME.ZN1.01AUG25.110:25.P,.0312500,.0625000,110.2500000,P,.0191173,697.4622438,858.5533037,783.5541129
