Key,BID,ASK,STRIKE,ITYPE,ADJTHEOR,IVBID,IVASK,IVAVERAGE
XCME.ZN.SEP25,111.0156250,111.0312500,INVALID,F,,,,
XCME.ZN1.01AUG25.110:75.P,.1562500,.1718750,110.7500000,P,.1202799,757.8794908,804.2803810,781.1360356
XCME.ZN1.01AUG25.110:25.P,.0312500,.0468750,110.2500000,P,.0216953,681.2586707,767.9234109,726.3951562
XCME.ZN1.01AUG25.110.P,.0156250,.0312500,110,P,.0070951,714.5902293,838.8663088,781.9789979
XCME.ZN1.01AUG25.111:75.P,.7343750,.7656250,111.7500000,P,.7438037,583.2082568,752.6307207,675.1590967
