Key,BID,ASK,STRIKE,ITYPE,ADJTHEOR,IVBID,IVASK,IVAVERAGE
XCME.ZN.SEP25,111.1250000,111.1406250,INVALID,F,,,,
XCME.ZN1.01AUG25.111:25.C,.2343750,.2656250,111.2500000,C,.1888791,781.7159447,865.0563319,823.4179362
XCME.ZN1.01AUG25.110:25.C,.8906250,.9218750,110.2500000,C,.8822535,765.1165182,842.6050374,805.0495995
XCME.ZN1.01AUG25.112:75.C,.0069999,.0156250,112.7500000,C,.0020747,858.9559470,986.3443985,930.0410417
