Key,BID,ASK,STRIKE,ITYPE,ADJTHEOR,IVBID,IVASK,IVAVERAGE
XCME.ZN.SEP25,111.3281250,111.3437500,INVALID,F,,,,
XCME.WY5.30JUL25.110.C,1.3437500,1.3750000,110,C,1.3480623,,,1804.7855802
XCME.WY5.30JUL25.112:5.P,1.1562500,1.1718750,112.5000000,P,1.1519372,,1785.4094759,1704.6831198
XCME.WY5.30JUL25.111:5.P,.2500000,.2812500,111.5000000,P,.1871947,974.4605390,1074.0076136,1024.3867510
