Key,BID,ASK,STRIKE,ITYPE,ADJTHEOR,IVBID,IVASK,IVAVERAGE
XCME.ZN.SEP25,111.3593750,111.3750000,INVALID,F,,,,
XCME.WY5.30JUL25.111:25.C,.2343750,.2500000,111.2500000,C,.1581183,1104.6440120,1211.8929953,1158.3627487
XCME.WY5.30JUL25.111:5.C,.1093750,.1250000,111.5000000,C,.0341897,1097.6535126,1205.5536504,1151.7149554
XCME.WY5.30JUL25.110.C,1.3593750,1.3906250,110,C,1.3706874,,,1910.1220468
XCME.WY5.30JUL25.112:5.P,1.1250000,1.1406250,112.5000000,P,1.1293124,,1728.0195096,1600.1127181
