Key,BID,ASK,STRIKE,ITYPE,ADJTHEOR,IVBID,IVASK,IVAVERAGE
XCME.ZN.SEP25,111,111.0156250,INVALID,F,,,,
XCME.ZN1.01AUG25.111.C,.2968750,.3125000,111,C,.2431315,806.8488981,849.6267432,828.2378296
XCME.ZN1.01AUG25.113.P,1.9843750,2,113,P,1.9964828,,986.8972780,757.6870916
XCME.ZN1.01AUG25.110.C,1.0312500,1.0468750,110,C,1.0125467,788.5798264,889.1696123,841.4443225
