Key,BID,ASK,STRIKE,ITYPE,ADJTHEOR,IVBID,IVASK,IVAVERAGE
XCME.ZN.SEP25,111.3593750,111.3750000,INVALID,F,,,,
XCME.ZN1.01AUG25.112:75.P,1.3906250,1.4218750,112.7500000,P,1.3966813,200.4280618,931.8362224,802.9302543
XCME.ZN1.01AUG25.110:5.P,.0468750,.0781250,110.5000000,P,.0254208,729.2689953,862.0431519,798.7086312
XCME.ZN1.01AUG25.112:25.C,.0468750,.0781250,112.2500000,C,.0266234,747.9513992,882.3920607,818.3098873
XCME.ZN1.01AUG25.112.P,.7343750,.7656250,112,P,.6992174,770.3509824,872.1283840,822.1512157
