Key,BID,ASK,STRIKE,ITYPE,ADJTHEOR,IVBID,IVASK,IVAVERAGE
XCME.ZN.SEP25,111.0625000,111.0781250,INVALID,F,,,,
XCME.ZN1.01AUG25.110.C,1.0781250,1.0937500,110,C,1.0752210,650.8242803,785.4668987,725.5458607
XCME.ZN1.01AUG25.111:25.P,.4062500,.4375000,111.2500000,P,.3548185,797.8719915,881.4932633,839.7362841
XCME.ZN1.01AUG25.112:5.P,1.4375000,1.4531250,112.5000000,P,1.4366770,708.6937998,923.8615759,838.7113970
