Key,BID,ASK,STRIKE,ITYPE,ADJTHEOR,IVBID,IVASK,IVAVERAGE
XCME.ZN.SEP25,111.3125000,111.3281250,INVALID,F,,,,
XCME.WY5.30JUL25.110:5.C,.7968750,.8281250,110.5000000,C,.8047050,1160.0867382,,
XCME.WY5.30JUL25.111:75.C,.0312500,.0468750,111.7500000,C,.0014518,1059.8744599,1220.4398001,1142.8973157
XCME.WY5.30JUL25.112:75.P,1.4218750,1.4531250,112.7500000,P,1.4453125,,,
XCME.WY5.30JUL25.110:25.P,INVALID,.0069999,110.2500000,P,0,,1430.5610111,1279.7307760
