Key,BID,ASK,STRIKE,ITYPE,ADJTHEOR,IVBID,IVASK,IVAVERAGE
XCME.ZN.SEP25,111.3906250,111.4062500,INVALID,F,,,,
XCME.ZN1.01AUG25.111:75.C,.1718750,.2031250,111.7500000,C,.1197321,803.9160684,891.0148685,847.6574123
XCME.ZN1.01AUG25.110:5.C,.9375000,.9687500,110.5000000,C,.9236662,708.8488761,794.0902973,753.3100271
XCME.ZN1.01AUG25.110:75.C,.7343750,.7656250,110.7500000,C,.7010259,761.3210466,818.5948799,790.3260675
