Key,BID,ASK,STRIKE,ITYPE,ADJTHEOR,IVBID,IVASK,IVAVERAGE
XCME.ZN.SEP25,111.0312500,111.0468750,INVALID,F,,,,
XCME.ZN1.01AUG25.111:25.C,.1875000,.2187500,111.2500000,C,.1508558,763.9277324,808.5198202,786.2499145
XCME.ZN1.01AUG25.110:25.C,.8281250,.8593750,110.2500000,C,.8138035,608.2419808,792.7779498,709.6101784
XCME.ZN1.01AUG25.112:75.C,INVALID,.0069999,112.7500000,C,.0012905,,927.7764988,838.7893729
