Key,BID,ASK,STRIKE,ITYPE,ADJTHEOR,IVBID,IVASK,IVAVERAGE
XCME.ZN.SEP25,111.3281250,111.3437500,INVALID,F,,,,
XCME.WY5.30JUL25.110.P,INVALID,.0069999,110,P,0,,1502.1192925,1350.5299109
XCME.WY5.30JUL25.113.C,INVALID,.0069999,113,C,0,,1800.9836180,1628.1793811
XCME.WY5.30JUL25.112:25.P,.9062500,.9375000,112.2500000,P,.9105543,,1456.7099586,1275.0123457
