Key,BID,ASK,STRIKE,ITYPE,ADJTHEOR,IVBID,IVASK,IVAVERAGE
XCME.ZN.SEP25,111.0625000,111.0781250,INVALID,F,,,,
XCME.WY5.30JUL25.111:25.C,.0312500,.0468750,111.2500000,C,.0028837,1114.5879258,1335.7845204,1227.7971822
XCME.WY5.30JUL25.111:5.C,INVALID,.0069999,111.5000000,C,.0000035,,1247.1188027,1088.9740346
XCME.WY5.30JUL25.110.C,1.0468750,1.0781250,110,C,1.0468749,1363.1757165,,
XCME.WY5.30JUL25.112:5.P,1.4218750,1.4531250,112.5000000,P,1.4531250,,1460.8214656,
