Key,BID,ASK,STRIKE,ITYPE,ADJTHEOR,IVBID,IVASK,IVAVERAGE
XCME.ZN.SEP25,111.0937500,111.1093750,INVALID,F,,,,
XCME.ZN1.01AUG25.112:5.C,.0069999,.0156250,112.5000000,C,.0035026,760.0669901,876.4639604,824.9757921
XCME.ZN1.01AUG25.112:25.P,1.1718750,1.2031250,112.2500000,P,1.1749641,599.0661918,790.3538818,714.0351549
XCME.ZN1.01AUG25.111:5.C,.1406250,.1562500,111.5000000,C,.0936650,799.3253836,846.4628472,822.9906573
