Key,BID,ASK,STRIKE,ITYPE,ADJTHEOR,IVBID,IVASK,IVAVERAGE
XCME.ZN.SEP25,111.3593750,111.3750000,INVALID,F,,,,
XCME.WY5.30JUL25.110.C,1.3437500,1.3750000,110,C,1.3636876,,1714.3747185,1592.3245809
XCME.WY5.30JUL25.112:5.P,1.1250000,1.1562500,112.5000000,P,1.1363124,,1660.7575361,1394.6521113
XCME.WY5.30JUL25.111:5.P,.2343750,.2656250,111.5000000,P,.1808058,882.8721697,1067.6765721,975.7087808
