Key,BID,ASK,STRIKE,ITYPE,ADJTHEOR,IVBID,IVASK,IVAVERAGE
XCME.ZN.SEP25,111.0468750,111.0625000,INVALID,F,,,,
XCME.ZN1.01AUG25.110:5.C,.6406250,.6718750,110.5000000,C,.6170053,720.2869518,828.8182645,775.6353835
XCME.ZN1.01AUG25.110:75.C,.4687500,.5000000,110.7500000,C,.4321258,753.5664885,842.2124772,798.0904969
XCME.ZN1.01AUG25.111.P,.2812500,.2968750,111,P,.2236042,809.9418443,850.8967686,830.4206971
XCME.ZN1.01AUG25.113.C,INVALID,.0156250,113,C,.0013306,,1127.8275910,1003.9463072
