Key,BID,ASK,STRIKE,ITYPE,ADJTHEOR,IVBID,IVASK,IVAVERAGE
XCME.ZN.SEP25,111.0781250,111.0937500,INVALID,F,,,,
XCME.ZN1.01AUG25.112:5.C,.0069999,.0156250,112.5000000,C,.0031888,769.6718440,887.4642587,835.3619072
XCME.ZN1.01AUG25.112:25.P,1.1718750,1.1875000,112.2500000,P,1.1787210,295.7318022,888.2628327,760.5402796
XCME.ZN1.01AUG25.111:5.C,.1250000,.1562500,111.5000000,C,.0906146,762.7115154,811.2641464,787.1045471
