Key,BID,ASK,STRIKE,ITYPE,ADJTHEOR,IVBID,IVASK,IVAVERAGE
XCME.ZN.SEP25,111.3281250,111.3437500,INVALID,F,,,,
XCME.ZN1.01AUG25.112.C,.0937500,.1093750,112,C,.0500608,809.5584287,863.2430245,836.6776231
XCME.ZN1.01AUG25.112:5.C,.0312500,.0468750,112.5000000,C,.0097245,837.1581173,930.1952851,885.8040309
XCME.ZN1.01AUG25.112:25.P,.9687500,1,112.2500000,P,.9479912,762.6368675,905.5813637,837.8002434
