Key,BID,ASK,STRIKE,ITYPE,ADJTHEOR,IVBID,IVASK,IVAVERAGE
XCME.ZN.SEP25,111.3593750,111.3750000,INVALID,F,,,,
XCME.ZN1.01AUG25.110.P,.0069999,.0312500,110,P,.0046559,680.5186266,913.5976651,819.3030351
XCME.ZN1.01AUG25.111:75.P,.5468750,.5781250,111.7500000,P,.5076196,763.2180378,848.2196590,805.9683701
XCME.ZN1.01AUG25.112:75.P,1.3906250,1.4218750,112.7500000,P,1.3967661,196.8611054,929.7757783,801.1613034
