Key,BID,ASK,STRIKE,ITYPE,ADJTHEOR,IVBID,IVASK,IVAVERAGE
XCME.ZN.SEP25,111.4062500,111.4218750,INVALID,F,,,,
XCME.ZN1.01AUG25.112:5.C,.0312500,.0468750,112.5000000,C,.0112724,809.8514399,902.2378478,858.1307375
XCME.ZN1.01AUG25.112:25.P,.9062500,.9218750,112.2500000,P,.8660541,840.9717308,905.3874574,873.7558696
XCME.ZN1.01AUG25.111:5.C,.2812500,.3125000,111.5000000,C,.2164827,826.7356164,906.9152392,866.8355717
