Key,BID,ASK,STRIKE,ITYPE,ADJTHEOR,IVBID,IVASK,IVAVERAGE
XCME.ZN.SEP25,111.1718750,111.1875000,INVALID,F,,,,
XCME.ZN1.01AUG25.110.P,.0156250,.0312500,110,P,.0060784,737.2448477,861.6411012,804.8282276
XCME.ZN1.01AUG25.111:75.P,.6718750,.7031250,111.7500000,P,.6479061,736.7284846,845.6738820,792.3169961
XCME.ZN1.01AUG25.112:75.P,1.5781250,1.6093750,112.7500000,P,1.5928463,,987.2587430,832.9439169
