Key,BID,ASK,STRIKE,ITYPE,ADJTHEOR,IVBID,IVASK,IVAVERAGE
XCME.ZN.SEP25,111.3750000,111.3906250,INVALID,F,,,,
XCME.ZN1.01AUG25.111:5.P,.3906250,.4218750,111.5000000,P,.3238526,830.9495441,910.6787685,870.8308138
XCME.WY5.30JUL25.111:25.C,.2343750,.2656250,111.2500000,C,.1679798,1036.6237703,1143.5736928,1090.2305638
XCME.WY5.30JUL25.111:5.C,.1093750,.1406250,111.5000000,C,.0387409,1049.6447865,1155.3264513,1102.5822021
