Key,BID,ASK,STRIKE,ITYPE,ADJTHEOR,IVBID,IVASK,IVAVERAGE
XCME.ZN.SEP25,111.3437500,111.3593750,INVALID,F,,,,
XCME.WY5.30JUL25.111.P,.0468750,.0625000,111,P,.0070975,994.1936702,1121.5363834,1059.0531294
XCME.ZN1.01AUG25.110:75.P,.1093750,.1250000,110.7500000,P,.0577400,809.8482311,860.0656027,835.1472885
XCME.ZN1.01AUG25.110:25.P,.0312500,.0468750,110.2500000,P,.0095633,796.1631751,886.7662692,843.5081665
