Key,BID,ASK,STRIKE,ITYPE,ADJTHEOR,IVBID,IVASK,IVAVERAGE
XCME.ZN.SEP25,111.0312500,111.0468750,INVALID,F,,,,
XCME.WY5.30JUL25.111:5.P,.4531250,.5000000,111.5000000,P,.4687499,,,
XCME.WY5.30JUL25.111:25.P,.2031250,.2500000,111.2500000,P,.2187499,,,
XCME.WY5.30JUL25.113.P,1.9531250,2,113,P,1.9687499,,,
XCME.WY5.30JUL25.112.P,.9531250,1,112,P,.9687499,,,
