Key,BID,ASK,STRIKE,ITYPE,ADJTHEOR,IVBID,IVASK,IVAVERAGE
XCME.ZN.SEP25,111.3750000,111.3906250,INVALID,F,,,,
XCME.WY5.30JUL25.112:25.P,.8593750,.8906250,112.2500000,P,.8671880,,1620.6272786,1385.7805635
XCME.WY5.30JUL25.112.C,.0156250,.0312500,112,C,.0000802,1136.9406022,1368.6696755,1261.5712598
XCME.WY5.30JUL25.110:25.C,1.1250000,1.1406250,110.2500000,C,1.1328124,,1595.0142952,1425.8611356
