Key,BID,ASK,STRIKE,ITYPE,ADJTHEOR,IVBID,IVASK,IVAVERAGE
XCME.ZN.SEP25,111.0625000,111.0781250,INVALID,F,,,,
XCME.WY5.30JUL25.112:75.P,1.6718750,1.7031250,112.7500000,P,1.6840000,,,
XCME.WY5.30JUL25.110:25.P,INVALID,.0069999,110.2500000,P,0,,1524.6527839,1350.5038810
XCME.WY5.30JUL25.110:75.P,.0156250,.0312500,110.7500000,P,.0019153,895.7443062,1123.6025392,1016.7189562
