Key,BID,ASK,STRIKE,ITYPE,ADJTHEOR,IVBID,IVASK,IVAVERAGE
XCME.ZN.SEP25,111.3593750,111.3750000,INVALID,F,,,,
XCME.WY5.30JUL25.111:25.P,.1093750,.1250000,111.2500000,P,.0599249,825.5278499,908.0621018,866.8733842
XCME.WY5.30JUL25.113.P,1.6093750,1.6406250,113,P,1.6293124,,1789.5303591,1667.9344562
XCME.WY5.30JUL25.112.P,.6250000,.6562500,112,P,.6300907,,1034.3011070,891.5200919
XCME.WY5.30JUL25.111.C,.4062500,.4375000,111,C,.3822440,789.5452855,1014.7074599,907.0281230
XCME.WY5.30JUL25.111:75.P,.4062500,.4375000,111.7500000,P,.3887728,727.5232258,968.0741102,854.8281453
