Key,BID,ASK,STRIKE,ITYPE,ADJTHEOR,IVBID,IVASK,IVAVERAGE
XCME.ZN.SEP25,111.3281250,111.3437500,INVALID,F,,,,
XCME.WY5.30JUL25.112:75.C,INVALID,.0069999,112.7500000,C,0,,1613.1932306,1453.2338672
XCME.WY5.30JUL25.112:5.C,INVALID,.0069999,112.5000000,C,0,,1372.7434048,1232.2278155
XCME.WY5.30JUL25.111.P,.0468750,.0625000,111,P,.0110613,898.8065043,1015.8464008,958.3942003
