Key,BID,ASK,STRIKE,ITYPE,ADJTHEOR,IVBID,IVASK,IVAVERAGE
XCME.ZN.SEP25,111.0468750,111.0625000,INVALID,F,,,,
XCME.WY5.30JUL25.111:5.P,.4531250,.4843750,111.5000000,P,.4618224,,1001.0959375,855.9305603
XCME.WY5.30JUL25.111:25.P,.2343750,.2656250,111.2500000,P,.2185899,795.7942189,984.4991045,893.5037197
XCME.WY5.30JUL25.113.P,1.9531250,1.9687500,113,P,1.9617500,,,
XCME.WY5.30JUL25.112.P,.9531250,.9687500,112,P,.9617499,,,
