Key,BID,ASK,STRIKE,ITYPE,ADJTHEOR,IVBID,IVASK,IVAVERAGE
XCME.ZN.SEP25,111.1875000,111.2031250,INVALID,F,,,,
XCME.WY5.30JUL25.111:25.C,.0937500,.1250000,111.2500000,C,.0498430,904.4303527,1151.2730242,1028.0029155
XCME.WY5.30JUL25.111:5.C,.0156250,.0468750,111.5000000,C,.0031693,799.1671893,1181.7603218,1006.7256124
XCME.WY5.30JUL25.110.C,1.1875000,1.2187500,110,C,1.2031249,,,1805.7361215
XCME.WY5.30JUL25.112:5.P,1.2968750,1.3125000,112.5000000,P,1.2968750,862.0149791,,
