Key,BID,ASK,STRIKE,ITYPE,ADJTHEOR,IVBID,IVASK,IVAVERAGE
XCME.ZN.SEP25,111.0781250,111.0937500,INVALID,F,,,,
XCME.ZN1.01AUG25.111:25.C,.2343750,.2500000,111.2500000,C,.1741785,820.3285763,861.8789779,841.1163248
XCME.ZN1.01AUG25.110:25.C,.8750000,.9062500,110.2500000,C,.8437302,786.5190114,919.9931617,855.8415714
XCME.ZN1.01AUG25.112:75.C,.0069999,.0156250,112.7500000,C,.0021147,867.5730764,995.1946943,938.7630333
