Key,BID,ASK,STRIKE,ITYPE,ADJTHEOR,IVBID,IVASK,IVAVERAGE
XCME.ZN.SEP25,111.4062500,111.4218750,INVALID,F,,,,
XCME.WY5.30JUL25.111.C,.4375000,.4687500,111,C,.4124791,1029.6103452,1362.1739301,1206.0053107
XCME.WY5.30JUL25.111:75.P,.3750000,.4062500,111.7500000,P,.3430675,1003.4793676,1299.3001355,1157.5701943
XCME.WY5.30JUL25.112:25.C,INVALID,.0156250,112.2500000,C,0,,1505.9541574,1305.7180025
XCME.WY5.30JUL25.110:5.P,INVALID,.0156250,110.5000000,P,0,,1609.1453673,1402.0932401
