Key,BID,ASK,STRIKE,ITYPE,ADJTHEOR,IVBID,IVASK,IVAVERAGE
XCME.ZN.SEP25,111.3593750,111.3750000,INVALID,F,,,,
XCME.WY5.30JUL25.110:5.C,.8593750,.8906250,110.5000000,C,.8672542,,1326.4895403,1134.1903218
XCME.WY5.30JUL25.111:75.C,.0312500,.0625000,111.7500000,C,.0074584,807.6742077,1053.0134931,936.5709261
XCME.WY5.30JUL25.112:75.P,1.3750000,1.4062500,112.7500000,P,1.3828124,,1898.9175611,1653.2504496
XCME.WY5.30JUL25.110:25.P,INVALID,.0069999,110.2500000,P,.0000043,,1265.2293630,1132.7015681
