Key,BID,ASK,STRIKE,ITYPE,ADJTHEOR,IVBID,IVASK,IVAVERAGE
XCME.ZN.SEP25,111.3906250,111.4062500,INVALID,F,,,,
XCME.ZN1.01AUG25.111:5.P,.3906250,.4062500,111.5000000,P,.3145780,856.0088285,896.1760969,876.0957699
XCME.WY5.30JUL25.111:25.C,.2343750,.2656250,111.2500000,C,.1694219,1070.0237651,1299.4122256,1185.3230264
XCME.WY5.30JUL25.111:5.C,.1093750,.1406250,111.5000000,C,.0364027,1098.6681876,1322.8512071,1211.0886770
