Key,BID,ASK,STRIKE,ITYPE,ADJTHEOR,IVBID,IVASK,IVAVERAGE
XCME.ZN.SEP25,111.1875000,111.2031250,INVALID,F,,,,
XCME.WY5.30JUL25.112.C,INVALID,.0069999,112,C,0,,1383.8098451,1224.5196451
XCME.WY5.30JUL25.110:25.C,.9375000,.9687500,110.2500000,C,.9609368,,1677.4261764,1496.2713318
XCME.WY5.30JUL25.110:75.C,.4375000,.4687500,110.7500000,C,.4612876,,923.4235593,802.1291961
