Key,BID,ASK,STRIKE,ITYPE,ADJTHEOR,IVBID,IVASK,IVAVERAGE
XCME.ZN.SEP25,111.3437500,111.3593750,INVALID,F,,,,
XCME.ZN1.01AUG25.112:25.P,.9375000,.9687500,112.2500000,P,.9250390,709.3255690,850.4761751,783.8482816
XCME.ZN1.01AUG25.111:5.C,.2500000,.2812500,111.5000000,C,.2043659,772.4510782,849.3840426,810.9467332
XCME.ZN1.01AUG25.111.C,.5312500,.5468750,111,C,.4776430,789.6669709,831.0095014,810.3845886
XCME.ZN1.01AUG25.113.P,1.6406250,1.6718750,113,P,1.6522098,,991.8142023,868.5836532
