Key,BID,ASK,STRIKE,ITYPE,ADJTHEOR,IVBID,IVASK,IVAVERAGE
XCME.ZN.SEP25,111.3437500,111.3593750,INVALID,F,,,,
XCME.ZN1.01AUG25.111.C,.5156250,.5468750,111,C,.4746470,,,
XCME.ZN1.01AUG25.113.P,1.6562500,1.6875000,113,P,1.6481422,,,
XCME.ZN1.01AUG25.110.C,1.3437500,1.3750000,110,C,1.3591516,,,
