Key,BID,ASK,STRIKE,ITYPE,ADJTHEOR,IVBID,IVASK,IVAVERAGE
XCME.ZN.SEP25,111.3437500,111.3593750,INVALID,F,,,,
XCME.ZN1.01AUG25.110:5.C,.9062500,.9218750,110.5000000,C,.8739798,777.9874831,842.9051300,811.1263490
XCME.ZN1.01AUG25.110:75.C,.7031250,.7343750,110.7500000,C,.6583400,783.4033457,881.7092785,833.2778166
XCME.ZN1.01AUG25.111.P,.1718750,.2031250,111,P,.1241576,775.7233857,859.4089951,817.7524131
XCME.ZN1.01AUG25.113.C,.0069999,.0156250,113,C,.0033863,809.0994525,928.8017659,875.9192712
