Key,BID,ASK,STRIKE,ITYPE,ADJTHEOR,IVBID,IVASK,IVAVERAGE
XCME.ZN.SEP25,111.0781250,111.0937500,INVALID,F,,,,
XCME.ZN1.01AUG25.112:75.P,1.6562500,1.6875000,112.7500000,P,1.6694665,,1052.7089760,897.9212074
XCME.ZN1.01AUG25.110:5.P,.0781250,.1093750,110.5000000,P,.0521856,731.2296453,842.7022903,788.1713710
XCME.ZN1.01AUG25.112:25.C,.0156250,.0312500,112.2500000,C,.0071843,754.5492764,881.3626003,823.4295281
XCME.ZN1.01AUG25.112.P,.9375000,.9687500,112,P,.9350870,659.4272166,846.9608268,762.6369539
