Key,BID,ASK,STRIKE,ITYPE,ADJTHEOR,IVBID,IVASK,IVAVERAGE
XCME.ZN.SEP25,111.2968750,111.3125000,INVALID,F,,,,
XCME.WY5.30JUL25.112.C,.0069999,.0156250,112,C,0,1199.0767182,1424.9668628,1323.7091895
XCME.WY5.30JUL25.110:25.C,1.0468750,1.0625000,110.2500000,C,1.0511867,,,
XCME.WY5.30JUL25.110:75.C,.5468750,.5781250,110.7500000,C,.5512535,,,
