Key,BID,ASK,STRIKE,ITYPE,ADJTHEOR,IVBID,IVASK,IVAVERAGE
XCME.ZN.SEP25,111.2968750,111.3125000,INVALID,F,,,,
XCME.WY5.30JUL25.111:25.C,.1875000,.2187500,111.2500000,C,.1238778,949.4264451,1140.5233388,1045.0550177
XCME.WY5.30JUL25.111:5.C,.0781250,.1093750,111.5000000,C,.0251796,942.7502807,1151.7890476,1048.3006933
XCME.WY5.30JUL25.110.C,1.2968750,1.3281250,110,C,1.3081869,,,1685.6736392
XCME.WY5.30JUL25.112:5.P,1.1718750,1.2031250,112.5000000,P,1.1918122,,1656.5589594,1536.2360458
