Key,BID,ASK,STRIKE,ITYPE,ADJTHEOR,IVBID,IVASK,IVAVERAGE
XCME.ZN.SEP25,111.0312500,111.0468750,INVALID,F,,,,
XCME.WY5.30JUL25.112.C,INVALID,.0069999,112,C,0,,1811.0223862,1619.2852947
XCME.WY5.30JUL25.110:25.C,.7812500,.8125000,110.2500000,C,.7890615,,,1688.6530275
XCME.WY5.30JUL25.110:75.C,.2968750,.3281250,110.7500000,C,.2915394,715.4544796,1189.6630974,984.6252633
