Key,BID,ASK,STRIKE,ITYPE,ADJTHEOR,IVBID,IVASK,IVAVERAGE
XCME.ZN.SEP25,111.1093750,111.1250000,INVALID,F,,,,
XCME.ZN1.01AUG25.111.C,.3593750,.3750000,111,C,.3043686,781.1779498,823.0639475,802.1278608
XCME.ZN1.01AUG25.113.P,1.8906250,1.9062500,113,P,1.8962042,1051.0226020,1237.1114454,1155.2884756
XCME.ZN1.01AUG25.110.C,1.1093750,1.1406250,110,C,1.1117070,,772.1784107,647.6152265
