Key,BID,ASK,STRIKE,ITYPE,ADJTHEOR,IVBID,IVASK,IVAVERAGE
XCME.ZN.SEP25,111.1718750,111.1875000,INVALID,F,,,,
XCME.ZN1.01AUG25.112:5.C,.0156250,.0312500,112.5000000,C,.0046927,828.7694053,963.1150417,901.9276270
XCME.ZN1.01AUG25.112:25.P,1.1093750,1.1406250,112.2500000,P,1.1082956,659.5195870,894.1408803,795.0591445
XCME.ZN1.01AUG25.111:5.C,.1718750,.1875000,111.5000000,C,.1165449,815.6889912,859.9137698,837.8562819
