Key,BID,ASK,STRIKE,ITYPE,ADJTHEOR,IVBID,IVASK,IVAVERAGE
XCME.ZN.SEP25,111.0625000,111.0781250,INVALID,F,,,,
XCME.WY5.30JUL25.110:5.C,.5625000,.5781250,110.5000000,C,.5624988,,1775.4934346,1657.8080308
XCME.WY5.30JUL25.111:75.C,INVALID,.0069999,111.7500000,C,0,,1735.7537727,1533.8560527
XCME.WY5.30JUL25.112:75.P,1.6718750,1.7031250,112.7500000,P,1.6875000,,,
XCME.WY5.30JUL25.110:25.P,INVALID,.0069999,110.2500000,P,0,,1973.4273904,1747.9579534
