Key,BID,ASK,STRIKE,ITYPE,ADJTHEOR,IVBID,IVASK,IVAVERAGE
XCME.ZN.SEP25,111.3593750,111.3750000,INVALID,F,,,,
XCME.ZN1.01AUG25.112:75.P,1.3906250,1.4218750,112.7500000,P,1.3860670,742.3708052,988.3808755,885.2721144
XCME.ZN1.01AUG25.110:5.P,.0468750,.0625000,110.5000000,P,.0255137,728.0866225,797.1315764,763.5889230
XCME.ZN1.01AUG25.112:25.C,.0468750,.0781250,112.2500000,C,.0288003,733.3864960,865.7727783,802.6549447
XCME.ZN1.01AUG25.112.P,.7187500,.7500000,112,P,.6916292,739.7348430,841.0141559,791.3300432
XCME.ZN1.01AUG25.111:25.C,.3906250,.4062500,111.2500000,C,.3367230,788.5111380,826.6111137,807.5657595
