Key,BID,ASK,STRIKE,ITYPE,ADJTHEOR,IVBID,IVASK,IVAVERAGE
XCME.ZN.SEP25,111.3437500,111.3593750,INVALID,F,,,,
XCME.WY5.30JUL25.111:25.P,.1093750,.1406250,111.2500000,P,.0528398,885.2612321,1060.1685316,973.0170548
XCME.WY5.30JUL25.113.P,1.6250000,1.6562500,113,P,1.6249999,1,,
XCME.WY5.30JUL25.112.P,.6406250,.6718750,112,P,.6254949,947.0413180,1294.7164319,1139.9578841
