Key,BID,ASK,STRIKE,ITYPE,ADJTHEOR,IVBID,IVASK,IVAVERAGE
XCME.ZN.SEP25,111.0468750,111.0625000,INVALID,F,,,,
XCME.WY5.30JUL25.111:5.P,.4375000,.4687500,111.5000000,P,.4489779,,1204.0149740,963.2761343
XCME.WY5.30JUL25.111:25.P,.2343750,.2500000,111.2500000,P,.2085749,874.4938492,1035.9671597,956.8123922
XCME.WY5.30JUL25.113.P,1.9375000,1.9531250,113,P,1.9488125,,,
XCME.WY5.30JUL25.112.P,.9375000,.9687500,112,P,.9488122,,,1753.9349447
