Key,BID,ASK,STRIKE,ITYPE,ADJTHEOR,IVBID,IVASK,IVAVERAGE
XCME.ZN.SEP25,111.0468750,111.0625000,INVALID,F,,,,
XCME.ZN1.01AUG25.111:25.C,.2187500,.2343750,111.2500000,C,.1682028,795.6293383,837.6100999,816.6358778
XCME.ZN1.01AUG25.110:25.C,.8437500,.8750000,110.2500000,C,.8323379,685.7549559,836.3737784,765.5788747
XCME.ZN1.01AUG25.112:75.C,.0069999,.0156250,112.7500000,C,.0020069,877.0630701,1005.8503203,948.9330616
XCME.ZN1.01AUG25.111:75.C,.0625000,.0937500,111.7500000,C,.0406056,740.1624558,862.3736323,803.1518028
