Key,BID,ASK,STRIKE,ITYPE,ADJTHEOR,IVBID,IVASK,IVAVERAGE
XCME.ZN.SEP25,111.0781250,111.0937500,INVALID,F,,,,
XCME.ZN1.01AUG25.112:75.P,1.6562500,1.6875000,112.7500000,P,1.6658779,895.7972099,1094.2694320,1010.0520048
XCME.ZN1.01AUG25.110:5.P,.0781250,.0937500,110.5000000,P,.0505111,739.3863962,851.8788076,796.8510627
XCME.ZN1.01AUG25.112:25.C,.0156250,.0312500,112.2500000,C,.0069740,758.4268737,886.0056720,827.7223948
XCME.ZN1.01AUG25.112.P,.9375000,.9687500,112,P,.9312334,786.4249237,941.9645846,868.5673115
