Key,BID,ASK,STRIKE,ITYPE,ADJTHEOR,IVBID,IVASK,IVAVERAGE
XCME.ZN.SEP25,111.3125000,111.3281250,INVALID,F,,,,
XCME.WY5.30JUL25.111.C,.3750000,.4062500,111,C,.3402809,796.6231733,1072.3691916,942.0841844
XCME.WY5.30JUL25.111:75.P,.4375000,.4687500,111.7500000,P,.4202784,,,
XCME.WY5.30JUL25.112:25.C,INVALID,.0069999,112.2500000,C,0,,1227.4801477,1096.5370127
