Key,BID,ASK,STRIKE,ITYPE,ADJTHEOR,IVBID,IVASK,IVAVERAGE
XCME.ZN.SEP25,111.0625000,111.0781250,INVALID,F,,,,
XCME.WY5.30JUL25.111:25.C,.0312500,.0468750,111.2500000,C,.0058753,973.6751261,1178.3838499,1078.1947264
XCME.WY5.30JUL25.111:5.C,INVALID,.0069999,111.5000000,C,.0000162,,1133.1815607,987.3412288
XCME.WY5.30JUL25.110.C,1.0625000,1.0781250,110,C,1.0781249,,,
XCME.WY5.30JUL25.112:5.P,1.4218750,1.4531250,112.5000000,P,1.4218750,,,
