Key,BID,ASK,STRIKE,ITYPE,ADJTHEOR,IVBID,IVASK,IVAVERAGE
XCME.ZN.SEP25,111.0937500,111.1093750,INVALID,F,,,,
XCME.ZN1.01AUG25.111:5.P,.5312500,.5625000,111.5000000,P,.4946163,766.0503994,859.2635950,813.0027297
XCME.WY5.30JUL25.111:25.C,.0468750,.0625000,111.2500000,C,.0148490,917.0958706,1075.0682874,996.9142181
XCME.WY5.30JUL25.111:5.C,.0069999,.0156250,111.5000000,C,.0002433,909.5493807,1108.6385181,1018.3747779
