Key,BID,ASK,STRIKE,ITYPE,ADJTHEOR,IVBID,IVASK,IVAVERAGE
XCME.ZN.SEP25,111.3593750,111.3750000,INVALID,F,,,,
XCME.ZN1.01AUG25.111:25.P,.2656250,.2968750,111.2500000,P,.2122789,788.9006453,866.0761805,827.5069125
XCME.ZN1.01AUG25.112:5.P,1.1562500,1.1875000,112.5000000,P,1.1409031,774.2450084,947.7532062,868.0828129
XCME.ZN1.01AUG25.111:5.P,.4062500,.4218750,111.5000000,P,.3390357,826.4944898,865.1094050,845.8069706
