Key,BID,ASK,STRIKE,ITYPE,ADJTHEOR,IVBID,IVASK,IVAVERAGE
XCME.ZN.SEP25,111.0625000,111.0781250,INVALID,F,,,,
XCME.ZN1.01AUG25.110.C,1.0781250,1.1093750,110,C,1.0678172,719.5815112,920.1958154,830.7468788
XCME.ZN1.01AUG25.111:25.P,.4062500,.4218750,111.2500000,P,.3602435,783.3503450,825.2462505,804.3148797
XCME.ZN1.01AUG25.112:5.P,1.4375000,1.4531250,112.5000000,P,1.4444341,,840.3196413,710.0781847
