Key,BID,ASK,STRIKE,ITYPE,ADJTHEOR,IVBID,IVASK,IVAVERAGE
XCME.ZN.SEP25,111.2500000,111.2656250,INVALID,F,,,,
XCME.ZN1.01AUG25.110:5.P,.0625000,.0937500,110.5000000,P,.0302446,775.7902964,900.5897495,840.1971349
XCME.ZN1.01AUG25.112:25.C,.0468750,.0625000,112.2500000,C,.0151291,850.1659982,927.5454568,889.9358115
XCME.ZN1.01AUG25.112.P,.8125000,.8437500,112,P,.7754019,868.0324862,981.0557043,925.7121681
