Key,BID,ASK,STRIKE,ITYPE,ADJTHEOR,IVBID,IVASK,IVAVERAGE
XCME.ZN.SEP25,111.3281250,111.3437500,INVALID,F,,,,
XCME.WY5.30JUL25.110.C,1.3125000,1.3437500,110,C,1.3281248,,1974.3099784,1867.2328749
XCME.WY5.30JUL25.112:5.P,1.1562500,1.1875000,112.5000000,P,1.1718749,,1788.9120441,1406.1951997
XCME.WY5.30JUL25.111:5.P,.2656250,.2812500,111.5000000,P,.1996252,1031.8000427,1136.9634298,1084.5802174
