Key,BID,ASK,STRIKE,ITYPE,ADJTHEOR,IVBID,IVASK,IVAVERAGE
XCME.ZN.SEP25,111.3750000,111.3906250,INVALID,F,,,,
XCME.ZN1.01AUG25.110:25.C,1.1562500,1.1718750,110.2500000,C,1.1462889,695.7937414,789.1100829,745.2578078
XCME.ZN1.01AUG25.112:75.C,.0156250,.0312500,112.7500000,C,.0097348,739.7345921,859.1902106,804.7541394
XCME.ZN1.01AUG25.111:75.P,.5468750,.5625000,111.7500000,P,.5069123,755.3711172,794.4431101,774.9522938
XCME.ZN1.01AUG25.110.P,.0156250,.0312500,110,P,.0065685,746.7950127,866.8502138,812.2085922
