Key,BID,ASK,STRIKE,ITYPE,ADJTHEOR,IVBID,IVASK,IVAVERAGE
XCME.ZN.SEP25,111.3281250,111.3437500,INVALID,F,,,,
XCME.WY5.30JUL25.111:25.P,.1250000,.1406250,111.2500000,P,.0484189,1125.2396232,1239.3438409,1182.3282273
XCME.WY5.30JUL25.113.P,1.6718750,1.6875000,113,P,1.6831875,,,1715.2603964
XCME.WY5.30JUL25.112.P,.6718750,.7031250,112,P,.6831885,,1037.2651624,752.4844488
