Key,BID,ASK,STRIKE,ITYPE,ADJTHEOR,IVBID,IVASK,IVAVERAGE
XCME.ZN.SEP25,111.3281250,111.3437500,INVALID,F,,,,
XCME.ZN1.01AUG25.111:5.C,.2500000,.2656250,111.5000000,C,.1913407,808.0751605,847.4685895,827.7817274
XCME.ZN1.01AUG25.111.C,.5156250,.5312500,111,C,.4602055,797.1853094,839.0253016,818.1481001
XCME.ZN1.01AUG25.113.P,1.6718750,1.7031250,113,P,1.6706927,764.1550170,1118.4136877,987.8509972
