Key,BID,ASK,STRIKE,ITYPE,ADJTHEOR,IVBID,IVASK,IVAVERAGE
XCME.ZN.SEP25,111.0781250,111.0937500,INVALID,F,,,,
XCME.ZN1.01AUG25.111:25.P,.3750000,.4062500,111.2500000,P,.3241323,836.9532931,878.4475178,857.7070789
XCME.ZN1.01AUG25.112:5.P,1.4062500,1.4218750,112.5000000,P,1.3875785,927.5850056,1145.2193137,1047.3757247
XCME.ZN1.01AUG25.111:5.P,.5468750,.5625000,111.5000000,P,.4863165,836.0847517,881.7514419,858.9854057
