Key,BID,ASK,STRIKE,ITYPE,ADJTHEOR,IVBID,IVASK,IVAVERAGE
XCME.ZN.SEP25,111.3750000,111.3906250,INVALID,F,,,,
XCME.ZN1.01AUG25.110.P,.0069999,.0312500,110,P,.0030552,726.3995438,972.6393323,873.0786084
XCME.ZN1.01AUG25.111:75.P,.5312500,.5625000,111.7500000,P,.4730461,820.7356524,907.3039288,864.2085662
XCME.ZN1.01AUG25.112:75.P,1.3750000,1.3906250,112.7500000,P,1.3602428,860.1253963,980.9466997,924.8354000
