Key,BID,ASK,STRIKE,ITYPE,ADJTHEOR,IVBID,IVASK,IVAVERAGE
XCME.ZN.SEP25,111.3593750,111.3750000,INVALID,F,,,,
XCME.ZN1.01AUG25.111:25.P,.2656250,.2968750,111.2500000,P,.2126272,788.0159566,865.1826333,826.6176100
XCME.ZN1.01AUG25.112:5.P,1.1562500,1.1875000,112.5000000,P,1.1416788,769.1772294,944.3220966,864.0803302
XCME.ZN1.01AUG25.111:5.P,.3906250,.4218750,111.5000000,P,.3395034,786.7041428,863.9897479,825.3686126
