Key,BID,ASK,STRIKE,ITYPE,ADJTHEOR,IVBID,IVASK,IVAVERAGE
XCME.ZN.SEP25,111.3125000,111.3281250,INVALID,F,,,,
XCME.WY5.30JUL25.110.P,INVALID,.0069999,110,P,0,,,1846.6821548
XCME.WY5.30JUL25.113.C,INVALID,.0069999,113,C,0,,,
XCME.WY5.30JUL25.112:25.P,.9062500,.9531250,112.2500000,P,.9218743,730.9307129,,1873.7081456
