Key,BID,ASK,STRIKE,ITYPE,ADJTHEOR,IVBID,IVASK,IVAVERAGE
XCME.ZN.SEP25,111.0625000,111.0781250,INVALID,F,,,,
XCME.WY5.30JUL25.110:5.C,.5625000,.5937500,110.5000000,C,.5703110,,1916.7444138,1609.6858536
XCME.WY5.30JUL25.111:75.C,INVALID,.0069999,111.7500000,C,0,,1652.3520856,1459.7816029
XCME.WY5.30JUL25.112:75.P,1.6718750,1.6875000,112.7500000,P,1.6796875,,,
XCME.WY5.30JUL25.110:25.P,INVALID,.0069999,110.2500000,P,0,,1909.9352400,1693.3747545
