Key,BID,ASK,STRIKE,ITYPE,ADJTHEOR,IVBID,IVASK,IVAVERAGE
XCME.ZN.SEP25,111.3593750,111.3750000,INVALID,F,,,,
XCME.ZN1.01AUG25.111:75.C,.1718750,.1875000,111.7500000,C,.1102558,832.0383109,875.9180033,854.0355450
XCME.ZN1.01AUG25.110:5.C,.9062500,.9375000,110.5000000,C,.8883874,722.5778120,868.3844444,799.5510977
XCME.ZN1.01AUG25.110:75.C,.7031250,.7343750,110.7500000,C,.6691696,756.3658200,863.0224162,810.7394904
