Key,BID,ASK,STRIKE,ITYPE,ADJTHEOR,IVBID,IVASK,IVAVERAGE
XCME.ZN.SEP25,111.1718750,111.1875000,INVALID,F,,,,
XCME.ZN1.01AUG25.110.C,1.1875000,1.2187500,110,C,1.1810790,,845.8909840,749.3027606
XCME.ZN1.01AUG25.111:25.P,.3437500,.3593750,111.2500000,P,.2941264,789.4407952,830.0691162,809.7572691
XCME.ZN1.01AUG25.112:5.P,1.3281250,1.3593750,112.5000000,P,1.3296183,636.1444587,977.1900496,853.4681601
