Key,BID,ASK,STRIKE,ITYPE,ADJTHEOR,IVBID,IVASK,IVAVERAGE
XCME.ZN.SEP25,111.0781250,111.0937500,INVALID,F,,,,
XCME.WY5.30JUL25.111:25.C,.0312500,.0625000,111.2500000,C,.0101618,1013.8784533,1180.3236311,1098.0667724
XCME.WY5.30JUL25.111:5.C,.0069999,.0156250,111.5000000,C,.0001054,979.4311629,1189.9718554,1094.6534077
XCME.WY5.30JUL25.110.C,1.0781250,1.1093750,110,C,1.0824374,,,
XCME.WY5.30JUL25.112:5.P,1.3906250,1.4218750,112.5000000,P,1.4175625,,,1864.6657732
