Key,BID,ASK,STRIKE,ITYPE,ADJTHEOR,IVBID,IVASK,IVAVERAGE
XCME.ZN.SEP25,111.3750000,111.3906250,INVALID,F,,,,
XCME.ZN1.01AUG25.112:75.P,1.3750000,1.4062500,112.7500000,P,1.3757171,661.5015871,987.3647227,866.1858090
XCME.ZN1.01AUG25.110:5.P,.0468750,.0625000,110.5000000,P,.0201622,770.0447245,842.7738293,807.4221899
XCME.ZN1.01AUG25.112:25.C,.0625000,.0781250,112.2500000,C,.0245218,837.0444812,903.1270379,870.7221150
XCME.ZN1.01AUG25.112.P,.7187500,.7500000,112,P,.6763025,801.3766701,905.2113348,854.1525047
