Key,BID,ASK,STRIKE,ITYPE,ADJTHEOR,IVBID,IVASK,IVAVERAGE
XCME.ZN.SEP25,111.3593750,111.3750000,INVALID,F,,,,
XCME.ZN1.01AUG25.111:5.C,.2656250,.2812500,111.5000000,C,.2130584,788.8475935,827.0854016,807.9720590
XCME.ZN1.01AUG25.111.C,.5312500,.5625000,111,C,.4913180,753.3256183,836.9454619,795.3579974
XCME.ZN1.01AUG25.113.P,1.6250000,1.6562500,113,P,1.6333145,,1009.9029008,900.1240915
XCME.ZN1.01AUG25.110.C,1.3750000,1.4062500,110,C,1.3753280,631.4184945,942.2830004,826.5941105
XCME.ZN1.01AUG25.111:25.P,.2656250,.2968750,111.2500000,P,.2154875,779.5833961,855.9243153,817.7719539
