Key,BID,ASK,STRIKE,ITYPE,ADJTHEOR,IVBID,IVASK,IVAVERAGE
XCME.ZN.SEP25,111.0468750,111.0625000,INVALID,F,,,,
XCME.ZN1.01AUG25.111.C,.3281250,.3593750,111,C,.2834056,775.4596011,856.9671448,816.2189406
XCME.ZN1.01AUG25.113.P,1.9375000,1.9687500,113,P,1.9431996,,1247.4744393,1117.3510202
XCME.ZN1.01AUG25.110.C,1.0625000,1.0937500,110,C,1.0669694,546.2252679,835.4390852,726.0642673
