Key,BID,ASK,STRIKE,ITYPE,ADJTHEOR,IVBID,IVASK,IVAVERAGE
XCME.ZN.SEP25,111.1250000,111.1406250,INVALID,F,,,,
XCME.ZN1.01AUG25.110.C,1.1406250,1.1718750,110,C,1.1388492,646.0057329,913.8406005,805.6107793
XCME.ZN1.01AUG25.111:25.P,.3593750,.3750000,111.2500000,P,.3129329,784.4216523,826.1618552,805.2980913
XCME.ZN1.01AUG25.112:5.P,1.3593750,1.3906250,112.5000000,P,1.3710398,,932.7222061,811.8006629
