Key,BID,ASK,STRIKE,ITYPE,ADJTHEOR,IVBID,IVASK,IVAVERAGE
XCME.ZN.SEP25,111.1562500,111.1718750,INVALID,F,,,,
XCME.ZN1.01AUG25.111:75.C,.0937500,.1093750,111.7500000,C,.0606962,767.4626283,820.8960726,794.4330294
XCME.ZN1.01AUG25.110:5.C,.7343750,.7656250,110.5000000,C,.7163199,704.3752372,827.1846878,767.8261170
XCME.ZN1.01AUG25.110:75.C,.5468750,.5781250,110.7500000,C,.5165222,735.5589158,830.3906843,783.4305829
