Key,BID,ASK,STRIKE,ITYPE,ADJTHEOR,IVBID,IVASK,IVAVERAGE
XCME.ZN.SEP25,111.3281250,111.3437500,INVALID,F,,,,
XCME.ZN1.01AUG25.111:75.C,.1562500,.1875000,111.7500000,C,.0976344,830.0522562,920.6030467,875.6075151
XCME.ZN1.01AUG25.110:5.C,.8750000,.9062500,110.5000000,C,.8554487,729.1136311,871.4554236,803.8628925
XCME.ZN1.01AUG25.110:75.C,.6875000,.7031250,110.7500000,C,.6382807,808.1371311,860.0209023,834.2850702
