Key,BID,ASK,STRIKE,ITYPE,ADJTHEOR,IVBID,IVASK,IVAVERAGE
XCME.ZN.SEP25,111.0625000,111.0781250,INVALID,F,,,,
XCME.WY5.30JUL25.112.C,INVALID,.0069999,112,C,0,,,1917.8448788
XCME.WY5.30JUL25.110:25.C,.8125000,.8281250,110.2500000,C,.8203124,,,
XCME.WY5.30JUL25.110:75.C,.3281250,.3437500,110.7500000,C,.3206855,939.2168809,1537.9105858,1280.4956025
