Key,BID,ASK,STRIKE,ITYPE,ADJTHEOR,IVBID,IVASK,IVAVERAGE
XCME.ZN.SEP25,111.3437500,111.3593750,INVALID,F,,,,
XCME.ZN1.01AUG25.110:5.C,.9062500,.9218750,110.5000000,C,.8733143,783.1865384,848.5322858,816.5345090
XCME.ZN1.01AUG25.110:75.C,.7031250,.7343750,110.7500000,C,.6572468,788.6329517,887.5950025,838.8408211
XCME.ZN1.01AUG25.111.P,.1718750,.2031250,111,P,.1226463,780.9013264,865.1451622,823.2105959
XCME.ZN1.01AUG25.113.C,.0069999,.0312500,113,C,.0032224,814.5299981,1078.1720131,972.2510118
