Key,BID,ASK,STRIKE,ITYPE,ADJTHEOR,IVBID,IVASK,IVAVERAGE
XCME.ZN.SEP25,111.3281250,111.3437500,INVALID,F,,,,
XCME.ZN1.01AUG25.112:5.C,.0312500,.0468750,112.5000000,C,.0098741,833.9312970,927.1064389,882.6356510
XCME.ZN1.01AUG25.112:25.P,.9687500,.9843750,112.2500000,P,.9287154,852.2599867,980.5224795,918.5935929
XCME.ZN1.01AUG25.111:5.C,.2500000,.2812500,111.5000000,C,.1918865,808.6184043,848.5500909,828.5926764
