Key,BID,ASK,STRIKE,ITYPE,ADJTHEOR,IVBID,IVASK,IVAVERAGE
XCME.ZN.SEP25,111.0625000,111.0781250,INVALID,F,,,,
XCME.WY5.30JUL25.111:5.P,.4218750,.4531250,111.5000000,P,.4265032,,1240.3922484,1050.7073797
XCME.WY5.30JUL25.111:25.P,.2187500,.2343750,111.2500000,P,.1899279,868.6232852,1017.8475593,944.2823308
XCME.WY5.30JUL25.113.P,1.9062500,1.9375000,113,P,1.9261875,,,
XCME.WY5.30JUL25.112.P,.9218750,.9375000,112,P,.9261870,,1784.8047940,1648.1673653
