Key,BID,ASK,STRIKE,ITYPE,ADJTHEOR,IVBID,IVASK,IVAVERAGE
XCME.ZN.SEP25,111.0937500,111.1093750,INVALID,F,,,,
XCME.ZN1.01AUG25.110:5.P,.0781250,.0937500,110.5000000,P,.0490220,745.0247813,802.5037258,774.1088759
XCME.ZN1.01AUG25.112:25.C,.0156250,.0312500,112.2500000,C,.0074707,748.3248219,874.6205150,816.9313293
XCME.ZN1.01AUG25.112.P,.9218750,.9531250,112,P,.9202938,755.0579171,839.0031032,798.5847522
