Key,BID,ASK,STRIKE,ITYPE,ADJTHEOR,IVBID,IVASK,IVAVERAGE
XCME.ZN.SEP25,111.3593750,111.3750000,INVALID,F,,,,
XCME.ZN1.01AUG25.111:25.P,.2812500,.2968750,111.2500000,P,.2127478,827.9876683,866.9427226,847.4691332
XCME.ZN1.01AUG25.112:5.P,1.1562500,1.1875000,112.5000000,P,1.1476952,729.3681679,923.7907469,836.9448568
XCME.ZN1.01AUG25.111:5.P,.4062500,.4218750,111.5000000,P,.3406562,824.6364535,863.7451597,844.1964827
