Key,BID,ASK,STRIKE,ITYPE,ADJTHEOR,IVBID,IVASK,IVAVERAGE
XCME.ZN.SEP25,111.3437500,111.3593750,INVALID,F,,,,
XCME.ZN1.01AUG25.110:5.P,.0468750,.0781250,110.5000000,P,.0250428,733.2774369,867.5621117,803.4968606
XCME.ZN1.01AUG25.112:25.C,.0468750,.0781250,112.2500000,C,.0240952,766.3505669,903.4215972,838.0891378
XCME.ZN1.01AUG25.112.P,.7343750,.7656250,112,P,.7063363,749.7557131,856.6620333,804.3509596
