Key,BID,ASK,STRIKE,ITYPE,ADJTHEOR,IVBID,IVASK,IVAVERAGE
XCME.ZN.SEP25,111.3437500,111.3593750,INVALID,F,,,,
XCME.ZN1.01AUG25.113.C,.0069999,.0312500,113,C,.0039995,790.8691875,1047.1785518,944.2040449
XCME.ZN1.01AUG25.112.C,.0937500,.1250000,112,C,.0604792,761.3904072,862.1700891,812.6803453
XCME.ZN1.01AUG25.112:5.C,.0312500,.0468750,112.5000000,C,.0127644,793.4290384,882.4753628,839.9706240
XCME.ZN1.01AUG25.112:25.P,.9375000,.9687500,112.2500000,P,.9183704,740.1505840,873.0809958,809.6958414
XCME.ZN1.01AUG25.111:5.C,.2656250,.2812500,111.5000000,C,.2087469,799.2679157,837.4951629,818.3874360
