Key,BID,ASK,STRIKE,ITYPE,ADJTHEOR,IVBID,IVASK,IVAVERAGE
XCME.ZN.SEP25,111.3281250,111.3437500,INVALID,F,,,,
XCME.WY5.30JUL25.111:25.P,.1250000,.1406250,111.2500000,P,.0563129,979.5365647,1167.6656358,1073.7609231
XCME.WY5.30JUL25.113.P,1.6562500,1.6875000,113,P,1.6605624,,,
XCME.WY5.30JUL25.112.P,.6562500,.6875000,112,P,.6606863,1000.7090820,1423.7499047,1241.5207326
