Key,BID,ASK,STRIKE,ITYPE,ADJTHEOR,IVBID,IVASK,IVAVERAGE
XCME.ZN.SEP25,111.3437500,111.3593750,INVALID,F,,,,
XCME.ZN1.01AUG25.112:5.C,.0312500,.0468750,112.5000000,C,.0109516,816.7255985,908.1327627,864.5086847
XCME.ZN1.01AUG25.112:25.P,.9531250,.9687500,112.2500000,P,.9264711,783.4924915,852.8566118,819.0506127
XCME.ZN1.01AUG25.111:5.C,.2500000,.2812500,111.5000000,C,.1983698,789.6668909,867.9892194,828.8589408
