Key,BID,ASK,STRIKE,ITYPE,ADJTHEOR,IVBID,IVASK,IVAVERAGE
XCME.ZN.SEP25,111.4218750,111.4375000,INVALID,F,,,,
XCME.ZN1.01AUG25.111:5.P,.3593750,.3906250,111.5000000,P,.2935399,828.9549996,908.9377812,868.9520624
XCME.WY5.30JUL25.111:25.C,.2656250,.2968750,111.2500000,C,.2030845,1093.6828653,1330.9941523,1213.3661616
XCME.WY5.30JUL25.111:5.C,.1406250,.1562500,111.5000000,C,.0506185,1195.2344159,1305.0329495,1250.1602530
