Key,BID,ASK,STRIKE,ITYPE,ADJTHEOR,IVBID,IVASK,IVAVERAGE
XCME.ZN.SEP25,111.4218750,111.4375000,INVALID,F,,,,
XCME.WY5.30JUL25.111.P,.0312500,.0468750,111,P,.0015904,1108.8107245,1280.3088755,1197.4611379
XCME.ZN1.01AUG25.110:75.P,.0781250,.1093750,110.7500000,P,.0425410,770.8615110,883.3770550,828.4352145
XCME.ZN1.01AUG25.110:25.P,.0156250,.0312500,110.2500000,P,.0062651,733.6390452,856.6564797,800.4489342
