Key,BID,ASK,STRIKE,ITYPE,ADJTHEOR,IVBID,IVASK,IVAVERAGE
XCME.ZN.SEP25,111.3593750,111.3750000,INVALID,F,,,,
XCME.ZN1.01AUG25.111:25.C,.3750000,.4062500,111.2500000,C,.3172996,840.4491563,879.3944078,859.9245841
XCME.ZN1.01AUG25.110:25.C,1.1250000,1.1562500,110.2500000,C,1.1079796,762.4533273,937.9218600,857.5051893
XCME.ZN1.01AUG25.112:75.C,.0156250,.0312500,112.7500000,C,.0053577,820.8323838,952.1626584,892.3009053
