Key,BID,ASK,STRIKE,ITYPE,ADJTHEOR,IVBID,IVASK,IVAVERAGE
XCME.ZN.SEP25,110.9687500,110.9843750,INVALID,F,,,,
XCME.ZN1.01AUG25.111:5.C,.0937500,.1093750,111.5000000,C,.0607165,773.1518395,828.5423414,801.0883474
XCME.ZN1.01AUG25.111.C,.2812500,.2968750,111,C,.2278789,806.3259634,849.1301613,827.7284112
XCME.ZN1.01AUG25.113.P,2,2.0312500,113,P,2.0277065,,1000.0754347,767.7830008
