Key,BID,ASK,STRIKE,ITYPE,ADJTHEOR,IVBID,IVASK,IVAVERAGE
XCME.ZN.SEP25,111.0625000,111.0781250,INVALID,F,,,,
XCME.WY5.30JUL25.111:5.P,.4218750,.4531250,111.5000000,P,.4298303,,1288.5246589,1065.8711024
XCME.WY5.30JUL25.111:25.P,.2031250,.2343750,111.2500000,P,.1901148,729.2033748,1072.3827687,908.6388744
XCME.WY5.30JUL25.113.P,1.9062500,1.9375000,113,P,1.9296875,,,
XCME.WY5.30JUL25.112.P,.9062500,.9375000,112,P,.9296874,,1799.9005152,1604.2111217
