Key,BID,ASK,STRIKE,ITYPE,ADJTHEOR,IVBID,IVASK,IVAVERAGE
XCME.ZN.SEP25,111.3125000,111.3281250,INVALID,F,,,,
XCME.WY5.30JUL25.110.C,1.3125000,1.3437500,110,C,1.3168122,,,1979.3997631
XCME.WY5.30JUL25.112:5.P,1.1718750,1.2031250,112.5000000,P,1.1831874,,1926.0066003,1621.2668858
XCME.WY5.30JUL25.111:5.P,.2656250,.2968750,111.5000000,P,.2075614,994.3607883,1210.1216007,1103.1762248
