Key,BID,ASK,STRIKE,ITYPE,ADJTHEOR,IVBID,IVASK,IVAVERAGE
XCME.ZN.SEP25,111.0781250,111.0937500,INVALID,F,,,,
XCME.WY5.30JUL25.111.C,.1406250,.1718750,111,C,.0994469,1052.3500148,1230.4050525,1141.6893102
XCME.WY5.30JUL25.111:75.P,.6406250,.6718750,111.7500000,P,.6718749,,.9900000,
XCME.WY5.30JUL25.112:25.C,INVALID,.0069999,112.2500000,C,0,,,
XCME.WY5.30JUL25.110:5.P,INVALID,.0069999,110.5000000,P,0,,1518.6521451,1337.8620544
