Key,BID,ASK,STRIKE,ITYPE,ADJTHEOR,IVBID,IVASK,IVAVERAGE
XCME.ZN.SEP25,111.2968750,111.3125000,INVALID,F,,,,
XCME.WY5.30JUL25.112:25.P,.9375000,.9531250,112.2500000,P,.9418047,,1371.5178280,1266.9226093
XCME.WY5.30JUL25.112.C,.0069999,.0156250,112,C,.0000534,961.4393310,1143.2109484,1061.7713461
XCME.WY5.30JUL25.110:25.C,1.0468750,1.0781250,110.2500000,C,1.0581817,,1690.6879079,1414.8890792
