Key,BID,ASK,STRIKE,ITYPE,ADJTHEOR,IVBID,IVASK,IVAVERAGE
XCME.ZN.SEP25,111.3437500,111.3593750,INVALID,F,,,,
XCME.ZN1.01AUG25.111:25.C,.3750000,.4062500,111.2500000,C,.3047090,835.7953210,914.7821852,875.2967509
XCME.ZN1.01AUG25.110:25.C,1.1093750,1.1406250,110.2500000,C,1.0920984,766.1668241,943.3508220,862.1119045
XCME.ZN1.01AUG25.112:75.C,.0156250,.0312500,112.7500000,C,.0046238,841.5262771,975.6964429,914.5525915
