Key,BID,ASK,STRIKE,ITYPE,ADJTHEOR,IVBID,IVASK,IVAVERAGE
XCME.ZN.SEP25,111.1093750,111.1250000,INVALID,F,,,,
XCME.ZN1.01AUG25.111:25.C,.2343750,.2656250,111.2500000,C,.1888791,781.7159447,865.0563319,823.4179362
XCME.ZN1.01AUG25.110:25.C,.9062500,.9218750,110.2500000,C,.8822535,674.3976658,842.6050374,765.1165182
XCME.ZN1.01AUG25.112:75.C,.0069999,.0156250,112.7500000,C,.0020747,858.9559470,986.3443985,930.0410417
XCME.ZN1.01AUG25.111:75.C,.0781250,.0937500,111.7500000,C,.0478965,767.9118572,826.1944760,797.4304798
