Key,BID,ASK,STRIKE,ITYPE,ADJTHEOR,IVBID,IVASK,IVAVERAGE
XCME.ZN.SEP25,111.0781250,111.0937500,INVALID,F,,,,
XCME.ZN1.01AUG25.112.C,.0312500,.0468750,112,C,.0173978,742.0958401,830.5261329,788.2095181
XCME.ZN1.01AUG25.112:5.C,.0069999,.0156250,112.5000000,C,.0034706,766.9984955,884.1640128,832.3403223
XCME.ZN1.01AUG25.112:25.P,1.1718750,1.2031250,112.2500000,P,1.1834252,,798.5047893,672.2549189
