Key,BID,ASK,STRIKE,ITYPE,ADJTHEOR,IVBID,IVASK,IVAVERAGE
XCME.ZN.SEP25,111.0156250,111.0312500,INVALID,F,,,,
XCME.ZN1.01AUG25.111.P,.2656250,.2968750,111,P,.2145124,799.8423964,842.7328939,821.2891258
XCME.ZN1.01AUG25.113.C,INVALID,.0156250,113,C,.0009409,,1183.0367346,1053.2931819
XCME.ZN1.01AUG25.112.C,.0156250,.0312500,112,C,.0137535,659.7571643,779.4403165,724.6288457
