Key,BID,ASK,STRIKE,ITYPE,ADJTHEOR,IVBID,IVASK,IVAVERAGE
XCME.ZN.SEP25,111.0625000,111.0781250,INVALID,F,,,,
XCME.ZN1.01AUG25.111.C,.3281250,.3437500,111,C,.2784178,791.1078542,832.6897208,811.9003213
XCME.ZN1.01AUG25.113.P,1.9375000,1.9687500,113,P,1.9429737,,1082.3660886,1011.0645429
XCME.ZN1.01AUG25.110.C,1.0625000,1.0937500,110,C,1.0660494,740.7373415,852.3156341,800.3507613
