Key,BID,ASK,STRIKE,ITYPE,ADJTHEOR,IVBID,IVASK,IVAVERAGE
XCME.ZN.SEP25,111.3437500,111.3593750,INVALID,F,,,,
XCME.ZN1.01AUG25.111:25.C,.3750000,.4062500,111.2500000,C,.3275662,773.1638721,849.3266933,811.2592494
XCME.ZN1.01AUG25.110:25.C,1.1250000,1.1562500,110.2500000,C,1.1160128,697.7906907,885.8447936,801.8115598
XCME.ZN1.01AUG25.112:75.C,.0156250,.0312500,112.7500000,C,.0064092,798.2206500,926.1245018,867.8208781
XCME.ZN1.01AUG25.111:75.C,.1562500,.1875000,111.7500000,C,.1170599,761.9183548,846.4971860,804.4584738
XCME.ZN1.01AUG25.110:5.C,.9062500,.9375000,110.5000000,C,.8819022,739.8507386,868.1111479,806.6658495
