Key,BID,ASK,STRIKE,ITYPE,ADJTHEOR,IVBID,IVASK,IVAVERAGE
XCME.ZN.SEP25,111.3593750,111.3750000,INVALID,F,,,,
XCME.WY5.30JUL25.111.P,.0468750,.0625000,111,P,.0039087,1116.8676674,1257.4312482,1188.4948017
XCME.ZN1.01AUG25.110:75.P,.0937500,.1250000,110.7500000,P,.0529056,779.3935118,883.6829484,832.4466596
XCME.ZN1.01AUG25.110:25.P,.0156250,.0468750,110.2500000,P,.0083522,696.7067407,908.3107411,815.8874014
