Key,BID,ASK,STRIKE,ITYPE,ADJTHEOR,IVBID,IVASK,IVAVERAGE
XCME.ZN.SEP25,111.0781250,111.0937500,INVALID,F,,,,
XCME.ZN1.01AUG25.111:5.C,.1250000,.1562500,111.5000000,C,.0924417,756.6010217,852.9190842,805.1817437
XCME.ZN1.01AUG25.111.C,.3437500,.3593750,111,C,.2945329,789.8984999,831.7561137,810.8310265
XCME.ZN1.01AUG25.113.P,1.9062500,1.9218750,113,P,1.9117434,,1070.8990628,1000.1113470
