Key,BID,ASK,STRIKE,ITYPE,ADJTHEOR,IVBID,IVASK,IVAVERAGE
XCME.ZN.SEP25,111.3750000,111.3906250,INVALID,F,,,,
XCME.ZN1.01AUG25.112:5.C,.0312500,.0468750,112.5000000,C,.0178250,739.0276395,822.5688905,782.6991993
XCME.ZN1.01AUG25.112.C,.1093750,.1250000,112,C,.0741745,755.2761695,801.5895969,778.6109293
XCME.ZN1.01AUG25.111:5.P,.3906250,.4218750,111.5000000,P,.3539381,744.6313153,816.5582601,780.6115202
XCME.ZN1.01AUG25.112:5.P,1.1406250,1.1718750,112.5000000,P,1.1385125,665.0477956,843.3369171,763.6917663
XCME.ZN1.01AUG25.111:25.P,.2656250,.2968750,111.2500000,P,.2278515,743.4255214,815.4598551,779.4616344
