Key,BID,ASK,STRIKE,ITYPE,ADJTHEOR,IVBID,IVASK,IVAVERAGE
XCME.ZN.SEP25,111.3593750,111.3750000,INVALID,F,,,,
XCME.WY5.30JUL25.111.C,.3906250,.4218750,111,C,.3588321,919.7860858,1173.0545020,1051.2657746
XCME.WY5.30JUL25.111:75.P,.4218750,.4531250,111.7500000,P,.4023429,836.9164132,1129.9501513,993.4202949
XCME.WY5.30JUL25.112:25.C,INVALID,.0069999,112.2500000,C,0,,1174.6939675,1048.1752862
