Key,BID,ASK,STRIKE,ITYPE,ADJTHEOR,IVBID,IVASK,IVAVERAGE
XCME.ZN.SEP25,111.4062500,111.4218750,INVALID,F,,,,
XCME.ZN1.01AUG25.111.C,.5625000,.5937500,111,C,.5132446,836.1276646,881.2203137,858.7465081
XCME.ZN1.01AUG25.113.P,1.5937500,1.6093750,113,P,1.5854023,878.0274175,1041.2101606,969.2069908
XCME.ZN1.01AUG25.110.C,1.4218750,1.4375000,110,C,1.4202767,686.8833680,896.2008638,813.4119342
