Key,BID,ASK,STRIKE,ITYPE,ADJTHEOR,IVBID,IVASK,IVAVERAGE
XCME.ZN.SEP25,111.3281250,111.3437500,INVALID,F,,,,
XCME.WY5.30JUL25.112:75.C,INVALID,.0069999,112.7500000,C,0,,,1920.5383253
XCME.WY5.30JUL25.112:5.C,INVALID,.0069999,112.5000000,C,0,,1817.2889744,1632.3460518
XCME.WY5.30JUL25.111.P,.0468750,.0625000,111,P,.0033696,1176.6168308,1330.6560839,1255.0322882
