Key,BID,ASK,STRIKE,ITYPE,ADJTHEOR,IVBID,IVASK,IVAVERAGE
XCME.ZN.SEP25,111.3750000,111.3906250,INVALID,F,,,,
XCME.ZN1.01AUG25.112:5.C,.0312500,.0468750,112.5000000,C,.0180287,737.2968586,820.7140255,780.9053144
XCME.ZN1.01AUG25.112.C,.1093750,.1250000,112,C,.0748441,752.8784549,799.1270087,776.1829049
XCME.ZN1.01AUG25.111:5.P,.3906250,.4218750,111.5000000,P,.3519603,749.1259237,821.0042232,785.0800544
XCME.ZN1.01AUG25.112:5.P,1.1406250,1.1718750,112.5000000,P,1.1352162,688.1113861,857.7538456,780.9053144
XCME.ZN1.01AUG25.111:25.P,.2656250,.2812500,111.2500000,P,.2263537,746.9518607,783.0073737,764.9849131
