Key,BID,ASK,STRIKE,ITYPE,ADJTHEOR,IVBID,IVASK,IVAVERAGE
XCME.ZN.SEP25,111.3281250,111.3437500,INVALID,F,,,,
XCME.ZN1.01AUG25.111:5.P,.4218750,.4375000,111.5000000,P,.3509377,839.7355897,918.7126433,879.2519334
XCME.WY5.30JUL25.111:25.C,.2031250,.2343750,111.2500000,C,.1457504,911.0607418,1005.5797136,958.3764261
XCME.WY5.30JUL25.111:5.C,.0937500,.1093750,111.5000000,C,.0340692,953.5061309,1052.5826050,1003.2198191
