Key,BID,ASK,STRIKE,ITYPE,ADJTHEOR,IVBID,IVASK,IVAVERAGE
XCME.ZN.SEP25,111.3906250,111.4062500,INVALID,F,,,,
XCME.ZN1.01AUG25.110.C,1.4062500,1.4218750,110,C,1.3979927,,939.9621988,834.0084009
XCME.ZN1.01AUG25.111:25.P,.2500000,.2812500,111.2500000,P,.1920709,845.9314835,886.1885816,866.0667698
XCME.ZN1.01AUG25.112:5.P,1.1250000,1.1562500,112.5000000,P,1.1160227,732.8470308,930.3423203,842.0800010
