Key,BID,ASK,STRIKE,ITYPE,ADJTHEOR,IVBID,IVASK,IVAVERAGE
XCME.ZN.SEP25,111.3593750,111.3750000,INVALID,F,,,,
XCME.ZN1.01AUG25.111:5.C,.2656250,.2812500,111.5000000,C,.2049385,811.9874970,851.0200823,831.5100765
XCME.ZN1.01AUG25.111.C,.5312500,.5625000,111,C,.4819437,781.2198302,865.9062669,823.7687550
XCME.ZN1.01AUG25.113.P,1.6406250,1.6562500,113,P,1.6396949,749.4715199,1099.6593810,970.5654449
