Key,BID,ASK,STRIKE,ITYPE,ADJTHEOR,IVBID,IVASK,IVAVERAGE
XCME.ZN.SEP25,111.1093750,111.1250000,INVALID,F,,,,
XCME.ZN1.01AUG25.110:5.P,.0781250,.0937500,110.5000000,P,.0475636,763.9620345,822.1816499,793.4329273
XCME.ZN1.01AUG25.112:25.C,.0156250,.0312500,112.2500000,C,.0075758,738.4685150,863.8700868,806.5700020
XCME.ZN1.01AUG25.112.P,.9218750,.9531250,112,P,.9135681,782.0606439,931.1985269,860.4248862
