Key,BID,ASK,STRIKE,ITYPE,ADJTHEOR,IVBID,IVASK,IVAVERAGE
XCME.ZN.SEP25,111.0625000,111.0781250,INVALID,F,,,,
XCME.ZN1.01AUG25.111.P,.2812500,.2968750,111,P,.2209802,816.5791658,857.4616120,837.0220674
XCME.ZN1.01AUG25.113.C,INVALID,.0156250,113,C,.0013983,,1121.8032005,998.5183238
XCME.ZN1.01AUG25.112.C,.0312500,.0468750,112,C,.0178392,735.5010566,824.0258072,781.6970519
