Key,BID,ASK,STRIKE,ITYPE,ADJTHEOR,IVBID,IVASK,IVAVERAGE
XCME.ZN.SEP25,111.3437500,111.3593750,INVALID,F,,,,
XCME.ZN1.01AUG25.111:5.P,.4062500,.4218750,111.5000000,P,.3528034,791.7062607,830.1722682,810.9464720
XCME.WY5.30JUL25.111:25.C,.2187500,.2500000,111.2500000,C,.1660777,842.9864393,1008.8795830,926.1253065
XCME.WY5.30JUL25.111:5.C,.0937500,.1250000,111.5000000,C,.0482674,811.7954727,983.2400845,897.9989670
