Key,BID,ASK,STRIKE,ITYPE,ADJTHEOR,IVBID,IVASK,IVAVERAGE
XCME.ZN.SEP25,111.1093750,111.1250000,INVALID,F,,,,
XCME.WY5.30JUL25.112:25.P,1.1093750,1.1406250,112.2500000,P,1.1249999,,,
XCME.WY5.30JUL25.112.C,INVALID,.0069999,112,C,0,,1489.7214568,1329.3409357
XCME.WY5.30JUL25.110:25.C,.8750000,.8906250,110.2500000,C,.8750000,.9900000,1739.7433785,1509.5334986
