Key,BID,ASK,STRIKE,ITYPE,ADJTHEOR,IVBID,IVASK,IVAVERAGE
XCME.ZN.SEP25,111.1093750,111.1250000,INVALID,F,,,,
XCME.ZN1.01AUG25.112.C,.0468750,.0625000,112,C,.0249271,772.4346485,845.8825330,810.1449599
XCME.ZN1.01AUG25.112:5.C,.0069999,.0312500,112.5000000,C,.0048656,722.7532405,969.6089720,869.7634678
XCME.ZN1.01AUG25.112:25.P,1.1250000,1.1562500,112.2500000,P,1.1042046,831.4524883,1006.8195248,925.5599824
