Key,BID,ASK,STRIKE,ITYPE,ADJTHEOR,IVBID,IVASK,IVAVERAGE
XCME.ZN.SEP25,111.1250000,111.1406250,INVALID,F,,,,
XCME.ZN1.01AUG25.110.P,.0156250,.0312500,110,P,.0059432,739.1874909,864.8907607,807.4725648
XCME.ZN1.01AUG25.111:75.P,.6875000,.7187500,111.7500000,P,.6618199,805.4752146,860.8326419,833.4305393
XCME.ZN1.01AUG25.112:75.P,1.6093750,1.6406250,112.7500000,P,1.6123922,966.1352744,1119.7172670,1050.3002319
