Key,BID,ASK,STRIKE,ITYPE,ADJTHEOR,IVBID,IVASK,IVAVERAGE
XCME.ZN.SEP25,111.3593750,111.3750000,INVALID,F,,,,
XCME.ZN1.01AUG25.111:5.P,.4062500,.4218750,111.5000000,P,.3383347,832.0246511,871.4833953,851.7595739
XCME.WY5.30JUL25.111:25.C,.2187500,.2500000,111.2500000,C,.1633074,915.7778937,1110.0780535,1013.2873392
XCME.WY5.30JUL25.111:5.C,.0937500,.1250000,111.5000000,C,.0405339,903.1205509,1099.7743487,1001.9349316
