Key,BID,ASK,STRIKE,ITYPE,ADJTHEOR,IVBID,IVASK,IVAVERAGE
XCME.ZN.SEP25,111.0781250,111.0937500,INVALID,F,,,,
XCME.ZN1.01AUG25.111:25.P,.3906250,.4218750,111.2500000,P,.3497114,768.9044813,851.9984855,810.5034672
XCME.ZN1.01AUG25.112:5.P,1.4218750,1.4531250,112.5000000,P,1.4263640,,1002.8140675,861.4357610
XCME.ZN1.01AUG25.111:5.P,.5468750,.5781250,111.5000000,P,.5170295,745.8903338,840.3588461,793.5517829
