Key,BID,ASK,STRIKE,ITYPE,ADJTHEOR,IVBID,IVASK,IVAVERAGE
XCME.ZN.SEP25,111.3125000,111.3281250,INVALID,F,,,,
XCME.WY5.30JUL25.110:5.P,INVALID,.0156250,110.5000000,P,.0000254,,1322.4515757,1143.6069190
XCME.WY5.30JUL25.110:5.C,.8125000,.8437500,110.5000000,C,.8168375,,1511.2587590,1314.5184921
XCME.WY5.30JUL25.111:75.C,.0312500,.0468750,111.7500000,C,.0020476,1011.5022096,1166.2009073,1091.4603011
