Key,BID,ASK,STRIKE,ITYPE,ADJTHEOR,IVBID,IVASK,IVAVERAGE
XCME.ZN.SEP25,111.1406250,111.1562500,INVALID,F,,,,
XCME.ZN1.01AUG25.110:5.P,.0781250,.0937500,110.5000000,P,.0430915,770.0685455,827.8014010,799.3161193
XCME.ZN1.01AUG25.112:25.C,.0156250,.0468750,112.2500000,C,.0104546,701.8272346,916.0152065,822.4199302
XCME.ZN1.01AUG25.112.P,.8906250,.9218750,112,P,.8686771,762.4069778,901.9925582,835.4003054
