Key,BID,ASK,STRIKE,ITYPE,ADJTHEOR,IVBID,IVASK,IVAVERAGE
XCME.ZN.SEP25,111.3906250,111.4062500,INVALID,F,,,,
XCME.ZN1.01AUG25.110:75.P,.0937500,.1093750,110.7500000,P,.0487380,799.3735967,853.4437960,826.6721850
XCME.ZN1.01AUG25.110:25.P,.0156250,.0312500,110.2500000,P,.0073218,713.1928261,834.4881242,779.0552700
XCME.ZN1.01AUG25.110.P,.0069999,.0312500,110,P,.0030636,724.4390844,971.0455663,871.3033075
XCME.ZN1.01AUG25.111:75.P,.5468750,.5625000,111.7500000,P,.4824229,841.1501715,885.1433282,863.2016251
