Key,BID,ASK,STRIKE,ITYPE,ADJTHEOR,IVBID,IVASK,IVAVERAGE
XCME.ZN.SEP25,111.0312500,111.0468750,INVALID,F,,,,
XCME.ZN1.01AUG25.112.C,.0312500,.0468750,112,C,.0163274,748.0068962,836.6313096,794.2331294
XCME.ZN1.01AUG25.112:5.C,.0069999,.0156250,112.5000000,C,.0033612,769.9785606,887.2809579,835.4050715
XCME.ZN1.01AUG25.112:25.P,1.2031250,1.2343750,112.2500000,P,1.2100032,309.1836015,890.1590099,762.9362121
