Key,BID,ASK,STRIKE,ITYPE,ADJTHEOR,IVBID,IVASK,IVAVERAGE
XCME.ZN.SEP25,111.3593750,111.3750000,INVALID,F,,,,
XCME.ZN1.01AUG25.112:5.P,1.1562500,1.1875000,112.5000000,P,1.1457093,738.3051684,919.3074306,837.3087602
XCME.ZN1.01AUG25.111:5.P,.3906250,.4218750,111.5000000,P,.3443868,773.4421312,849.9609507,811.7243618
XCME.WY5.30JUL25.111:25.C,.2187500,.2500000,111.2500000,C,.1797069,856.1462556,939.2681279,897.7799627
XCME.WY5.30JUL25.111:5.C,.1093750,.1250000,111.5000000,C,.0550672,850.7284225,934.3551457,892.6273422
XCME.WY5.30JUL25.110.C,1.3593750,1.3906250,110,C,1.3706886,,1750.8976297,1481.2277712
