Key,BID,ASK,STRIKE,ITYPE,ADJTHEOR,IVBID,IVASK,IVAVERAGE
XCME.ZN.SEP25,111.3593750,111.3750000,INVALID,F,,,,
XCME.ZN1.01AUG25.110.C,1.3750000,1.4062500,110,C,1.3757990,619.4688936,947.5444155,828.7014391
XCME.ZN1.01AUG25.111:25.P,.2656250,.2968750,111.2500000,P,.2122789,788.9006453,866.0761805,827.5069125
XCME.ZN1.01AUG25.112:5.P,1.1562500,1.1718750,112.5000000,P,1.1409031,774.2450084,868.0828129,823.5679372
