Key,BID,ASK,STRIKE,ITYPE,ADJTHEOR,IVBID,IVASK,IVAVERAGE
XCME.ZN.SEP25,111.1093750,111.1250000,INVALID,F,,,,
XCME.WY5.30JUL25.112:75.P,1.6250000,1.6562500,112.7500000,P,1.6484375,,,
XCME.WY5.30JUL25.110:25.P,INVALID,.0069999,110.2500000,P,0,,1722.2097778,1528.1172837
XCME.WY5.30JUL25.110:75.P,.0069999,.0156250,110.7500000,P,.0005820,857.0720784,1051.1711864,962.9408986
