Key,BID,ASK,STRIKE,ITYPE,ADJTHEOR,IVBID,IVASK,IVAVERAGE
XCME.ZN.SEP25,111.1250000,111.1406250,INVALID,F,,,,
XCME.ZN1.01AUG25.111.C,.3593750,.3906250,111,C,.3190708,787.7467707,870.9112106,829.3506442
XCME.ZN1.01AUG25.113.P,1.8750000,1.8906250,113,P,1.8720421,,1162.1547102,995.3963627
XCME.ZN1.01AUG25.110.C,1.1250000,1.1562500,110,C,1.1355377,680.1478950,921.2319482,819.4939410
