Key,BID,ASK,STRIKE,ITYPE,ADJTHEOR,IVBID,IVASK,IVAVERAGE
XCME.ZN.SEP25,111.4062500,111.4218750,INVALID,F,,,,
XCME.WY5.30JUL25.110.C,1.4062500,1.4375000,110,C,1.4140624,,,
XCME.WY5.30JUL25.112:5.P,1.0781250,1.1093750,112.5000000,P,1.0859371,,,1739.6501683
XCME.WY5.30JUL25.111:5.P,.2031250,.2343750,111.5000000,P,.1310701,1068.0539474,1285.7399359,1177.0978141
