Key,BID,ASK,STRIKE,ITYPE,ADJTHEOR,IVBID,IVASK,IVAVERAGE
XCME.ZN.SEP25,111.3281250,111.3437500,INVALID,F,,,,
XCME.ZN1.01AUG25.111.C,.5156250,.5468750,111,C,.4514448,828.9965788,915.6867661,872.5062770
XCME.ZN1.01AUG25.113.P,1.6718750,1.6875000,113,P,1.6698637,794.5978102,1027.2608791,935.6399741
XCME.ZN1.01AUG25.110.C,1.3437500,1.3593750,110,C,1.3359257,767.9538644,917.5302289,851.3332390
