Key,BID,ASK,STRIKE,ITYPE,ADJTHEOR,IVBID,IVASK,IVAVERAGE
XCME.ZN.SEP25,111.0625000,111.0781250,INVALID,F,,,,
XCME.ZN1.01AUG25.110:5.C,.6562500,.6875000,110.5000000,C,.6211842,764.1549643,872.3424333,819.2020977
XCME.ZN1.01AUG25.110:75.C,.4843750,.5000000,110.7500000,C,.4345059,793.3384606,838.3295927,815.8861007
XCME.ZN1.01AUG25.111.P,.2656250,.2812500,111,P,.2167095,746.8613019,829.9145309,788.3967131
XCME.ZN1.01AUG25.113.C,INVALID,.0156250,113,C,.0011762,,1138.4370639,1013.2304939
