Key,BID,ASK,STRIKE,ITYPE,ADJTHEOR,IVBID,IVASK,IVAVERAGE
XCME.ZN.SEP25,111.0625000,111.0781250,INVALID,F,,,,
XCME.WY5.30JUL25.111.C,.1406250,.1718750,111,C,.1111892,813.8953251,1078.4151410,946.7667114
XCME.WY5.30JUL25.111:75.P,.6718750,.7031250,111.7500000,P,.6761883,,1757.9075588,1519.4195294
XCME.WY5.30JUL25.112:25.C,INVALID,.0069999,112.2500000,C,0,,,1826.6090094
XCME.WY5.30JUL25.110:5.P,INVALID,.0069999,110.5000000,P,.0000071,,1133.3812695,998.2475157
