Key,BID,ASK,STRIKE,ITYPE,ADJTHEOR,IVBID,IVASK,IVAVERAGE
XCME.ZN.SEP25,111.0937500,111.1093750,INVALID,F,,,,
XCME.WY5.30JUL25.111.P,.0468750,.0781250,111,P,.0179894,903.9692568,1244.4079322,1076.3139127
XCME.ZN1.01AUG25.110:75.P,.1406250,.1718750,110.7500000,P,.1058937,750.4403464,842.8781956,796.9569301
XCME.ZN1.01AUG25.110:25.P,.0312500,.0468750,110.2500000,P,.0187122,700.9924401,787.5120600,746.0947639
