Key,BID,ASK,STRIKE,ITYPE,ADJTHEOR,IVBID,IVASK,IVAVERAGE
XCME.ZN.SEP25,111.3437500,111.3593750,INVALID,F,,,,
XCME.WY5.30JUL25.112:75.C,INVALID,.0069999,112.7500000,C,0,,1543.9384469,1390.1321912
XCME.WY5.30JUL25.112:5.C,INVALID,.0156250,112.5000000,C,0,,1522.4680243,1335.6110117
XCME.WY5.30JUL25.111.P,.0312500,.0625000,111,P,.0106428,773.6963692,1015.3282394,900.3897170
