Key,BID,ASK,STRIKE,ITYPE,ADJTHEOR,IVBID,IVASK,IVAVERAGE
XCME.ZN.SEP25,111.3281250,111.3437500,INVALID,F,,,,
XCME.WY5.30JUL25.110:5.P,INVALID,.0156250,110.5000000,P,.0000011,,1576.1859108,1364.6307685
XCME.WY5.30JUL25.110:5.C,.8281250,.8593750,110.5000000,C,.8324386,,1799.2363778,1566.8290088
XCME.WY5.30JUL25.111:75.C,.0312500,.0468750,111.7500000,C,.0008823,1157.2334849,1336.5568581,1249.8906430
