Key,BID,ASK,STRIKE,ITYPE,ADJTHEOR,IVBID,IVASK,IVAVERAGE
XCME.ZN.SEP25,111.3593750,111.3750000,INVALID,F,,,,
XCME.ZN1.01AUG25.110:75.P,.0937500,.1093750,110.7500000,P,.0510887,788.2167010,841.6716376,815.2080627
XCME.ZN1.01AUG25.110:25.P,.0156250,.0312500,110.2500000,P,.0079001,703.4280465,823.5802183,768.6882452
XCME.ZN1.01AUG25.110.P,.0069999,.0312500,110,P,.0033119,715.0523727,959.3185836,860.6057987
XCME.ZN1.01AUG25.111:75.P,.5468750,.5781250,111.7500000,P,.4900511,818.5266862,906.2062941,862.5889710
