Key,BID,ASK,STRIKE,ITYPE,ADJTHEOR,IVBID,IVASK,IVAVERAGE
XCME.ZN.SEP25,111.1406250,111.1562500,INVALID,F,,,,
XCME.WY5.30JUL25.112.C,INVALID,.0069999,112,C,0,,1495.4688535,1330.8307942
XCME.WY5.30JUL25.110:25.C,.8906250,.9218750,110.2500000,C,.8914375,,,1883.2776093
XCME.WY5.30JUL25.110:75.C,.4062500,.4375000,110.7500000,C,.3923793,959.2525178,1384.5373083,1192.8456423
