Key,BID,ASK,STRIKE,ITYPE,ADJTHEOR,IVBID,IVASK,IVAVERAGE
XCME.ZN.SEP25,111.0156250,111.0312500,INVALID,F,,,,
XCME.ZN1.01AUG25.110:75.P,.1718750,.1875000,110.7500000,P,.1238677,792.6147873,838.4401749,815.5720127
XCME.ZN1.01AUG25.110:25.P,.0468750,.0625000,110.2500000,P,.0226529,760.2503915,835.6197138,798.9293061
XCME.ZN1.01AUG25.110.P,.0156250,.0312500,110,P,.0074648,708.4851939,832.0293706,775.4407497
XCME.ZN1.01AUG25.111:75.P,.7656250,.7968750,111.7500000,P,.7538629,705.2086629,848.9978426,780.5404515
