Key,BID,ASK,STRIKE,ITYPE,ADJTHEOR,IVBID,IVASK,IVAVERAGE
XCME.ZN.SEP25,111.0468750,111.0625000,INVALID,F,,,,
XCME.WY5.30JUL25.111:25.P,.2187500,.2343750,111.2500000,P,.1965701,809.0243703,964.6821413,888.3730589
XCME.WY5.30JUL25.113.P,1.9062500,1.9375000,113,P,1.9340000,,,
XCME.WY5.30JUL25.112.P,.9062500,.9375000,112,P,.9339999,,1445.8574217,1641.4246041
