Key,BID,ASK,STRIKE,ITYPE,ADJTHEOR,IVBID,IVASK,IVAVERAGE
XCME.ZN.SEP25,111.0625000,111.0781250,INVALID,F,,,,
XCME.WY5.30JUL25.111.C,.1406250,.1718750,111,C,.1088663,832.1863026,1095.6016923,964.4142557
XCME.WY5.30JUL25.111:75.P,.6718750,.7031250,111.7500000,P,.6796882,,1699.2859723,1437.3993253
XCME.WY5.30JUL25.112:25.C,INVALID,.0069999,112.2500000,C,0,,,1831.1795450
