Key,BID,ASK,STRIKE,ITYPE,ADJTHEOR,IVBID,IVASK,IVAVERAGE
XCME.ZN.SEP25,111.3593750,111.3750000,INVALID,F,,,,
XCME.ZN1.01AUG25.110:5.P,.0468750,.0781250,110.5000000,P,.0256433,727.6576407,860.1356759,796.9432512
XCME.ZN1.01AUG25.112:25.C,.0468750,.0781250,112.2500000,C,.0268565,746.2971460,880.4408010,816.5003110
XCME.ZN1.01AUG25.112.P,.7343750,.7656250,112,P,.6995839,768.6478647,870.2008471,820.3338082
