Key,BID,ASK,STRIKE,ITYPE,ADJTHEOR,IVBID,IVASK,IVAVERAGE
XCME.ZN.SEP25,111.3437500,111.3593750,INVALID,F,,,,
XCME.WY5.30JUL25.110:75.C,.6093750,.6406250,110.7500000,C,.6180426,,1043.7595856,879.6337603
XCME.WY5.30JUL25.112:75.C,INVALID,.0069999,112.7500000,C,0,,1528.6236178,1375.6905658
XCME.WY5.30JUL25.112:5.C,INVALID,.0156250,112.5000000,C,.0,,1505.3935060,1319.5431630
