Key,BID,ASK,STRIKE,ITYPE,ADJTHEOR,IVBID,IVASK,IVAVERAGE
XCME.ZN.SEP25,111.3437500,111.3593750,INVALID,F,,,,
XCME.WY5.30JUL25.111:25.P,.1093750,.1406250,111.2500000,P,.0380466,1113.4700319,1348.7299741,1231.3814522
XCME.WY5.30JUL25.113.P,1.6406250,1.6718750,113,P,1.6562500,,,
XCME.WY5.30JUL25.112.P,.6562500,.6718750,112,P,.6562536,426.6478758,1333.5980323,1247.6359119
