Key,BID,ASK,STRIKE,ITYPE,ADJTHEOR,IVBID,IVASK,IVAVERAGE
XCME.ZN.SEP25,111.3593750,111.3750000,INVALID,F,,,,
XCME.WY5.30JUL25.111:25.C,.2343750,.2500000,111.2500000,C,.1612210,1086.2935726,1193.9787958,1140.2429765
XCME.WY5.30JUL25.111:5.C,.1093750,.1250000,111.5000000,C,.0353607,1086.3177032,1193.9966357,1140.2640725
XCME.WY5.30JUL25.110.C,1.3593750,1.3750000,110,C,1.3749999,,,1705.3513389
XCME.WY5.30JUL25.112:5.P,1.1250000,1.1562500,112.5000000,P,1.1249999,,1837.0975126,1734.3925049
