Key,BID,ASK,STRIKE,ITYPE,ADJTHEOR,IVBID,IVASK,IVAVERAGE
XCME.ZN.SEP25,111.0625000,111.0781250,INVALID,F,,,,
XCME.WY5.30JUL25.110:5.C,.5468750,.5781250,110.5000000,C,.5511867,,1944.1684742,1667.5252411
XCME.WY5.30JUL25.111:75.C,INVALID,.0069999,111.7500000,C,0,,1691.6429063,1496.2267709
XCME.WY5.30JUL25.112:75.P,1.6718750,1.7031250,112.7500000,P,1.6988125,,,
XCME.WY5.30JUL25.110:25.P,INVALID,.0069999,110.2500000,P,0,,1871.9691299,1658.1909134
