Key,BID,ASK,STRIKE,ITYPE,ADJTHEOR,IVBID,IVASK,IVAVERAGE
XCME.ZN.SEP25,111.0625000,111.0781250,INVALID,F,,,,
XCME.WY5.30JUL25.110:5.P,INVALID,.0069999,110.5000000,P,.0000036,,1161.0523045,1022.5505288
XCME.WY5.30JUL25.110:5.C,.5625000,.5937500,110.5000000,C,.5738154,,1476.3732616,1199.5644203
XCME.WY5.30JUL25.111:75.C,INVALID,.0069999,111.7500000,C,.00000,,1318.4246273,1164.5404005
