Key,BID,ASK,STRIKE,ITYPE,ADJTHEOR,IVBID,IVASK,IVAVERAGE
XCME.ZN.SEP25,111.3593750,111.3750000,INVALID,F,,,,
XCME.ZN1.01AUG25.111:5.P,.4062500,.4218750,111.5000000,P,.3477448,765.8949204,842.8954102,804.4217337
XCME.WY5.30JUL25.111:25.C,.2187500,.2500000,111.2500000,C,.1725938,813.9061645,982.8492978,898.6528803
XCME.WY5.30JUL25.111:5.C,.0937500,.1250000,111.5000000,C,.0508314,797.0059370,969.0523994,883.4713898
