Key,BID,ASK,STRIKE,ITYPE,ADJTHEOR,IVBID,IVASK,IVAVERAGE
XCME.ZN.SEP25,111.3437500,111.3593750,INVALID,F,,,,
XCME.WY5.30JUL25.111:5.P,.2343750,.2656250,111.5000000,P,.2006814,744.8533175,916.7548765,831.4373259
XCME.WY5.30JUL25.111:25.P,.1093750,.1406250,111.2500000,P,.0670556,784.2608468,948.6411943,866.6584782
XCME.WY5.30JUL25.113.P,1.6250000,1.6562500,113,P,1.6527499,,1525.9642468,
XCME.WY5.30JUL25.112.P,.6406250,.6718750,112,P,.6533139,,976.1662628,789.1186778
XCME.WY5.30JUL25.111.C,.3906250,.4218750,111,C,.3605833,824.3336101,1038.9078749,935.2390171
