Key,BID,ASK,STRIKE,ITYPE,ADJTHEOR,IVBID,IVASK,IVAVERAGE
XCME.ZN.SEP25,111.3437500,111.3593750,INVALID,F,,,,
XCME.ZN1.01AUG25.111:75.C,.1718750,.1875000,111.7500000,C,.1058942,845.2187893,889.1568139,867.2474603
XCME.ZN1.01AUG25.110:5.C,.8906250,.9218750,110.5000000,C,.8713678,725.3594600,865.8836822,799.1818652
XCME.ZN1.01AUG25.110:75.C,.7031250,.7187500,110.7500000,C,.6540062,804.7479871,855.9810882,830.5706171
