Key,BID,ASK,STRIKE,ITYPE,ADJTHEOR,IVBID,IVASK,IVAVERAGE
XCME.ZN.SEP25,111.3750000,111.3906250,INVALID,F,,,,
XCME.ZN1.01AUG25.111:5.C,.2656250,.2968750,111.5000000,C,.2039779,818.7371933,898.9123269,858.8435069
XCME.ZN1.01AUG25.111.C,.5468750,.5625000,111,C,.4865765,818.3955231,862.4634020,840.4898407
XCME.ZN1.01AUG25.113.P,1.6250000,1.6562500,113,P,1.6234836,765.0796933,1124.2141179,991.7529558
