Key,BID,ASK,STRIKE,ITYPE,ADJTHEOR,IVBID,IVASK,IVAVERAGE
XCME.ZN.SEP25,111.3437500,111.3593750,INVALID,F,,,,
XCME.ZN1.01AUG25.110.C,1.3593750,1.3750000,110,C,1.3595961,631.7296866,827.8354419,750.1325743
XCME.ZN1.01AUG25.111:25.P,.2812500,.2968750,111.2500000,P,.2196298,809.4093920,847.8960000,828.6561209
XCME.ZN1.01AUG25.112:5.P,1.1718750,1.2031250,112.5000000,P,1.1567037,777.4544874,953.5907234,872.9166252
