Key,BID,ASK,STRIKE,ITYPE,ADJTHEOR,IVBID,IVASK,IVAVERAGE
XCME.ZN.SEP25,111.1093750,111.1250000,INVALID,F,,,,
XCME.WY5.30JUL25.110.C,1.1093750,1.1250000,110,C,1.1171874,,,
XCME.WY5.30JUL25.112:5.P,1.3750000,1.3906250,112.5000000,P,1.3828125,,,
XCME.WY5.30JUL25.111:5.P,.3750000,.4062500,111.5000000,P,.3829375,,1342.4674183,1103.2291076
