Key,BID,ASK,STRIKE,ITYPE,ADJTHEOR,IVBID,IVASK,IVAVERAGE
XCME.ZN.SEP25,111.3593750,111.3750000,INVALID,F,,,,
XCME.WY5.30JUL25.112:75.C,INVALID,.0069999,112.7500000,C,0,,1818.0375436,1637.1362053
XCME.WY5.30JUL25.112:5.C,INVALID,.0069999,112.5000000,C,0,,1540.7925315,1381.2191741
XCME.WY5.30JUL25.111.P,.0468750,.0625000,111,P,.0042328,1099.6293864,1238.0261476,1170.1532815
