Key,BID,ASK,STRIKE,ITYPE,ADJTHEOR,IVBID,IVASK,IVAVERAGE
XCME.ZN.SEP25,111.0312500,111.0468750,INVALID,F,,,,
XCME.WY5.30JUL25.111:5.P,.4531250,.4843750,111.5000000,P,.4575445,969.9282312,1517.1693544,1348.0797147
XCME.WY5.30JUL25.111:25.P,.2343750,.2656250,111.2500000,P,.2154461,925.1196731,1240.7479597,1087.1765617
XCME.WY5.30JUL25.113.P,1.9531250,1.9687500,113,P,1.9574375,,,
XCME.WY5.30JUL25.112.P,.9531250,.9687500,112,P,.9574373,1757.4470788,,
