Key,BID,ASK,STRIKE,ITYPE,ADJTHEOR,IVBID,IVASK,IVAVERAGE
XCME.ZN.SEP25,111.0937500,111.1093750,INVALID,F,,,,
XCME.WY5.30JUL25.111:25.C,.0468750,.0625000,111.2500000,C,.0111780,983.8140063,1145.3381705,1065.5105728
XCME.WY5.30JUL25.111:5.C,.0069999,.0156250,111.5000000,C,.0001439,950.4232203,1154.7177178,1062.1884275
XCME.WY5.30JUL25.110.C,1.0781250,1.1093750,110,C,1.0824374,,,
XCME.WY5.30JUL25.112:5.P,1.4062500,1.4218750,112.5000000,P,1.4175625,,,1808.6559242
