Key,BID,ASK,STRIKE,ITYPE,ADJTHEOR,IVBID,IVASK,IVAVERAGE
XCME.ZN.SEP25,111.0625000,111.0781250,INVALID,F,,,,
XCME.WY5.30JUL25.111:25.C,.0312500,.0625000,111.2500000,C,.0118573,955.9336914,1110.3235676,1034.0682558
XCME.WY5.30JUL25.111:5.C,.0069999,.0156250,111.5000000,C,.0002017,915.1630020,1110.7142880,1022.2257613
XCME.WY5.30JUL25.110.C,1.0625000,1.0781250,110,C,1.0738124,,1781.7723608,1337.2846593
XCME.WY5.30JUL25.112:5.P,1.4218750,1.4531250,112.5000000,P,1.4261875,,,
