Key,BID,ASK,STRIKE,ITYPE,ADJTHEOR,IVBID,IVASK,IVAVERAGE
XCME.ZN.SEP25,111.3437500,111.3593750,INVALID,F,,,,
XCME.ZN1.01AUG25.111:5.C,.2656250,.2812500,111.5000000,C,.1992174,826.9723825,866.1696720,846.5775376
XCME.ZN1.01AUG25.111.C,.5312500,.5468750,111,C,.4731724,805.2723532,847.4318588,826.3994353
XCME.ZN1.01AUG25.113.P,1.6406250,1.6718750,113,P,1.6517061,,1011.4130770,885.7455688
