Key,BID,ASK,STRIKE,ITYPE,ADJTHEOR,IVBID,IVASK,IVAVERAGE
XCME.ZN.SEP25,111.3125000,111.3281250,INVALID,F,,,,
XCME.ZN1.01AUG25.111.P,.1875000,.2031250,111,P,.1319249,800.4950644,842.7029984,821.6374977
XCME.ZN1.01AUG25.113.C,.0069999,.0156250,113,C,.0026515,846.5005474,970.6771972,915.8985172
XCME.ZN1.01AUG25.112.C,.0937500,.1093750,112,C,.0461171,829.9244739,884.5757794,857.5376557
