Key,BID,ASK,STRIKE,ITYPE,ADJTHEOR,IVBID,IVASK,IVAVERAGE
XCME.ZN.SEP25,111.3593750,111.3750000,INVALID,F,,,,
XCME.WY5.30JUL25.112:5.C,INVALID,.0156250,112.5000000,C,.00000,,1431.6977833,1254.9088005
XCME.WY5.30JUL25.111.P,.0312500,.0625000,111,P,.0114621,756.6260068,989.3843148,878.7857527
XCME.GY5.29JUL25.111.C,INVALID,INVALID,111,C,,,,
XCME.GY5.29JUL25.110.P,INVALID,INVALID,110,P,,,,
XCME.GY5.29JUL25.111:25.C,INVALID,INVALID,111.2500000,C,,,,
