Key,BID,ASK,STRIKE,ITYPE,ADJTHEOR,IVBID,IVASK,IVAVERAGE
XCME.ZN.SEP25,111.3437500,111.3593750,INVALID,F,,,,
XCME.WY5.30JUL25.111.C,.3906250,.4218750,111,C,.3604800,876.6224724,1117.9962976,1001.9266457
XCME.WY5.30JUL25.111:75.P,.4218750,.4531250,111.7500000,P,.4034246,797.6530236,1076.9232515,946.7792835
XCME.WY5.30JUL25.112:25.C,INVALID,.0069999,112.2500000,C,0,,1119.5527449,998.9748785
