Key,BID,ASK,STRIKE,ITYPE,ADJTHEOR,IVBID,IVASK,IVAVERAGE
XCME.ZN.SEP25,111.3906250,111.4062500,INVALID,F,,,,
XCME.WY5.30JUL25.112.C,.0069999,.0312500,112,C,.0000245,1046.8784869,1499.8652110,1310.9518122
XCME.WY5.30JUL25.110:25.C,1.1250000,1.1562500,110.2500000,C,1.1249999,.9900000,,
XCME.WY5.30JUL25.110:75.C,.6406250,.6562500,110.7500000,C,.6250519,1243.3170532,1496.6469772,1379.6015444
