Key,BID,ASK,STRIKE,ITYPE,ADJTHEOR,IVBID,IVASK,IVAVERAGE
XCME.ZN.SEP25,111.0312500,111.0468750,INVALID,F,,,,
XCME.ZN1.01AUG25.111:5.P,.5781250,.5937500,111.5000000,P,.5392414,776.2307574,824.5371204,800.5082392
XCME.WY5.30JUL25.111:25.C,.0312500,.0468750,111.2500000,C,.0097616,827.2014002,992.5962999,911.8439576
XCME.WY5.30JUL25.111:5.C,.0069999,.0156250,111.5000000,C,.0001640,930.1729222,1126.0455539,1037.4852533
