Key,BID,ASK,STRIKE,ITYPE,ADJTHEOR,IVBID,IVASK,IVAVERAGE
XCME.ZN.SEP25,111.0625000,111.0781250,INVALID,F,,,,
XCME.WY5.30JUL25.110:5.P,INVALID,.0156250,110.5000000,P,.0000043,,1373.1324043,1174.2638833
XCME.WY5.30JUL25.110:5.C,.5625000,.5937500,110.5000000,C,.5660042,,1602.6224059,1381.9254215
XCME.WY5.30JUL25.111:75.C,INVALID,.0069999,111.7500000,C,.0000,,1330.7146585,1175.8615869
