Key,BID,ASK,STRIKE,ITYPE,ADJTHEOR,IVBID,IVASK,IVAVERAGE
XCME.ZN.SEP25,111.2500000,111.2656250,INVALID,F,,,,
XCME.ZN1.01AUG25.111:5.C,.2187500,.2500000,111.5000000,C,.1562635,827.0637124,910.6295818,868.9229762
XCME.ZN1.01AUG25.111.C,.4687500,.5000000,111,C,.4093637,814.3448189,899.1611537,856.8623800
XCME.ZN1.01AUG25.113.P,1.7343750,1.7656250,113,P,1.7329860,798.7565579,1193.1873361,1091.7926210
