Key,BID,ASK,STRIKE,ITYPE,ADJTHEOR,IVBID,IVASK,IVAVERAGE
XCME.ZN.SEP25,111.2968750,111.3125000,INVALID,F,,,,
XCME.ZN1.01AUG25.112.C,.0937500,.1093750,112,C,.0419291,854.7891068,910.8910078,883.1302898
XCME.ZN1.01AUG25.112:5.C,.0312500,.0468750,112.5000000,C,.0073789,753.6113046,976.5361236,879.3507521
XCME.ZN1.01AUG25.112:25.P,1,1.0156250,112.2500000,P,.9661179,847.9291683,989.5178202,921.7861798
