Key,BID,ASK,STRIKE,ITYPE,ADJTHEOR,IVBID,IVASK,IVAVERAGE
XCME.ZN.SEP25,111.1093750,111.1250000,INVALID,F,,,,
XCME.WY5.30JUL25.110:5.P,INVALID,.0069999,110.5000000,P,0,,1435.3024265,1266.4731422
XCME.WY5.30JUL25.110:5.C,.6093750,.6406250,110.5000000,C,.6206864,,1816.2582186,1482.0583051
XCME.WY5.30JUL25.111:75.C,INVALID,.0069999,111.7500000,C,0,,1440.9902514,1270.1804516
