Key,BID,ASK,STRIKE,ITYPE,ADJTHEOR,IVBID,IVASK,IVAVERAGE
XCME.ZN.SEP25,111.3437500,111.3593750,INVALID,F,,,,
XCME.ZN1.01AUG25.110.C,1.3593750,1.3906250,110,C,1.3590254,644.4103185,963.1380829,844.4772357
XCME.ZN1.01AUG25.111:25.P,.2812500,.2968750,111.2500000,P,.2143931,825.6899038,864.9506059,845.3237550
XCME.ZN1.01AUG25.112:5.P,1.1718750,1.1875000,112.5000000,P,1.1555292,793.0954724,890.4713104,844.3568000
