Key,BID,ASK,STRIKE,ITYPE,ADJTHEOR,IVBID,IVASK,IVAVERAGE
XCME.ZN.SEP25,111.0468750,111.0625000,INVALID,F,,,,
XCME.ZN1.01AUG25.112:5.C,.0069999,.0156250,112.5000000,C,.0031878,778.6040605,897.1047051,844.6841869
XCME.ZN1.01AUG25.112:25.P,1.2031250,1.2343750,112.2500000,P,1.2209230,,812.5987661,684.5856286
XCME.ZN1.01AUG25.111:5.C,.1250000,.1406250,111.5000000,C,.0823794,789.7148693,838.4704061,814.2244597
