Key,BID,ASK,STRIKE,ITYPE,ADJTHEOR,IVBID,IVASK,IVAVERAGE
XCME.ZN.SEP25,111.2656250,111.2812500,INVALID,F,,,,
XCME.ZN1.01AUG25.112:75.P,1.4843750,1.5000000,112.7500000,P,1.4919458,,843.7528767,701.9046687
XCME.ZN1.01AUG25.110:5.P,.0625000,.0781250,110.5000000,P,.0300906,776.0270401,840.4189727,808.8007037
XCME.ZN1.01AUG25.112:25.C,.0468750,.0625000,112.2500000,C,.0150437,850.2668111,927.6339638,890.0436100
XCME.ZN1.01AUG25.112.P,.7968750,.8281250,112,P,.7754889,741.9246701,867.8644463,807.0808069
