Key,BID,ASK,STRIKE,ITYPE,ADJTHEOR,IVBID,IVASK,IVAVERAGE
XCME.ZN.SEP25,111,111.0156250,INVALID,F,,,,
XCME.WY5.30JUL25.111.C,.0468750,.0625000,111,C,.0170510,1868.0129986,,
XCME.WY5.30JUL25.111:75.P,.6875000,.7343750,111.7500000,P,.7421874,,,
XCME.WY5.30JUL25.112:25.C,INVALID,.0069999,112.2500000,C,0,,,
