Key,BID,ASK,STRIKE,ITYPE,ADJTHEOR,IVBID,IVASK,IVAVERAGE
XCME.ZN.SEP25,111.3437500,111.3593750,INVALID,F,,,,
XCME.ZN1.01AUG25.110:5.P,.0468750,.0781250,110.5000000,P,.0265400,722.1345864,853.9628789,791.0885565
XCME.ZN1.01AUG25.112:25.C,.0468750,.0781250,112.2500000,C,.0269791,745.3317330,879.0225133,815.2750773
XCME.ZN1.01AUG25.112.P,.7343750,.7656250,112,P,.7033080,755.2278514,857.4177368,807.2851755
XCME.ZN1.01AUG25.111:25.C,.3750000,.4062500,111.2500000,C,.3274364,773.7577318,850.0980536,811.9422167
XCME.ZN1.01AUG25.110:25.C,1.1250000,1.1562500,110.2500000,C,1.1166699,693.3233286,884.1708931,799.1992017
