Key,BID,ASK,STRIKE,ITYPE,ADJTHEOR,IVBID,IVASK,IVAVERAGE
XCME.ZN.SEP25,111.0468750,111.0625000,INVALID,F,,,,
XCME.WY5.30JUL25.112:75.C,INVALID,.0069999,112.7500000,C,0,,,
XCME.WY5.30JUL25.112:5.C,INVALID,.0069999,112.5000000,C,0,,,
XCME.WY5.30JUL25.111.P,.0781250,.1093750,111,P,.0408947,889.1106039,1163.0644056,1026.4001158
