Key,BID,ASK,STRIKE,ITYPE,ADJTHEOR,IVBID,IVASK,IVAVERAGE
XCME.ZN.SEP25,111.0937500,111.1093750,INVALID,F,,,,
XCME.ZN1.01AUG25.111:25.P,.3906250,.4062500,111.2500000,P,.3399878,795.6485483,837.4704072,816.5708259
XCME.ZN1.01AUG25.112:5.P,1.4062500,1.4375000,112.5000000,P,1.4141732,,978.4482435,868.5147843
XCME.ZN1.01AUG25.111:5.P,.5468750,.5625000,111.5000000,P,.5060007,779.9729168,827.1986492,803.6870560
