Key,BID,ASK,STRIKE,ITYPE,ADJTHEOR,IVBID,IVASK,IVAVERAGE
XCME.ZN.SEP25,111.0468750,111.0625000,INVALID,F,,,,
XCME.WY5.30JUL25.110:75.P,.0156250,.0312500,110.7500000,P,.0003083,1154.7409352,1449.4261667,1311.1568350
XCME.WY5.30JUL25.110.P,INVALID,.0069999,110,P,0,,,
XCME.WY5.30JUL25.113.C,INVALID,.0069999,113,C,0,,,
