Key,BID,ASK,STRIKE,ITYPE,ADJTHEOR,IVBID,IVASK,IVAVERAGE
XCME.ZN.SEP25,111.2968750,111.3125000,INVALID,F,,,,
XCME.ZN1.01AUG25.111:5.P,.4375000,.4531250,111.5000000,P,.3651595,843.5360765,883.4746268,863.5154242
XCME.WY5.30JUL25.111:25.C,.1875000,.2187500,111.2500000,C,.1252610,947.6354894,1141.7352769,1044.7836676
XCME.WY5.30JUL25.111:5.C,.0781250,.1093750,111.5000000,C,.0251660,946.5943535,1157.9932296,1053.3151063
