Key,BID,ASK,STRIKE,ITYPE,ADJTHEOR,IVBID,IVASK,IVAVERAGE
XCME.ZN.SEP25,111.0468750,111.0625000,INVALID,F,,,,
XCME.ZN1.01AUG25.112:5.C,.0069999,.0156250,112.5000000,C,.0033498,770.3784674,887.8094199,835.8660309
XCME.ZN1.01AUG25.112:25.P,1.2031250,1.2343750,112.2500000,P,1.2065011,,795.8889451,664.3856291
XCME.ZN1.01AUG25.111:5.C,.1250000,.1406250,111.5000000,C,.0864541,775.2094677,871.0286361,823.5663153
