Key,BID,ASK,STRIKE,ITYPE,ADJTHEOR,IVBID,IVASK,IVAVERAGE
XCME.ZN.SEP25,111.1093750,111.1250000,INVALID,F,,,,
XCME.ZN1.01AUG25.112.C,.0468750,.0625000,112,C,.0216455,787.2009478,861.3764134,825.2947705
XCME.ZN1.01AUG25.112:5.C,.0156250,.0312500,112.5000000,C,.0042915,846.5649730,982.4593787,920.5871749
XCME.ZN1.01AUG25.112:25.P,1.1406250,1.1718750,112.2500000,P,1.1418847,633.4099705,894.3468533,788.7205753
