Key,BID,ASK,STRIKE,ITYPE,ADJTHEOR,IVBID,IVASK,IVAVERAGE
XCME.ZN.SEP25,111.1250000,111.1406250,INVALID,F,,,,
XCME.ZN1.01AUG25.110:5.C,.7187500,.7343750,110.5000000,C,.6822826,772.4597013,828.8844985,801.0203622
XCME.ZN1.01AUG25.110:75.C,.5312500,.5625000,110.7500000,C,.4879738,773.1221852,863.9562683,818.8370100
XCME.ZN1.01AUG25.111.P,.2343750,.2656250,111,P,.1916865,768.5077098,850.4295336,809.4997435
XCME.ZN1.01AUG25.113.C,INVALID,.0156250,113,C,.0016564,,1077.6277107,958.4551890
