Key,BID,ASK,STRIKE,ITYPE,ADJTHEOR,IVBID,IVASK,IVAVERAGE
XCME.ZN.SEP25,111.4218750,111.4375000,INVALID,F,,,,
XCME.ZN1.01AUG25.111:5.C,.2968750,.3125000,111.5000000,C,.2267273,839.9953541,879.9892231,859.9938136
XCME.ZN1.01AUG25.111.C,.5781250,.6093750,111,C,.5246263,804.0327698,895.3436945,850.0204383
XCME.ZN1.01AUG25.113.P,1.5781250,1.5937500,113,P,1.5698702,,1033.2040506,919.6594875
