Key,BID,ASK,STRIKE,ITYPE,ADJTHEOR,IVBID,IVASK,IVAVERAGE
XCME.ZN.SEP25,111.0468750,111.0625000,INVALID,F,,,,
XCME.ZN1.01AUG25.111.P,.2656250,.2812500,111,P,.2122684,801.0801264,842.8410526,821.9630045
XCME.ZN1.01AUG25.113.C,INVALID,.0156250,113,C,.0011553,,1140.8734909,1015.3241368
XCME.ZN1.01AUG25.112.C,.0312500,.0468750,112,C,.0162423,749.2478468,838.7403737,795.9093186
