Key,BID,ASK,STRIKE,ITYPE,ADJTHEOR,IVBID,IVASK,IVAVERAGE
XCME.ZN.SEP25,111.0625000,111.0781250,INVALID,F,,,,
XCME.ZN1.01AUG25.110:5.C,.6562500,.6718750,110.5000000,C,.6267714,741.1162275,795.7964782,768.7387473
XCME.ZN1.01AUG25.110:75.C,.4843750,.5000000,110.7500000,C,.4407204,772.9372478,817.2933752,795.1692319
XCME.ZN1.01AUG25.111.P,.2656250,.2968750,111,P,.2194792,778.9465439,860.5541954,819.7584274
XCME.ZN1.01AUG25.113.C,INVALID,.0156250,113,C,.0013959,,1116.9870290,994.1090894
