Key,BID,ASK,STRIKE,ITYPE,ADJTHEOR,IVBID,IVASK,IVAVERAGE
XCME.ZN.SEP25,111.3281250,111.3437500,INVALID,F,,,,
XCME.ZN1.01AUG25.111.P,.1875000,.2031250,111,P,.1190073,841.0414001,884.4546715,862.7907360
XCME.ZN1.01AUG25.113.C,.0069999,.0156250,113,C,.0023012,853.9543615,979.8343707,924.2516381
XCME.ZN1.01AUG25.112.C,.0937500,.1093750,112,C,.0465609,830.3208138,885.5638738,858.2222151
