Key,BID,ASK,STRIKE,ITYPE,ADJTHEOR,IVBID,IVASK,IVAVERAGE
XCME.ZN.SEP25,111.3593750,111.3750000,INVALID,F,,,,
XCME.WY5.30JUL25.112:75.P,1.3750000,1.4062500,112.7500000,P,1.3828124,,1919.5066470,1671.0423866
XCME.WY5.30JUL25.110:25.P,INVALID,.0069999,110.2500000,P,.0000036,,1278.8368542,1144.8874037
XCME.WY5.30JUL25.110:75.P,.0069999,.0312500,110.7500000,P,.0008540,789.4383830,1132.3568630,989.2463245
