Key,BID,ASK,STRIKE,ITYPE,ADJTHEOR,IVBID,IVASK,IVAVERAGE
XCME.ZN.SEP25,111.3281250,111.3437500,INVALID,F,,,,
XCME.WY5.30JUL25.111.C,.3750000,.4062500,111,C,.3476191,714.0024317,1001.4550384,868.2721584
XCME.WY5.30JUL25.111:75.P,.4375000,.4687500,111.7500000,P,.4139570,1045.1113845,1179.8910100,1114.0293191
XCME.WY5.30JUL25.112:25.C,INVALID,.0069999,112.2500000,C,0,,1188.7082245,1061.6900922
