Key,BID,ASK,STRIKE,ITYPE,ADJTHEOR,IVBID,IVASK,IVAVERAGE
XCME.ZN.SEP25,111.3593750,111.3750000,INVALID,F,,,,
XCME.ZN1.01AUG25.111:5.P,.3906250,.4218750,111.5000000,P,.3232505,834.5693045,915.3093898,874.9578693
XCME.WY5.30JUL25.111:25.C,.2343750,.2500000,111.2500000,C,.1534873,1181.8856232,1296.6330430,1239.3595170
XCME.WY5.30JUL25.111:5.C,.1093750,.1250000,111.5000000,C,.0297462,1174.4060705,1289.8503839,1232.2470294
