Key,BID,ASK,STRIKE,ITYPE,ADJTHEOR,IVBID,IVASK,IVAVERAGE
XCME.ZN.SEP25,111.3750000,111.3906250,INVALID,F,,,,
XCME.ZN1.01AUG25.111:75.C,.1718750,.1875000,111.7500000,C,.1092065,836.6750180,924.7387796,880.9208583
XCME.ZN1.01AUG25.110:5.C,.9062500,.9375000,110.5000000,C,.8908114,712.3913639,863.8398248,792.7581623
XCME.ZN1.01AUG25.110:75.C,.7187500,.7343750,110.7500000,C,.6707214,808.9249701,862.2003032,835.8089952
