Key,BID,ASK,STRIKE,ITYPE,ADJTHEOR,IVBID,IVASK,IVAVERAGE
XCME.ZN.SEP25,111.3750000,111.3906250,INVALID,F,,,,
XCME.WY5.30JUL25.112:5.P,1.1093750,1.1406250,112.5000000,P,1.1207406,,1194.8680046,1002.2474550
XCME.WY5.30JUL25.111:5.P,.2343750,.2500000,111.5000000,P,.2035962,684.3658406,750.8100129,717.6460216
XCME.WY5.30JUL25.111.C,.4218750,.4375000,111,C,.4028044,689.2124570,780.5982400,735.9137054
XCME.WY5.30JUL25.113.P,1.6093750,1.6406250,113,P,1.6206909,,1598.9032707,1361.6554778
XCME.WY5.30JUL25.112.P,.6250000,.6562500,112,P,.6243562,551.0302806,898.5230319,763.3132163
