Key,BID,ASK,STRIKE,ITYPE,ADJTHEOR,IVBID,IVASK,IVAVERAGE
XCME.ZN.SEP25,111.1093750,111.1250000,INVALID,F,,,,
XCME.ZN1.01AUG25.111:5.P,.5156250,.5468750,111.5000000,P,.4843855,750.1642149,843.9677124,797.4227599
XCME.WY5.30JUL25.111:25.C,.0468750,.0625000,111.2500000,C,.0140102,956.0090689,1126.8430777,1042.2483471
XCME.WY5.30JUL25.111:5.C,.0069999,.0156250,111.5000000,C,.0001354,968.7321836,1183.2740655,1085.8911584
