Key,BID,ASK,STRIKE,ITYPE,ADJTHEOR,IVBID,IVASK,IVAVERAGE
XCME.ZN.SEP25,111.0468750,111.0625000,INVALID,F,,,,
XCME.ZN1.01AUG25.112.C,.0312500,.0468750,112,C,.0164050,747.3937347,836.0597834,793.6405624
XCME.ZN1.01AUG25.112:5.C,.0069999,.0156250,112.5000000,C,.0033610,770.0187429,887.4118119,835.4783543
XCME.ZN1.01AUG25.112:25.P,1.2031250,1.2343750,112.2500000,P,1.2057102,609.1518756,919.0692202,802.6437593
