Key,BID,ASK,STRIKE,ITYPE,ADJTHEOR,IVBID,IVASK,IVAVERAGE
XCME.ZN.SEP25,111.0312500,111.0468750,INVALID,F,,,,
XCME.ZN1.01AUG25.110.C,1.0468750,1.0625000,110,C,1.0495572,568.3796418,755.6956340,680.5600913
XCME.ZN1.01AUG25.111:25.P,.4062500,.4218750,111.2500000,P,.3582933,796.2330474,840.6821836,818.4808633
XCME.ZN1.01AUG25.112:5.P,1.4531250,1.4843750,112.5000000,P,1.4597446,881.2327553,1048.1535659,974.3302018
