Key,BID,ASK,STRIKE,ITYPE,ADJTHEOR,IVBID,IVASK,IVAVERAGE
XCME.ZN.SEP25,111.3593750,111.3750000,INVALID,F,,,,
XCME.WY5.30JUL25.111:5.P,.2343750,.2656250,111.5000000,P,.1894449,835.6820607,1023.3283513,930.1194879
XCME.WY5.30JUL25.111:25.P,.1093750,.1406250,111.2500000,P,.0564620,871.5920169,1052.5052764,962.2897100
XCME.WY5.30JUL25.113.P,1.6406250,1.6562500,113,P,1.6484374,,1881.7536245,1698.1486999
XCME.WY5.30JUL25.112.P,.6406250,.6718750,112,P,.6486830,,1125.4390935,949.6439656
