Key,BID,ASK,STRIKE,ITYPE,ADJTHEOR,IVBID,IVASK,IVAVERAGE
XCME.ZN.SEP25,111.4062500,111.4218750,INVALID,F,,,,
XCME.ZN1.01AUG25.111:25.C,.4218750,.4375000,111.2500000,C,.3496178,843.6093645,884.1673309,863.8975883
XCME.ZN1.01AUG25.110:25.C,1.1875000,1.2031250,110.2500000,C,1.1740130,767.7515577,970.4223543,879.9215949
XCME.ZN1.01AUG25.112:75.C,.0156250,.0312500,112.7500000,C,.0054740,809.2269168,940.9174961,880.9143834
XCME.ZN1.01AUG25.111:75.C,.1875000,.2031250,111.7500000,C,.1243637,832.9919411,876.0020807,854.5388500
