Key,BID,ASK,STRIKE,ITYPE,ADJTHEOR,IVBID,IVASK,IVAVERAGE
XCME.ZN.SEP25,111.3437500,111.3593750,INVALID,F,,,,
XCME.WY5.30JUL25.110:5.C,.8593750,.8906250,110.5000000,C,.8593988,302.7915494,1311.2320988,1232.7910222
XCME.WY5.30JUL25.111:75.C,.0312500,.0625000,111.7500000,C,.0045133,896.0710680,1038.1026188,969.3932053
XCME.WY5.30JUL25.112:75.P,1.3750000,1.4062500,112.7500000,P,1.3906249,,1920.7006058,1520.9171554
XCME.WY5.30JUL25.110:25.P,INVALID,.0069999,110.2500000,P,.0000008,,1376.8629951,1232.9173865
