Key,BID,ASK,STRIKE,ITYPE,ADJTHEOR,IVBID,IVASK,IVAVERAGE
XCME.ZN.SEP25,111.0625000,111.0781250,INVALID,F,,,,
XCME.WY5.30JUL25.111.C,.1406250,.1718750,111,C,.1200339,764.0055726,1059.6275795,913.4052150
XCME.WY5.30JUL25.111:75.P,.6718750,.6875000,111.7500000,P,.6570627,1595.3671235,1925.1420334,1773.8467469
XCME.WY5.30JUL25.112:25.C,INVALID,.0069999,112.2500000,C,0,,,1945.5802037
XCME.WY5.30JUL25.110:5.P,INVALID,.0156250,110.5000000,P,0,,1501.6188855,1286.7369097
