Key,BID,ASK,STRIKE,ITYPE,ADJTHEOR,IVBID,IVASK,IVAVERAGE
XCME.ZN.SEP25,111.0781250,111.0937500,INVALID,F,,,,
XCME.WY5.30JUL25.111:5.P,.4062500,.4375000,111.5000000,P,.4140752,,1587.9066655,1310.8623113
XCME.WY5.30JUL25.111:25.P,.2031250,.2187500,111.2500000,P,.1698201,1095.3340245,1298.8664505,1198.6417383
XCME.WY5.30JUL25.113.P,1.9062500,1.9375000,113,P,1.9140625,,,
XCME.WY5.30JUL25.112.P,.9062500,.9375000,112,P,.9140625,,,
