Key,BID,ASK,STRIKE,ITYPE,ADJTHEOR,IVBID,IVASK,IVAVERAGE
XCME.ZN.SEP25,111.0312500,111.0468750,INVALID,F,,,,
XCME.WY5.30JUL25.112.C,INVALID,.0069999,112,C,0,,1788.2834665,1598.9191002
XCME.WY5.30JUL25.110:25.C,.7812500,.8125000,110.2500000,C,.8046867,,1580.0468866,1394.9206610
XCME.WY5.30JUL25.110:75.C,.2968750,.3281250,110.7500000,C,.3066190,,1019.5795526,826.5745394
