Key,BID,ASK,STRIKE,ITYPE,ADJTHEOR,IVBID,IVASK,IVAVERAGE
XCME.ZN.SEP25,111.3281250,111.3437500,INVALID,F,,,,
XCME.WY5.30JUL25.112:25.P,.9062500,.9375000,112.2500000,P,.9374954,,713.6202355,
XCME.WY5.30JUL25.112.C,.0069999,.0156250,112,C,.0000382,984.7722200,1170.6417768,1087.3587944
XCME.WY5.30JUL25.110:25.C,1.0625000,1.0937500,110.2500000,C,1.0624964,.9900000,1939.9503786,1734.6505076
