Key,BID,ASK,STRIKE,ITYPE,ADJTHEOR,IVBID,IVASK,IVAVERAGE
XCME.ZN.SEP25,111.0937500,111.1093750,INVALID,F,,,,
XCME.ZN1.01AUG25.111.C,.3437500,.3593750,111,C,.3043686,762.8173811,804.5943922,783.7114399
XCME.ZN1.01AUG25.113.P,1.8906250,1.9218750,113,P,1.8962042,,1245.2894010,1114.5816201
XCME.ZN1.01AUG25.110.C,1.1093750,1.1406250,110,C,1.1117070,,763.7504461,640.2436470
