Key,BID,ASK,STRIKE,ITYPE,ADJTHEOR,IVBID,IVASK,IVAVERAGE
XCME.ZN.SEP25,111.2812500,111.2968750,INVALID,F,,,,
XCME.ZN1.01AUG25.110:5.C,.8437500,.8750000,110.5000000,C,.7991435,829.0829076,949.0171012,890.6604336
XCME.ZN1.01AUG25.110:75.C,.6562500,.6718750,110.7500000,C,.5882856,860.0329639,908.3498395,884.3113422
XCME.ZN1.01AUG25.111.P,.2031250,.2343750,111,P,.1396441,824.7078881,909.4448404,867.1824747
XCME.ZN1.01AUG25.113.C,.0069999,.0156250,113,C,.0020253,882.7481174,1011.8520182,954.9268176
