Key,BID,ASK,STRIKE,ITYPE,ADJTHEOR,IVBID,IVASK,IVAVERAGE
XCME.ZN.SEP25,111.3593750,111.3750000,INVALID,F,,,,
XCME.ZN1.01AUG25.111:25.C,.3906250,.4062500,111.2500000,C,.3204202,831.9908507,870.7851723,851.3910635
XCME.ZN1.01AUG25.110:25.C,1.1250000,1.1562500,110.2500000,C,1.1115768,736.3027440,918.7860311,836.0755558
XCME.ZN1.01AUG25.112:75.C,.0156250,.0312500,112.7500000,C,.0055902,815.5533247,946.1544752,886.6321029
