Key,BID,ASK,STRIKE,ITYPE,ADJTHEOR,IVBID,IVASK,IVAVERAGE
XCME.ZN.SEP25,111.3750000,111.3906250,INVALID,F,,,,
XCME.WY5.30JUL25.111:25.P,.1093750,.1250000,111.2500000,P,.0288063,1193.9531450,1309.7880468,1251.9970886
XCME.WY5.30JUL25.113.P,1.5937500,1.6250000,113,P,1.6136874,,,
XCME.WY5.30JUL25.112.P,.6093750,.6406250,112,P,.6137133,,1420.1543386,1142.6409449
