Key,BID,ASK,STRIKE,ITYPE,ADJTHEOR,IVBID,IVASK,IVAVERAGE
XCME.ZN.SEP25,111.3281250,111.3437500,INVALID,F,,,,
XCME.WY5.30JUL25.111.C,.3750000,.4062500,111,C,.3282201,1049.9704902,1295.4618579,1175.6962086
XCME.WY5.30JUL25.111:75.P,.4375000,.4687500,111.7500000,P,.4316532,700.2211075,1100.4228239,930.9973194
XCME.WY5.30JUL25.112:25.C,INVALID,.0069999,112.2500000,C,0,,1275.5921925,1140.2240064
XCME.WY5.30JUL25.110:5.P,INVALID,.0156250,110.5000000,P,.0000196,,1344.7531298,1163.1260262
