Key,BID,ASK,STRIKE,ITYPE,ADJTHEOR,IVBID,IVASK,IVAVERAGE
XCME.ZN.SEP25,111.0625000,111.0781250,INVALID,F,,,,
XCME.WY5.30JUL25.111.P,.0781250,.1093750,111,P,.0397560,886.6019056,1148.5619453,1017.9757693
XCME.ZN1.01AUG25.110:75.P,.1718750,.1875000,110.7500000,P,.1243977,782.4284392,826.3135123,804.4185427
XCME.ZN1.01AUG25.110:25.P,.0468750,.0625000,110.2500000,P,.0243976,741.9002052,814.3809086,779.1087222
