Key,BID,ASK,STRIKE,ITYPE,ADJTHEOR,IVBID,IVASK,IVAVERAGE
XCME.ZN.SEP25,111.3906250,111.4062500,INVALID,F,,,,
XCME.WY5.30JUL25.110:5.P,INVALID,.0156250,110.5000000,P,0,,1613.5912531,1402.6434249
XCME.WY5.30JUL25.110:5.C,.8750000,.9062500,110.5000000,C,.8749997,514.9002994,1908.0750126,1697.5421678
XCME.WY5.30JUL25.111:75.C,.0468750,.0625000,111.7500000,C,.0018461,1228.1538030,1381.7366439,1306.4421286
