Key,BID,ASK,STRIKE,ITYPE,ADJTHEOR,IVBID,IVASK,IVAVERAGE
XCME.ZN.SEP25,111.3125000,111.3281250,INVALID,F,,,,
XCME.ZN1.01AUG25.111:5.P,.4218750,.4375000,111.5000000,P,.3428263,866.5815961,907.2957510,886.9459684
XCME.WY5.30JUL25.111:25.C,.2031250,.2343750,111.2500000,C,.1330591,1092.9909879,1208.7334969,1150.9417596
XCME.WY5.30JUL25.111:5.C,.0937500,.1093750,111.5000000,C,.0223374,1152.1511245,1272.7833975,1212.6741911
