Key,BID,ASK,STRIKE,ITYPE,ADJTHEOR,IVBID,IVASK,IVAVERAGE
XCME.ZN.SEP25,111.0625000,111.0781250,INVALID,F,,,,
XCME.WY5.30JUL25.111:5.P,.4218750,.4375000,111.5000000,P,.4220973,266.2213106,1102.5494250,930.1639819
XCME.WY5.30JUL25.111:25.P,.2031250,.2343750,111.2500000,P,.1843847,780.2281099,1097.9190880,944.2023505
XCME.WY5.30JUL25.113.P,1.9062500,1.9375000,113,P,1.9218750,,,
XCME.WY5.30JUL25.112.P,.9062500,.9375000,112,P,.9218748,,,1551.1942509
