Key,BID,ASK,STRIKE,ITYPE,ADJTHEOR,IVBID,IVASK,IVAVERAGE
XCME.ZN.SEP25,111.2812500,111.2968750,INVALID,F,,,,
XCME.WY5.30JUL25.112:75.P,1.4531250,1.5000000,112.7500000,P,1.4843750,918.8700689,,
XCME.WY5.30JUL25.110:25.P,INVALID,.0069999,110.2500000,P,0,,1667.5767332,1492.8021197
XCME.WY5.30JUL25.110:75.P,.0069999,.0312500,110.7500000,P,.0001860,973.8140185,1418.1100200,1231.3609282
