Key,BID,ASK,STRIKE,ITYPE,ADJTHEOR,IVBID,IVASK,IVAVERAGE
XCME.ZN.SEP25,111.3437500,111.3593750,INVALID,F,,,,
XCME.WY5.30JUL25.111:25.P,.1250000,.1406250,111.2500000,P,.0573327,948.9988450,1037.3348640,993.2201372
XCME.WY5.30JUL25.113.P,1.6406250,1.6718750,113,P,1.6449374,,,
XCME.WY5.30JUL25.112.P,.6562500,.6718750,112,P,.6452597,917.3837084,1306.9416258,1138.9576867
