Key,BID,ASK,STRIKE,ITYPE,ADJTHEOR,IVBID,IVASK,IVAVERAGE
XCME.ZN.SEP25,111.1250000,111.1406250,INVALID,F,,,,
XCME.ZN1.01AUG25.111:25.P,.3593750,.3906250,111.2500000,P,.3155459,753.4185668,837.0723476,795.2812350
XCME.ZN1.01AUG25.112:5.P,1.3750000,1.4062500,112.5000000,P,1.3745449,,1035.4475276,869.5315787
XCME.ZN1.01AUG25.111:5.P,.5156250,.5468750,111.5000000,P,.4762446,740.7930581,834.8206718,788.1782548
