Key,BID,ASK,STRIKE,ITYPE,ADJTHEOR,IVBID,IVASK,IVAVERAGE
XCME.ZN.SEP25,111.1250000,111.1406250,INVALID,F,,,,
XCME.ZN1.01AUG25.111:25.C,.2500000,.2656250,111.2500000,C,.2015262,787.4638183,828.4425106,807.9586925
XCME.ZN1.01AUG25.110:25.C,.9218750,.9375000,110.2500000,C,.9041489,631.2557771,814.0101999,731.8688893
XCME.ZN1.01AUG25.112:75.C,.0069999,.0156250,112.7500000,C,.0024422,838.4408584,963.2367901,908.1446020
XCME.ZN1.01AUG25.111:75.C,.0937500,.1093750,111.7500000,C,.0533063,799.1659765,853.6751370,826.6893486
