Key,BID,ASK,STRIKE,ITYPE,ADJTHEOR,IVBID,IVASK,IVAVERAGE
XCME.ZN.SEP25,111.0312500,111.0468750,INVALID,F,,,,
XCME.ZN1.01AUG25.110.P,.0156250,.0312500,110,P,.0071126,714.7736893,839.1865530,782.2399216
XCME.ZN1.01AUG25.111:75.P,.7656250,.7812500,111.7500000,P,.7431742,755.6768047,825.0379824,791.0939633
XCME.ZN1.01AUG25.112:75.P,1.7031250,1.7343750,112.7500000,P,1.7122101,945.5142921,1291.4811615,1153.8928477
