Key,BID,ASK,STRIKE,ITYPE,ADJTHEOR,IVBID,IVASK,IVAVERAGE
XCME.ZN.SEP25,111.3281250,111.3437500,INVALID,F,,,,
XCME.ZN1.01AUG25.112.C,.0937500,.1093750,112,C,.0523503,798.4535125,851.5809413,825.2940220
XCME.ZN1.01AUG25.112:5.C,.0312500,.0468750,112.5000000,C,.0102983,827.0172481,919.1650711,875.1888555
XCME.ZN1.01AUG25.112:25.P,.9531250,.9843750,112.2500000,P,.9406177,715.6296062,864.7212425,794.7605560
