Key,BID,ASK,STRIKE,ITYPE,ADJTHEOR,IVBID,IVASK,IVAVERAGE
XCME.ZN.SEP25,111.3125000,111.3281250,INVALID,F,,,,
XCME.WY5.30JUL25.112:75.P,1.4218750,1.4531250,112.7500000,P,1.4296875,,,
XCME.WY5.30JUL25.110:25.P,INVALID,.0069999,110.2500000,P,0,,1650.4347528,1476.7344881
XCME.WY5.30JUL25.110:75.P,.0069999,.0312500,110.7500000,P,.0000777,993.9721364,1435.5233210,1250.5662327
