Key,BID,ASK,STRIKE,ITYPE,ADJTHEOR,IVBID,IVASK,IVAVERAGE
XCME.ZN.SEP25,111.0937500,111.1093750,INVALID,F,,,,
XCME.ZN1.01AUG25.110:75.P,.1562500,.1718750,110.7500000,P,.1064298,794.8831229,840.6850187,817.8512530
XCME.ZN1.01AUG25.110:25.P,.0312500,.0468750,110.2500000,P,.0189202,699.1674632,785.4649279,744.1531228
XCME.ZN1.01AUG25.110.P,.0156250,.0312500,110,P,.0067472,722.8517256,846.9614830,790.2505430
XCME.ZN1.01AUG25.111:75.P,.7187500,.7500000,111.7500000,P,.6907483,761.3631657,821.0409078,791.6131969
