Key,BID,ASK,STRIKE,ITYPE,ADJTHEOR,IVBID,IVASK,IVAVERAGE
XCME.ZN.SEP25,111.0468750,111.0625000,INVALID,F,,,,
XCME.WY5.30JUL25.111.P,.0781250,.1093750,111,P,.0415679,862.5291837,1118.0690847,990.6776357
XCME.ZN1.01AUG25.110:75.P,.1718750,.1875000,110.7500000,P,.1219913,774.8921824,818.6666567,796.8256320
XCME.ZN1.01AUG25.110:25.P,.0468750,.0625000,110.2500000,P,.0237170,736.5494330,808.8008406,773.6423344
