Key,BID,ASK,STRIKE,ITYPE,ADJTHEOR,IVBID,IVASK,IVAVERAGE
XCME.ZN.SEP25,111.1250000,111.1406250,INVALID,F,,,,
XCME.ZN1.01AUG25.110:5.C,.7031250,.7343750,110.5000000,C,.6795854,661.5223120,787.8258414,727.0348694
XCME.ZN1.01AUG25.110:75.C,.5156250,.5468750,110.7500000,C,.4839882,741.1236394,788.4931358,764.9114919
XCME.ZN1.01AUG25.111.P,.2343750,.2500000,111,P,.1868478,783.7867465,867.3372988,825.5938204
XCME.ZN1.01AUG25.113.C,INVALID,.0156250,113,C,.0013962,,1099.0986258,977.3914886
