Key,BID,ASK,STRIKE,ITYPE,ADJTHEOR,IVBID,IVASK,IVAVERAGE
XCME.ZN.SEP25,111.0937500,111.1093750,INVALID,F,,,,
XCME.ZN1.01AUG25.111:25.C,.2343750,.2500000,111.2500000,C,.1811539,802.3698395,844.1314098,823.2610580
XCME.ZN1.01AUG25.110:25.C,.8750000,.9062500,110.2500000,C,.8642650,686.7240736,846.2862988,771.9752550
XCME.ZN1.01AUG25.112:75.C,.0069999,.0156250,112.7500000,C,.0020775,865.9015488,993.7055010,937.1767952
