Key,BID,ASK,STRIKE,ITYPE,ADJTHEOR,IVBID,IVASK,IVAVERAGE
XCME.ZN.SEP25,111.3281250,111.3437500,INVALID,F,,,,
XCME.ZN1.01AUG25.110:5.P,.0625000,.0781250,110.5000000,P,.0232406,821.0906219,887.0169845,854.6662631
XCME.ZN1.01AUG25.112:25.C,.0468750,.0625000,112.2500000,C,.0197359,802.9758834,877.6908012,841.3772137
XCME.ZN1.01AUG25.112.P,.7656250,.7812500,112,P,.7144739,843.7202551,898.2341246,871.2376778
