Key,BID,ASK,STRIKE,ITYPE,ADJTHEOR,IVBID,IVASK,IVAVERAGE
XCME.ZN.SEP25,111.3281250,111.3437500,INVALID,F,,,,
XCME.ZN1.01AUG25.112:5.C,.0312500,.0468750,112.5000000,C,.0082734,860.0249388,955.8372990,910.1151655
XCME.ZN1.01AUG25.112:25.P,.9687500,.9843750,112.2500000,P,.9370903,826.4756005,899.2291261,863.7748081
XCME.ZN1.01AUG25.111:5.C,.2500000,.2812500,111.5000000,C,.1814319,840.3214244,922.1789530,881.2867734
