Key,BID,ASK,STRIKE,ITYPE,ADJTHEOR,IVBID,IVASK,IVAVERAGE
XCME.ZN.SEP25,111.3437500,111.3593750,INVALID,F,,,,
XCME.ZN1.01AUG25.111:75.C,.1562500,.1875000,111.7500000,C,.1065005,796.7526955,884.1802715,840.7332899
XCME.ZN1.01AUG25.110:5.C,.8906250,.9218750,110.5000000,C,.8656964,747.8509107,879.7051424,816.5636720
XCME.ZN1.01AUG25.110:75.C,.6875000,.7187500,110.7500000,C,.6499345,762.2757386,863.1384215,813.5238119
