Key,BID,ASK,STRIKE,ITYPE,ADJTHEOR,IVBID,IVASK,IVAVERAGE
XCME.ZN.SEP25,111.3593750,111.3750000,INVALID,F,,,,
XCME.ZN1.01AUG25.111:25.C,.3906250,.4062500,111.2500000,C,.3337789,797.5519284,836.1494536,816.8554999
XCME.ZN1.01AUG25.110:25.C,1.1406250,1.1718750,110.2500000,C,1.1312350,707.2009200,900.8834538,814.6741202
XCME.ZN1.01AUG25.112:75.C,.0156250,.0312500,112.7500000,C,.0062595,798.9825223,927.5584994,868.9527418
XCME.ZN1.01AUG25.111:75.C,.1718750,.1875000,111.7500000,C,.1194519,798.8545216,841.1255710,820.0446369
