Key,BID,ASK,STRIKE,ITYPE,ADJTHEOR,IVBID,IVASK,IVAVERAGE
XCME.ZN.SEP25,111.3281250,111.3437500,INVALID,F,,,,
XCME.ZN1.01AUG25.110:75.P,.1093750,.1250000,110.7500000,P,.0598273,801.5886250,851.5190946,826.7436605
XCME.ZN1.01AUG25.110:25.P,.0312500,.0468750,110.2500000,P,.0099831,789.5765905,879.6787235,836.6708881
XCME.ZN1.01AUG25.110.P,.0156250,.0312500,110,P,.0042298,794.0944894,923.1566750,864.3885535
XCME.ZN1.01AUG25.111:75.P,.5625000,.5937500,111.7500000,P,.5168466,785.2034473,872.9597669,829.3624618
