Key,BID,ASK,STRIKE,ITYPE,ADJTHEOR,IVBID,IVASK,IVAVERAGE
XCME.ZN.SEP25,111.2812500,111.2968750,INVALID,F,,,,
XCME.ZN1.01AUG25.111.C,.5000000,.5156250,111,C,.4300097,800.7277652,886.8447432,843.9341721
XCME.ZN1.01AUG25.113.P,1.7031250,1.7187500,113,P,1.7009403,,,
XCME.ZN1.01AUG25.110.C,1.3125000,1.3281250,110,C,1.3049816,,,
