Key,BID,ASK,STRIKE,ITYPE,ADJTHEOR,IVBID,IVASK,IVAVERAGE
XCME.ZN.SEP25,111.3281250,111.3437500,INVALID,F,,,,
XCME.WY5.30JUL25.112:25.P,.9062500,.9218750,112.2500000,P,.9140570,,1232.2647067,1097.3384942
XCME.WY5.30JUL25.112.C,.0069999,.0312500,112,C,.0000995,921.8417560,1317.5233505,1152.8095131
XCME.WY5.30JUL25.110:25.C,1.0781250,1.1093750,110.2500000,C,1.0859355,,1766.7549734,1524.1033192
