Key,BID,ASK,STRIKE,ITYPE,ADJTHEOR,IVBID,IVASK,IVAVERAGE
XCME.ZN.SEP25,111.3593750,111.3750000,INVALID,F,,,,
XCME.WY5.30JUL25.110:5.C,.8593750,.8906250,110.5000000,C,.8750030,,1506.5756408,1161.0383220
XCME.WY5.30JUL25.111:75.C,.0312500,.0625000,111.7500000,C,.0027385,988.8598452,1291.1597665,1147.5992651
XCME.WY5.30JUL25.112:75.P,1.3750000,1.4062500,112.7500000,P,1.3749999,,,
XCME.WY5.30JUL25.110:25.P,INVALID,.0069999,110.2500000,P,0,,1578.0803716,1413.5382735
