Key,BID,ASK,STRIKE,ITYPE,ADJTHEOR,IVBID,IVASK,IVAVERAGE
XCME.ZN.SEP25,111.3437500,111.3593750,INVALID,F,,,,
XCME.ZN1.01AUG25.112:5.C,.0312500,.0468750,112.5000000,C,.0110813,816.1053897,907.1890664,863.7169350
XCME.ZN1.01AUG25.112:25.P,.9531250,.9843750,112.2500000,P,.9350397,741.9492440,881.8231082,815.5019848
XCME.ZN1.01AUG25.111:5.C,.2500000,.2812500,111.5000000,C,.1964442,793.6703801,871.6029207,832.6687456
