Key,BID,ASK,STRIKE,ITYPE,ADJTHEOR,IVBID,IVASK,IVAVERAGE
XCME.ZN.SEP25,111.0781250,111.0937500,INVALID,F,,,,
XCME.ZN1.01AUG25.111.C,.3437500,.3593750,111,C,.2895221,760.6936109,843.8539234,802.2851877
XCME.ZN1.01AUG25.113.P,1.9062500,1.9375000,113,P,1.9230547,,1132.9613357,912.2902195
XCME.ZN1.01AUG25.110.C,1.0937500,1.1250000,110,C,1.0855410,710.8359111,833.6315406,777.4679991
