Key,BID,ASK,STRIKE,ITYPE,ADJTHEOR,IVBID,IVASK,IVAVERAGE
XCME.ZN.SEP25,111.4218750,111.4375000,INVALID,F,,,,
XCME.WY5.30JUL25.112.C,.0156250,.0312500,112,C,.0000737,1130.7178688,1365.9224854,1257.0774789
XCME.WY5.30JUL25.110:25.C,1.1718750,1.2031250,110.2500000,C,1.1761873,,1846.6678156,1712.2719382
XCME.WY5.30JUL25.110:75.C,.6718750,.7031250,110.7500000,C,.6762171,,1458.7480979,1259.3410971
