Key,BID,ASK,STRIKE,ITYPE,ADJTHEOR,IVBID,IVASK,IVAVERAGE
XCME.ZN.SEP25,111.0312500,111.0468750,INVALID,F,,,,
XCME.WY5.30JUL25.112.C,INVALID,.0069999,112,C,0,,1722.3727136,1533.2531784
XCME.WY5.30JUL25.110:25.C,.7812500,.8125000,110.2500000,C,.8046866,,1962.8730764,1537.6324548
XCME.WY5.30JUL25.110:75.C,.3125000,.3281250,110.7500000,C,.3069497,724.6458709,1195.3273840,992.4030601
