Key,BID,ASK,STRIKE,ITYPE,ADJTHEOR,IVBID,IVASK,IVAVERAGE
XCME.ZN.SEP25,111.3906250,111.4062500,INVALID,F,,,,
XCME.ZN1.01AUG25.112.C,.1093750,.1250000,112,C,.0584581,827.5173575,878.7279098,853.3192429
XCME.ZN1.01AUG25.112:5.C,.0312500,.0468750,112.5000000,C,.0111133,812.8346962,905.2487722,861.1422369
XCME.ZN1.01AUG25.112:25.P,.9062500,.9375000,112.2500000,P,.8775491,791.3472427,923.3473530,859.9147379
