Key,BID,ASK,STRIKE,ITYPE,ADJTHEOR,IVBID,IVASK,IVAVERAGE
XCME.ZN.SEP25,111.0468750,111.0625000,INVALID,F,,,,
XCME.ZN1.01AUG25.110:5.P,.0937500,.1093750,110.5000000,P,.0568137,767.3527253,820.9829751,794.4221168
XCME.ZN1.01AUG25.112:25.C,.0156250,.0312500,112.2500000,C,.0072198,755.3061466,881.8205116,824.0555017
XCME.ZN1.01AUG25.112.P,.9687500,.9843750,112,P,.9512782,760.0525452,844.8470906,804.0900878
