Key,BID,ASK,STRIKE,ITYPE,ADJTHEOR,IVBID,IVASK,IVAVERAGE
XCME.ZN.SEP25,111.0625000,111.0781250,INVALID,F,,,,
XCME.ZN1.01AUG25.112.C,.0312500,.0468750,112,C,.0173978,738.0115065,826.1227465,783.9632903
XCME.ZN1.01AUG25.112:5.C,.0069999,.0156250,112.5000000,C,.0034706,763.8772413,880.6907386,829.0147566
XCME.ZN1.01AUG25.112:25.P,1.1875000,1.2187500,112.2500000,P,1.1834252,708.8051145,954.4453827,850.8526499
