Key,BID,ASK,STRIKE,ITYPE,ADJTHEOR,IVBID,IVASK,IVAVERAGE
XCME.ZN.SEP25,111,111.0156250,INVALID,F,,,,
XCME.ZN1.01AUG25.111:75.C,.0468750,.0625000,111.7500000,C,.0261719,757.0738730,831.6982255,795.3682378
XCME.ZN1.01AUG25.110:5.C,.5937500,.6093750,110.5000000,C,.5497258,793.6683201,846.3335735,820.1738162
XCME.ZN1.01AUG25.110:75.C,.4218750,.4375000,110.7500000,C,.3725117,794.6722170,839.5867936,817.1596961
