Key,BID,ASK,STRIKE,ITYPE,ADJTHEOR,IVBID,IVASK,IVAVERAGE
XCME.ZN.SEP25,111.0781250,111.0937500,INVALID,F,,,,
XCME.ZN1.01AUG25.112.C,.0312500,.0468750,112,C,.0175245,736.7040294,824.9034431,782.6984648
XCME.ZN1.01AUG25.112:5.C,.0069999,.0156250,112.5000000,C,.0033743,763.8662424,880.8445723,829.0950666
XCME.ZN1.01AUG25.112:25.P,1.1718750,1.1875000,112.2500000,P,1.1747468,602.0197241,910.3169157,794.3082153
