Key,BID,ASK,STRIKE,ITYPE,ADJTHEOR,IVBID,IVASK,IVAVERAGE
XCME.ZN.SEP25,111.3437500,111.3593750,INVALID,F,,,,
XCME.WY5.30JUL25.112:75.P,1.4062500,1.4375000,112.7500000,P,1.4105624,,1873.7923185,1743.9967950
XCME.WY5.30JUL25.110:25.P,INVALID,.0069999,110.2500000,P,0,,1390.1760551,1243.7199139
XCME.WY5.30JUL25.110:75.P,.0069999,.0312500,110.7500000,P,.0004619,847.3427363,1219.7532065,1064.0022092
