Key,BID,ASK,STRIKE,ITYPE,ADJTHEOR,IVBID,IVASK,IVAVERAGE
XCME.ZN.SEP25,111.3437500,111.3593750,INVALID,F,,,,
XCME.WY5.30JUL25.112:75.P,1.3750000,1.4062500,112.7500000,P,1.3871249,,1737.3168001,1659.3113595
XCME.WY5.30JUL25.110:25.P,INVALID,.0069999,110.2500000,P,.0000081,,1200.4857111,1074.7485854
XCME.WY5.30JUL25.110:75.P,.0069999,.0312500,110.7500000,P,.0013653,741.1545046,1063.1119184,928.7121380
XCME.WY5.30JUL25.110.P,INVALID,.0069999,110,P,.0000010,,1421.7340148,1278.7726646
XCME.WY5.30JUL25.113.C,INVALID,.0069999,113,C,0,,1660.2748194,1499.7441033
