Key,BID,ASK,STRIKE,ITYPE,ADJTHEOR,IVBID,IVASK,IVAVERAGE
XCME.ZN.SEP25,111.3750000,111.3906250,INVALID,F,,,,
XCME.ZN1.01AUG25.111:25.P,.2656250,.2812500,111.2500000,P,.1964630,834.4296441,874.5408118,854.4913766
XCME.ZN1.01AUG25.112:5.P,1.1406250,1.1718750,112.5000000,P,1.1244921,788.6768747,969.2397377,886.5039137
XCME.ZN1.01AUG25.111:5.P,.3906250,.4062500,111.5000000,P,.3212442,837.9113531,877.8615229,857.8904670
