Key,BID,ASK,STRIKE,ITYPE,ADJTHEOR,IVBID,IVASK,IVAVERAGE
XCME.ZN.SEP25,111.3437500,111.3593750,INVALID,F,,,,
XCME.WY5.30JUL25.112:25.P,.8906250,.9218750,112.2500000,P,.8949354,,1453.8660028,1271.4912527
XCME.WY5.30JUL25.112.C,.0069999,.0312500,112,C,.0003222,830.2598480,1188.5721975,1039.2265130
XCME.WY5.30JUL25.110:25.C,1.0937500,1.1250000,110.2500000,C,1.1050640,,1587.8643688,1330.7862188
