Key,BID,ASK,STRIKE,ITYPE,ADJTHEOR,IVBID,IVASK,IVAVERAGE
XCME.ZN.SEP25,111.3437500,111.3593750,INVALID,F,,,,
XCME.WY5.30JUL25.112.C,.0069999,.0312500,112,C,.0003222,830.2598538,1188.5721971,1039.2265117
XCME.WY5.30JUL25.110:25.C,1.0937500,1.1250000,110.2500000,C,1.1050640,,1195.4715747,889.2175680
XCME.WY5.30JUL25.110:75.C,.6093750,.6250000,110.7500000,C,.6058637,,1008.1667379,821.4273522
