Key,BID,ASK,STRIKE,ITYPE,ADJTHEOR,IVBID,IVASK,IVAVERAGE
XCME.ZN.SEP25,111.0781250,111.0937500,INVALID,F,,,,
XCME.ZN1.01AUG25.111:75.C,.0625000,.0781250,111.7500000,C,.0424205,732.5756370,795.9479428,764.8191977
XCME.ZN1.01AUG25.110:5.C,.6718750,.6875000,110.5000000,C,.6390051,760.2033936,817.1610321,789.0148636
XCME.ZN1.01AUG25.110:75.C,.4843750,.5156250,110.7500000,C,.4490569,752.5298304,844.6103228,798.8409191
