Key,BID,ASK,STRIKE,ITYPE,ADJTHEOR,IVBID,IVASK,IVAVERAGE
XCME.ZN.SEP25,111.3437500,111.3593750,INVALID,F,,,,
XCME.WY5.30JUL25.110.P,INVALID,.0069999,110,P,0,,1778.8853948,1599.6675319
XCME.WY5.30JUL25.113.C,INVALID,.0069999,113,C,0,,,1909.6017901
XCME.WY5.30JUL25.112:25.P,.8906250,.9062500,112.2500000,P,.9019357,,1179.1036460,877.8866579
