Key,BID,ASK,STRIKE,ITYPE,ADJTHEOR,IVBID,IVASK,IVAVERAGE
XCME.ZN.SEP25,111.0156250,111.0312500,INVALID,F,,,,
XCME.WY5.30JUL25.111.C,.0312500,.0625000,111,C,.0478341,,1484.0492603,393.0463759
XCME.WY5.30JUL25.111:75.P,.7031250,.7500000,111.7500000,P,.7031249,1761.4986596,,
XCME.WY5.30JUL25.112:25.C,INVALID,.0069999,112.2500000,C,0,,,
