Key,BID,ASK,STRIKE,ITYPE,ADJTHEOR,IVBID,IVASK,IVAVERAGE
XCME.ZN.SEP25,111,111.0156250,INVALID,F,,,,
XCME.ZN1.01AUG25.112:75.P,1.7187500,1.7500000,112.7500000,P,1.7130798,929.5792782,1285.5000777,1184.5952152
XCME.ZN1.01AUG25.110:5.P,.0937500,.1093750,110.5000000,P,.0551327,724.3837358,838.0878722,782.4086329
XCME.ZN1.01AUG25.112:25.C,.0069999,.0156250,112.2500000,C,.0050096,696.0452134,807.1059287,757.8120468
XCME.ZN1.01AUG25.112.P,1,1.0156250,112,P,.9746287,833.7497170,921.3887402,879.1113843
