Key,BID,ASK,STRIKE,ITYPE,ADJTHEOR,IVBID,IVASK,IVAVERAGE
XCME.ZN.SEP25,111.0937500,111.1093750,INVALID,F,,,,
XCME.WY5.30JUL25.112:25.P,1.1562500,1.1718750,112.2500000,P,1.1675624,,,1527.9768470
XCME.WY5.30JUL25.112.C,INVALID,.0069999,112,C,0,,1793.7272629,1603.7669466
XCME.WY5.30JUL25.110:25.C,.8281250,.8593750,110.2500000,C,.8324371,,,1920.9065103
