Key,BID,ASK,STRIKE,ITYPE,ADJTHEOR,IVBID,IVASK,IVAVERAGE
XCME.ZN.SEP25,111.2968750,111.3125000,INVALID,F,,,,
XCME.ZN1.01AUG25.110.C,1.3125000,1.3281250,110,C,1.3049816,,903.0995355,799.3777167
XCME.ZN1.01AUG25.111:25.P,.3125000,.3281250,111.2500000,P,.2309394,869.3359852,909.6564443,889.4970157
XCME.ZN1.01AUG25.112:5.P,1.2187500,1.2500000,112.5000000,P,1.2061914,793.0805545,1000.6852737,908.0462783
