Key,BID,ASK,STRIKE,ITYPE,ADJTHEOR,IVBID,IVASK,IVAVERAGE
XCME.ZN.SEP25,111.3125000,111.3281250,INVALID,F,,,,
XCME.ZN1.01AUG25.111:5.P,.4218750,.4531250,111.5000000,P,.3605389,817.1732990,897.1218830,857.1865681
XCME.WY5.30JUL25.111:25.C,.2031250,.2187500,111.2500000,C,.1279374,1029.7632736,1126.8791028,1078.3465244
XCME.WY5.30JUL25.111:5.C,.0937500,.1093750,111.5000000,C,.0261310,1043.6235718,1148.0500858,1096.0457315
