Key,BID,ASK,STRIKE,ITYPE,ADJTHEOR,IVBID,IVASK,IVAVERAGE
XCME.ZN.SEP25,111.3593750,111.3750000,INVALID,F,,,,
XCME.ZN1.01AUG25.111:25.C,.3750000,.4062500,111.2500000,C,.3280354,772.3082240,849.0237888,810.6816181
XCME.ZN1.01AUG25.110:25.C,1.1250000,1.1562500,110.2500000,C,1.1198165,668.7149702,872.0821488,783.2603906
XCME.ZN1.01AUG25.112:75.C,.0156250,.0312500,112.7500000,C,.0061411,801.1613034,929.7757783,871.1665839
