Key,BID,ASK,STRIKE,ITYPE,ADJTHEOR,IVBID,IVASK,IVAVERAGE
XCME.ZN.SEP25,111.1093750,111.1250000,INVALID,F,,,,
XCME.ZN1.01AUG25.111:25.P,.3750000,.3906250,111.2500000,P,.3299016,778.5587494,819.5446895,799.0599674
XCME.ZN1.01AUG25.112:5.P,1.3750000,1.4062500,112.5000000,P,1.3913399,,883.9445647,742.1591837
XCME.ZN1.01AUG25.111:5.P,.5312500,.5468750,111.5000000,P,.4921156,771.1431108,816.9238626,794.1160670
