Key,BID,ASK,STRIKE,ITYPE,ADJTHEOR,IVBID,IVASK,IVAVERAGE
XCME.ZN.SEP25,111.3437500,111.3593750,INVALID,F,,,,
XCME.ZN1.01AUG25.110:75.P,.1093750,.1250000,110.7500000,P,.0612110,795.6880826,845.4661976,820.7636224
XCME.ZN1.01AUG25.110:25.P,.0312500,.0468750,110.2500000,P,.0102952,785.3208918,875.1472493,832.2571121
XCME.ZN1.01AUG25.110.P,.0156250,.0312500,110,P,.0043746,790.3731303,919.0418357,860.4430663
XCME.ZN1.01AUG25.111:75.P,.5625000,.5937500,111.7500000,P,.5225971,769.5158669,858.1035389,814.1247257
