Key,BID,ASK,STRIKE,ITYPE,ADJTHEOR,IVBID,IVASK,IVAVERAGE
XCME.ZN.SEP25,111.0625000,111.0781250,INVALID,F,,,,
XCME.ZN1.01AUG25.111.C,.3281250,.3593750,111,C,.2834056,775.4596011,856.9671448,816.2189406
XCME.ZN1.01AUG25.113.P,1.9375000,1.9687500,113,P,1.9431996,,1379.4135067,1208.3979193
XCME.ZN1.01AUG25.110.C,1.0781250,1.1093750,110,C,1.0669694,726.0642673,924.0836555,835.4390852
