Key,BID,ASK,STRIKE,ITYPE,ADJTHEOR,IVBID,IVASK,IVAVERAGE
XCME.ZN.SEP25,111.1875000,111.2031250,INVALID,F,,,,
XCME.ZN1.01AUG25.111:25.C,.2812500,.3125000,111.2500000,C,.2376684,773.1564733,813.6444772,793.4010306
XCME.ZN1.01AUG25.110:25.C,.9531250,.9843750,110.2500000,C,.9774697,,673.3282126,562.1704840
XCME.ZN1.01AUG25.112:75.C,.0069999,.0156250,112.7500000,C,.0029601,801.4542434,922.3922980,869.0967857
XCME.ZN1.01AUG25.111:75.C,.1093750,.1250000,111.7500000,C,.0682492,737.6842437,790.2575344,764.2111470
