Key,BID,ASK,STRIKE,ITYPE,ADJTHEOR,IVBID,IVASK,IVAVERAGE
XCME.ZN.SEP25,111.1875000,111.2031250,INVALID,F,,,,
XCME.ZN1.01AUG25.112:75.P,1.5625000,1.5937500,112.7500000,P,1.5540563,876.3272832,1157.1625136,1039.9595508
XCME.ZN1.01AUG25.110:5.P,.0625000,.0781250,110.5000000,P,.0372113,737.4128626,800.2770281,769.4019437
XCME.ZN1.01AUG25.112:25.C,.0156250,.0468750,112.2500000,C,.0119776,681.1480262,892.0867842,799.8580442
XCME.ZN1.01AUG25.112.P,.8593750,.8906250,112,P,.8301062,788.8773388,918.5996801,856.0573108
