Key,BID,ASK,STRIKE,ITYPE,ADJTHEOR,IVBID,IVASK,IVAVERAGE
XCME.ZN.SEP25,111.3750000,111.3906250,INVALID,F,,,,
XCME.ZN1.01AUG25.110.P,.0069999,.0312500,110,P,.0033355,715.8884640,959.6874712,861.1239744
XCME.ZN1.01AUG25.111:75.P,.5468750,.5625000,111.7500000,P,.4849857,831.3085050,874.7879018,853.1021766
XCME.ZN1.01AUG25.112:75.P,1.3750000,1.4062500,112.7500000,P,1.3757963,659.9403941,985.0076192,864.1217109
