Key,BID,ASK,STRIKE,ITYPE,ADJTHEOR,IVBID,IVASK,IVAVERAGE
XCME.ZN.SEP25,111.3593750,111.3750000,INVALID,F,,,,
XCME.ZN1.01AUG25.110.C,1.3750000,1.3906250,110,C,1.3671579,771.9225151,921.2356458,855.1916394
XCME.ZN1.01AUG25.111:25.P,.2656250,.2968750,111.2500000,P,.2062864,808.9655525,888.8818875,848.9410436
XCME.ZN1.01AUG25.112:5.P,1.1562500,1.1875000,112.5000000,P,1.1462720,747.8191519,947.1617949,858.1288649
