Key,BID,ASK,STRIKE,ITYPE,ADJTHEOR,IVBID,IVASK,IVAVERAGE
XCME.ZN.SEP25,111.1093750,111.1250000,INVALID,F,,,,
XCME.WY5.30JUL25.111.P,.0468750,.0781250,111,P,.0196015,858.2640702,1170.3061434,1016.4508309
XCME.ZN1.01AUG25.110:75.P,.1406250,.1562500,110.7500000,P,.1037025,756.0276965,802.3925215,779.2943118
XCME.ZN1.01AUG25.110:25.P,.0312500,.0468750,110.2500000,P,.0183184,703.4407318,789.7156384,748.4251740
