Key,BID,ASK,STRIKE,ITYPE,ADJTHEOR,IVBID,IVASK,IVAVERAGE
XCME.ZN.SEP25,111.3593750,111.3750000,INVALID,F,,,,
XCME.WY5.30JUL25.110.C,1.3593750,1.3750000,110,C,1.3706874,,,1881.4293142
XCME.WY5.30JUL25.112:5.P,1.1250000,1.1562500,112.5000000,P,1.1293124,,,1805.2888113
XCME.WY5.30JUL25.111:5.P,.2343750,.2656250,111.5000000,P,.1645526,1051.7074046,1263.9545328,1158.2433809
