Key,BID,ASK,STRIKE,ITYPE,ADJTHEOR,IVBID,IVASK,IVAVERAGE
XCME.ZN.SEP25,111.0312500,111.0468750,INVALID,F,,,,
XCME.ZN1.01AUG25.112:75.P,1.6875000,1.7187500,112.7500000,P,1.7087280,,1003.7024434,936.0439224
XCME.ZN1.01AUG25.110:5.P,.0937500,.1093750,110.5000000,P,.0541186,785.9831538,841.7557445,814.1315703
XCME.ZN1.01AUG25.112:25.C,.0069999,.0156250,112.2500000,C,.0050026,694.3454575,805.0416809,755.8913267
XCME.ZN1.01AUG25.112.P,.9687500,1,112,P,.9700853,627.2176784,858.9891172,760.4582376
