Key,BID,ASK,STRIKE,ITYPE,ADJTHEOR,IVBID,IVASK,IVAVERAGE
XCME.ZN.SEP25,111.2812500,111.2968750,INVALID,F,,,,
XCME.WY5.30JUL25.111.P,.0468750,.0781250,111,P,.0054609,1098.0212376,1392.9458498,1249.4958286
XCME.ZN1.01AUG25.110:75.P,.1250000,.1406250,110.7500000,P,.0657717,833.9062686,883.1742577,858.6843229
XCME.ZN1.01AUG25.110:25.P,.0312500,.0468750,110.2500000,P,.0103374,784.9167682,875.9002759,832.4271499
