Key,BID,ASK,STRIKE,ITYPE,ADJTHEOR,IVBID,IVASK,IVAVERAGE
XCME.ZN.SEP25,111.0781250,111.0937500,INVALID,F,,,,
XCME.WY5.30JUL25.110:75.C,.3281250,.3593750,110.7500000,C,.3240532,864.1311071,1554.7598577,1274.4615854
XCME.WY5.30JUL25.112:75.C,INVALID,.0069999,112.7500000,C,0,,,
XCME.WY5.30JUL25.112:5.C,INVALID,.0069999,112.5000000,C,0,,,
