Key,BID,ASK,STRIKE,ITYPE,ADJTHEOR,IVBID,IVASK,IVAVERAGE
XCME.ZN.SEP25,111.3593750,111.3750000,INVALID,F,,,,
XCME.WY5.30JUL25.111:5.P,.2500000,.2656250,111.5000000,P,.1707751,1111.3224815,1216.0727505,1163.8031736
XCME.WY5.30JUL25.111:25.P,.1250000,.1406250,111.2500000,P,.0417411,1128.2760425,1231.5189681,1179.9661727
XCME.WY5.30JUL25.113.P,1.6250000,1.6562500,113,P,1.6363124,,,
XCME.WY5.30JUL25.112.P,.6406250,.6562500,112,P,.6363824,877.4183454,1428.1374435,1214.0515098
