Key,BID,ASK,STRIKE,ITYPE,ADJTHEOR,IVBID,IVASK,IVAVERAGE
XCME.ZN.SEP25,111.3593750,111.3750000,INVALID,F,,,,
XCME.WY5.30JUL25.111.P,.0312500,.0625000,111,P,.0095638,792.9074447,1038.5885927,921.7873152
XCME.ZN1.01AUG25.110:75.P,.0937500,.1250000,110.7500000,P,.0592689,750.2094378,850.9205546,801.4347579
XCME.ZN1.01AUG25.110:25.P,.0156250,.0468750,110.2500000,P,.0101962,671.1854820,875.6803054,786.3965500
