Key,BID,ASK,STRIKE,ITYPE,ADJTHEOR,IVBID,IVASK,IVAVERAGE
XCME.ZN.SEP25,111.0625000,111.0781250,INVALID,F,,,,
XCME.WY5.30JUL25.111:25.C,.0312500,.0468750,111.2500000,C,.0071512,935.1239202,1136.7150901,1037.9562442
XCME.WY5.30JUL25.111:5.C,INVALID,.0069999,111.5000000,C,.0000252,,1107.7000472,964.1892569
XCME.WY5.30JUL25.110.C,1.0625000,1.0937500,110,C,1.0902499,,,
XCME.WY5.30JUL25.112:5.P,1.4062500,1.4375000,112.5000000,P,1.4097500,,,
