Key,BID,ASK,STRIKE,ITYPE,ADJTHEOR,IVBID,IVASK,IVAVERAGE
XCME.ZN.SEP25,111.0937500,111.1093750,INVALID,F,,,,
XCME.ZN1.01AUG25.112:75.P,1.6406250,1.6718750,112.7500000,P,1.6503922,,1080.6440728,946.3065057
XCME.ZN1.01AUG25.110:5.P,.0781250,.0937500,110.5000000,P,.0484747,747.6425595,805.2115755,776.7803864
XCME.ZN1.01AUG25.112:25.C,.0156250,.0312500,112.2500000,C,.0075811,746.5159829,872.6078799,815.0017382
XCME.ZN1.01AUG25.112.P,.9218750,.9531250,112,P,.9170388,676.0207339,854.0126895,772.8606340
