Key,BID,ASK,STRIKE,ITYPE,ADJTHEOR,IVBID,IVASK,IVAVERAGE
XCME.ZN.SEP25,111.3750000,111.3906250,INVALID,F,,,,
XCME.ZN1.01AUG25.111:5.P,.3906250,.4062500,111.5000000,P,.3253336,829.4964761,869.9154325,849.7114874
XCME.WY5.30JUL25.111:25.C,.2343750,.2656250,111.2500000,C,.1534895,1181.9090665,1410.6921437,1296.6509563
XCME.WY5.30JUL25.111:5.C,.1093750,.1406250,111.5000000,C,.0298386,1174.3799798,1404.4530115,1289.8308430
