Key,BID,ASK,STRIKE,ITYPE,ADJTHEOR,IVBID,IVASK,IVAVERAGE
XCME.ZN.SEP25,111.3593750,111.3750000,INVALID,F,,,,
XCME.ZN1.01AUG25.111:75.C,.1718750,.1875000,111.7500000,C,.1184519,801.2663594,843.3834249,822.3811093
XCME.ZN1.01AUG25.110:5.C,.9062500,.9375000,110.5000000,C,.8884235,711.5029428,846.8898154,782.5496810
XCME.ZN1.01AUG25.110:75.C,.7031250,.7343750,110.7500000,C,.6722491,736.5676724,837.5492612,787.9830108
