Key,BID,ASK,STRIKE,ITYPE,ADJTHEOR,IVBID,IVASK,IVAVERAGE
XCME.ZN.SEP25,111.0781250,111.0937500,INVALID,F,,,,
XCME.ZN1.01AUG25.111:5.C,.1250000,.1406250,111.5000000,C,.0929581,754.6125716,803.0654032,778.9597651
XCME.ZN1.01AUG25.111.C,.3281250,.3593750,111,C,.2951777,746.0425174,829.5698348,787.8222081
XCME.ZN1.01AUG25.113.P,1.9062500,1.9375000,113,P,1.9117728,,1256.5015219,1124.8925704
