Key,BID,ASK,STRIKE,ITYPE,ADJTHEOR,IVBID,IVASK,IVAVERAGE
XCME.ZN.SEP25,111.0312500,111.0468750,INVALID,F,,,,
XCME.ZN1.01AUG25.111.C,.3281250,.3437500,111,C,.2752454,796.9066816,837.6082387,817.2581975
XCME.ZN1.01AUG25.113.P,1.9531250,1.9843750,113,P,1.9587998,,1255.3525998,1124.6261985
XCME.ZN1.01AUG25.110.C,1.0625000,1.0781250,110,C,1.0518842,717.9772673,826.4862274,775.9317123
