Key,BID,ASK,STRIKE,ITYPE,ADJTHEOR,IVBID,IVASK,IVAVERAGE
XCME.ZN.SEP25,111.1875000,111.2031250,INVALID,F,,,,
XCME.ZN1.01AUG25.111:5.C,.1718750,.2031250,111.5000000,C,.1282797,779.6930841,866.8750711,823.4534851
XCME.ZN1.01AUG25.111.C,.4062500,.4375000,111,C,.3601338,778.1096824,861.4131247,819.8235923
XCME.ZN1.01AUG25.113.P,1.7968750,1.8281250,113,P,1.8100120,,1103.5060905,1058.3841318
