Key,BID,ASK,STRIKE,ITYPE,ADJTHEOR,IVBID,IVASK,IVAVERAGE
XCME.ZN.SEP25,111.3593750,111.3750000,INVALID,F,,,,
XCME.WY5.30JUL25.112:5.P,1.1250000,1.1562500,112.5000000,P,1.1328136,,1534.9909075,1326.8022072
XCME.WY5.30JUL25.111:5.P,.2343750,.2656250,111.5000000,P,.1885793,800.5876715,965.0806293,883.1856082
XCME.WY5.30JUL25.111:25.P,.1093750,.1406250,111.2500000,P,.0620500,810.6441187,973.3604631,892.2623123
XCME.WY5.30JUL25.113.P,1.6250000,1.6562500,113,P,1.6328124,,,1786.8182944
XCME.WY5.30JUL25.112.P,.6406250,.6718750,112,P,.6336214,765.9247500,1148.9036676,989.8487260
