Key,BID,ASK,STRIKE,ITYPE,ADJTHEOR,IVBID,IVASK,IVAVERAGE
XCME.ZN.SEP25,111.2812500,111.2968750,INVALID,F,,,,
XCME.WY5.30JUL25.112:75.C,INVALID,.0069999,112.7500000,C,0,,,
XCME.WY5.30JUL25.112:5.C,INVALID,.0069999,112.5000000,C,0,,1930.0640655,1735.2314465
XCME.WY5.30JUL25.111.P,.0468750,.0781250,111,P,.0062453,1072.7454363,1365.0909210,1222.7924270
