Key,BID,ASK,STRIKE,ITYPE,ADJTHEOR,IVBID,IVASK,IVAVERAGE
XCME.ZN.SEP25,111.2656250,111.2812500,INVALID,F,,,,
XCME.ZN1.01AUG25.111.P,.2031250,.2343750,111,P,.1452211,808.1263925,892.5033772,850.4132923
XCME.ZN1.01AUG25.113.C,.0069999,.0156250,113,C,.0018888,889.9082343,1019.5759044,962.4414647
XCME.ZN1.01AUG25.112.C,.0781250,.1093750,112,C,.0358794,829.7359886,946.8887463,889.7512632
