Key,BID,ASK,STRIKE,ITYPE,ADJTHEOR,IVBID,IVASK,IVAVERAGE
XCME.ZN.SEP25,111.0937500,111.1093750,INVALID,F,,,,
XCME.ZN1.01AUG25.111.P,.2500000,.2656250,111,P,.2027009,782.9126931,824.3205656,803.6212977
XCME.ZN1.01AUG25.113.C,INVALID,.0156250,113,C,.0013356,,1113.1595969,990.3355019
XCME.ZN1.01AUG25.112.C,.0312500,.0468750,112,C,.0190106,723.5473877,810.7153753,768.9868881
