Key,BID,ASK,STRIKE,ITYPE,ADJTHEOR,IVBID,IVASK,IVAVERAGE
XCME.ZN.SEP25,111.0312500,111.0468750,INVALID,F,,,,
XCME.WY5.30JUL25.111.C,.0468750,.0781250,111,C,.0438891,794.6779883,,1631.8049059
XCME.WY5.30JUL25.111:75.P,.6875000,.7187500,111.7500000,P,.7074374,,,
XCME.WY5.30JUL25.112:25.C,INVALID,.0069999,112.2500000,C,0,,,
