Key,BID,ASK,STRIKE,ITYPE,ADJTHEOR,IVBID,IVASK,IVAVERAGE
XCME.ZN.SEP25,111.1250000,111.1406250,INVALID,F,,,,
XCME.WY5.30JUL25.110:75.P,.0069999,.0312500,110.7500000,P,.0008528,809.3302587,1220.8728522,1045.4011372
XCME.WY5.30JUL25.110.P,INVALID,.0069999,110,P,0,,1921.4793681,1722.6717148
XCME.WY5.30JUL25.113.C,INVALID,.0069999,113,C,0,,,
