Key,BID,ASK,STRIKE,ITYPE,ADJTHEOR,IVBID,IVASK,IVAVERAGE
XCME.ZN.SEP25,111.3593750,111.3750000,INVALID,F,,,,
XCME.WY5.30JUL25.110:75.P,.0069999,.0312500,110.7500000,P,.0005198,837.9292003,1201.2588034,1049.6730917
XCME.WY5.30JUL25.110.P,INVALID,.0069999,110,P,.0,,1602.2774397,1441.5268259
XCME.WY5.30JUL25.113.C,INVALID,.0069999,113,C,0,,1852.1046474,1673.9041837
