Key,BID,ASK,STRIKE,ITYPE,ADJTHEOR,IVBID,IVASK,IVAVERAGE
XCME.ZN.SEP25,111.0156250,111.0312500,INVALID,F,,,,
XCME.ZN1.01AUG25.111:75.C,.0468750,.0625000,111.7500000,C,.0302270,730.1568219,803.3825779,767.7105821
XCME.ZN1.01AUG25.110:5.C,.5937500,.6250000,110.5000000,C,.5808223,744.0625111,800.3030844,772.4564453
XCME.ZN1.01AUG25.110:75.C,.4375000,.4531250,110.7500000,C,.3981781,767.5282805,813.4529399,790.5377037
