Key,BID,ASK,STRIKE,ITYPE,ADJTHEOR,IVBID,IVASK,IVAVERAGE
XCME.ZN.SEP25,111.3437500,111.3593750,INVALID,F,,,,
XCME.ZN1.01AUG25.112:5.C,.0312500,.0468750,112.5000000,C,.0120086,802.6463378,892.5560549,849.6425448
XCME.ZN1.01AUG25.112:25.P,.9375000,.9687500,112.2500000,P,.9248095,710.8877259,852.3422943,785.5657246
XCME.ZN1.01AUG25.111:5.C,.2656250,.2812500,111.5000000,C,.2037833,812.7281991,851.2500138,831.9956314
