Key,BID,ASK,STRIKE,ITYPE,ADJTHEOR,IVBID,IVASK,IVAVERAGE
XCME.ZN.SEP25,111.0312500,111.0468750,INVALID,F,,,,
XCME.ZN1.01AUG25.112.C,.0156250,.0312500,112,C,.0126478,670.3767139,789.7708186,735.0276229
XCME.ZN1.01AUG25.112:5.C,.0069999,.0156250,112.5000000,C,.0023071,812.2269116,935.9784611,881.2327553
XCME.ZN1.01AUG25.112:25.P,1.2031250,1.2343750,112.2500000,P,1.2124401,,906.6039670,800.7670615
