Key,BID,ASK,STRIKE,ITYPE,ADJTHEOR,IVBID,IVASK,IVAVERAGE
XCME.ZN.SEP25,111.0625000,111.0781250,INVALID,F,,,,
XCME.ZN1.01AUG25.110:5.P,.0781250,.0937500,110.5000000,P,.0528222,729.8477201,787.0046161,758.7808329
XCME.ZN1.01AUG25.112:25.C,.0156250,.0312500,112.2500000,C,.0067213,764.6007911,892.8763521,834.2844850
XCME.ZN1.01AUG25.112.P,.9531250,.9687500,112,P,.9426261,719.3642272,893.5783921,813.3531653
