Key,BID,ASK,STRIKE,ITYPE,ADJTHEOR,IVBID,IVASK,IVAVERAGE
XCME.ZN.SEP25,111.3750000,111.3906250,INVALID,F,,,,
XCME.WY5.30JUL25.110:75.P,.0069999,.0156250,110.7500000,P,.0000480,1049.3250348,1249.8396373,1159.7754695
XCME.WY5.30JUL25.110.P,INVALID,.0069999,110,P,0,,,1802.8362832
XCME.WY5.30JUL25.113.C,INVALID,.0069999,113,C,0,,,
