Key,BID,ASK,STRIKE,ITYPE,ADJTHEOR,IVBID,IVASK,IVAVERAGE
XCME.ZN.SEP25,111.1093750,111.1250000,INVALID,F,,,,
XCME.ZN1.01AUG25.111.C,.3906250,.4062500,111,C,.3151823,853.9337649,894.6475498,874.2949000
XCME.ZN1.01AUG25.113.P,1.8437500,1.8750000,113,P,1.8878809,,,
XCME.ZN1.01AUG25.110.C,1.1250000,1.1562500,110,C,1.1211243,666.8523983,903.2925958,803.5219677
