Key,BID,ASK,STRIKE,ITYPE,ADJTHEOR,IVBID,IVASK,IVAVERAGE
XCME.ZN.SEP25,111.0625000,111.0781250,INVALID,F,,,,
XCME.ZN1.01AUG25.110:5.C,.6562500,.6718750,110.5000000,C,.6300340,682.9003225,741.4599152,712.6133854
XCME.ZN1.01AUG25.110:75.C,.4843750,.5000000,110.7500000,C,.4436766,733.9658368,779.1343585,756.6224763
XCME.ZN1.01AUG25.111.P,.2656250,.2812500,111,P,.2184835,799.9724005,840.7776308,820.3782546
XCME.ZN1.01AUG25.113.C,INVALID,.0156250,113,C,.0014431,,1105.3691052,983.5315518
