Key,BID,ASK,STRIKE,ITYPE,ADJTHEOR,IVBID,IVASK,IVAVERAGE
XCME.ZN.SEP25,111.1250000,111.1406250,INVALID,F,,,,
XCME.WY5.30JUL25.111.C,.1875000,.2187500,111,C,.1538443,868.8088015,1134.0703026,1002.8833514
XCME.WY5.30JUL25.111:75.P,.6093750,.6406250,111.7500000,P,.6206939,,,
XCME.WY5.30JUL25.112:25.C,INVALID,.0069999,112.2500000,C,0,,1863.1986227,1670.7732264
