Key,BID,ASK,STRIKE,ITYPE,ADJTHEOR,IVBID,IVASK,IVAVERAGE
XCME.ZN.SEP25,111.3437500,111.3593750,INVALID,F,,,,
XCME.WY5.30JUL25.110:75.P,.0069999,.0312500,110.7500000,P,.0003049,886.4515668,1277.6659979,1114.0088148
XCME.WY5.30JUL25.110.P,INVALID,.0069999,110,P,0,,1736.7594172,1561.1639161
XCME.WY5.30JUL25.113.C,INVALID,.0069999,113,C,0,,,1897.3975001
