Key,BID,ASK,STRIKE,ITYPE,ADJTHEOR,IVBID,IVASK,IVAVERAGE
XCME.ZN.SEP25,111.3281250,111.3437500,INVALID,F,,,,
XCME.ZN1.01AUG25.112.C,.0937500,.1093750,112,C,.0548117,786.5353454,839.0495305,813.0606746
XCME.ZN1.01AUG25.112:5.C,.0312500,.0468750,112.5000000,C,.0110813,816.1053905,907.1890654,863.7169352
XCME.ZN1.01AUG25.112:25.P,.9531250,.9843750,112.2500000,P,.9350397,741.9492451,881.8231079,815.5019843
