Key,BID,ASK,STRIKE,ITYPE,ADJTHEOR,IVBID,IVASK,IVAVERAGE
XCME.ZN.SEP25,111.4375000,111.4531250,INVALID,F,,,,
XCME.ZN1.01AUG25.111:5.C,.2968750,.3281250,111.5000000,C,.2312953,827.7405440,907.4819603,867.6154762
XCME.ZN1.01AUG25.111.C,.5937500,.6093750,111,C,.5312216,830.5011698,876.1985185,853.4351174
XCME.ZN1.01AUG25.113.P,1.5625000,1.5937500,113,P,1.5613048,741.8400624,1093.4598520,963.3065779
