Key,BID,ASK,STRIKE,ITYPE,ADJTHEOR,IVBID,IVASK,IVAVERAGE
XCME.ZN.SEP25,111.3750000,111.3906250,INVALID,F,,,,
XCME.WY5.30JUL25.110.P,INVALID,.0069999,110,P,0,,,1802.8362832
XCME.WY5.30JUL25.113.C,INVALID,.0069999,113,C,0,,,
XCME.WY5.30JUL25.112:25.P,.8593750,.8906250,112.2500000,P,.8706873,1257.1814158,1698.0232853,1520.7474952
