Key,BID,ASK,STRIKE,ITYPE,ADJTHEOR,IVBID,IVASK,IVAVERAGE
XCME.ZN.SEP25,111.1250000,111.1406250,INVALID,F,,,,
XCME.ZN1.01AUG25.111:25.P,.3750000,.3906250,111.2500000,P,.3178421,809.9802819,850.8568247,830.4238906
XCME.ZN1.01AUG25.112:5.P,1.3750000,1.3906250,112.5000000,P,1.3716081,741.2708758,914.4528459,840.6893219
XCME.ZN1.01AUG25.111:5.P,.5156250,.5468750,111.5000000,P,.4773693,767.6633359,857.8788511,813.0451052
