Key,BID,ASK,STRIKE,ITYPE,ADJTHEOR,IVBID,IVASK,IVAVERAGE
XCME.ZN.SEP25,111.3281250,111.3437500,INVALID,F,,,,
XCME.ZN1.01AUG25.112.C,.0937500,.1093750,112,C,.0510377,805.9691917,859.7867736,833.1493855
XCME.ZN1.01AUG25.112:5.C,.0312500,.0468750,112.5000000,C,.0097131,836.2735752,929.5977282,885.0617661
XCME.ZN1.01AUG25.112:25.P,.9687500,1,112.2500000,P,.9326905,835.6525388,966.7070306,903.6116601
