Key,BID,ASK,STRIKE,ITYPE,ADJTHEOR,IVBID,IVASK,IVAVERAGE
XCME.ZN.SEP25,111.1093750,111.1250000,INVALID,F,,,,
XCME.ZN1.01AUG25.112:75.P,1.6250000,1.6562500,112.7500000,P,1.6460853,,947.5927494,613.4832268
XCME.ZN1.01AUG25.110:5.P,.0781250,.0937500,110.5000000,P,.0479203,749.0900883,806.6250274,778.2297351
XCME.ZN1.01AUG25.112:25.C,.0156250,.0312500,112.2500000,C,.0077478,742.4221644,867.9540899,810.5741187
XCME.ZN1.01AUG25.112.P,.9062500,.9375000,112,P,.9132247,579.9189560,791.7177792,700.8000505
