Key,BID,ASK,STRIKE,ITYPE,ADJTHEOR,IVBID,IVASK,IVAVERAGE
XCME.ZN.SEP25,111.0625000,111.0781250,INVALID,F,,,,
XCME.WY5.30JUL25.110:5.C,.5468750,.5781250,110.5000000,C,.5616980,,1381.3924733,1057.2801915
XCME.WY5.30JUL25.111:75.C,INVALID,.0069999,111.7500000,C,.000,,1338.9508046,1183.6749467
XCME.WY5.30JUL25.112:75.P,1.6718750,1.7031250,112.7500000,P,1.6883125,,,
XCME.WY5.30JUL25.110:25.P,INVALID,.0069999,110.2500000,P,0,,1517.0615816,1343.6112181
