Key,BID,ASK,STRIKE,ITYPE,ADJTHEOR,IVBID,IVASK,IVAVERAGE
XCME.ZN.SEP25,111.3437500,111.3593750,INVALID,F,,,,
XCME.ZN1.01AUG25.110.C,1.3593750,1.3906250,110,C,1.3599339,624.9814566,934.0406496,818.9832848
XCME.ZN1.01AUG25.111:25.P,.2812500,.2968750,111.2500000,P,.2225037,800.7478970,838.8226536,819.7886530
XCME.ZN1.01AUG25.112:5.P,1.1718750,1.1875000,112.5000000,P,1.1573781,769.1387469,863.5713273,818.8502996
XCME.ZN1.01AUG25.111:5.P,.4062500,.4218750,111.5000000,P,.3513375,794.8878437,833.2348697,814.0682412
