Key,BID,ASK,STRIKE,ITYPE,ADJTHEOR,IVBID,IVASK,IVAVERAGE
XCME.ZN.SEP25,111.3593750,111.3750000,INVALID,F,,,,
XCME.ZN1.01AUG25.111:25.C,.3750000,.4062500,111.2500000,C,.3300138,767.5274753,844.2943295,805.9278184
XCME.ZN1.01AUG25.110:25.C,1.1250000,1.1562500,110.2500000,C,1.1231756,636.9690383,855.4536509,762.5505931
XCME.ZN1.01AUG25.112:75.C,.0156250,.0312500,112.7500000,C,.0062215,799.5549220,927.9861460,869.4473390
