Key,BID,ASK,STRIKE,ITYPE,ADJTHEOR,IVBID,IVASK,IVAVERAGE
XCME.ZN.SEP25,111.1406250,111.1562500,INVALID,F,,,,
XCME.ZN1.01AUG25.112:5.C,.0156250,.0312500,112.5000000,C,.0048656,826.8952979,960.9151820,899.8671661
XCME.ZN1.01AUG25.112:25.P,1.1250000,1.1562500,112.2500000,P,1.1042046,701.8272346,916.0152065,822.4199302
XCME.ZN1.01AUG25.111:5.C,.1562500,.1875000,111.5000000,C,.1176175,811.6378506,855.8021198,833.7733421
