Key,BID,ASK,STRIKE,ITYPE,ADJTHEOR,IVBID,IVASK,IVAVERAGE
XCME.ZN.SEP25,111.0312500,111.0468750,INVALID,F,,,,
XCME.ZN1.01AUG25.111.P,.2656250,.2968750,111,P,.2233851,774.9187803,860.5699119,817.7468843
XCME.ZN1.01AUG25.113.C,INVALID,.0156250,113,C,.0008205,,1192.8057737,1062.0626851
XCME.ZN1.01AUG25.112.C,.0156250,.0312500,112,C,.0122930,674.1902698,794.0427369,739.0971116
