Key,BID,ASK,STRIKE,ITYPE,ADJTHEOR,IVBID,IVASK,IVAVERAGE
XCME.ZN.SEP25,111.4218750,111.4375000,INVALID,F,,,,
XCME.WY5.30JUL25.110:75.P,.0069999,.0156250,110.7500000,P,.0000188,1093.5020590,1300.2046070,1207.5651992
XCME.WY5.30JUL25.110.P,INVALID,.0069999,110,P,0,,,1833.8134707
XCME.WY5.30JUL25.113.C,INVALID,.0069999,113,C,0,,,1974.5381889
