Key,BID,ASK,STRIKE,ITYPE,ADJTHEOR,IVBID,IVASK,IVAVERAGE
XCME.ZN.SEP25,111.3593750,111.3750000,INVALID,F,,,,
XCME.ZN1.01AUG25.112:75.P,1.3906250,1.4218750,112.7500000,P,1.3986004,196.6194898,890.8177027,767.5876426
XCME.ZN1.01AUG25.110:5.P,.0468750,.0781250,110.5000000,P,.0302289,697.1385593,824.1075106,763.5348004
XCME.ZN1.01AUG25.112:25.C,.0468750,.0781250,112.2500000,C,.0316522,715.0255653,843.5496136,782.2857832
XCME.ZN1.01AUG25.112.P,.7343750,.7656250,112,P,.7069765,736.4388824,833.7428960,785.9584211
XCME.ZN1.01AUG25.111:25.C,.3750000,.4062500,111.2500000,C,.3396882,739.9496747,813.4509596,776.7152875
