Key,BID,ASK,STRIKE,ITYPE,ADJTHEOR,IVBID,IVASK,IVAVERAGE
XCME.ZN.SEP25,111.3593750,111.3750000,INVALID,F,,,,
XCME.ZN1.01AUG25.113.C,.0069999,.0312500,113,C,.0040034,787.4001566,1043.1183689,940.3716059
XCME.ZN1.01AUG25.112.C,.0937500,.1250000,112,C,.0613409,758.0389026,858.3840779,809.1028815
XCME.ZN1.01AUG25.112:5.C,.0312500,.0468750,112.5000000,C,.0129740,789.7092133,878.5002610,836.1240943
XCME.ZN1.01AUG25.112:25.P,.9375000,.9687500,112.2500000,P,.9154437,752.5809488,882.4059526,820.2937201
XCME.ZN1.01AUG25.111:5.C,.2656250,.2812500,111.5000000,C,.2108847,793.8343151,831.9572440,812.9016044
