Key,BID,ASK,STRIKE,ITYPE,ADJTHEOR,IVBID,IVASK,IVAVERAGE
XCME.ZN.SEP25,111.3125000,111.3281250,INVALID,F,,,,
XCME.ZN1.01AUG25.111:75.C,.1562500,.1718750,111.7500000,C,.0987402,822.5667061,867.1973653,844.9609104
XCME.ZN1.01AUG25.110:5.C,.8750000,.9062500,110.5000000,C,.8438683,700.7012049,838.5804085,773.1287780
XCME.ZN1.01AUG25.110:75.C,.6718750,.7031250,110.7500000,C,.6298720,775.6628790,825.9221725,800.9918781
