Key,BID,ASK,STRIKE,ITYPE,ADJTHEOR,IVBID,IVASK,IVAVERAGE
XCME.ZN.SEP25,111.3593750,111.3750000,INVALID,F,,,,
XCME.ZN1.01AUG25.112:5.P,1.1562500,1.1875000,112.5000000,P,1.1556641,655.3383430,852.6053465,766.5048361
XCME.ZN1.01AUG25.111:5.P,.4062500,.4218750,111.5000000,P,.3588083,772.3181513,809.2560183,790.7931741
XCME.WY5.30JUL25.111:25.C,.2187500,.2500000,111.2500000,C,.1881863,699.6185299,842.3751275,771.2062046
XCME.WY5.30JUL25.111:5.C,.1093750,.1250000,111.5000000,C,.0666347,754.7991448,827.4493702,791.2065098
XCME.WY5.30JUL25.110.C,1.3437500,1.3750000,110,C,1.3593917,,1430.1029737,1353.6392240
