Key,BID,ASK,STRIKE,ITYPE,ADJTHEOR,IVBID,IVASK,IVAVERAGE
XCME.ZN.SEP25,111.0937500,111.1093750,INVALID,F,,,,
XCME.ZN1.01AUG25.111:75.C,.0625000,.0937500,111.7500000,C,.0454487,717.6139120,839.1535738,780.2010703
XCME.ZN1.01AUG25.110:5.C,.6718750,.6875000,110.5000000,C,.6526243,708.2795889,768.4630109,738.8435344
XCME.ZN1.01AUG25.110:75.C,.4843750,.5156250,110.7500000,C,.4609562,716.3143429,809.6855670,763.3456868
