Key,BID,ASK,STRIKE,ITYPE,ADJTHEOR,IVBID,IVASK,IVAVERAGE
XCME.ZN.SEP25,111.3593750,111.3750000,INVALID,F,,,,
XCME.ZN1.01AUG25.113.C,.0069999,.0312500,113,C,.0040079,787.3006308,1043.2458649,940.3830701
XCME.ZN1.01AUG25.112.C,.0937500,.1250000,112,C,.0617124,756.6575251,857.0480211,807.7461902
XCME.ZN1.01AUG25.112:5.C,.0312500,.0468750,112.5000000,C,.0130308,789.1663812,877.9967953,835.5962850
XCME.ZN1.01AUG25.112:25.P,.9375000,.9687500,112.2500000,P,.9112872,771.0586267,897.9699402,837.0123847
XCME.ZN1.01AUG25.111:5.C,.2656250,.2812500,111.5000000,C,.2121232,790.9680871,829.1483100,810.0640367
