Key,BID,ASK,STRIKE,ITYPE,ADJTHEOR,IVBID,IVASK,IVAVERAGE
XCME.ZN.SEP25,111.0312500,111.0468750,INVALID,F,,,,
XCME.WY5.30JUL25.111:25.C,.0312500,.0468750,111.2500000,C,.0080093,868.6748555,1039.7669234,956.2559534
XCME.WY5.30JUL25.111:5.C,.0069999,.0156250,111.5000000,C,.0001076,967.3045512,1169.8299172,1078.3181021
XCME.WY5.30JUL25.110.C,1.0312500,1.0625000,110,C,1.0425623,,1741.4877086,1312.9042676
XCME.WY5.30JUL25.112:5.P,1.4531250,1.4687500,112.5000000,P,1.4574375,,,
