Key,BID,ASK,STRIKE,ITYPE,ADJTHEOR,IVBID,IVASK,IVAVERAGE
XCME.ZN.SEP25,111.3593750,111.3750000,INVALID,F,,,,
XCME.WY5.30JUL25.111:25.C,.2187500,.2500000,111.2500000,C,.1715964,822.3099306,992.9974095,907.9316064
XCME.WY5.30JUL25.111:5.C,.1093750,.1250000,111.5000000,C,.0498896,892.5931931,979.0579901,935.9209011
XCME.WY5.30JUL25.110.C,1.3593750,1.3750000,110,C,1.3628756,,1627.3563712,1518.6495720
XCME.WY5.30JUL25.112:5.P,1.1250000,1.1562500,112.5000000,P,1.1371252,,1543.9225186,1284.7202855
