Key,BID,ASK,STRIKE,ITYPE,ADJTHEOR,IVBID,IVASK,IVAVERAGE
XCME.ZN.SEP25,111.3593750,111.3750000,INVALID,F,,,,
XCME.ZN1.01AUG25.112:75.P,1.3906250,1.4218750,112.7500000,P,1.3876869,732.4309476,1017.4215019,902.9927128
XCME.ZN1.01AUG25.110:5.P,.0468750,.0625000,110.5000000,P,.0211948,762.3767352,834.7602162,799.5269978
XCME.ZN1.01AUG25.112:25.C,.0468750,.0781250,112.2500000,C,.0234670,772.2110197,911.4105870,845.0461386
XCME.ZN1.01AUG25.112.P,.7343750,.7500000,112,P,.6865894,821.5788098,874.2217220,848.1332609
