Key,BID,ASK,STRIKE,ITYPE,ADJTHEOR,IVBID,IVASK,IVAVERAGE
XCME.ZN.SEP25,111.3437500,111.3593750,INVALID,F,,,,
XCME.WY5.30JUL25.110:75.P,.0069999,.0312500,110.7500000,P,.0012452,751.3019857,1079.6541759,942.4853482
XCME.WY5.30JUL25.110.P,INVALID,.0069999,110,P,.00000,,1452.5493914,1306.3102856
XCME.WY5.30JUL25.113.C,INVALID,.0069999,113,C,0,,1718.1739543,1552.2389158
