Key,BID,ASK,STRIKE,ITYPE,ADJTHEOR,IVBID,IVASK,IVAVERAGE
XCME.ZN.SEP25,111.2500000,111.2656250,INVALID,F,,,,
XCME.ZN1.01AUG25.110:5.C,.8281250,.8593750,110.5000000,C,.7985594,765.8681485,892.9573758,831.6283297
XCME.ZN1.01AUG25.110:75.C,.6406250,.6562500,110.7500000,C,.5879537,812.4838024,861.8044880,837.2904123
XCME.ZN1.01AUG25.111.P,.2031250,.2343750,111,P,.1402384,823.8896648,908.6090555,866.3551802
XCME.ZN1.01AUG25.113.C,.0069999,.0156250,113,C,.0021110,882.8188413,1012.1396020,955.1023161
