Key,BID,ASK,STRIKE,ITYPE,ADJTHEOR,IVBID,IVASK,IVAVERAGE
XCME.ZN.SEP25,111.1718750,111.1875000,INVALID,F,,,,
XCME.WY5.30JUL25.111.P,.0468750,.0781250,111,P,.0188819,839.7703312,1116.9774659,980.8441390
XCME.ZN1.01AUG25.110:75.P,.1250000,.1562500,110.7500000,P,.0946840,734.9600087,828.6828547,782.2343314
XCME.ZN1.01AUG25.110:25.P,.0312500,.0468750,110.2500000,P,.0162850,719.2398405,805.6944551,764.3273932
