Key,BID,ASK,STRIKE,ITYPE,ADJTHEOR,IVBID,IVASK,IVAVERAGE
XCME.ZN.SEP25,111.3125000,111.3281250,INVALID,F,,,,
XCME.ZN1.01AUG25.111:75.C,.1562500,.1718750,111.7500000,C,.1001177,817.6404078,862.1141384,839.9550949
XCME.ZN1.01AUG25.110:5.C,.8750000,.9062500,110.5000000,C,.8472839,758.0791755,886.5084181,824.7751314
XCME.ZN1.01AUG25.110:75.C,.6718750,.7031250,110.7500000,C,.6331219,765.0290071,864.6952996,815.6069551
