Key,BID,ASK,STRIKE,ITYPE,ADJTHEOR,IVBID,IVASK,IVAVERAGE
XCME.ZN.SEP25,111.3281250,111.3437500,INVALID,F,,,,
XCME.WY5.30JUL25.112:75.C,INVALID,.0069999,112.7500000,C,0,,1609.8753259,1450.1902967
XCME.WY5.30JUL25.112:5.C,INVALID,.0069999,112.5000000,C,0,,1369.3351391,1229.1071120
XCME.WY5.30JUL25.111.P,.0468750,.0625000,111,P,.0107369,904.4108728,1021.7636846,964.1633257
