Key,BID,ASK,STRIKE,ITYPE,ADJTHEOR,IVBID,IVASK,IVAVERAGE
XCME.ZN.SEP25,111.3281250,111.3437500,INVALID,F,,,,
XCME.WY5.30JUL25.111:25.P,.1250000,.1406250,111.2500000,P,.0619217,925.1801829,1014.8674181,970.0646682
XCME.WY5.30JUL25.113.P,1.6562500,1.6718750,113,P,1.6640624,,1897.0427795,1712.6218877
XCME.WY5.30JUL25.112.P,.6562500,.6875000,112,P,.6642633,,1143.3933153,965.2407096
